{
	"variants": {
        "facing=east,half=lower,hinge=left,open=false":  { "model": "block/wood/door/acacia/closed/bottom" },
        "facing=south,half=lower,hinge=left,open=false": { "model": "block/wood/door/acacia/closed/bottom", "y": 90 },
        "facing=west,half=lower,hinge=left,open=false":  { "model": "block/wood/door/acacia/closed/bottom", "y": 180 },
        "facing=north,half=lower,hinge=left,open=false": { "model": "block/wood/door/acacia/closed/bottom", "y": 270 },
        "facing=east,half=lower,hinge=right,open=false":  { "model": "block/wood/door/acacia/open/bottom" },
        "facing=south,half=lower,hinge=right,open=false": { "model": "block/wood/door/acacia/open/bottom", "y": 90 },
        "facing=west,half=lower,hinge=right,open=false":  { "model": "block/wood/door/acacia/open/bottom", "y": 180 },
        "facing=north,half=lower,hinge=right,open=false": { "model": "block/wood/door/acacia/open/bottom", "y": 270 },
        "facing=east,half=lower,hinge=left,open=true":  { "model": "block/wood/door/acacia/open/bottom", "y": 90 },
        "facing=south,half=lower,hinge=left,open=true": { "model": "block/wood/door/acacia/open/bottom", "y": 180 },
        "facing=west,half=lower,hinge=left,open=true":  { "model": "block/wood/door/acacia/open/bottom", "y": 270 },
        "facing=north,half=lower,hinge=left,open=true": { "model": "block/wood/door/acacia/open/bottom" },
        "facing=east,half=lower,hinge=right,open=true":  { "model": "block/wood/door/acacia/closed/bottom", "y": 270 },
        "facing=south,half=lower,hinge=right,open=true": { "model": "block/wood/door/acacia/closed/bottom" },
        "facing=west,half=lower,hinge=right,open=true":  { "model": "block/wood/door/acacia/closed/bottom", "y": 90 },
        "facing=north,half=lower,hinge=right,open=true": { "model": "block/wood/door/acacia/closed/bottom", "y": 180 },
        "facing=east,half=upper,hinge=left,open=false":  { "model": "block/wood/door/acacia/closed/top" },
        "facing=south,half=upper,hinge=left,open=false": { "model": "block/wood/door/acacia/closed/top", "y": 90 },
        "facing=west,half=upper,hinge=left,open=false":  { "model": "block/wood/door/acacia/closed/top", "y": 180 },
        "facing=north,half=upper,hinge=left,open=false": { "model": "block/wood/door/acacia/closed/top", "y": 270 },
        "facing=east,half=upper,hinge=right,open=false":  { "model": "block/wood/door/acacia/open/top" },
        "facing=south,half=upper,hinge=right,open=false": { "model": "block/wood/door/acacia/open/top", "y": 90 },
        "facing=west,half=upper,hinge=right,open=false":  { "model": "block/wood/door/acacia/open/top", "y": 180 },
        "facing=north,half=upper,hinge=right,open=false": { "model": "block/wood/door/acacia/open/top", "y": 270 },
        "facing=east,half=upper,hinge=left,open=true":  { "model": "block/wood/door/acacia/open/top", "y": 90 },
        "facing=south,half=upper,hinge=left,open=true": { "model": "block/wood/door/acacia/open/top", "y": 180 },
        "facing=west,half=upper,hinge=left,open=true":  { "model": "block/wood/door/acacia/open/top", "y": 270 },
        "facing=north,half=upper,hinge=left,open=true": { "model": "block/wood/door/acacia/open/top" },
        "facing=east,half=upper,hinge=right,open=true":  { "model": "block/wood/door/acacia/closed/top", "y": 270 },
        "facing=south,half=upper,hinge=right,open=true": { "model": "block/wood/door/acacia/closed/top" },
        "facing=west,half=upper,hinge=right,open=true":  { "model": "block/wood/door/acacia/closed/top", "y": 90 },
        "facing=north,half=upper,hinge=right,open=true": { "model": "block/wood/door/acacia/closed/top", "y": 180 }
    }
}
