{
	"credit": "Made with Blockbench",
	"textures": {
		"0": "block/cmodels/rail",
		"1": "block/cmodels/wire_off",
		"2": "block/cmodels/wire_on",
		"3": "block/cmodels/activator_rail_line",
		"particle": "block/cmodels/rail"
	},
	"elements": [
		{
			"from": [1, 7.77817, 13.70711],
			"to": [15, 7.97817, 15.70711],
			"rotation": {"angle": -45, "axis": "x", "origin": [8, 8, 8]},
			"faces": {
				"north": {"uv": [14, 1.032, 0, 1.591], "texture": "#0"},
				"east": {"uv": [2, 0.359, 0, 0.825], "texture": "#0"},
				"south": {"uv": [14, 0.578, 0, 1.043], "texture": "#0"},
				"west": {"uv": [2.766, 0.719, 0, 1.184], "texture": "#0"},
				"up": {"uv": [0, 4.406, 16, 0.359], "texture": "#0"},
				"down": {"uv": [0, 4.406, 16, 0.453], "texture": "#0"}
			}
		},
		{
			"from": [10.7, 11.3, 4.9],
			"to": [11.3, 12.2, 28],
			"rotation": {"angle": -45, "axis": "x", "origin": [0, 0, 16]},
			"faces": {
				"north": {"uv": [0.60938, 4.92578, 0, 5.55469], "texture": "#0"},
				"east": {"uv": [16, 4.92578, 0, 5.55469], "texture": "#0"},
				"south": {"uv": [0.57813, 4.92578, 0, 5.55469], "texture": "#0"},
				"west": {"uv": [16, 4.92578, 0, 5.55469], "texture": "#0"},
				"up": {"uv": [16, 4.9375, 0, 5.54688], "rotation": 90, "texture": "#0"},
				"down": {"uv": [15.98438, 4.9375, 0, 5.54688], "rotation": 90, "texture": "#0"}
			}
		},
		{
			"from": [10.7, 12.201, 4.9],
			"to": [11.3, 12.201, 28],
			"rotation": {"angle": -45, "axis": "x", "origin": [0, 0, 16]},
			"faces": {
				"up": {"uv": [16, 4.9375, 0, 5.54688], "rotation": 90, "texture": "#3"}
			}
		},
		{
			"from": [4.5, 12.201, 4.9],
			"to": [5.1, 12.201, 28],
			"rotation": {"angle": -45, "axis": "x", "origin": [0, 0, 16]},
			"faces": {
				"up": {"uv": [16, 4.9375, 0, 5.54688], "rotation": 90, "texture": "#3"}
			}
		},
		{
			"from": [7.55, 11.5, 19],
			"to": [8.45, 11.8, 21],
			"rotation": {"angle": -45, "axis": "x", "origin": [0, 0, 16]},
			"faces": {
				"north": {"uv": [0, 0, 0, 0], "texture": "#1"},
				"east": {"uv": [12.64063, 0.55469, 11.28906, 0.80469], "texture": "#1"},
				"west": {"uv": [12.64063, 0.55469, 11.28906, 0.80469], "texture": "#1"},
				"up": {"uv": [15.52344, 0, 13.76563, 0.90625], "rotation": 90, "texture": "#1"},
				"down": {"uv": [11.28906, 0.80469, 12.64063, 0.55469], "texture": "#1"}
			}
		},
		{
			"from": [7.55, 11.5, 12],
			"to": [8.45, 11.8, 19],
			"rotation": {"angle": -45, "axis": "x", "origin": [0, 0, 16]},
			"faces": {
				"north": {"uv": [0, 0, 0, 0], "texture": "#1"},
				"east": {"uv": [12.64063, 0.55469, 11.28906, 0.80469], "texture": "#1"},
				"south": {"uv": [0, 0, 0, 0], "texture": "#1"},
				"west": {"uv": [12.64063, 0.55469, 11.28906, 0.80469], "texture": "#1"},
				"up": {"uv": [16, 0, 8.50781, 0.90625], "rotation": 90, "texture": "#1"},
				"down": {"uv": [11.28906, 0.80469, 12.64063, 0.55469], "texture": "#1"}
			}
		},
		{
			"from": [7.55, 11.5, 4.9],
			"to": [8.45, 11.8, 12],
			"rotation": {"angle": -45, "axis": "x", "origin": [0, 0, 16]},
			"faces": {
				"north": {"uv": [12.64063, 0.55469, 11.28906, 0.80469], "texture": "#1"},
				"east": {"uv": [12.64063, 0.55469, 11.28906, 0.80469], "texture": "#1"},
				"west": {"uv": [12.64063, 0.55469, 11.28906, 0.80469], "texture": "#1"},
				"up": {"uv": [16, 0, 8.6875, 0.90625], "rotation": 90, "texture": "#1"},
				"down": {"uv": [11.28906, 0.80469, 12.64063, 0.55469], "texture": "#1"}
			}
		},
		{
			"from": [7.55, 11.5, 21],
			"to": [8.45, 11.8, 28],
			"rotation": {"angle": -45, "axis": "x", "origin": [0, 0, 16]},
			"faces": {
				"east": {"uv": [12.64063, 0.55469, 11.28906, 0.80469], "texture": "#1"},
				"south": {"uv": [12.64063, 0.55469, 11.28906, 0.80469], "texture": "#1"},
				"west": {"uv": [12.64063, 0.55469, 11.28906, 0.80469], "texture": "#1"},
				"up": {"uv": [16, 0, 8.50781, 0.90625], "rotation": 90, "texture": "#1"},
				"down": {"uv": [11.28906, 0.80469, 12.64063, 0.55469], "texture": "#1"}
			}
		},
		{
			"from": [4.5, 11.3, 4.9],
			"to": [5.1, 12.2, 28],
			"rotation": {"angle": -45, "axis": "x", "origin": [0, 0, 16]},
			"faces": {
				"north": {"uv": [0.60938, 4.92578, 0, 5.55469], "texture": "#0"},
				"east": {"uv": [16, 4.92578, 0, 5.55469], "texture": "#0"},
				"south": {"uv": [0.57813, 4.92578, 0, 5.55469], "texture": "#0"},
				"west": {"uv": [16, 4.92578, 0, 5.55469], "texture": "#0"},
				"up": {"uv": [16, 4.9375, 0, 5.54688], "rotation": 90, "texture": "#0"},
				"down": {"uv": [15.98438, 4.9375, 0, 5.54688], "rotation": 90, "texture": "#0"}
			}
		},
		{
			"from": [1, 7.77817, 17.94975],
			"to": [15, 7.97817, 19.94975],
			"rotation": {"angle": -45, "axis": "x", "origin": [8, 8, 8]},
			"faces": {
				"north": {"uv": [14, 1.032, 0, 1.591], "texture": "#0"},
				"east": {"uv": [2, 0.359, 0, 0.825], "texture": "#0"},
				"south": {"uv": [14, 0.578, 0, 1.043], "texture": "#0"},
				"west": {"uv": [2.766, 0.719, 0, 1.184], "texture": "#0"},
				"up": {"uv": [0, 4.406, 16, 0.359], "texture": "#0"},
				"down": {"uv": [0, 4.406, 16, 0.453], "texture": "#0"}
			}
		},
		{
			"from": [1, 7.77817, -1.84924],
			"to": [15, 7.97817, 0.15076],
			"rotation": {"angle": -45, "axis": "x", "origin": [8, 8, 8]},
			"faces": {
				"north": {"uv": [14, 1.032, 0, 1.591], "texture": "#0"},
				"east": {"uv": [2, 0.359, 0, 0.825], "texture": "#0"},
				"south": {"uv": [14, 0.578, 0, 1.043], "texture": "#0"},
				"west": {"uv": [2.766, 0.719, 0, 1.184], "texture": "#0"},
				"up": {"uv": [0, 4.406, 16, 0.359], "texture": "#0"},
				"down": {"uv": [0, 4.406, 16, 0.453], "texture": "#0"}
			}
		},
		{
			"from": [7.55, -11.1, 4.1],
			"to": [8.45, -4.1, 4.1],
			"rotation": {"angle": 45, "axis": "x", "origin": [0, 0, 16]},
			"faces": {
				"north": {"uv": [8.78125, 0.90625, 16, 0], "rotation": 90, "texture": "#2"}
			}
		},
		{
			"from": [7.55, -4.1, 4.1],
			"to": [8.45, 3, 4.1],
			"rotation": {"angle": 45, "axis": "x", "origin": [0, 0, 16]},
			"faces": {
				"north": {"uv": [8.50781, 0.90625, 16, 0], "rotation": 90, "texture": "#2"}
			}
		},
		{
			"from": [7.55, 4.9, 4.1],
			"to": [8.45, 12, 4.1],
			"rotation": {"angle": 45, "axis": "x", "origin": [0, 0, 16]},
			"faces": {
				"north": {"uv": [8.67969, 0.90625, 16, 0], "rotation": 90, "texture": "#2"}
			}
		},
		{
			"from": [7.55, 3, 4.1],
			"to": [8.45, 5, 4.1],
			"rotation": {"angle": 45, "axis": "x", "origin": [0, 0, 16]},
			"faces": {
				"north": {"uv": [13.72656, 0.90625, 15.52344, 0], "rotation": 90, "texture": "#2"}
			}
		},
		{
			"from": [1, 7.77817, 9.70711],
			"to": [15, 7.97817, 11.70711],
			"rotation": {"angle": -45, "axis": "x", "origin": [8, 8, 8]},
			"faces": {
				"north": {"uv": [14, 1.032, 0, 1.591], "texture": "#0"},
				"east": {"uv": [2, 0.359, 0, 0.825], "texture": "#0"},
				"south": {"uv": [14, 0.578, 0, 1.043], "texture": "#0"},
				"west": {"uv": [2.766, 0.719, 0, 1.184], "texture": "#0"},
				"up": {"uv": [0, 4.406, 16, 0.359], "texture": "#0"},
				"down": {"uv": [0, 4.406, 16, 0.453], "texture": "#0"}
			}
		},
		{
			"from": [1, 7.77817, 5.70711],
			"to": [15, 7.97817, 7.70711],
			"rotation": {"angle": -45, "axis": "x", "origin": [8, 8, 8]},
			"faces": {
				"north": {"uv": [14, 1.032, 0, 1.591], "texture": "#0"},
				"east": {"uv": [2, 0.359, 0, 0.825], "texture": "#0"},
				"south": {"uv": [14, 0.578, 0, 1.043], "texture": "#0"},
				"west": {"uv": [2.766, 0.719, 0, 1.184], "texture": "#0"},
				"up": {"uv": [0, 4.406, 16, 0.359], "texture": "#0"},
				"down": {"uv": [0, 4.406, 16, 0.453], "texture": "#0"}
			}
		},
		{
			"from": [1, 7.77817, 1.70711],
			"to": [15, 7.97817, 3.70711],
			"rotation": {"angle": -45, "axis": "x", "origin": [8, 8, 8]},
			"faces": {
				"north": {"uv": [14, 1.032, 0, 1.591], "texture": "#0"},
				"east": {"uv": [2, 0.359, 0, 0.825], "texture": "#0"},
				"south": {"uv": [14, 0.578, 0, 1.043], "texture": "#0"},
				"west": {"uv": [2.766, 0.719, 0, 1.184], "texture": "#0"},
				"up": {"uv": [0, 4.406, 16, 0.359], "texture": "#0"},
				"down": {"uv": [0, 4.406, 16, 0.453], "texture": "#0"}
			}
		},
		{
			"from": [12.4, 7.97817, 1.90711],
			"to": [12.5, 8.67817, 3.50711],
			"rotation": {"angle": -45, "axis": "x", "origin": [8, 8, 8]},
			"faces": {
				"north": {"uv": [2.694, 10.125, 0, 12.513], "texture": "#0"},
				"south": {"uv": [2.694, 10.125, 0, 12.513], "texture": "#0"},
				"west": {"uv": [2.694, 10.125, 0, 12.513], "texture": "#0"},
				"up": {"uv": [0, 12.513, 2.694, 10.125], "rotation": 180, "texture": "#0"}
			}
		},
		{
			"from": [12.4, 7.97817, 5.90711],
			"to": [12.5, 8.67817, 7.50711],
			"rotation": {"angle": -45, "axis": "x", "origin": [8, 8, 8]},
			"faces": {
				"north": {"uv": [2.694, 10.125, 0, 12.513], "texture": "#0"},
				"south": {"uv": [2.694, 10.125, 0, 12.513], "texture": "#0"},
				"west": {"uv": [2.694, 10.125, 0, 12.513], "texture": "#0"},
				"up": {"uv": [0, 12.513, 2.694, 10.125], "rotation": 180, "texture": "#0"}
			}
		},
		{
			"from": [12.4, 7.97817, 9.90711],
			"to": [12.5, 8.67817, 11.50711],
			"rotation": {"angle": -45, "axis": "x", "origin": [8, 8, 8]},
			"faces": {
				"north": {"uv": [2.694, 10.125, 0, 12.513], "texture": "#0"},
				"south": {"uv": [2.694, 10.125, 0, 12.513], "texture": "#0"},
				"west": {"uv": [2.694, 10.125, 0, 12.513], "texture": "#0"},
				"up": {"uv": [0, 12.513, 2.694, 10.125], "rotation": 180, "texture": "#0"}
			}
		},
		{
			"from": [12.4, 7.97817, 13.90711],
			"to": [12.5, 8.67817, 15.50711],
			"rotation": {"angle": -45, "axis": "x", "origin": [8, 8, 8]},
			"faces": {
				"north": {"uv": [2.694, 10.125, 0, 12.513], "texture": "#0"},
				"south": {"uv": [2.694, 10.125, 0, 12.513], "texture": "#0"},
				"west": {"uv": [2.694, 10.125, 0, 12.513], "texture": "#0"},
				"up": {"uv": [0, 12.513, 2.694, 10.125], "rotation": 180, "texture": "#0"}
			}
		},
		{
			"from": [12.4, 7.97817, 18.14975],
			"to": [12.5, 8.67817, 19.74975],
			"rotation": {"angle": -45, "axis": "x", "origin": [8, 8, 8]},
			"faces": {
				"north": {"uv": [2.694, 10.125, 0, 12.513], "texture": "#0"},
				"south": {"uv": [2.694, 10.125, 0, 12.513], "texture": "#0"},
				"west": {"uv": [2.694, 10.125, 0, 12.513], "texture": "#0"},
				"up": {"uv": [0, 12.513, 2.694, 10.125], "rotation": 180, "texture": "#0"}
			}
		},
		{
			"from": [12.4, 7.97817, -1.64924],
			"to": [12.5, 8.67817, -0.04924],
			"rotation": {"angle": -45, "axis": "x", "origin": [8, 8, 8]},
			"faces": {
				"north": {"uv": [2.694, 10.125, 0, 12.513], "texture": "#0"},
				"south": {"uv": [2.694, 10.125, 0, 12.513], "texture": "#0"},
				"west": {"uv": [2.694, 10.125, 0, 12.513], "texture": "#0"},
				"up": {"uv": [0, 12.513, 2.694, 10.125], "rotation": 180, "texture": "#0"}
			}
		},
		{
			"from": [11.7, 8.07817, 2.60711],
			"to": [12.4, 8.27817, 2.80711],
			"rotation": {"angle": -45, "axis": "x", "origin": [8, 8, 8]},
			"faces": {
				"north": {"uv": [2.386, 10.359, 0, 12.339], "texture": "#0"},
				"south": {"uv": [2.386, 10.359, 0, 12.339], "texture": "#0"},
				"west": {"uv": [2.386, 10.359, 0, 12.339], "texture": "#0"},
				"up": {"uv": [0, 12.339, 2.386, 10.359], "rotation": 180, "texture": "#0"}
			}
		},
		{
			"from": [11.7, 8.07817, 6.60711],
			"to": [12.4, 8.27817, 6.80711],
			"rotation": {"angle": -45, "axis": "x", "origin": [8, 8, 8]},
			"faces": {
				"north": {"uv": [2.386, 10.359, 0, 12.339], "texture": "#0"},
				"south": {"uv": [2.386, 10.359, 0, 12.339], "texture": "#0"},
				"west": {"uv": [2.386, 10.359, 0, 12.339], "texture": "#0"},
				"up": {"uv": [0, 12.339, 2.386, 10.359], "rotation": 180, "texture": "#0"}
			}
		},
		{
			"from": [11.7, 8.07817, 10.60711],
			"to": [12.4, 8.27817, 10.80711],
			"rotation": {"angle": -45, "axis": "x", "origin": [8, 8, 8]},
			"faces": {
				"north": {"uv": [2.386, 10.359, 0, 12.339], "texture": "#0"},
				"south": {"uv": [2.386, 10.359, 0, 12.339], "texture": "#0"},
				"west": {"uv": [2.386, 10.359, 0, 12.339], "texture": "#0"},
				"up": {"uv": [0, 12.339, 2.386, 10.359], "rotation": 180, "texture": "#0"}
			}
		},
		{
			"from": [11.7, 8.07817, 14.60711],
			"to": [12.4, 8.27817, 14.80711],
			"rotation": {"angle": -45, "axis": "x", "origin": [8, 8, 8]},
			"faces": {
				"north": {"uv": [2.386, 10.359, 0, 12.339], "texture": "#0"},
				"south": {"uv": [2.386, 10.359, 0, 12.339], "texture": "#0"},
				"west": {"uv": [2.386, 10.359, 0, 12.339], "texture": "#0"},
				"up": {"uv": [0, 12.339, 2.386, 10.359], "rotation": 180, "texture": "#0"}
			}
		},
		{
			"from": [11.7, 8.07817, 18.84975],
			"to": [12.4, 8.27817, 19.04975],
			"rotation": {"angle": -45, "axis": "x", "origin": [8, 8, 8]},
			"faces": {
				"north": {"uv": [2.386, 10.359, 0, 12.339], "texture": "#0"},
				"south": {"uv": [2.386, 10.359, 0, 12.339], "texture": "#0"},
				"west": {"uv": [2.386, 10.359, 0, 12.339], "texture": "#0"},
				"up": {"uv": [0, 12.339, 2.386, 10.359], "rotation": 180, "texture": "#0"}
			}
		},
		{
			"from": [11.7, 8.07817, -0.94924],
			"to": [12.4, 8.27817, -0.74924],
			"rotation": {"angle": -45, "axis": "x", "origin": [8, 8, 8]},
			"faces": {
				"north": {"uv": [2.386, 10.359, 0, 12.339], "texture": "#0"},
				"south": {"uv": [2.386, 10.359, 0, 12.339], "texture": "#0"},
				"west": {"uv": [2.386, 10.359, 0, 12.339], "texture": "#0"},
				"up": {"uv": [0, 12.339, 2.386, 10.359], "rotation": 180, "texture": "#0"}
			}
		},
		{
			"from": [12.23604, 8.27106, 2.60711],
			"to": [12.43604, 8.67106, 2.80711],
			"rotation": {"angle": -45, "axis": "x", "origin": [8, 8, 8]},
			"faces": {
				"north": {"uv": [0, 11.915, 1.199, 10.359], "rotation": 90, "texture": "#0"},
				"south": {"uv": [0, 11.915, 1.199, 10.359], "rotation": 90, "texture": "#0"},
				"west": {"uv": [0, 11.915, 1.199, 10.359], "rotation": 90, "texture": "#0"},
				"up": {"uv": [1.199, 10.359, 0, 11.915], "rotation": 270, "texture": "#0"}
			}
		},
		{
			"from": [12.23604, 8.27106, 6.60711],
			"to": [12.43604, 8.67106, 6.80711],
			"rotation": {"angle": -45, "axis": "x", "origin": [8, 8, 8]},
			"faces": {
				"north": {"uv": [0, 11.915, 1.199, 10.359], "rotation": 90, "texture": "#0"},
				"south": {"uv": [0, 11.915, 1.199, 10.359], "rotation": 90, "texture": "#0"},
				"west": {"uv": [0, 11.915, 1.199, 10.359], "rotation": 90, "texture": "#0"},
				"up": {"uv": [1.199, 10.359, 0, 11.915], "rotation": 270, "texture": "#0"}
			}
		},
		{
			"from": [12.23604, 8.27106, 10.60711],
			"to": [12.43604, 8.67106, 10.80711],
			"rotation": {"angle": -45, "axis": "x", "origin": [8, 8, 8]},
			"faces": {
				"north": {"uv": [0, 11.915, 1.199, 10.359], "rotation": 90, "texture": "#0"},
				"south": {"uv": [0, 11.915, 1.199, 10.359], "rotation": 90, "texture": "#0"},
				"west": {"uv": [0, 11.915, 1.199, 10.359], "rotation": 90, "texture": "#0"},
				"up": {"uv": [1.199, 10.359, 0, 11.915], "rotation": 270, "texture": "#0"}
			}
		},
		{
			"from": [12.23604, 8.27106, 14.60711],
			"to": [12.43604, 8.67106, 14.80711],
			"rotation": {"angle": -45, "axis": "x", "origin": [8, 8, 8]},
			"faces": {
				"north": {"uv": [0, 11.915, 1.199, 10.359], "rotation": 90, "texture": "#0"},
				"south": {"uv": [0, 11.915, 1.199, 10.359], "rotation": 90, "texture": "#0"},
				"west": {"uv": [0, 11.915, 1.199, 10.359], "rotation": 90, "texture": "#0"},
				"up": {"uv": [1.199, 10.359, 0, 11.915], "rotation": 270, "texture": "#0"}
			}
		},
		{
			"from": [12.23604, 8.27106, 18.84975],
			"to": [12.43604, 8.67106, 19.04975],
			"rotation": {"angle": -45, "axis": "x", "origin": [8, 8, 8]},
			"faces": {
				"north": {"uv": [0, 11.915, 1.199, 10.359], "rotation": 90, "texture": "#0"},
				"south": {"uv": [0, 11.915, 1.199, 10.359], "rotation": 90, "texture": "#0"},
				"west": {"uv": [0, 11.915, 1.199, 10.359], "rotation": 90, "texture": "#0"},
				"up": {"uv": [1.199, 10.359, 0, 11.915], "rotation": 270, "texture": "#0"}
			}
		},
		{
			"from": [12.23604, 8.27106, -0.94924],
			"to": [12.43604, 8.67106, -0.74924],
			"rotation": {"angle": -45, "axis": "x", "origin": [8, 8, 8]},
			"faces": {
				"north": {"uv": [0, 11.915, 1.199, 10.359], "rotation": 90, "texture": "#0"},
				"south": {"uv": [0, 11.915, 1.199, 10.359], "rotation": 90, "texture": "#0"},
				"west": {"uv": [0, 11.915, 1.199, 10.359], "rotation": 90, "texture": "#0"},
				"up": {"uv": [1.199, 10.359, 0, 11.915], "rotation": 270, "texture": "#0"}
			}
		},
		{
			"from": [13.4, 7.97817, 14.40711],
			"to": [13.9, 8.17817, 15.00711],
			"rotation": {"angle": -45, "axis": "x", "origin": [8, 8, 8]},
			"faces": {
				"north": {"uv": [3.733, 10.313, 1.313, 12.233], "texture": "#0"},
				"east": {"uv": [3.733, 10.313, 1.313, 12.233], "texture": "#0"},
				"south": {"uv": [3.733, 10.313, 1.313, 12.233], "texture": "#0"},
				"up": {"uv": [1.313, 12.233, 3.733, 10.313], "texture": "#0"}
			}
		},
		{
			"from": [13.4, 7.97817, 18.64975],
			"to": [13.9, 8.17817, 19.24975],
			"rotation": {"angle": -45, "axis": "x", "origin": [8, 8, 8]},
			"faces": {
				"north": {"uv": [3.733, 10.313, 1.313, 12.233], "texture": "#0"},
				"east": {"uv": [3.733, 10.313, 1.313, 12.233], "texture": "#0"},
				"south": {"uv": [3.733, 10.313, 1.313, 12.233], "texture": "#0"},
				"up": {"uv": [1.313, 12.233, 3.733, 10.313], "texture": "#0"}
			}
		},
		{
			"from": [13.4, 7.97817, -1.14924],
			"to": [13.9, 8.17817, -0.54924],
			"rotation": {"angle": -45, "axis": "x", "origin": [8, 8, 8]},
			"faces": {
				"north": {"uv": [3.733, 10.313, 1.313, 12.233], "texture": "#0"},
				"east": {"uv": [3.733, 10.313, 1.313, 12.233], "texture": "#0"},
				"south": {"uv": [3.733, 10.313, 1.313, 12.233], "texture": "#0"},
				"up": {"uv": [1.313, 12.233, 3.733, 10.313], "texture": "#0"}
			}
		},
		{
			"from": [13.4, 7.97817, 10.40711],
			"to": [13.9, 8.17817, 11.00711],
			"rotation": {"angle": -45, "axis": "x", "origin": [8, 8, 8]},
			"faces": {
				"north": {"uv": [3.733, 10.313, 1.313, 12.233], "texture": "#0"},
				"east": {"uv": [3.733, 10.313, 1.313, 12.233], "texture": "#0"},
				"south": {"uv": [3.733, 10.313, 1.313, 12.233], "texture": "#0"},
				"up": {"uv": [1.313, 12.233, 3.733, 10.313], "texture": "#0"}
			}
		},
		{
			"from": [13.4, 7.97817, 6.40711],
			"to": [13.9, 8.17817, 7.00711],
			"rotation": {"angle": -45, "axis": "x", "origin": [8, 8, 8]},
			"faces": {
				"north": {"uv": [3.733, 10.313, 1.313, 12.233], "texture": "#0"},
				"east": {"uv": [3.733, 10.313, 1.313, 12.233], "texture": "#0"},
				"south": {"uv": [3.733, 10.313, 1.313, 12.233], "texture": "#0"},
				"up": {"uv": [1.313, 12.233, 3.733, 10.313], "texture": "#0"}
			}
		},
		{
			"from": [13.4, 7.97817, 2.40711],
			"to": [13.9, 8.17817, 3.00711],
			"rotation": {"angle": -45, "axis": "x", "origin": [8, 8, 8]},
			"faces": {
				"north": {"uv": [3.733, 10.313, 1.313, 12.233], "texture": "#0"},
				"east": {"uv": [3.733, 10.313, 1.313, 12.233], "texture": "#0"},
				"south": {"uv": [3.733, 10.313, 1.313, 12.233], "texture": "#0"},
				"up": {"uv": [1.313, 12.233, 3.733, 10.313], "texture": "#0"}
			}
		},
		{
			"from": [11.7, 7.97817, 1.90711],
			"to": [12.4, 8.07817, 3.50711],
			"rotation": {"angle": -45, "axis": "x", "origin": [8, 8, 8]},
			"faces": {
				"north": {"uv": [0, 12.412, 3.262, 10.266], "rotation": 90, "texture": "#0"},
				"south": {"uv": [0, 12.412, 3.262, 10.266], "rotation": 90, "texture": "#0"},
				"west": {"uv": [0, 12.412, 3.262, 10.266], "rotation": 90, "texture": "#0"},
				"up": {"uv": [3.262, 10.266, 0, 12.412], "rotation": 270, "texture": "#0"}
			}
		},
		{
			"from": [11.7, 7.97817, 5.90711],
			"to": [12.4, 8.07817, 7.50711],
			"rotation": {"angle": -45, "axis": "x", "origin": [8, 8, 8]},
			"faces": {
				"north": {"uv": [0, 12.412, 3.262, 10.266], "rotation": 90, "texture": "#0"},
				"south": {"uv": [0, 12.412, 3.262, 10.266], "rotation": 90, "texture": "#0"},
				"west": {"uv": [0, 12.412, 3.262, 10.266], "rotation": 90, "texture": "#0"},
				"up": {"uv": [3.262, 10.266, 0, 12.412], "rotation": 270, "texture": "#0"}
			}
		},
		{
			"from": [11.7, 7.97817, 9.90711],
			"to": [12.4, 8.07817, 11.50711],
			"rotation": {"angle": -45, "axis": "x", "origin": [8, 8, 8]},
			"faces": {
				"north": {"uv": [0, 12.412, 3.262, 10.266], "rotation": 90, "texture": "#0"},
				"south": {"uv": [0, 12.412, 3.262, 10.266], "rotation": 90, "texture": "#0"},
				"west": {"uv": [0, 12.412, 3.262, 10.266], "rotation": 90, "texture": "#0"},
				"up": {"uv": [3.262, 10.266, 0, 12.412], "rotation": 270, "texture": "#0"}
			}
		},
		{
			"from": [11.7, 7.97817, 13.90711],
			"to": [12.4, 8.07817, 15.50711],
			"rotation": {"angle": -45, "axis": "x", "origin": [8, 8, 8]},
			"faces": {
				"north": {"uv": [0, 12.412, 3.262, 10.266], "rotation": 90, "texture": "#0"},
				"south": {"uv": [0, 12.412, 3.262, 10.266], "rotation": 90, "texture": "#0"},
				"west": {"uv": [0, 12.412, 3.262, 10.266], "rotation": 90, "texture": "#0"},
				"up": {"uv": [3.262, 10.266, 0, 12.412], "rotation": 270, "texture": "#0"}
			}
		},
		{
			"from": [11.7, 7.97817, 18.14975],
			"to": [12.4, 8.07817, 19.74975],
			"rotation": {"angle": -45, "axis": "x", "origin": [8, 8, 8]},
			"faces": {
				"north": {"uv": [0, 12.412, 3.262, 10.266], "rotation": 90, "texture": "#0"},
				"south": {"uv": [0, 12.412, 3.262, 10.266], "rotation": 90, "texture": "#0"},
				"west": {"uv": [0, 12.412, 3.262, 10.266], "rotation": 90, "texture": "#0"},
				"up": {"uv": [3.262, 10.266, 0, 12.412], "rotation": 270, "texture": "#0"}
			}
		},
		{
			"from": [11.7, 7.97817, -1.64924],
			"to": [12.4, 8.07817, -0.04924],
			"rotation": {"angle": -45, "axis": "x", "origin": [8, 8, 8]},
			"faces": {
				"north": {"uv": [0, 12.412, 3.262, 10.266], "rotation": 90, "texture": "#0"},
				"south": {"uv": [0, 12.412, 3.262, 10.266], "rotation": 90, "texture": "#0"},
				"west": {"uv": [0, 12.412, 3.262, 10.266], "rotation": 90, "texture": "#0"},
				"up": {"uv": [3.262, 10.266, 0, 12.412], "rotation": 270, "texture": "#0"}
			}
		},
		{
			"from": [11.9, 8.07817, 3.20711],
			"to": [12.1, 8.12817, 3.40711],
			"rotation": {"angle": -45, "axis": "x", "origin": [8, 8, 8]},
			"faces": {
				"north": {"uv": [2.163, 10.625, 1.032, 11.591], "texture": "#0"},
				"east": {"uv": [2.163, 10.625, 1.032, 11.591], "texture": "#0"},
				"south": {"uv": [2.163, 10.625, 1.032, 11.591], "texture": "#0"},
				"west": {"uv": [2.163, 10.625, 1.032, 11.591], "texture": "#0"},
				"up": {"uv": [6.312, 9.717, 9.678, 6.282], "rotation": 180, "texture": "#0"}
			}
		},
		{
			"from": [11.9, 8.07817, 7.20711],
			"to": [12.1, 8.12817, 7.40711],
			"rotation": {"angle": -45, "axis": "x", "origin": [8, 8, 8]},
			"faces": {
				"north": {"uv": [2.163, 10.625, 1.032, 11.591], "texture": "#0"},
				"east": {"uv": [2.163, 10.625, 1.032, 11.591], "texture": "#0"},
				"south": {"uv": [2.163, 10.625, 1.032, 11.591], "texture": "#0"},
				"west": {"uv": [2.163, 10.625, 1.032, 11.591], "texture": "#0"},
				"up": {"uv": [6.312, 9.717, 9.678, 6.282], "rotation": 180, "texture": "#0"}
			}
		},
		{
			"from": [11.9, 8.07817, 11.20711],
			"to": [12.1, 8.12817, 11.40711],
			"rotation": {"angle": -45, "axis": "x", "origin": [8, 8, 8]},
			"faces": {
				"north": {"uv": [2.163, 10.625, 1.032, 11.591], "texture": "#0"},
				"east": {"uv": [2.163, 10.625, 1.032, 11.591], "texture": "#0"},
				"south": {"uv": [2.163, 10.625, 1.032, 11.591], "texture": "#0"},
				"west": {"uv": [2.163, 10.625, 1.032, 11.591], "texture": "#0"},
				"up": {"uv": [6.312, 9.717, 9.678, 6.282], "rotation": 180, "texture": "#0"}
			}
		},
		{
			"from": [11.9, 8.07817, 15.20711],
			"to": [12.1, 8.12817, 15.40711],
			"rotation": {"angle": -45, "axis": "x", "origin": [8, 8, 8]},
			"faces": {
				"north": {"uv": [2.163, 10.625, 1.032, 11.591], "texture": "#0"},
				"east": {"uv": [2.163, 10.625, 1.032, 11.591], "texture": "#0"},
				"south": {"uv": [2.163, 10.625, 1.032, 11.591], "texture": "#0"},
				"west": {"uv": [2.163, 10.625, 1.032, 11.591], "texture": "#0"},
				"up": {"uv": [6.312, 9.717, 9.678, 6.282], "rotation": 180, "texture": "#0"}
			}
		},
		{
			"from": [11.9, 8.07817, 19.44975],
			"to": [12.1, 8.12817, 19.64975],
			"rotation": {"angle": -45, "axis": "x", "origin": [8, 8, 8]},
			"faces": {
				"north": {"uv": [2.163, 10.625, 1.032, 11.591], "texture": "#0"},
				"east": {"uv": [2.163, 10.625, 1.032, 11.591], "texture": "#0"},
				"south": {"uv": [2.163, 10.625, 1.032, 11.591], "texture": "#0"},
				"west": {"uv": [2.163, 10.625, 1.032, 11.591], "texture": "#0"},
				"up": {"uv": [6.312, 9.717, 9.678, 6.282], "rotation": 180, "texture": "#0"}
			}
		},
		{
			"from": [11.9, 8.07817, -0.34924],
			"to": [12.1, 8.12817, -0.14924],
			"rotation": {"angle": -45, "axis": "x", "origin": [8, 8, 8]},
			"faces": {
				"north": {"uv": [2.163, 10.625, 1.032, 11.591], "texture": "#0"},
				"east": {"uv": [2.163, 10.625, 1.032, 11.591], "texture": "#0"},
				"south": {"uv": [2.163, 10.625, 1.032, 11.591], "texture": "#0"},
				"west": {"uv": [2.163, 10.625, 1.032, 11.591], "texture": "#0"},
				"up": {"uv": [6.312, 9.717, 9.678, 6.282], "rotation": 180, "texture": "#0"}
			}
		},
		{
			"from": [11.9, 8.07817, 2.00711],
			"to": [12.1, 8.12817, 2.20711],
			"rotation": {"angle": -45, "axis": "x", "origin": [8, 8, 8]},
			"faces": {
				"north": {"uv": [2.163, 10.625, 1.032, 11.591], "texture": "#0"},
				"east": {"uv": [2.163, 10.625, 1.032, 11.591], "texture": "#0"},
				"south": {"uv": [2.163, 10.625, 1.032, 11.591], "texture": "#0"},
				"west": {"uv": [2.163, 10.625, 1.032, 11.591], "texture": "#0"},
				"up": {"uv": [6.312, 9.717, 9.678, 6.282], "rotation": 180, "texture": "#0"}
			}
		},
		{
			"from": [11.9, 8.07817, 6.00711],
			"to": [12.1, 8.12817, 6.20711],
			"rotation": {"angle": -45, "axis": "x", "origin": [8, 8, 8]},
			"faces": {
				"north": {"uv": [2.163, 10.625, 1.032, 11.591], "texture": "#0"},
				"east": {"uv": [2.163, 10.625, 1.032, 11.591], "texture": "#0"},
				"south": {"uv": [2.163, 10.625, 1.032, 11.591], "texture": "#0"},
				"west": {"uv": [2.163, 10.625, 1.032, 11.591], "texture": "#0"},
				"up": {"uv": [6.312, 9.717, 9.678, 6.282], "rotation": 180, "texture": "#0"}
			}
		},
		{
			"from": [11.9, 8.07817, 10.00711],
			"to": [12.1, 8.12817, 10.20711],
			"rotation": {"angle": -45, "axis": "x", "origin": [8, 8, 8]},
			"faces": {
				"north": {"uv": [2.163, 10.625, 1.032, 11.591], "texture": "#0"},
				"east": {"uv": [2.163, 10.625, 1.032, 11.591], "texture": "#0"},
				"south": {"uv": [2.163, 10.625, 1.032, 11.591], "texture": "#0"},
				"west": {"uv": [2.163, 10.625, 1.032, 11.591], "texture": "#0"},
				"up": {"uv": [6.312, 9.717, 9.678, 6.282], "rotation": 180, "texture": "#0"}
			}
		},
		{
			"from": [11.9, 8.07817, 14.00711],
			"to": [12.1, 8.12817, 14.20711],
			"rotation": {"angle": -45, "axis": "x", "origin": [8, 8, 8]},
			"faces": {
				"north": {"uv": [2.163, 10.625, 1.032, 11.591], "texture": "#0"},
				"east": {"uv": [2.163, 10.625, 1.032, 11.591], "texture": "#0"},
				"south": {"uv": [2.163, 10.625, 1.032, 11.591], "texture": "#0"},
				"west": {"uv": [2.163, 10.625, 1.032, 11.591], "texture": "#0"},
				"up": {"uv": [6.312, 9.717, 9.678, 6.282], "rotation": 180, "texture": "#0"}
			}
		},
		{
			"from": [11.9, 8.07817, 18.24975],
			"to": [12.1, 8.12817, 18.44975],
			"rotation": {"angle": -45, "axis": "x", "origin": [8, 8, 8]},
			"faces": {
				"north": {"uv": [2.163, 10.625, 1.032, 11.591], "texture": "#0"},
				"east": {"uv": [2.163, 10.625, 1.032, 11.591], "texture": "#0"},
				"south": {"uv": [2.163, 10.625, 1.032, 11.591], "texture": "#0"},
				"west": {"uv": [2.163, 10.625, 1.032, 11.591], "texture": "#0"},
				"up": {"uv": [6.312, 9.717, 9.678, 6.282], "rotation": 180, "texture": "#0"}
			}
		},
		{
			"from": [11.9, 8.07817, -1.54924],
			"to": [12.1, 8.12817, -1.34924],
			"rotation": {"angle": -45, "axis": "x", "origin": [8, 8, 8]},
			"faces": {
				"north": {"uv": [2.163, 10.625, 1.032, 11.591], "texture": "#0"},
				"east": {"uv": [2.163, 10.625, 1.032, 11.591], "texture": "#0"},
				"south": {"uv": [2.163, 10.625, 1.032, 11.591], "texture": "#0"},
				"west": {"uv": [2.163, 10.625, 1.032, 11.591], "texture": "#0"},
				"up": {"uv": [6.312, 9.717, 9.678, 6.282], "rotation": 180, "texture": "#0"}
			}
		},
		{
			"from": [13.4, 8.07817, 16.60711],
			"to": [13.5, 8.77817, 16.70711],
			"rotation": {"angle": -45, "axis": "x", "origin": [8, 8, 8]},
			"faces": {
				"north": {"uv": [5.959, 14.532, 3.719, 14.996], "texture": "#0"},
				"east": {"uv": [5.959, 14.532, 3.719, 14.996], "texture": "#0"},
				"south": {"uv": [5.959, 14.532, 3.719, 14.996], "texture": "#0"}
			}
		},
		{
			"from": [13.4, 8.07817, 14.60711],
			"to": [13.5, 8.77817, 14.70711],
			"rotation": {"angle": -45, "axis": "x", "origin": [8, 8, 8]},
			"faces": {
				"north": {"uv": [5.959, 14.532, 3.719, 14.996], "texture": "#0"},
				"east": {"uv": [5.959, 14.532, 3.719, 14.996], "texture": "#0"},
				"south": {"uv": [5.959, 14.532, 3.719, 14.996], "texture": "#0"}
			}
		},
		{
			"from": [13.4, 8.07817, 12.60711],
			"to": [13.5, 8.77817, 12.70711],
			"rotation": {"angle": -45, "axis": "x", "origin": [8, 8, 8]},
			"faces": {
				"north": {"uv": [5.959, 14.532, 3.719, 14.996], "texture": "#0"},
				"east": {"uv": [5.959, 14.532, 3.719, 14.996], "texture": "#0"},
				"south": {"uv": [5.959, 14.532, 3.719, 14.996], "texture": "#0"}
			}
		},
		{
			"from": [13.4, 8.07817, 10.60711],
			"to": [13.5, 8.77817, 10.70711],
			"rotation": {"angle": -45, "axis": "x", "origin": [8, 8, 8]},
			"faces": {
				"north": {"uv": [5.959, 14.532, 3.719, 14.996], "texture": "#0"},
				"east": {"uv": [5.959, 14.532, 3.719, 14.996], "texture": "#0"},
				"south": {"uv": [5.959, 14.532, 3.719, 14.996], "texture": "#0"}
			}
		},
		{
			"from": [13.4, 8.07817, 8.60711],
			"to": [13.5, 8.77817, 8.70711],
			"rotation": {"angle": -45, "axis": "x", "origin": [8, 8, 8]},
			"faces": {
				"north": {"uv": [5.959, 14.532, 3.719, 14.996], "texture": "#0"},
				"east": {"uv": [5.959, 14.532, 3.719, 14.996], "texture": "#0"},
				"south": {"uv": [5.959, 14.532, 3.719, 14.996], "texture": "#0"}
			}
		},
		{
			"from": [13.4, 8.07817, 6.60711],
			"to": [13.5, 8.77817, 6.70711],
			"rotation": {"angle": -45, "axis": "x", "origin": [8, 8, 8]},
			"faces": {
				"north": {"uv": [5.959, 14.532, 3.719, 14.996], "texture": "#0"},
				"east": {"uv": [5.959, 14.532, 3.719, 14.996], "texture": "#0"},
				"south": {"uv": [5.959, 14.532, 3.719, 14.996], "texture": "#0"}
			}
		},
		{
			"from": [13.4, 8.07817, 4.60711],
			"to": [13.5, 8.77817, 4.70711],
			"rotation": {"angle": -45, "axis": "x", "origin": [8, 8, 8]},
			"faces": {
				"north": {"uv": [5.959, 14.532, 3.719, 14.996], "texture": "#0"},
				"east": {"uv": [5.959, 14.532, 3.719, 14.996], "texture": "#0"},
				"south": {"uv": [5.959, 14.532, 3.719, 14.996], "texture": "#0"}
			}
		},
		{
			"from": [13.4, 8.07817, 0.91005],
			"to": [13.5, 8.77817, 1.01005],
			"rotation": {"angle": -45, "axis": "x", "origin": [8, 8, 8]},
			"faces": {
				"north": {"uv": [5.959, 14.532, 3.719, 14.996], "texture": "#0"},
				"east": {"uv": [5.959, 14.532, 3.719, 14.996], "texture": "#0"},
				"south": {"uv": [5.959, 14.532, 3.719, 14.996], "texture": "#0"}
			}
		},
		{
			"from": [13.4, 8.07817, -0.92843],
			"to": [13.5, 8.77817, -0.82843],
			"rotation": {"angle": -45, "axis": "x", "origin": [8, 8, 8]},
			"faces": {
				"north": {"uv": [5.959, 14.532, 3.719, 14.996], "texture": "#0"},
				"east": {"uv": [5.959, 14.532, 3.719, 14.996], "texture": "#0"},
				"south": {"uv": [5.959, 14.532, 3.719, 14.996], "texture": "#0"}
			}
		},
		{
			"from": [13.4, 8.07817, 18.87056],
			"to": [13.5, 8.77817, 18.97056],
			"rotation": {"angle": -45, "axis": "x", "origin": [8, 8, 8]},
			"faces": {
				"north": {"uv": [5.959, 14.532, 3.719, 14.996], "texture": "#0"},
				"east": {"uv": [5.959, 14.532, 3.719, 14.996], "texture": "#0"},
				"south": {"uv": [5.959, 14.532, 3.719, 14.996], "texture": "#0"}
			}
		},
		{
			"from": [13.4, 8.07817, 2.60711],
			"to": [13.5, 8.77817, 2.70711],
			"rotation": {"angle": -45, "axis": "x", "origin": [8, 8, 8]},
			"faces": {
				"north": {"uv": [5.959, 14.532, 3.719, 14.996], "texture": "#0"},
				"east": {"uv": [5.959, 14.532, 3.719, 14.996], "texture": "#0"},
				"south": {"uv": [5.959, 14.532, 3.719, 14.996], "texture": "#0"}
			}
		},
		{
			"from": [3.5, 7.97817, 1.90711],
			"to": [3.6, 8.67817, 3.50711],
			"rotation": {"angle": -45, "axis": "x", "origin": [8, 8, 8]},
			"faces": {
				"north": {"uv": [0, 10.125, 2.694, 12.513], "texture": "#0"},
				"east": {"uv": [0, 10.125, 2.694, 12.513], "texture": "#0"},
				"south": {"uv": [0, 10.125, 2.694, 12.513], "texture": "#0"},
				"up": {"uv": [2.694, 12.513, 0, 10.125], "rotation": 180, "texture": "#0"}
			}
		},
		{
			"from": [3.5, 7.97817, 5.90711],
			"to": [3.6, 8.67817, 7.50711],
			"rotation": {"angle": -45, "axis": "x", "origin": [8, 8, 8]},
			"faces": {
				"north": {"uv": [0, 10.125, 2.694, 12.513], "texture": "#0"},
				"east": {"uv": [0, 10.125, 2.694, 12.513], "texture": "#0"},
				"south": {"uv": [0, 10.125, 2.694, 12.513], "texture": "#0"},
				"up": {"uv": [2.694, 12.513, 0, 10.125], "rotation": 180, "texture": "#0"}
			}
		},
		{
			"from": [3.5, 7.97817, 9.90711],
			"to": [3.6, 8.67817, 11.50711],
			"rotation": {"angle": -45, "axis": "x", "origin": [8, 8, 8]},
			"faces": {
				"north": {"uv": [0, 10.125, 2.694, 12.513], "texture": "#0"},
				"east": {"uv": [0, 10.125, 2.694, 12.513], "texture": "#0"},
				"south": {"uv": [0, 10.125, 2.694, 12.513], "texture": "#0"},
				"up": {"uv": [2.694, 12.513, 0, 10.125], "rotation": 180, "texture": "#0"}
			}
		},
		{
			"from": [3.5, 7.97817, 18.14975],
			"to": [3.6, 8.67817, 19.74975],
			"rotation": {"angle": -45, "axis": "x", "origin": [8, 8, 8]},
			"faces": {
				"north": {"uv": [0, 10.125, 2.694, 12.513], "texture": "#0"},
				"east": {"uv": [0, 10.125, 2.694, 12.513], "texture": "#0"},
				"south": {"uv": [0, 10.125, 2.694, 12.513], "texture": "#0"},
				"up": {"uv": [2.694, 12.513, 0, 10.125], "rotation": 180, "texture": "#0"}
			}
		},
		{
			"from": [3.5, 7.97817, -1.64924],
			"to": [3.6, 8.67817, -0.04924],
			"rotation": {"angle": -45, "axis": "x", "origin": [8, 8, 8]},
			"faces": {
				"north": {"uv": [0, 10.125, 2.694, 12.513], "texture": "#0"},
				"east": {"uv": [0, 10.125, 2.694, 12.513], "texture": "#0"},
				"south": {"uv": [0, 10.125, 2.694, 12.513], "texture": "#0"},
				"up": {"uv": [2.694, 12.513, 0, 10.125], "rotation": 180, "texture": "#0"}
			}
		},
		{
			"from": [3.6, 8.07817, 2.60711],
			"to": [4.3, 8.27817, 2.80711],
			"rotation": {"angle": -45, "axis": "x", "origin": [8, 8, 8]},
			"faces": {
				"north": {"uv": [0, 10.359, 2.386, 12.339], "texture": "#0"},
				"east": {"uv": [0, 10.359, 2.386, 12.339], "texture": "#0"},
				"south": {"uv": [0, 10.359, 2.386, 12.339], "texture": "#0"},
				"up": {"uv": [2.386, 12.339, 0, 10.359], "rotation": 180, "texture": "#0"}
			}
		},
		{
			"from": [3.6, 8.07817, 6.60711],
			"to": [4.3, 8.27817, 6.80711],
			"rotation": {"angle": -45, "axis": "x", "origin": [8, 8, 8]},
			"faces": {
				"north": {"uv": [0, 10.359, 2.386, 12.339], "texture": "#0"},
				"east": {"uv": [0, 10.359, 2.386, 12.339], "texture": "#0"},
				"south": {"uv": [0, 10.359, 2.386, 12.339], "texture": "#0"},
				"up": {"uv": [2.386, 12.339, 0, 10.359], "rotation": 180, "texture": "#0"}
			}
		},
		{
			"from": [3.6, 8.07817, 10.60711],
			"to": [4.3, 8.27817, 10.80711],
			"rotation": {"angle": -45, "axis": "x", "origin": [8, 8, 8]},
			"faces": {
				"north": {"uv": [0, 10.359, 2.386, 12.339], "texture": "#0"},
				"east": {"uv": [0, 10.359, 2.386, 12.339], "texture": "#0"},
				"south": {"uv": [0, 10.359, 2.386, 12.339], "texture": "#0"},
				"up": {"uv": [2.386, 12.339, 0, 10.359], "rotation": 180, "texture": "#0"}
			}
		},
		{
			"from": [3.6, 8.07817, 18.84975],
			"to": [4.3, 8.27817, 19.04975],
			"rotation": {"angle": -45, "axis": "x", "origin": [8, 8, 8]},
			"faces": {
				"north": {"uv": [0, 10.359, 2.386, 12.339], "texture": "#0"},
				"east": {"uv": [0, 10.359, 2.386, 12.339], "texture": "#0"},
				"south": {"uv": [0, 10.359, 2.386, 12.339], "texture": "#0"},
				"up": {"uv": [2.386, 12.339, 0, 10.359], "rotation": 180, "texture": "#0"}
			}
		},
		{
			"from": [3.6, 8.07817, -0.94924],
			"to": [4.3, 8.27817, -0.74924],
			"rotation": {"angle": -45, "axis": "x", "origin": [8, 8, 8]},
			"faces": {
				"north": {"uv": [0, 10.359, 2.386, 12.339], "texture": "#0"},
				"east": {"uv": [0, 10.359, 2.386, 12.339], "texture": "#0"},
				"south": {"uv": [0, 10.359, 2.386, 12.339], "texture": "#0"},
				"up": {"uv": [2.386, 12.339, 0, 10.359], "rotation": 180, "texture": "#0"}
			}
		},
		{
			"from": [3.56396, 8.27106, 2.60711],
			"to": [3.76396, 8.67106, 2.80711],
			"rotation": {"angle": -45, "axis": "x", "origin": [8, 8, 8]},
			"faces": {
				"north": {"uv": [0, 10.359, 1.199, 11.915], "rotation": 90, "texture": "#0"},
				"east": {"uv": [0, 10.359, 1.199, 11.915], "rotation": 90, "texture": "#0"},
				"south": {"uv": [0, 10.359, 1.199, 11.915], "rotation": 90, "texture": "#0"},
				"up": {"uv": [1.199, 11.915, 0, 10.359], "rotation": 270, "texture": "#0"}
			}
		},
		{
			"from": [3.56396, 8.27106, 6.60711],
			"to": [3.76396, 8.67106, 6.80711],
			"rotation": {"angle": -45, "axis": "x", "origin": [8, 8, 8]},
			"faces": {
				"north": {"uv": [0, 10.359, 1.199, 11.915], "rotation": 90, "texture": "#0"},
				"east": {"uv": [0, 10.359, 1.199, 11.915], "rotation": 90, "texture": "#0"},
				"south": {"uv": [0, 10.359, 1.199, 11.915], "rotation": 90, "texture": "#0"},
				"up": {"uv": [1.199, 11.915, 0, 10.359], "rotation": 270, "texture": "#0"}
			}
		},
		{
			"from": [3.56396, 8.27106, 10.60711],
			"to": [3.76396, 8.67106, 10.80711],
			"rotation": {"angle": -45, "axis": "x", "origin": [8, 8, 8]},
			"faces": {
				"north": {"uv": [0, 10.359, 1.199, 11.915], "rotation": 90, "texture": "#0"},
				"east": {"uv": [0, 10.359, 1.199, 11.915], "rotation": 90, "texture": "#0"},
				"south": {"uv": [0, 10.359, 1.199, 11.915], "rotation": 90, "texture": "#0"},
				"up": {"uv": [1.199, 11.915, 0, 10.359], "rotation": 270, "texture": "#0"}
			}
		},
		{
			"from": [3.56396, 8.27106, 18.84975],
			"to": [3.76396, 8.67106, 19.04975],
			"rotation": {"angle": -45, "axis": "x", "origin": [8, 8, 8]},
			"faces": {
				"north": {"uv": [0, 10.359, 1.199, 11.915], "rotation": 90, "texture": "#0"},
				"east": {"uv": [0, 10.359, 1.199, 11.915], "rotation": 90, "texture": "#0"},
				"south": {"uv": [0, 10.359, 1.199, 11.915], "rotation": 90, "texture": "#0"},
				"up": {"uv": [1.199, 11.915, 0, 10.359], "rotation": 270, "texture": "#0"}
			}
		},
		{
			"from": [3.56396, 8.27106, -0.94924],
			"to": [3.76396, 8.67106, -0.74924],
			"rotation": {"angle": -45, "axis": "x", "origin": [8, 8, 8]},
			"faces": {
				"north": {"uv": [0, 10.359, 1.199, 11.915], "rotation": 90, "texture": "#0"},
				"east": {"uv": [0, 10.359, 1.199, 11.915], "rotation": 90, "texture": "#0"},
				"south": {"uv": [0, 10.359, 1.199, 11.915], "rotation": 90, "texture": "#0"},
				"up": {"uv": [1.199, 11.915, 0, 10.359], "rotation": 270, "texture": "#0"}
			}
		},
		{
			"from": [2.1, 7.97817, 18.64975],
			"to": [2.6, 8.17817, 19.24975],
			"rotation": {"angle": -45, "axis": "x", "origin": [8, 8, 8]},
			"faces": {
				"north": {"uv": [1.313, 10.313, 3.733, 12.233], "texture": "#0"},
				"south": {"uv": [1.313, 10.313, 3.733, 12.233], "texture": "#0"},
				"west": {"uv": [1.313, 10.313, 3.733, 12.233], "texture": "#0"},
				"up": {"uv": [3.733, 12.233, 1.313, 10.313], "texture": "#0"}
			}
		},
		{
			"from": [2.1, 7.97817, -1.14924],
			"to": [2.6, 8.17817, -0.54924],
			"rotation": {"angle": -45, "axis": "x", "origin": [8, 8, 8]},
			"faces": {
				"north": {"uv": [1.313, 10.313, 3.733, 12.233], "texture": "#0"},
				"south": {"uv": [1.313, 10.313, 3.733, 12.233], "texture": "#0"},
				"west": {"uv": [1.313, 10.313, 3.733, 12.233], "texture": "#0"},
				"up": {"uv": [3.733, 12.233, 1.313, 10.313], "texture": "#0"}
			}
		},
		{
			"from": [2.1, 7.97817, 10.40711],
			"to": [2.6, 8.17817, 11.00711],
			"rotation": {"angle": -45, "axis": "x", "origin": [8, 8, 8]},
			"faces": {
				"north": {"uv": [1.313, 10.313, 3.733, 12.233], "texture": "#0"},
				"south": {"uv": [1.313, 10.313, 3.733, 12.233], "texture": "#0"},
				"west": {"uv": [1.313, 10.313, 3.733, 12.233], "texture": "#0"},
				"up": {"uv": [3.733, 12.233, 1.313, 10.313], "texture": "#0"}
			}
		},
		{
			"from": [2.1, 7.97817, 6.40711],
			"to": [2.6, 8.17817, 7.00711],
			"rotation": {"angle": -45, "axis": "x", "origin": [8, 8, 8]},
			"faces": {
				"north": {"uv": [1.313, 10.313, 3.733, 12.233], "texture": "#0"},
				"south": {"uv": [1.313, 10.313, 3.733, 12.233], "texture": "#0"},
				"west": {"uv": [1.313, 10.313, 3.733, 12.233], "texture": "#0"},
				"up": {"uv": [3.733, 12.233, 1.313, 10.313], "texture": "#0"}
			}
		},
		{
			"from": [2.1, 7.97817, 2.40711],
			"to": [2.6, 8.17817, 3.00711],
			"rotation": {"angle": -45, "axis": "x", "origin": [8, 8, 8]},
			"faces": {
				"north": {"uv": [1.313, 10.313, 3.733, 12.233], "texture": "#0"},
				"south": {"uv": [1.313, 10.313, 3.733, 12.233], "texture": "#0"},
				"west": {"uv": [1.313, 10.313, 3.733, 12.233], "texture": "#0"},
				"up": {"uv": [3.733, 12.233, 1.313, 10.313], "texture": "#0"}
			}
		},
		{
			"from": [3.6, 7.97817, 1.90711],
			"to": [4.3, 8.07817, 3.50711],
			"rotation": {"angle": -45, "axis": "x", "origin": [8, 8, 8]},
			"faces": {
				"north": {"uv": [0, 10.266, 3.262, 12.412], "rotation": 90, "texture": "#0"},
				"east": {"uv": [0, 10.266, 3.262, 12.412], "rotation": 90, "texture": "#0"},
				"south": {"uv": [0, 10.266, 3.262, 12.412], "rotation": 90, "texture": "#0"},
				"up": {"uv": [3.262, 12.412, 0, 10.266], "rotation": 270, "texture": "#0"}
			}
		},
		{
			"from": [3.6, 7.97817, 5.90711],
			"to": [4.3, 8.07817, 7.50711],
			"rotation": {"angle": -45, "axis": "x", "origin": [8, 8, 8]},
			"faces": {
				"north": {"uv": [0, 10.266, 3.262, 12.412], "rotation": 90, "texture": "#0"},
				"east": {"uv": [0, 10.266, 3.262, 12.412], "rotation": 90, "texture": "#0"},
				"south": {"uv": [0, 10.266, 3.262, 12.412], "rotation": 90, "texture": "#0"},
				"up": {"uv": [3.262, 12.412, 0, 10.266], "rotation": 270, "texture": "#0"}
			}
		},
		{
			"from": [3.6, 7.97817, 9.90711],
			"to": [4.3, 8.07817, 11.50711],
			"rotation": {"angle": -45, "axis": "x", "origin": [8, 8, 8]},
			"faces": {
				"north": {"uv": [0, 10.266, 3.262, 12.412], "rotation": 90, "texture": "#0"},
				"east": {"uv": [0, 10.266, 3.262, 12.412], "rotation": 90, "texture": "#0"},
				"south": {"uv": [0, 10.266, 3.262, 12.412], "rotation": 90, "texture": "#0"},
				"up": {"uv": [3.262, 12.412, 0, 10.266], "rotation": 270, "texture": "#0"}
			}
		},
		{
			"from": [3.6, 7.97817, 18.14975],
			"to": [4.3, 8.07817, 19.74975],
			"rotation": {"angle": -45, "axis": "x", "origin": [8, 8, 8]},
			"faces": {
				"north": {"uv": [0, 10.266, 3.262, 12.412], "rotation": 90, "texture": "#0"},
				"east": {"uv": [0, 10.266, 3.262, 12.412], "rotation": 90, "texture": "#0"},
				"south": {"uv": [0, 10.266, 3.262, 12.412], "rotation": 90, "texture": "#0"},
				"up": {"uv": [3.262, 12.412, 0, 10.266], "rotation": 270, "texture": "#0"}
			}
		},
		{
			"from": [3.6, 7.97817, -1.64924],
			"to": [4.3, 8.07817, -0.04924],
			"rotation": {"angle": -45, "axis": "x", "origin": [8, 8, 8]},
			"faces": {
				"north": {"uv": [0, 10.266, 3.262, 12.412], "rotation": 90, "texture": "#0"},
				"east": {"uv": [0, 10.266, 3.262, 12.412], "rotation": 90, "texture": "#0"},
				"south": {"uv": [0, 10.266, 3.262, 12.412], "rotation": 90, "texture": "#0"},
				"up": {"uv": [3.262, 12.412, 0, 10.266], "rotation": 270, "texture": "#0"}
			}
		},
		{
			"from": [3.9, 8.07817, 3.20711],
			"to": [4.1, 8.12817, 3.40711],
			"rotation": {"angle": -45, "axis": "x", "origin": [8, 8, 8]},
			"faces": {
				"north": {"uv": [1.032, 10.625, 2.163, 11.591], "texture": "#0"},
				"east": {"uv": [1.032, 10.625, 2.163, 11.591], "texture": "#0"},
				"south": {"uv": [1.032, 10.625, 2.163, 11.591], "texture": "#0"},
				"west": {"uv": [1.032, 10.625, 2.163, 11.591], "texture": "#0"},
				"up": {"uv": [9.678, 9.717, 6.312, 6.282], "rotation": 180, "texture": "#0"}
			}
		},
		{
			"from": [3.9, 8.07817, 7.20711],
			"to": [4.1, 8.12817, 7.40711],
			"rotation": {"angle": -45, "axis": "x", "origin": [8, 8, 8]},
			"faces": {
				"north": {"uv": [1.032, 10.625, 2.163, 11.591], "texture": "#0"},
				"east": {"uv": [1.032, 10.625, 2.163, 11.591], "texture": "#0"},
				"south": {"uv": [1.032, 10.625, 2.163, 11.591], "texture": "#0"},
				"west": {"uv": [1.032, 10.625, 2.163, 11.591], "texture": "#0"},
				"up": {"uv": [9.678, 9.717, 6.312, 6.282], "rotation": 180, "texture": "#0"}
			}
		},
		{
			"from": [3.9, 8.07817, 11.20711],
			"to": [4.1, 8.12817, 11.40711],
			"rotation": {"angle": -45, "axis": "x", "origin": [8, 8, 8]},
			"faces": {
				"north": {"uv": [1.032, 10.625, 2.163, 11.591], "texture": "#0"},
				"east": {"uv": [1.032, 10.625, 2.163, 11.591], "texture": "#0"},
				"south": {"uv": [1.032, 10.625, 2.163, 11.591], "texture": "#0"},
				"west": {"uv": [1.032, 10.625, 2.163, 11.591], "texture": "#0"},
				"up": {"uv": [9.678, 9.717, 6.312, 6.282], "rotation": 180, "texture": "#0"}
			}
		},
		{
			"from": [3.9, 8.07817, 19.44975],
			"to": [4.1, 8.12817, 19.64975],
			"rotation": {"angle": -45, "axis": "x", "origin": [8, 8, 8]},
			"faces": {
				"north": {"uv": [1.032, 10.625, 2.163, 11.591], "texture": "#0"},
				"east": {"uv": [1.032, 10.625, 2.163, 11.591], "texture": "#0"},
				"south": {"uv": [1.032, 10.625, 2.163, 11.591], "texture": "#0"},
				"west": {"uv": [1.032, 10.625, 2.163, 11.591], "texture": "#0"},
				"up": {"uv": [9.678, 9.717, 6.312, 6.282], "rotation": 180, "texture": "#0"}
			}
		},
		{
			"from": [3.9, 8.07817, -0.34924],
			"to": [4.1, 8.12817, -0.14924],
			"rotation": {"angle": -45, "axis": "x", "origin": [8, 8, 8]},
			"faces": {
				"north": {"uv": [1.032, 10.625, 2.163, 11.591], "texture": "#0"},
				"east": {"uv": [1.032, 10.625, 2.163, 11.591], "texture": "#0"},
				"south": {"uv": [1.032, 10.625, 2.163, 11.591], "texture": "#0"},
				"west": {"uv": [1.032, 10.625, 2.163, 11.591], "texture": "#0"},
				"up": {"uv": [9.678, 9.717, 6.312, 6.282], "rotation": 180, "texture": "#0"}
			}
		},
		{
			"from": [3.9, 8.07817, 2.00711],
			"to": [4.1, 8.12817, 2.20711],
			"rotation": {"angle": -45, "axis": "x", "origin": [8, 8, 8]},
			"faces": {
				"north": {"uv": [1.032, 10.625, 2.163, 11.591], "texture": "#0"},
				"east": {"uv": [1.032, 10.625, 2.163, 11.591], "texture": "#0"},
				"south": {"uv": [1.032, 10.625, 2.163, 11.591], "texture": "#0"},
				"west": {"uv": [1.032, 10.625, 2.163, 11.591], "texture": "#0"},
				"up": {"uv": [9.678, 9.717, 6.312, 6.282], "rotation": 180, "texture": "#0"}
			}
		},
		{
			"from": [3.9, 8.07817, 6.00711],
			"to": [4.1, 8.12817, 6.20711],
			"rotation": {"angle": -45, "axis": "x", "origin": [8, 8, 8]},
			"faces": {
				"north": {"uv": [1.032, 10.625, 2.163, 11.591], "texture": "#0"},
				"east": {"uv": [1.032, 10.625, 2.163, 11.591], "texture": "#0"},
				"south": {"uv": [1.032, 10.625, 2.163, 11.591], "texture": "#0"},
				"west": {"uv": [1.032, 10.625, 2.163, 11.591], "texture": "#0"},
				"up": {"uv": [9.678, 9.717, 6.312, 6.282], "rotation": 180, "texture": "#0"}
			}
		},
		{
			"from": [3.9, 8.07817, 10.00711],
			"to": [4.1, 8.12817, 10.20711],
			"rotation": {"angle": -45, "axis": "x", "origin": [8, 8, 8]},
			"faces": {
				"north": {"uv": [1.032, 10.625, 2.163, 11.591], "texture": "#0"},
				"east": {"uv": [1.032, 10.625, 2.163, 11.591], "texture": "#0"},
				"south": {"uv": [1.032, 10.625, 2.163, 11.591], "texture": "#0"},
				"west": {"uv": [1.032, 10.625, 2.163, 11.591], "texture": "#0"},
				"up": {"uv": [9.678, 9.717, 6.312, 6.282], "rotation": 180, "texture": "#0"}
			}
		},
		{
			"from": [3.9, 8.07817, 18.24975],
			"to": [4.1, 8.12817, 18.44975],
			"rotation": {"angle": -45, "axis": "x", "origin": [8, 8, 8]},
			"faces": {
				"north": {"uv": [1.032, 10.625, 2.163, 11.591], "texture": "#0"},
				"east": {"uv": [1.032, 10.625, 2.163, 11.591], "texture": "#0"},
				"south": {"uv": [1.032, 10.625, 2.163, 11.591], "texture": "#0"},
				"west": {"uv": [1.032, 10.625, 2.163, 11.591], "texture": "#0"},
				"up": {"uv": [9.678, 9.717, 6.312, 6.282], "rotation": 180, "texture": "#0"}
			}
		},
		{
			"from": [3.9, 8.07817, -1.54924],
			"to": [4.1, 8.12817, -1.34924],
			"rotation": {"angle": -45, "axis": "x", "origin": [8, 8, 8]},
			"faces": {
				"north": {"uv": [1.032, 10.625, 2.163, 11.591], "texture": "#0"},
				"east": {"uv": [1.032, 10.625, 2.163, 11.591], "texture": "#0"},
				"south": {"uv": [1.032, 10.625, 2.163, 11.591], "texture": "#0"},
				"west": {"uv": [1.032, 10.625, 2.163, 11.591], "texture": "#0"},
				"up": {"uv": [9.678, 9.717, 6.312, 6.282], "rotation": 180, "texture": "#0"}
			}
		},
		{
			"from": [2.5, 8.07817, 16.60711],
			"to": [2.6, 8.77817, 16.70711],
			"rotation": {"angle": -45, "axis": "x", "origin": [8, 8, 8]},
			"faces": {
				"north": {"uv": [3.719, 14.532, 5.959, 14.996], "texture": "#0"},
				"south": {"uv": [3.719, 14.532, 5.959, 14.996], "texture": "#0"},
				"west": {"uv": [3.719, 14.532, 5.959, 14.996], "texture": "#0"}
			}
		},
		{
			"from": [2.5, 8.07817, 12.60711],
			"to": [2.6, 8.77817, 12.70711],
			"rotation": {"angle": -45, "axis": "x", "origin": [8, 8, 8]},
			"faces": {
				"north": {"uv": [3.719, 14.532, 5.959, 14.996], "texture": "#0"},
				"south": {"uv": [3.719, 14.532, 5.959, 14.996], "texture": "#0"},
				"west": {"uv": [3.719, 14.532, 5.959, 14.996], "texture": "#0"}
			}
		},
		{
			"from": [2.5, 8.07817, 10.60711],
			"to": [2.6, 8.77817, 10.70711],
			"rotation": {"angle": -45, "axis": "x", "origin": [8, 8, 8]},
			"faces": {
				"north": {"uv": [3.719, 14.532, 5.959, 14.996], "texture": "#0"},
				"south": {"uv": [3.719, 14.532, 5.959, 14.996], "texture": "#0"},
				"west": {"uv": [3.719, 14.532, 5.959, 14.996], "texture": "#0"}
			}
		},
		{
			"from": [2.5, 8.07817, 8.60711],
			"to": [2.6, 8.77817, 8.70711],
			"rotation": {"angle": -45, "axis": "x", "origin": [8, 8, 8]},
			"faces": {
				"north": {"uv": [3.719, 14.532, 5.959, 14.996], "texture": "#0"},
				"south": {"uv": [3.719, 14.532, 5.959, 14.996], "texture": "#0"},
				"west": {"uv": [3.719, 14.532, 5.959, 14.996], "texture": "#0"}
			}
		},
		{
			"from": [2.5, 8.07817, 6.60711],
			"to": [2.6, 8.77817, 6.70711],
			"rotation": {"angle": -45, "axis": "x", "origin": [8, 8, 8]},
			"faces": {
				"north": {"uv": [3.719, 14.532, 5.959, 14.996], "texture": "#0"},
				"south": {"uv": [3.719, 14.532, 5.959, 14.996], "texture": "#0"},
				"west": {"uv": [3.719, 14.532, 5.959, 14.996], "texture": "#0"}
			}
		},
		{
			"from": [2.5, 8.07817, 4.60711],
			"to": [2.6, 8.77817, 4.70711],
			"rotation": {"angle": -45, "axis": "x", "origin": [8, 8, 8]},
			"faces": {
				"north": {"uv": [3.719, 14.532, 5.959, 14.996], "texture": "#0"},
				"south": {"uv": [3.719, 14.532, 5.959, 14.996], "texture": "#0"},
				"west": {"uv": [3.719, 14.532, 5.959, 14.996], "texture": "#0"}
			}
		},
		{
			"from": [2.5, 8.07817, 0.91005],
			"to": [2.6, 8.77817, 1.01005],
			"rotation": {"angle": -45, "axis": "x", "origin": [8, 8, 8]},
			"faces": {
				"north": {"uv": [3.719, 14.532, 5.959, 14.996], "texture": "#0"},
				"south": {"uv": [3.719, 14.532, 5.959, 14.996], "texture": "#0"},
				"west": {"uv": [3.719, 14.532, 5.959, 14.996], "texture": "#0"}
			}
		},
		{
			"from": [2.5, 8.07817, -0.92843],
			"to": [2.6, 8.77817, -0.82843],
			"rotation": {"angle": -45, "axis": "x", "origin": [8, 8, 8]},
			"faces": {
				"north": {"uv": [3.719, 14.532, 5.959, 14.996], "texture": "#0"},
				"south": {"uv": [3.719, 14.532, 5.959, 14.996], "texture": "#0"},
				"west": {"uv": [3.719, 14.532, 5.959, 14.996], "texture": "#0"}
			}
		},
		{
			"from": [2.5, 8.07817, 18.87056],
			"to": [2.6, 8.77817, 18.97056],
			"rotation": {"angle": -45, "axis": "x", "origin": [8, 8, 8]},
			"faces": {
				"north": {"uv": [3.719, 14.532, 5.959, 14.996], "texture": "#0"},
				"south": {"uv": [3.719, 14.532, 5.959, 14.996], "texture": "#0"},
				"west": {"uv": [3.719, 14.532, 5.959, 14.996], "texture": "#0"}
			}
		},
		{
			"from": [2.5, 8.07817, 2.60711],
			"to": [2.6, 8.77817, 2.70711],
			"rotation": {"angle": -45, "axis": "x", "origin": [8, 8, 8]},
			"faces": {
				"north": {"uv": [3.719, 14.532, 5.959, 14.996], "texture": "#0"},
				"south": {"uv": [3.719, 14.532, 5.959, 14.996], "texture": "#0"},
				"west": {"uv": [3.719, 14.532, 5.959, 14.996], "texture": "#0"}
			}
		},
		{
			"from": [3.9, 8.07817, 14.00711],
			"to": [4.1, 8.12817, 14.20711],
			"rotation": {"angle": -45, "axis": "x", "origin": [8, 8, 8]},
			"faces": {
				"north": {"uv": [1.032, 10.625, 2.163, 11.591], "texture": "#0"},
				"east": {"uv": [1.032, 10.625, 2.163, 11.591], "texture": "#0"},
				"south": {"uv": [1.032, 10.625, 2.163, 11.591], "texture": "#0"},
				"west": {"uv": [1.032, 10.625, 2.163, 11.591], "texture": "#0"},
				"up": {"uv": [9.678, 9.717, 6.312, 6.282], "rotation": 180, "texture": "#0"}
			}
		},
		{
			"from": [3.9, 8.07817, 15.20711],
			"to": [4.1, 8.12817, 15.40711],
			"rotation": {"angle": -45, "axis": "x", "origin": [8, 8, 8]},
			"faces": {
				"north": {"uv": [1.032, 10.625, 2.163, 11.591], "texture": "#0"},
				"east": {"uv": [1.032, 10.625, 2.163, 11.591], "texture": "#0"},
				"south": {"uv": [1.032, 10.625, 2.163, 11.591], "texture": "#0"},
				"west": {"uv": [1.032, 10.625, 2.163, 11.591], "texture": "#0"},
				"up": {"uv": [9.678, 9.717, 6.312, 6.282], "rotation": 180, "texture": "#0"}
			}
		},
		{
			"from": [3.6, 7.97817, 13.90711],
			"to": [4.3, 8.07817, 15.50711],
			"rotation": {"angle": -45, "axis": "x", "origin": [8, 8, 8]},
			"faces": {
				"north": {"uv": [0, 10.266, 3.262, 12.412], "rotation": 90, "texture": "#0"},
				"east": {"uv": [0, 10.266, 3.262, 12.412], "rotation": 90, "texture": "#0"},
				"south": {"uv": [0, 10.266, 3.262, 12.412], "rotation": 90, "texture": "#0"},
				"up": {"uv": [3.262, 12.412, 0, 10.266], "rotation": 270, "texture": "#0"}
			}
		},
		{
			"from": [3.6, 8.07817, 14.60711],
			"to": [4.3, 8.27817, 14.80711],
			"rotation": {"angle": -45, "axis": "x", "origin": [8, 8, 8]},
			"faces": {
				"north": {"uv": [0, 10.359, 2.386, 12.339], "texture": "#0"},
				"east": {"uv": [0, 10.359, 2.386, 12.339], "texture": "#0"},
				"south": {"uv": [0, 10.359, 2.386, 12.339], "texture": "#0"},
				"up": {"uv": [2.386, 12.339, 0, 10.359], "rotation": 180, "texture": "#0"}
			}
		},
		{
			"from": [3.56396, 8.27106, 14.60711],
			"to": [3.76396, 8.67106, 14.80711],
			"rotation": {"angle": -45, "axis": "x", "origin": [8, 8, 8]},
			"faces": {
				"north": {"uv": [0, 10.359, 1.199, 11.915], "rotation": 90, "texture": "#0"},
				"east": {"uv": [0, 10.359, 1.199, 11.915], "rotation": 90, "texture": "#0"},
				"south": {"uv": [0, 10.359, 1.199, 11.915], "rotation": 90, "texture": "#0"},
				"up": {"uv": [1.199, 11.915, 0, 10.359], "rotation": 270, "texture": "#0"}
			}
		},
		{
			"from": [3.5, 7.97817, 13.90711],
			"to": [3.6, 8.67817, 15.50711],
			"rotation": {"angle": -45, "axis": "x", "origin": [8, 8, 8]},
			"faces": {
				"north": {"uv": [0, 10.125, 2.694, 12.513], "texture": "#0"},
				"east": {"uv": [0, 10.125, 2.694, 12.513], "texture": "#0"},
				"south": {"uv": [0, 10.125, 2.694, 12.513], "texture": "#0"},
				"up": {"uv": [2.694, 12.513, 0, 10.125], "rotation": 180, "texture": "#0"}
			}
		},
		{
			"from": [2.5, 8.07817, 14.60711],
			"to": [2.6, 8.77817, 14.70711],
			"rotation": {"angle": -45, "axis": "x", "origin": [8, 8, 8]},
			"faces": {
				"north": {"uv": [3.719, 14.532, 5.959, 14.996], "texture": "#0"},
				"south": {"uv": [3.719, 14.532, 5.959, 14.996], "texture": "#0"},
				"west": {"uv": [3.719, 14.532, 5.959, 14.996], "texture": "#0"}
			}
		},
		{
			"from": [2.1, 7.97817, 14.40711],
			"to": [2.6, 8.17817, 15.00711],
			"rotation": {"angle": -45, "axis": "x", "origin": [8, 8, 8]},
			"faces": {
				"north": {"uv": [1.313, 10.313, 3.733, 12.233], "texture": "#0"},
				"south": {"uv": [1.313, 10.313, 3.733, 12.233], "texture": "#0"},
				"west": {"uv": [1.313, 10.313, 3.733, 12.233], "texture": "#0"},
				"up": {"uv": [3.733, 12.233, 1.313, 10.313], "texture": "#0"}
			}
		},
		{
			"from": [12.4, 7.97817, -3.09289],
			"to": [13.5, 8.07817, 19.90711],
			"rotation": {"angle": -45, "axis": "x", "origin": [8, 8, 8]},
			"faces": {
				"north": {"uv": [3.257, 10.188, 0, 10.654], "texture": "#0"},
				"east": {"uv": [15.991, 10.188, 0, 10.655], "texture": "#0"},
				"south": {"uv": [2.491, 10.454, 0, 10.953], "texture": "#0"},
				"west": {"uv": [15.991, 10.188, 0, 10.655], "texture": "#0"},
				"up": {"uv": [15.991, 10.188, 0, 12.547], "rotation": 90, "texture": "#0"},
				"down": {"uv": [15.991, 10.188, 0, 12.547], "rotation": 90, "texture": "#0"}
			}
		},
		{
			"from": [2.5, 7.97817, -3.09289],
			"to": [3.6, 8.07817, 19.90711],
			"rotation": {"angle": -45, "axis": "x", "origin": [8, 8, 8]},
			"faces": {
				"north": {"uv": [3.257, 10.188, 0, 10.655], "texture": "#0"},
				"east": {"uv": [15.991, 10.188, 0, 10.655], "texture": "#0"},
				"south": {"uv": [2.491, 10.454, 0, 10.953], "texture": "#0"},
				"west": {"uv": [15.991, 10.188, 0, 10.655], "texture": "#0"},
				"up": {"uv": [15.991, 10.188, 0, 12.547], "rotation": 90, "texture": "#0"},
				"down": {"uv": [15.991, 10.188, 0, 12.547], "rotation": 90, "texture": "#0"}
			}
		},
		{
			"from": [12.5, 8.07817, -3.09289],
			"to": [13.4, 8.77817, 19.90711],
			"rotation": {"angle": -45, "axis": "x", "origin": [8, 8, 8]},
			"faces": {
				"north": {"uv": [2.493, 10.266, 0, 12.559], "texture": "#0"},
				"east": {"uv": [16, 10.219, 0, 12.466], "rotation": 180, "texture": "#0"},
				"south": {"uv": [2.541, 10.172, 0, 12.372], "rotation": 180, "texture": "#0"},
				"west": {"uv": [16, 10.172, 0, 12.466], "rotation": 180, "texture": "#0"},
				"up": {"uv": [0, 0, 0, 0], "rotation": 90, "texture": "#0"},
				"down": {"uv": [0, 0, 0, 0], "rotation": 90, "texture": "#0"}
			}
		},
		{
			"from": [2.6, 8.07817, -3.09289],
			"to": [3.5, 8.77817, 19.90711],
			"rotation": {"angle": -45, "axis": "x", "origin": [8, 8, 8]},
			"faces": {
				"north": {"uv": [2.493, 10.266, 0, 12.559], "texture": "#0"},
				"east": {"uv": [16, 10.219, 0, 12.466], "rotation": 180, "texture": "#0"},
				"south": {"uv": [2.541, 10.172, 0, 12.372], "rotation": 180, "texture": "#0"},
				"west": {"uv": [16, 10.172, 0, 12.466], "rotation": 180, "texture": "#0"},
				"up": {"uv": [0, 0, 0, 0], "rotation": 90, "texture": "#0"},
				"down": {"uv": [0, 0, 0, 0], "rotation": 90, "texture": "#0"}
			}
		},
		{
			"from": [2.5, 8.77817, -3.09289],
			"to": [3.6, 8.87817, 19.90711],
			"rotation": {"angle": -45, "axis": "x", "origin": [8, 8, 8]},
			"faces": {
				"north": {"uv": [1.866, 10.5, 0, 10.959], "texture": "#0"},
				"east": {"uv": [16, 10.359, 0, 10.818], "rotation": 180, "texture": "#0"},
				"south": {"uv": [2.271, 10.219, 0, 10.678], "texture": "#0"},
				"west": {"uv": [0, 12.037, 16, 11.578], "rotation": 90, "texture": "#0"},
				"up": {"uv": [15.991, 13.704, 0, 15.749], "rotation": 90, "texture": "#0"},
				"down": {"uv": [15.991, 10.234, 0, 12.422], "rotation": 90, "texture": "#0"}
			}
		},
		{
			"from": [12.4, 8.77817, -3.09289],
			"to": [13.5, 8.87817, 19.90711],
			"rotation": {"angle": -45, "axis": "x", "origin": [8, 8, 8]},
			"faces": {
				"north": {"uv": [1.866, 10.5, 0, 10.959], "texture": "#0"},
				"east": {"uv": [16, 10.359, 0, 10.818], "rotation": 180, "texture": "#0"},
				"south": {"uv": [2.271, 10.219, 0, 10.678], "texture": "#0"},
				"west": {"uv": [0, 12.037, 16, 11.578], "rotation": 90, "texture": "#0"},
				"up": {"uv": [15.991, 13.704, 0, 15.749], "rotation": 90, "texture": "#0"},
				"down": {"uv": [15.991, 10.234, 0, 12.422], "rotation": 90, "texture": "#0"}
			}
		}
	],
	"display": {
		"thirdperson_righthand": {
			"rotation": [-20, 40, 0],
			"translation": [0, 3.25, 0],
			"scale": [0.4, 0.4, 0.4]
		},
		"thirdperson_lefthand": {
			"rotation": [-20, 40, 0],
			"translation": [0, 3.25, 0],
			"scale": [0.4, 0.4, 0.4]
		},
		"firstperson_righthand": {
			"rotation": [55, 0, 90],
			"translation": [-5, -1, 0]
		},
		"firstperson_lefthand": {
			"rotation": [55, 0, 90],
			"translation": [-5, -1, 0]
		},
		"ground": {
			"translation": [0, 0.5, 0],
			"scale": [0.4, 0.4, 0.4]
		},
		"gui": {
			"rotation": [90, 0, 0],
			"translation": [0, 0.5, 0]
		},
		"head": {
			"rotation": [-90, 90, 0],
			"translation": [0, 0, -14]
		},
		"fixed": {
			"rotation": [-90, 0, 0],
			"translation": [0, 0, -7.75]
		}
	}
}