{
	"credit": "Made with Blockbench",
	"textures": {
		"0": "block/cmodels/azalea_plant",
		"particle": "block/cmodels/azalea_plant"
	},
	"elements": [
		{
			"from": [12, -0.7, -1],
			"to": [12, 19.3, 17],
			"rotation": {"angle": -22.5, "axis": "z", "origin": [12, 8, 8]},
			"faces": {
				"east": {"uv": [0, 1.53125, 16, 16], "texture": "#0"},
				"west": {"uv": [16, 0, 0, 16], "texture": "#0"}
			}
		},
		{
			"from": [4, -0.7, -1],
			"to": [4, 19.3, 17],
			"rotation": {"angle": 22.5, "axis": "z", "origin": [4, 8, 8]},
			"faces": {
				"east": {"uv": [0, 0, 16, 16], "texture": "#0"},
				"west": {"uv": [16, 1.53125, 0, 16], "texture": "#0"}
			}
		},
		{
			"from": [-1, -0.7, 11],
			"to": [17, 19.3, 11],
			"rotation": {"angle": 22.5, "axis": "x", "origin": [8, 8, 11]},
			"faces": {
				"north": {"uv": [16, 0, 0, 16], "texture": "#0"},
				"south": {"uv": [0, 1.53125, 16, 16], "texture": "#0"}
			}
		},
		{
			"from": [-1, -0.7, 3],
			"to": [17, 19.3, 3],
			"rotation": {"angle": -22.5, "axis": "x", "origin": [8, 8, 3]},
			"faces": {
				"north": {"uv": [16, 1.53125, 0, 16], "texture": "#0"},
				"south": {"uv": [0, 0, 16, 16], "texture": "#0"}
			}
		},
		{
			"from": [-5.4, -0.1, 7],
			"to": [12.6, 19.9, 7],
			"rotation": {"angle": 45, "axis": "y", "origin": [8, 8, 3]},
			"faces": {
				"north": {"uv": [16, 1.53125, 0, 16], "texture": "#0"},
				"south": {"uv": [0, 0, 16, 16], "texture": "#0"}
			}
		}
	],
	"display": {
		"thirdperson_righthand": {
			"translation": [0.75, 2.5, 2.25],
			"scale": [0.37305, 0.45508, 0.36133]
		},
		"thirdperson_lefthand": {
			"translation": [0.75, 2.5, 2.25],
			"scale": [0.37305, 0.45508, 0.36133]
		},
		"firstperson_righthand": {
			"rotation": [18.95, -51.63, 34.59],
			"translation": [7.5, 0.5, -6.5],
			"scale": [0.60078, 0.69344, 0.71468]
		},
		"firstperson_lefthand": {
			"rotation": [18.95, -51.63, 34.59],
			"translation": [7.5, 0.5, -6.5],
			"scale": [0.60078, 0.69344, 0.71468]
		},
		"ground": {
			"rotation": [50, 0, 0],
			"translation": [0, 1, 0],
			"scale": [0.5, 0.5, 0.5]
		},
		"gui": {
			"rotation": [21.16, 40.45, -0.55],
			"translation": [0.25, 2.25, 0],
			"scale": [0.87, 1.32664, 1.01625]
		},
		"head": {
			"translation": [0, 19.25, 0],
			"scale": [1.6, 1.6, 1.6]
		},
		"fixed": {
			"rotation": [0, -90, 0],
			"translation": [0, 1, -0.75]
		}
	},
	"groups": [
		{
			"name": "group",
			"origin": [7.23125, 4.075, 7.81875],
			"color": 0,
			"children": [0, 1, 2, 3, 4]
		}
	]
}