{
	"credit": "Made with Blockbench",
	"textures": {
		"0": "block/cmodels/background_vine",
		"1": "block/cmodels/leave_vine1",
		"2": "block/cmodels/leave_vine2",
		"3": "block/cmodels/leave_vine3",
		"4": "block/cmodels/leave_vine4",
		"5": "block/cmodels/leave_vine5",
		"6": "block/cmodels/yellow_fruit",
		"particle": "block/cmodels/background_vine"
	},
	"elements": [
		{
			"from": [-4.3, 6, 11.3],
			"to": [4.3, 16, 11.3],
			"rotation": {"angle": 45, "axis": "y", "origin": [0, 0, 0]},
			"faces": {
				"north": {"uv": [0, 0, 16, 7.78125], "texture": "#0"},
				"south": {"uv": [0, 0, 16, 7.78125], "texture": "#0"}
			}
		},
		{
			"from": [11.7, 6, 11.3],
			"to": [20.3, 16, 11.3],
			"rotation": {"angle": -45, "axis": "y", "origin": [16, 0, 0]},
			"faces": {
				"north": {"uv": [0, 0, 16, 7.8125], "texture": "#0"},
				"south": {"uv": [0, 0, 16, 7.8125], "texture": "#0"}
			}
		},
		{
			"from": [0.3, 9.3, 2.9],
			"to": [0.3, 16, 9.5],
			"rotation": {"angle": -22.5, "axis": "z", "origin": [0, 6, 0]},
			"faces": {
				"east": {"uv": [0, 0, 16, 16], "texture": "#1"},
				"west": {"uv": [0, 0, 16, 16], "texture": "#1"}
			}
		},
		{
			"from": [3.3, 6.3, 4.9],
			"to": [3.3, 11, 10.5],
			"rotation": {"angle": -22.5, "axis": "z", "origin": [0, 6, 0]},
			"faces": {
				"east": {"uv": [0, 0, 16, 16], "texture": "#6"},
				"west": {"uv": [16, 0, 0, 16], "texture": "#6"}
			}
		},
		{
			"from": [10.70002, 8.3, 4.55455],
			"to": [10.70002, 13, 10.15455],
			"rotation": {"angle": -45, "axis": "y", "origin": [10.70002, 8.65, 7.35455]},
			"faces": {
				"east": {"uv": [0, 0, 16, 16], "texture": "#6"},
				"west": {"uv": [16, 0, 0, 16], "texture": "#6"}
			}
		},
		{
			"from": [5.9, 11.3, 2.7],
			"to": [11.5, 16, 2.7],
			"rotation": {"angle": -22.5, "axis": "y", "origin": [0, 6, 0]},
			"faces": {
				"north": {"uv": [0, 0, 16, 16], "texture": "#6"},
				"south": {"uv": [16, 0, 0, 16], "texture": "#6"}
			}
		},
		{
			"from": [4.98917, 2.00021, 11.2],
			"to": [11.58917, 8.70021, 11.2],
			"rotation": {"angle": 0, "axis": "y", "origin": [9.28917, 9.35021, 14.2]},
			"faces": {
				"north": {"uv": [0, 0, 16, 16], "texture": "#4"},
				"south": {"uv": [0, 0, 16, 16], "texture": "#4"}
			}
		},
		{
			"from": [4.98917, 2.00021, 7.7],
			"to": [11.58917, 8.70021, 7.7],
			"rotation": {"angle": -45, "axis": "y", "origin": [8.28917, 4.35021, 8.2]},
			"faces": {
				"north": {"uv": [0, 0, 16, 16], "texture": "#5"},
				"south": {"uv": [0, 0, 16, 16], "texture": "#5"}
			}
		},
		{
			"from": [3.45163, 4.99354, 5.8],
			"to": [8.95163, 9.79354, 5.8],
			"rotation": {"angle": 22.5, "axis": "x", "origin": [4.25163, 12.09354, 5.4]},
			"faces": {
				"north": {"uv": [0, 0, 16, 16], "texture": "#1"},
				"south": {"uv": [0, 0, 16, 16], "texture": "#1"}
			}
		},
		{
			"from": [5.45163, 9.99354, 3.8],
			"to": [10.95163, 14.79354, 3.8],
			"rotation": {"angle": 45, "axis": "x", "origin": [4.25163, 12.09354, 5.4]},
			"faces": {
				"north": {"uv": [0, 0, 16, 16], "texture": "#5"},
				"south": {"uv": [0, 0, 16, 16], "texture": "#5"}
			}
		},
		{
			"from": [6.15163, 3.89354, 8.8],
			"to": [10.95163, 8.09354, 8.8],
			"rotation": {"angle": 22.5, "axis": "x", "origin": [4.25163, 18.09354, 5.4]},
			"faces": {
				"north": {"uv": [0, 0, 16, 16], "texture": "#3"},
				"south": {"uv": [0, 0, 16, 16], "texture": "#3"}
			}
		},
		{
			"from": [2.45163, 8.99354, 5.8],
			"to": [7.95163, 13.79354, 5.8],
			"rotation": {"angle": 0, "axis": "x", "origin": [4.25163, 12.09354, 5.4]},
			"rotated": [0, -22.5, 0],
			"faces": {
				"north": {"uv": [0, 0, 16, 16], "texture": "#1"},
				"south": {"uv": [0, 0, 16, 16], "texture": "#1"}
			}
		},
		{
			"from": [3.45163, 2.99354, 6.8],
			"to": [8.95163, 7.79354, 6.8],
			"rotation": {"angle": 0, "axis": "x", "origin": [4.25163, 12.09354, 5.4]},
			"rotated": [0, -22.5, 0],
			"faces": {
				"north": {"uv": [0, 0, 16, 16], "texture": "#5"},
				"south": {"uv": [0, 0, 16, 16], "texture": "#5"}
			}
		},
		{
			"from": [8.90623, 9.99354, 12.24232],
			"to": [11.80623, 12.69354, 12.24232],
			"rotation": {"angle": -22.5, "axis": "x", "origin": [10.35623, 11.34354, 12.24232]},
			"faces": {
				"north": {"uv": [0, 0, 16, 16], "texture": "#1"},
				"south": {"uv": [0, 0, 16, 16], "texture": "#1"}
			}
		},
		{
			"from": [11.35623, 5.56069, 3.81353],
			"to": [11.35623, 12.56069, 10.11353],
			"rotation": {"angle": 22.5, "axis": "z", "origin": [11.35623, 11.81069, 9.56353]},
			"faces": {
				"east": {"uv": [0, 0, 16, 16], "texture": "#3"},
				"west": {"uv": [0, 0, 16, 16], "texture": "#3"}
			}
		},
		{
			"from": [12.35623, 8.56069, 5.81353],
			"to": [12.35623, 15.56069, 12.11353],
			"rotation": {"angle": 45, "axis": "z", "origin": [11.35623, 11.81069, 9.56353]},
			"faces": {
				"east": {"uv": [0, 0, 16, 16], "texture": "#4"},
				"west": {"uv": [0, 0, 16, 16], "texture": "#4"}
			}
		},
		{
			"from": [10.35623, 4.46069, 6.51353],
			"to": [10.35623, 9.86069, 11.01353],
			"rotation": {"angle": 22.5, "axis": "z", "origin": [10.35623, 7.16069, 8.76353]},
			"faces": {
				"east": {"uv": [0, 0, 16, 16], "texture": "#2"},
				"west": {"uv": [0, 0, 16, 16], "texture": "#2"}
			}
		},
		{
			"from": [4.10623, 5.46069, 14.76353],
			"to": [8.60623, 10.86069, 14.76353],
			"rotation": {"angle": -22.5, "axis": "x", "origin": [10.35623, 7.16069, 8.76353]},
			"faces": {
				"north": {"uv": [0, 0, 16, 16], "texture": "#2"},
				"south": {"uv": [0, 0, 16, 16], "texture": "#2"}
			}
		},
		{
			"from": [6.10623, 6.46069, 14.76353],
			"to": [10.60623, 11.86069, 14.76353],
			"rotation": {"angle": -45, "axis": "x", "origin": [10.35623, 7.16069, 8.76353]},
			"faces": {
				"north": {"uv": [0, 0, 16, 16], "texture": "#3"},
				"south": {"uv": [0, 0, 16, 16], "texture": "#3"}
			}
		},
		{
			"from": [4.05163, 8.79354, 5.4],
			"to": [7.65163, 12.69354, 5.4],
			"rotation": {"angle": 0, "axis": "x", "origin": [4.25163, 18.09354, 5.4]},
			"rotated": [0, -22.5, 0],
			"faces": {
				"north": {"uv": [0, 0, 16, 16], "texture": "#1"},
				"south": {"uv": [0, 0, 16, 16], "texture": "#1"}
			}
		}
	]
}