{
	"credit": "Made with Blockbench",
	"textures": {
		"0": "blocks/crafting_table_top",
		"1": "blocks/crafting_table_side",
		"2": "blocks/metal",
		"3": "blocks/crafting_table_front",
		"particle": "blocks/crafting_table_top"
	},
	"elements": [
		{
			"from": [0, 15, 0],
			"to": [16, 16, 16],
			"rotation": {"angle": 0, "axis": "y", "origin": [15, 23, 14]},
			"faces": {
				"north": {"uv": [0, 0, 16, 1], "texture": "#0"},
				"east": {"uv": [0, 0, 16, 1], "texture": "#0"},
				"south": {"uv": [0, 0, 16, 1], "texture": "#0"},
				"west": {"uv": [0, 0, 16, 1], "texture": "#0"},
				"up": {"uv": [0, 0, 16, 16], "texture": "#0"},
				"down": {"uv": [0, 0, 16, 16], "texture": "#0"}
			}
		},
		{
			"from": [2, 16, 4],
			"to": [3, 16.5, 12],
			"rotation": {"angle": 0, "axis": "y", "origin": [17, 24, 19]},
			"faces": {
				"north": {"uv": [0, 0, 1, 0.5], "texture": "#3"},
				"east": {"uv": [0, 0, 8, 0.5], "texture": "#3"},
				"south": {"uv": [0, 0, 1, 0.5], "texture": "#3"},
				"west": {"uv": [0, 0, 8, 0.5], "texture": "#3"},
				"up": {"uv": [0, 0, 1, 8], "texture": "#3"},
				"down": {"uv": [0, 0, 1, 8], "texture": "#missing"}
			}
		},
		{
			"from": [2, 16, 12],
			"to": [4, 16.5, 13],
			"rotation": {"angle": 0, "axis": "y", "origin": [16, 24, 20]},
			"faces": {
				"north": {"uv": [0, 0, 2, 0.5], "texture": "#2"},
				"east": {"uv": [0, 0, 1, 0.5], "texture": "#missing"},
				"south": {"uv": [0, 0, 2, 0.5], "texture": "#2"},
				"west": {"uv": [0, 0, 1, 0.5], "texture": "#2"},
				"up": {"uv": [0, 0, 2, 1], "texture": "#2"},
				"down": {"uv": [0, 0, 2, 1], "texture": "#missing"}
			}
		},
		{
			"from": [1, 16, 12.5],
			"to": [2, 16.5, 13],
			"rotation": {"angle": 0, "axis": "y", "origin": [14, 24, 20]},
			"faces": {
				"north": {"uv": [0, 0, 1, 0.5], "texture": "#2"},
				"east": {"uv": [0, 0, 0.5, 0.5], "texture": "#missing"},
				"south": {"uv": [0, 0, 1, 0.5], "texture": "#2"},
				"west": {"uv": [0, 0, 0.5, 0.5], "texture": "#2"},
				"up": {"uv": [0, 0, 1, 0.5], "texture": "#2"},
				"down": {"uv": [0, 0, 1, 0.5], "texture": "#missing"}
			}
		},
		{
			"from": [0, 16, 12],
			"to": [1, 16.5, 12.5],
			"rotation": {"angle": 0, "axis": "y", "origin": [13, 24, 19]},
			"faces": {
				"north": {"uv": [0, 0, 1, 0.5], "texture": "#2"},
				"east": {"uv": [0, 0, 0.5, 0.5], "texture": "#2"},
				"south": {"uv": [0, 0, 1, 0.5], "texture": "#2"},
				"west": {"uv": [0, 0, 0.5, 0.5], "texture": "#2"},
				"up": {"uv": [0, 0, 1, 0.5], "texture": "#2"},
				"down": {"uv": [0, 0, 1, 0.5], "texture": "#missing"}
			}
		},
		{
			"from": [1.5, 16, 13],
			"to": [3, 16.5, 13.5],
			"rotation": {"angle": 0, "axis": "y", "origin": [16, 24, 21]},
			"faces": {
				"north": {"uv": [0, 0, 1.5, 0.5], "texture": "#missing"},
				"east": {"uv": [0, 0, 0.5, 0.5], "texture": "#2"},
				"south": {"uv": [0, 0, 1.5, 0.5], "texture": "#2"},
				"west": {"uv": [0, 0, 0.5, 0.5], "texture": "#2"},
				"up": {"uv": [0, 0, 1.5, 0.5], "texture": "#2"},
				"down": {"uv": [0, 0, 1.5, 0.5], "texture": "#missing"}
			}
		},
		{
			"from": [4, 16, 11.75],
			"to": [5, 16.75, 13.25],
			"rotation": {"angle": 0, "axis": "y", "origin": [19, 24, 19]},
			"faces": {
				"north": {"uv": [0, 0, 1, 0.75], "texture": "#2"},
				"east": {"uv": [0, 0, 1.5, 0.75], "texture": "#2"},
				"south": {"uv": [0, 0, 1, 0.75], "texture": "#2"},
				"west": {"uv": [0, 0, 1.5, 0.75], "texture": "#2"},
				"up": {"uv": [0, 0, 1, 1.5], "texture": "#2"},
				"down": {"uv": [0, 0, 1, 1.5], "texture": "#missing"}
			}
		},
		{
			"from": [0, 0, 0],
			"to": [16, 1, 16],
			"rotation": {"angle": 0, "axis": "y", "origin": [15, 8, 14]},
			"faces": {
				"north": {"uv": [0, 0, 16, 1], "texture": "#0"},
				"east": {"uv": [0, 0, 16, 1], "texture": "#0"},
				"south": {"uv": [0, 0, 16, 1], "texture": "#0"},
				"west": {"uv": [0, 0, 16, 1], "texture": "#0"},
				"up": {"uv": [0, 0, 16, 16], "texture": "#0"},
				"down": {"uv": [0, 0, 16, 16], "texture": "#0"}
			}
		},
		{
			"from": [2, 7, 0],
			"to": [14, 8, 14],
			"rotation": {"angle": 0, "axis": "y", "origin": [15, 15, 14]},
			"faces": {
				"north": {"uv": [0, 0, 12, 1], "texture": "#0"},
				"east": {"uv": [0, 0, 14, 1], "texture": "#missing"},
				"south": {"uv": [0, 0, 12, 1], "texture": "#missing"},
				"west": {"uv": [0, 0, 14, 1], "texture": "#missing"},
				"up": {"uv": [1.235, 0, 14.765, 16], "texture": "#0"},
				"down": {"uv": [0, 0, 12, 14], "texture": "#missing"}
			}
		},
		{
			"from": [6, 8, 5],
			"to": [13, 12, 10],
			"rotation": {"angle": 0, "axis": "y", "origin": [16, 16, 19]},
			"faces": {
				"north": {"uv": [0, 0, 7, 4], "texture": "#3"},
				"east": {"uv": [0, 0, 5, 4], "texture": "#3"},
				"south": {"uv": [0, 0, 7, 4], "texture": "#3"},
				"west": {"uv": [0, 0, 5, 4], "texture": "#3"},
				"up": {"uv": [0, 0, 7, 5], "texture": "#3"},
				"down": {"uv": [0, 0, 7, 5], "texture": "#missing"}
			}
		},
		{
			"from": [8, 10, 4],
			"to": [11, 13, 6],
			"rotation": {"angle": 0, "axis": "y", "origin": [16, 18, 14]},
			"faces": {
				"north": {"uv": [0, 0, 3, 3], "texture": "#2"},
				"east": {"uv": [0, 0, 2, 3], "texture": "#2"},
				"south": {"uv": [0, 0, 3, 3], "texture": "#2"},
				"west": {"uv": [0, 0, 2, 3], "texture": "#2"},
				"up": {"uv": [0, 0, 3, 2], "texture": "#2"},
				"down": {"uv": [0, 0, 3, 2], "texture": "#2"}
			}
		},
		{
			"from": [4, 8, 3],
			"to": [7, 8.5, 3.5],
			"rotation": {"angle": 0, "axis": "y", "origin": [12, 16, 13]},
			"faces": {
				"north": {"uv": [1.344, 1.297, 4.344, 1.797], "texture": "#0"},
				"east": {"uv": [1.344, 1.297, 4.344, 1.797], "texture": "#0"},
				"south": {"uv": [1.344, 1.297, 4.344, 1.797], "texture": "#0"},
				"west": {"uv": [1.344, 1.297, 4.344, 1.797], "texture": "#0"},
				"up": {"uv": [1.344, 1.297, 4.344, 1.797], "texture": "#0"},
				"down": {"uv": [0, 0, 3, 0.5], "texture": "#missing"}
			}
		},
		{
			"from": [3, 1, 3],
			"to": [3.5, 1.5, 6],
			"rotation": {"angle": 0, "axis": "y", "origin": [11, 9, 13]},
			"faces": {
				"north": {"uv": [2.766, 2.641, 3.266, 3.141], "texture": "#0"},
				"east": {"uv": [2.266, 3.032, 5.266, 3.532], "texture": "#0"},
				"south": {"uv": [2.297, 2.11, 2.797, 2.61], "texture": "#0"},
				"west": {"uv": [2.344, 3.532, 5.344, 4.032], "texture": "#0"},
				"up": {"uv": [2.297, 1.766, 2.797, 4.766], "texture": "#0"},
				"down": {"uv": [0, 0, 0.5, 3], "texture": "#missing"}
			}
		},
		{
			"from": [3.5, 1, 3],
			"to": [5.5, 1.5, 4],
			"rotation": {"angle": 0, "axis": "y", "origin": [12, 9, 11]},
			"faces": {
				"north": {"uv": [2.766, 2.844, 4.766, 3.344], "texture": "#0"},
				"east": {"uv": [2.297, 1.532, 3.297, 2.032], "texture": "#0"},
				"south": {"uv": [3.141, 3.141, 5.141, 3.641], "texture": "#0"},
				"west": {"uv": [4.563, 2.453, 5.563, 2.953], "texture": "#0"},
				"up": {"uv": [1.453, 1.453, 3.453, 2.453], "texture": "#0"},
				"down": {"uv": [0, 0, 2, 1], "texture": "#missing"}
			}
		},
		{
			"from": [6.5, 1, 8],
			"to": [9.5, 1.5, 8.5],
			"rotation": {"angle": 22.5, "axis": "y", "origin": [-0.5, 9, 16]},
			"faces": {
				"north": {"uv": [1.563, 1.719, 4.563, 2.219], "texture": "#0"},
				"east": {"uv": [4.922, 2.5, 5.422, 3], "texture": "#0"},
				"south": {"uv": [2.266, 2.532, 5.266, 3.032], "texture": "#0"},
				"west": {"uv": [3.422, 1.922, 3.922, 2.422], "texture": "#0"},
				"up": {"uv": [2.5, 1.922, 3, 4.922], "rotation": 90, "texture": "#0"},
				"down": {"uv": [0, 0, 0.5, 3], "rotation": 270, "texture": "#missing"}
			}
		},
		{
			"from": [5.5, 1, 3],
			"to": [6, 1.5, 5],
			"rotation": {"angle": 0, "axis": "y", "origin": [13, 9, 13]},
			"faces": {
				"north": {"uv": [2.032, 2.266, 2.532, 2.766], "texture": "#0"},
				"east": {"uv": [2.297, 3.422, 4.297, 3.922], "texture": "#0"},
				"south": {"uv": [2.641, 2.219, 3.141, 2.719], "texture": "#0"},
				"west": {"uv": [1.5, 2.266, 3.5, 2.766], "texture": "#0"},
				"up": {"uv": [2.11, 1.922, 2.61, 3.922], "texture": "#0"},
				"down": {"uv": [0, 0, 0.5, 2], "texture": "#missing"}
			}
		},
		{
			"from": [6, 1, 3.25],
			"to": [12.5, 1.5, 3.75],
			"rotation": {"angle": 0, "axis": "y", "origin": [14, 9, 13]},
			"faces": {
				"north": {"uv": [0, 0, 6.5, 0.5], "texture": "#2"},
				"east": {"uv": [0, 0, 0.5, 0.5], "texture": "#2"},
				"south": {"uv": [0, 0, 6.5, 0.5], "texture": "#2"},
				"west": {"uv": [0, 0, 0.5, 0.5], "texture": "#missing"},
				"up": {"uv": [0, 0, 6.5, 0.5], "texture": "#2"},
				"down": {"uv": [0, 0, 6.5, 0.5], "texture": "#missing"}
			}
		},
		{
			"from": [6, 1, 3.75],
			"to": [12, 1.5, 4.25],
			"rotation": {"angle": 0, "axis": "y", "origin": [14, 9, 14]},
			"faces": {
				"north": {"uv": [0, 0, 6, 0.5], "texture": "#missing"},
				"east": {"uv": [0, 0, 0.5, 0.5], "texture": "#2"},
				"south": {"uv": [0, 0, 6, 0.5], "texture": "#2"},
				"west": {"uv": [0, 0, 0.5, 0.5], "texture": "#missing"},
				"up": {"uv": [0, 0, 6, 0.5], "texture": "#2"},
				"down": {"uv": [0, 0, 6, 0.5], "texture": "#missing"}
			}
		},
		{
			"from": [6, 1, 4.25],
			"to": [11, 1.5, 4.75],
			"rotation": {"angle": 0, "axis": "y", "origin": [14, 9, 15]},
			"faces": {
				"north": {"uv": [0, 0, 5, 0.5], "texture": "#missing"},
				"east": {"uv": [0, 0, 0.5, 0.5], "texture": "#2"},
				"south": {"uv": [0, 0, 5, 0.5], "texture": "#2"},
				"west": {"uv": [0, 0, 0.5, 0.5], "texture": "#missing"},
				"up": {"uv": [0, 0, 5, 0.5], "texture": "#2"},
				"down": {"uv": [0, 0, 5, 0.5], "texture": "#missing"}
			}
		},
		{
			"from": [2, 8, 4],
			"to": [5, 8.5, 4.5],
			"rotation": {"angle": -22.5, "axis": "y", "origin": [10, 16, 14]},
			"faces": {
				"north": {"uv": [1.344, 1.297, 4.344, 1.797], "texture": "#0"},
				"east": {"uv": [1.344, 1.297, 4.344, 1.797], "texture": "#0"},
				"south": {"uv": [1.344, 1.297, 4.344, 1.797], "texture": "#0"},
				"west": {"uv": [1.344, 1.297, 4.344, 1.797], "texture": "#0"},
				"up": {"uv": [1.344, 1.297, 4.344, 1.797], "texture": "#0"},
				"down": {"uv": [0, 0, 3, 0.5], "texture": "#missing"}
			}
		},
		{
			"from": [0, 1, 0],
			"to": [2, 15, 2],
			"rotation": {"angle": 0, "axis": "y", "origin": [15, 9, 14]},
			"faces": {
				"north": {"uv": [0, 0, 2, 14], "texture": "#1"},
				"east": {"uv": [0, 0, 2, 14], "texture": "#1"},
				"south": {"uv": [0, 0, 2, 14], "texture": "#1"},
				"west": {"uv": [0, 0, 2, 14], "texture": "#1"},
				"up": {"uv": [0, 0, 2, 2], "texture": "#missing"},
				"down": {"uv": [0, 0, 2, 2], "texture": "#missing"}
			}
		},
		{
			"from": [1, 1, 14],
			"to": [14, 15, 15],
			"rotation": {"angle": 0, "axis": "y", "origin": [19, 9, 17]},
			"faces": {
				"north": {"uv": [1.266, 1.297, 14.765, 14.719], "texture": "#0"},
				"east": {"uv": [0, 0, 1, 14], "texture": "#missing"},
				"south": {"uv": [1.266, 1.297, 14.765, 14.719], "texture": "#0"},
				"west": {"uv": [0, 0, 1, 14], "texture": "#missing"},
				"up": {"uv": [0, 0, 13, 1], "texture": "#missing"},
				"down": {"uv": [0, 0, 13, 1], "texture": "#missing"}
			}
		},
		{
			"from": [1, 1, 2],
			"to": [2, 15, 14],
			"rotation": {"angle": 0, "axis": "y", "origin": [18, 9, 8]},
			"faces": {
				"north": {"uv": [0, 0, 1, 14], "texture": "#missing"},
				"east": {"uv": [1.266, 1.297, 14.765, 14.719], "texture": "#0"},
				"south": {"uv": [0, 0, 1, 14], "texture": "#missing"},
				"west": {"uv": [1.266, 1.297, 14.765, 14.719], "texture": "#0"},
				"up": {"uv": [0, 0, 1, 12], "texture": "#missing"},
				"down": {"uv": [0, 0, 1, 12], "texture": "#missing"}
			}
		},
		{
			"from": [14, 1, 2],
			"to": [15, 15, 14],
			"rotation": {"angle": 0, "axis": "y", "origin": [32, 9, 8]},
			"faces": {
				"north": {"uv": [0, 0, 1, 14], "texture": "#missing"},
				"east": {"uv": [1.266, 1.297, 14.765, 14.719], "texture": "#0"},
				"south": {"uv": [0, 0, 1, 14], "texture": "#missing"},
				"west": {"uv": [1.266, 1.297, 14.765, 14.719], "texture": "#0"},
				"up": {"uv": [0, 0, 1, 12], "texture": "#missing"},
				"down": {"uv": [0, 0, 1, 12], "texture": "#missing"}
			}
		},
		{
			"from": [14, 1, 14],
			"to": [16, 15, 16],
			"rotation": {"angle": 0, "axis": "y", "origin": [27, 9, 27]},
			"faces": {
				"north": {"uv": [0, 0, 2, 14], "texture": "#1"},
				"east": {"uv": [0, 0, 2, 14], "texture": "#1"},
				"south": {"uv": [0, 0, 2, 14], "texture": "#1"},
				"west": {"uv": [0, 0, 2, 14], "texture": "#1"},
				"up": {"uv": [0, 0, 2, 2], "texture": "#1"},
				"down": {"uv": [0, 0, 2, 2], "texture": "#missing"}
			}
		},
		{
			"from": [14, 1, 0],
			"to": [16, 15, 2],
			"rotation": {"angle": 0, "axis": "y", "origin": [27, 9, 14]},
			"faces": {
				"north": {"uv": [0, 0, 2, 14], "texture": "#1"},
				"east": {"uv": [0, 0, 2, 14], "texture": "#1"},
				"south": {"uv": [0, 0, 2, 14], "texture": "#1"},
				"west": {"uv": [0, 0, 2, 14], "texture": "#1"},
				"up": {"uv": [0, 0, 2, 2], "texture": "#missing"},
				"down": {"uv": [0, 0, 2, 2], "texture": "#missing"}
			}
		},
		{
			"from": [0, 1, 14],
			"to": [2, 15, 16],
			"rotation": {"angle": 0, "axis": "y", "origin": [15, 9, 27]},
			"faces": {
				"north": {"uv": [0, 0, 2, 14], "texture": "#1"},
				"east": {"uv": [0, 0, 2, 14], "texture": "#1"},
				"south": {"uv": [0, 0, 2, 14], "texture": "#1"},
				"west": {"uv": [0, 0, 2, 14], "texture": "#1"},
				"up": {"uv": [0, 0, 2, 2], "texture": "#missing"},
				"down": {"uv": [0, 0, 2, 2], "texture": "#missing"}
			}
		}
	],
	"display": {
		"thirdperson_righthand": {
			"rotation": [0, 122, 0],
			"translation": [0, 2.25, 0],
			"scale": [0.25, 0.25, 0.25]
		},
		"thirdperson_lefthand": {
			"rotation": [0, 122, 0],
			"translation": [0, 2.25, 0],
			"scale": [0.25, 0.25, 0.25]
		},
		"firstperson_righthand": {
			"rotation": [-16, 117, 0],
			"translation": [1, 0.75, 0],
			"scale": [0.5, 0.5, 0.5]
		},
		"firstperson_lefthand": {
			"rotation": [-16, 117, 0],
			"translation": [1, 0.75, 0],
			"scale": [0.5, 0.5, 0.5]
		},
		"ground": {
			"scale": [0.5, 0.5, 0.5]
		},
		"gui": {
			"rotation": [16, 140, 0],
			"scale": [0.6, 0.6, 0.6]
		},
		"head": {
			"translation": [0, 0.25, -0.75]
		},
		"fixed": {
			"translation": [0, 0, -1.5]
		}
	}
}