{
	"credit": "Made with Blockbench",
	"textures": {
		"0": "blocks/stone",
		"1": "blocks/furnace_front_off",
		"2": "blocks/cobblestone",
		"particle": "blocks/stone"
	},
	"elements": [
		{
			"from": [-1, 0, -1],
			"to": [17, 4, 17],
			"faces": {
				"north": {"uv": [0, 12.032, 16, 16], "texture": "#0"},
				"east": {"uv": [0, 12.032, 16, 16], "texture": "#0"},
				"south": {"uv": [0.032, 12.032, 16, 16], "texture": "#0"},
				"west": {"uv": [0, 12.032, 16, 16], "texture": "#0"},
				"up": {"uv": [0, 0, 16, 16], "texture": "#0"},
				"down": {"uv": [0, 0, 16, 16], "texture": "#0"}
			}
		},
		{
			"from": [0, 4, 0],
			"to": [16, 6, 16],
			"rotation": {"angle": 0, "axis": "y", "origin": [8, 13, 8]},
			"faces": {
				"north": {"uv": [0, 0, 16, 2], "texture": "#2"},
				"east": {"uv": [0, 0, 16, 2], "texture": "#missing"},
				"south": {"uv": [0, 0, 16, 2], "texture": "#missing"},
				"west": {"uv": [0, 0, 16, 2], "texture": "#missing"},
				"up": {"uv": [0, 0, 16, 16], "texture": "#2"},
				"down": {"uv": [0, 0, 16, 16], "texture": "#missing"}
			}
		},
		{
			"from": [6, 6, 6],
			"to": [11, 6.5, 6.5],
			"rotation": {"angle": 0, "axis": "y", "origin": [8, 15, 14]},
			"faces": {
				"north": {"uv": [0, 0, 5, 0.5], "texture": "#1"},
				"east": {"uv": [0, 0, 5, 0.5], "texture": "#1"},
				"south": {"uv": [0, 0, 5, 0.5], "texture": "#1"},
				"west": {"uv": [0, 0, 5, 0.5], "texture": "#1"},
				"up": {"uv": [0, 0, 5, 0.5], "texture": "#1"},
				"down": {"uv": [0, 0, 5, 0.5], "texture": "#1"}
			}
		},
		{
			"from": [8, 6, 5],
			"to": [13, 6.5, 5.5],
			"rotation": {"angle": 22.5, "axis": "y", "origin": [10, 15, 13]},
			"faces": {
				"north": {"uv": [0, 0, 5, 0.5], "texture": "#1"},
				"east": {"uv": [0, 0, 5, 0.5], "texture": "#1"},
				"south": {"uv": [0, 0, 5, 0.5], "texture": "#1"},
				"west": {"uv": [0, 0, 5, 0.5], "texture": "#1"},
				"up": {"uv": [0, 0, 5, 0.5], "texture": "#1"},
				"down": {"uv": [0, 0, 5, 0.5], "texture": "#1"}
			}
		},
		{
			"from": [10, 6, 8],
			"to": [15, 6.5, 8.5],
			"rotation": {"angle": 22.5, "axis": "y", "origin": [12, 15, 16]},
			"faces": {
				"north": {"uv": [0, 0, 5, 0.5], "texture": "#1"},
				"east": {"uv": [0, 0, 5, 0.5], "texture": "#1"},
				"south": {"uv": [0, 0, 5, 0.5], "texture": "#1"},
				"west": {"uv": [0, 0, 5, 0.5], "texture": "#1"},
				"up": {"uv": [0, 0, 5, 0.5], "texture": "#1"},
				"down": {"uv": [0, 0, 5, 0.5], "texture": "#1"}
			}
		},
		{
			"from": [1, 6, 4],
			"to": [6, 6.5, 4.5],
			"rotation": {"angle": -45, "axis": "y", "origin": [3, 15, 12]},
			"faces": {
				"north": {"uv": [0, 0, 5, 0.5], "texture": "#1"},
				"east": {"uv": [0, 0, 5, 0.5], "texture": "#1"},
				"south": {"uv": [0, 0, 5, 0.5], "texture": "#1"},
				"west": {"uv": [0, 0, 5, 0.5], "texture": "#1"},
				"up": {"uv": [0, 0, 5, 0.5], "texture": "#1"},
				"down": {"uv": [0, 0, 5, 0.5], "texture": "#1"}
			}
		},
		{
			"from": [8.5, 6, 9],
			"to": [9, 6.5, 14],
			"rotation": {"angle": 22.5, "axis": "y", "origin": [1, 15, 11]},
			"faces": {
				"north": {"uv": [0, 0, 5, 0.5], "rotation": 90, "texture": "#1"},
				"east": {"uv": [0, 0, 5, 0.5], "rotation": 90, "texture": "#1"},
				"south": {"uv": [0, 0, 5, 0.5], "rotation": 90, "texture": "#1"},
				"west": {"uv": [0, 0, 5, 0.5], "rotation": 90, "texture": "#1"},
				"up": {"uv": [0, 0, 5, 0.5], "rotation": 90, "texture": "#1"},
				"down": {"uv": [0, 0, 5, 0.5], "rotation": 90, "texture": "#1"}
			}
		},
		{
			"from": [0, 4, 16],
			"to": [16, 16, 17],
			"rotation": {"angle": 0, "axis": "y", "origin": [8, 13, 24]},
			"faces": {
				"north": {"uv": [0, 0, 16, 12], "texture": "#0"},
				"east": {"uv": [0, 0, 1, 12], "texture": "#missing"},
				"south": {"uv": [1, 0, 15, 12], "texture": "#0"},
				"west": {"uv": [0, 0, 1, 12], "texture": "#missing"},
				"up": {"uv": [0, 0, 16, 1], "texture": "#0"},
				"down": {"uv": [0, 0, 16, 1], "texture": "#missing"}
			}
		},
		{
			"from": [-1, 4, -1],
			"to": [0, 16, 17],
			"rotation": {"angle": 0, "axis": "y", "origin": [-8, 13, 24]},
			"faces": {
				"north": {"uv": [15.032, 0, 16, 12], "texture": "#0"},
				"east": {"uv": [0, 0, 16, 12], "texture": "#0"},
				"south": {"uv": [0, 0, 1, 12], "texture": "#0"},
				"west": {"uv": [0, 0, 16, 12], "texture": "#0"},
				"up": {"uv": [15.032, 0, 16, 16], "texture": "#0"},
				"down": {"uv": [0, 0, 1, 16], "texture": "#missing"}
			}
		},
		{
			"from": [16, 4, -1],
			"to": [17, 16, 17],
			"rotation": {"angle": 0, "axis": "y", "origin": [9, 13, 24]},
			"faces": {
				"north": {"uv": [0, 0, 1, 12], "texture": "#0"},
				"east": {"uv": [0, 0, 16, 12], "texture": "#0"},
				"south": {"uv": [15.032, 0, 16, 12], "texture": "#0"},
				"west": {"uv": [0, 0, 16, 12], "texture": "#0"},
				"up": {"uv": [0, 0, 1, 16], "texture": "#0"},
				"down": {"uv": [0, 0, 1, 16], "texture": "#missing"}
			}
		},
		{
			"from": [12, 6, 1],
			"to": [15, 8, 16],
			"rotation": {"angle": 0, "axis": "y", "origin": [7, 15, 8]},
			"faces": {
				"north": {"uv": [0, 0, 3, 2], "texture": "#2"},
				"east": {"uv": [0, 0, 15, 2], "texture": "#2"},
				"south": {"uv": [0, 0, 3, 2], "texture": "#missing"},
				"west": {"uv": [0, 0, 15, 2], "texture": "#2"},
				"up": {"uv": [0, 0, 3, 15], "texture": "#2"},
				"down": {"uv": [0, 0, 3, 15], "texture": "#missing"}
			}
		},
		{
			"from": [11, 8, 2],
			"to": [14, 10, 16],
			"rotation": {"angle": 0, "axis": "y", "origin": [7, 17, 8]},
			"faces": {
				"north": {"uv": [0, 0, 3, 2], "texture": "#2"},
				"east": {"uv": [0, 0, 14, 2], "texture": "#2"},
				"south": {"uv": [0, 0, 3, 2], "texture": "#missing"},
				"west": {"uv": [0, 0, 14, 2], "texture": "#2"},
				"up": {"uv": [0, 0, 3, 14], "texture": "#2"},
				"down": {"uv": [0, 0, 3, 14], "texture": "#2"}
			}
		},
		{
			"from": [1, 6, 1],
			"to": [4, 8, 16],
			"rotation": {"angle": 0, "axis": "y", "origin": [-3, 15, 8]},
			"faces": {
				"north": {"uv": [0, 0, 3, 2], "texture": "#2"},
				"east": {"uv": [0, 0, 15, 2], "texture": "#2"},
				"south": {"uv": [0, 0, 3, 2], "texture": "#missing"},
				"west": {"uv": [0, 0, 15, 2], "texture": "#2"},
				"up": {"uv": [0, 0, 3, 15], "texture": "#2"},
				"down": {"uv": [0, 0, 3, 15], "texture": "#missing"}
			}
		},
		{
			"from": [2, 8, 2],
			"to": [5, 10, 16],
			"rotation": {"angle": 0, "axis": "y", "origin": [-3, 17, 8]},
			"faces": {
				"north": {"uv": [0, 0, 3, 2], "texture": "#2"},
				"east": {"uv": [0, 0, 14, 2], "texture": "#2"},
				"south": {"uv": [0, 0, 3, 2], "texture": "#missing"},
				"west": {"uv": [0, 0, 14, 2], "texture": "#2"},
				"up": {"uv": [0, 0, 3, 14], "texture": "#2"},
				"down": {"uv": [0, 0, 3, 14], "texture": "#2"}
			}
		},
		{
			"from": [3, 10, 3],
			"to": [13, 12, 16],
			"rotation": {"angle": 0, "axis": "y", "origin": [-4, 19, 8]},
			"faces": {
				"north": {"uv": [0, 0, 10, 2], "texture": "#2"},
				"east": {"uv": [0, 0, 13, 2], "texture": "#2"},
				"south": {"uv": [0, 0, 10, 2], "texture": "#missing"},
				"west": {"uv": [0, 0, 13, 2], "texture": "#2"},
				"up": {"uv": [0, 0, 10, 13], "texture": "#2"},
				"down": {"uv": [0, 0, 10, 13], "texture": "#2"}
			}
		}
	],
	"display": {
		"thirdperson_righthand": {
			"rotation": [0, 134, 0],
			"translation": [0, 1.75, 1.5],
			"scale": [0.25, 0.25, 0.25]
		},
		"thirdperson_lefthand": {
			"rotation": [0, 134, 0],
			"translation": [0, 1.75, 1.5],
			"scale": [0.25, 0.25, 0.25]
		},
		"firstperson_righthand": {
			"rotation": [0, 99, 0],
			"translation": [1.5, 1.25, 0],
			"scale": [0.5, 0.5, 0.5]
		},
		"firstperson_lefthand": {
			"rotation": [0, 99, 0],
			"translation": [1.5, 1.25, 0],
			"scale": [0.5, 0.5, 0.5]
		},
		"ground": {
			"scale": [0.25, 0.25, 0.25]
		},
		"gui": {
			"rotation": [23, 152, 0],
			"scale": [0.6, 0.6, 0.6]
		},
		"head": {
			"translation": [0, -4.75, -3.25],
			"scale": [0.78, 0.69, 0.75]
		},
		"fixed": {
			"translation": [0, 0, 1.25]
		}
	}
}