{
	"credit": "Made with Blockbench",
	"ambientocclusion": false,
	"textures": {
		"bars": "blocks/iron_bars"
	},
	"elements": [
		{
			"from": [8, 0, 7],
			"to": [8, 16, 8],
			"faces": {
				"east": {"uv": [7, 0, 8, 16], "texture": "#bars"},
				"west": {"uv": [8, 0, 7, 16], "texture": "#bars"}
			}
		},
		{
			"from": [7, 0, 8],
			"to": [9, 16, 9],
			"faces": {
				"north": {"uv": [7, 0, 9, 16], "texture": "#bars"},
				"east": {"uv": [7, 0, 9, 16], "texture": "#bars"},
				"south": {"uv": [7, 0, 9, 16], "texture": "#bars"},
				"west": {"uv": [7, 0, 9, 16], "texture": "#bars"},
				"up": {"uv": [7, 0, 9, 16], "texture": "#bars"},
				"down": {"uv": [7, 0, 9, 16], "texture": "#bars"}
			}
		}
	]
}