{
	"credit": "Made with Blockbench",
	"textures": {
		"0": "blocks/iron_bars",
		"particle": "blocks/iron_bars"
	},
	"elements": [
		{
			"from": [7, 0.001, 0],
			"to": [9, 0.001, 7],
			"faces": {
				"north": {"uv": [0, 0, 0, 0], "texture": "#0"},
				"east": {"uv": [0, 0, 0, 0], "texture": "#0"},
				"south": {"uv": [0, 0, 0, 0], "texture": "#0"},
				"west": {"uv": [0, 0, 0, 0], "texture": "#0"},
				"up": {"uv": [0, 0, 0, 0], "rotation": 180, "texture": "#0"},
				"down": {"uv": [0, 0, 0, 0], "rotation": 180, "texture": "#0"}
			}
		},
		{
			"from": [7, 0, 0],
			"to": [9, 2, 8],
			"faces": {
				"north": {"uv": [0, 0, 8, 2], "texture": "#0"},
				"east": {"uv": [0, 0, 8, 2], "texture": "#0"},
				"south": {"uv": [0, 0, 8, 2], "texture": "#0"},
				"west": {"uv": [0, 0, 8, 2], "texture": "#0"},
				"up": {"uv": [0, 0, 8, 2], "rotation": 180, "texture": "#0"},
				"down": {"uv": [0, 0, 8, 2], "rotation": 180, "texture": "#0"}
			}
		},
		{
			"from": [7, 2, 0],
			"to": [9, 14, 1],
			"faces": {
				"north": {"uv": [0, 0, 1, 12], "texture": "#0"},
				"east": {"uv": [0, 0, 1, 12], "texture": "#0"},
				"south": {"uv": [0, 0, 1, 12], "texture": "#0"},
				"west": {"uv": [0, 0, 1, 12], "texture": "#0"},
				"up": {"uv": [0, 0, 1, 12], "rotation": 180, "texture": "#0"},
				"down": {"uv": [0, 0, 1, 12], "rotation": 180, "texture": "#0"}
			}
		},
		{
			"from": [7, 14, 0],
			"to": [9, 16, 8],
			"faces": {
				"north": {"uv": [0, 0, 8, 2], "texture": "#0"},
				"east": {"uv": [0, 0, 8, 2], "texture": "#0"},
				"south": {"uv": [0, 0, 8, 2], "texture": "#0"},
				"west": {"uv": [0, 0, 8, 2], "texture": "#0"},
				"up": {"uv": [0, 0, 8, 2], "rotation": 180, "texture": "#0"},
				"down": {"uv": [0, 0, 8, 2], "rotation": 180, "texture": "#0"}
			}
		},
		{
			"from": [7.5, 7.5, 1],
			"to": [8.5, 8.5, 8],
			"faces": {
				"north": {"uv": [0, 0, 7, 1], "texture": "#0"},
				"east": {"uv": [0, 0, 7, 1], "texture": "#0"},
				"south": {"uv": [0, 0, 7, 1], "texture": "#0"},
				"west": {"uv": [0, 0, 7, 1], "texture": "#0"},
				"up": {"uv": [0, 0, 7, 1], "rotation": 180, "texture": "#0"},
				"down": {"uv": [0, 0, 7, 1], "rotation": 180, "texture": "#0"}
			}
		},
		{
			"from": [7.5, 4, 1],
			"to": [8.5, 5, 8],
			"faces": {
				"north": {"uv": [0, 0, 7, 1], "texture": "#0"},
				"east": {"uv": [0, 0, 7, 1], "texture": "#0"},
				"south": {"uv": [0, 0, 7, 1], "texture": "#0"},
				"west": {"uv": [0, 0, 7, 1], "texture": "#0"},
				"up": {"uv": [0, 0, 7, 1], "rotation": 180, "texture": "#0"},
				"down": {"uv": [0, 0, 7, 1], "rotation": 180, "texture": "#0"}
			}
		},
		{
			"from": [7.5, 11, 1],
			"to": [8.5, 12, 8],
			"faces": {
				"north": {"uv": [0, 0, 7, 1], "texture": "#0"},
				"east": {"uv": [0, 0, 7, 1], "texture": "#0"},
				"south": {"uv": [0, 0, 7, 1], "texture": "#0"},
				"west": {"uv": [0, 0, 7, 1], "texture": "#0"},
				"up": {"uv": [0, 0, 7, 1], "rotation": 180, "texture": "#0"},
				"down": {"uv": [0, 0, 7, 1], "rotation": 180, "texture": "#0"}
			}
		}
	]
}