{
	"credit": "Made with Blockbench",
	"ambientocclusion": false,
	"textures": {
		"bars": "blocks/iron_bars",
		"particle": "blocks/iron_bars"
	},
	"elements": [
		{
			"from": [7, 0, 7],
			"to": [9, 16, 9],
			"faces": {
				"north": {"uv": [0, 0, 0, 0], "texture": "#bars"},
				"east": {"uv": [0, 0, 0, 0], "texture": "#bars"},
				"south": {"uv": [0, 0, 0, 0], "texture": "#bars"},
				"west": {"uv": [0, 0, 0, 0], "texture": "#bars"},
				"up": {"uv": [0, 0, 0, 0], "texture": "#bars"},
				"down": {"uv": [0, 0, 0, 0], "texture": "#bars"}
			}
		}
	]
}