{
	"credit": "Made with Blockbench",
	"textures": {
		"0": "blocks/tallgrass",
		"particle": "blocks/tallgrass"
	},
	"elements": [
		{
			"from": [0, 0, 10],
			"to": [16, 16, 10],
			"faces": {
				"north": {"uv": [0.688, 0, 15.39, 16], "texture": "#0"},
				"east": {"uv": [0.688, 0, 15.39, 16], "texture": "#0"},
				"south": {"uv": [0.688, 0, 15.39, 16], "texture": "#0"},
				"west": {"uv": [0.688, 0, 15.39, 16], "texture": "#0"},
				"up": {"uv": [0.688, 0, 15.39, 2.844], "texture": "#0"},
				"down": {"uv": [0.688, 0, 15.39, 16], "texture": "#0"}
			}
		},
		{
			"from": [10, 0, 0],
			"to": [10, 16, 16],
			"faces": {
				"north": {"uv": [0.688, 0, 15.39, 16], "texture": "#0"},
				"east": {"uv": [0.688, 0, 15.39, 16], "texture": "#0"},
				"south": {"uv": [0.688, 0, 15.39, 16], "texture": "#0"},
				"west": {"uv": [0.688, 0, 15.39, 16], "texture": "#0"},
				"up": {"uv": [0.688, 0, 15.39, 3.844], "rotation": 90, "texture": "#0"},
				"down": {"uv": [0.688, 0, 15.39, 16], "rotation": 270, "texture": "#0"}
			}
		},
		{
			"from": [8, 0, 0],
			"to": [8, 16, 16],
			"faces": {
				"north": {"uv": [0.688, 0, 15.39, 16], "texture": "#0"},
				"east": {"uv": [0.688, 0, 15.39, 16], "texture": "#0"},
				"south": {"uv": [0.688, 0, 15.39, 16], "texture": "#0"},
				"west": {"uv": [0.688, 0, 15.39, 16], "texture": "#0"},
				"up": {"uv": [0.688, 0, 15.39, 4.532], "rotation": 90, "texture": "#0"},
				"down": {"uv": [0.688, 0, 15.39, 16], "rotation": 270, "texture": "#0"}
			}
		},
		{
			"from": [6, 0, 0],
			"to": [6, 16, 16],
			"faces": {
				"north": {"uv": [0.688, 0, 15.39, 16], "texture": "#0"},
				"east": {"uv": [0.688, 0, 15.39, 16], "texture": "#0"},
				"south": {"uv": [0.688, 0, 15.39, 16], "texture": "#0"},
				"west": {"uv": [0.688, 0, 15.39, 16], "texture": "#0"},
				"up": {"uv": [0.688, 0, 15.39, 2.766], "rotation": 90, "texture": "#0"},
				"down": {"uv": [0.688, 0, 15.39, 16], "rotation": 270, "texture": "#0"}
			}
		},
		{
			"from": [10, 0, 0],
			"to": [10, 16, 16],
			"rotation": {"angle": 45, "axis": "y", "origin": [8, 8, 8]},
			"faces": {
				"north": {"uv": [0.688, 0, 15.39, 16], "texture": "#0"},
				"east": {"uv": [0.688, 0, 15.39, 16], "texture": "#0"},
				"south": {"uv": [0.688, 0, 15.39, 16], "texture": "#0"},
				"west": {"uv": [0.688, 0, 15.39, 16], "texture": "#0"},
				"up": {"uv": [0.688, 0, 15.39, 3.422], "rotation": 90, "texture": "#0"},
				"down": {"uv": [0.688, 0, 15.39, 16], "rotation": 270, "texture": "#0"}
			}
		},
		{
			"from": [8, 0, 0],
			"to": [8, 16, 16],
			"rotation": {"angle": 45, "axis": "y", "origin": [8, 8, 8]},
			"faces": {
				"north": {"uv": [0.688, 0, 15.39, 16], "texture": "#0"},
				"east": {"uv": [0.688, 0, 15.39, 16], "texture": "#0"},
				"south": {"uv": [0.688, 0, 15.39, 16], "texture": "#0"},
				"west": {"uv": [0.688, 0, 15.39, 16], "texture": "#0"},
				"up": {"uv": [0.688, 0, 15.39, 5.235], "rotation": 90, "texture": "#0"},
				"down": {"uv": [0.688, 0, 15.39, 16], "rotation": 270, "texture": "#0"}
			}
		},
		{
			"from": [6, 0, 0],
			"to": [6, 16, 16],
			"rotation": {"angle": 45, "axis": "y", "origin": [8, 8, 8]},
			"faces": {
				"north": {"uv": [0.688, 0, 15.39, 16], "texture": "#0"},
				"east": {"uv": [0.688, 0, 15.39, 16], "texture": "#0"},
				"south": {"uv": [0.688, 0, 15.39, 16], "texture": "#0"},
				"west": {"uv": [0.688, 0, 15.39, 16], "texture": "#0"},
				"up": {"uv": [0.688, 0, 15.39, 5.5], "rotation": 90, "texture": "#0"},
				"down": {"uv": [0.688, 0, 15.39, 16], "rotation": 270, "texture": "#0"}
			}
		},
		{
			"from": [8, 0, 0],
			"to": [8, 16, 16],
			"rotation": {"angle": -45, "axis": "y", "origin": [8, 8, 8]},
			"faces": {
				"north": {"uv": [0.688, 0, 15.39, 16], "texture": "#0"},
				"east": {"uv": [0.688, 0, 15.39, 16], "texture": "#0"},
				"south": {"uv": [0.688, 0, 15.39, 16], "texture": "#0"},
				"west": {"uv": [0.688, 0, 15.39, 16], "texture": "#0"},
				"up": {"uv": [0.688, 0, 15.39, 4.922], "rotation": 90, "texture": "#0"},
				"down": {"uv": [0.688, 0, 15.39, 16], "rotation": 270, "texture": "#0"}
			}
		},
		{
			"from": [10, 0, 0],
			"to": [10, 16, 16],
			"rotation": {"angle": -45, "axis": "y", "origin": [8, 8, 8]},
			"faces": {
				"north": {"uv": [0.688, 0, 15.39, 16], "texture": "#0"},
				"east": {"uv": [0.688, 0, 15.39, 16], "texture": "#0"},
				"south": {"uv": [0.688, 0, 15.39, 16], "texture": "#0"},
				"west": {"uv": [0.688, 0, 15.39, 16], "texture": "#0"},
				"up": {"uv": [0.688, 0, 15.39, 5.157], "rotation": 90, "texture": "#0"},
				"down": {"uv": [0.688, 0, 15.39, 16], "rotation": 270, "texture": "#0"}
			}
		},
		{
			"from": [6, 0, 0],
			"to": [6, 16, 16],
			"rotation": {"angle": -45, "axis": "y", "origin": [8, 8, 8]},
			"faces": {
				"north": {"uv": [0.688, 0, 15.39, 16], "texture": "#0"},
				"east": {"uv": [0.688, 0, 15.39, 16], "texture": "#0"},
				"south": {"uv": [0.688, 0, 15.39, 16], "texture": "#0"},
				"west": {"uv": [0.688, 0, 15.39, 16], "texture": "#0"},
				"up": {"uv": [0.688, 0, 15.39, 5.766], "rotation": 90, "texture": "#0"},
				"down": {"uv": [0.688, 0, 15.39, 16], "rotation": 270, "texture": "#0"}
			}
		},
		{
			"from": [0, 0, 6],
			"to": [16, 16, 6],
			"faces": {
				"north": {"uv": [0.688, 0, 15.39, 16], "texture": "#0"},
				"east": {"uv": [0.688, 0, 15.39, 16], "texture": "#0"},
				"south": {"uv": [0.688, 0, 15.39, 16], "texture": "#0"},
				"west": {"uv": [0.688, 0, 15.39, 16], "texture": "#0"},
				"up": {"uv": [0.688, 0, 15.39, 5.235], "texture": "#0"},
				"down": {"uv": [0.688, 0, 15.39, 16], "texture": "#0"}
			}
		},
		{
			"from": [0, 0, 8],
			"to": [16, 16, 8],
			"faces": {
				"north": {"uv": [0.688, 0, 15.39, 16], "texture": "#0"},
				"east": {"uv": [0.688, 0, 15.39, 16], "texture": "#0"},
				"south": {"uv": [0.688, 0, 15.39, 16], "texture": "#0"},
				"west": {"uv": [0.688, 0, 15.39, 16], "texture": "#0"},
				"up": {"uv": [0.688, 0, 15.39, 5.891], "texture": "#0"},
				"down": {"uv": [0.688, 0, 15.39, 16], "texture": "#0"}
			}
		}
	]
}