{
	"credit": "Made with Blockbench",
	"ambientocclusion": false,
	"textures": {
		"2": "block/cmodels/birch_door_handle",
		"5": "block/cmodels/acacia_door",
		"particle": "block/cmodels/acacia_door"
	},
	"elements": [
		{
			"from": [0.1, 10, 16],
			"to": [0.9, 13, 16.1],
			"rotation": {"angle": 0, "axis": "y", "origin": [-7, 8, 8]},
			"faces": {
				"east": {"uv": [5.1875, 2.78125, 4.01563, 4.73438], "texture": "#2"},
				"south": {"uv": [5.1875, 2.78125, 4.01563, 4.73438], "texture": "#2"},
				"west": {"uv": [5.1875, 2.78125, 4.01563, 4.73438], "texture": "#2"},
				"up": {"uv": [4.01563, 4.73438, 5.1875, 2.78125], "texture": "#2"},
				"down": {"uv": [4.01563, 4.73438, 5.1875, 2.78125], "texture": "#2"}
			}
		},
		{
			"from": [0, 2, 2],
			"to": [1, 6.5, 14],
			"faces": {
				"east": {"uv": [13.04688, 0.09375, 2.95313, 4.70313], "texture": "#5"},
				"west": {"uv": [2.95313, 15.90625, 13.04688, 11.29688], "texture": "#5"},
				"up": {"uv": [0.23438, 13.98438, 1.14063, 0], "texture": "#5"},
				"down": {"uv": [1.64063, 0, 2.64063, 14], "texture": "#5"}
			}
		},
		{
			"from": [0, 11, 2],
			"to": [1, 16, 14],
			"faces": {
				"east": {"uv": [2.95313, 4.70313, 13.04688, 0.09375], "texture": "#5"},
				"west": {"uv": [2.95313, 11.29688, 13.04688, 15.90625], "texture": "#5"},
				"up": {"uv": [0.23438, 13.98438, 1.14063, 0], "texture": "#5"},
				"down": {"uv": [1.64063, 0, 2.64063, 14], "texture": "#5"}
			}
		},
		{
			"from": [0, 0, 0],
			"to": [1, 16, 2],
			"faces": {
				"north": {"uv": [2.64063, 16, 1.64063, 0], "texture": "#5"},
				"east": {"uv": [2.64063, 16, 0.23438, 0], "texture": "#5"},
				"south": {"uv": [2.64063, 0, 1.73438, 16], "rotation": 180, "texture": "#5"},
				"west": {"uv": [2.64063, 15.96875, 0.23438, 0], "rotation": 180, "texture": "#5"},
				"up": {"uv": [1.39063, 2.125, 0.39063, 0], "texture": "#5"}
			}
		},
		{
			"from": [0, 0, 14],
			"to": [1, 16, 16],
			"faces": {
				"north": {"uv": [2.64063, 16, 1.64063, 0], "texture": "#5"},
				"east": {"uv": [15.76563, 16, 13.35938, 0], "texture": "#5"},
				"south": {"uv": [2.64063, 0, 1.73438, 16], "rotation": 180, "texture": "#5"},
				"west": {"uv": [15.76563, 16, 13.35938, 0.03125], "rotation": 180, "texture": "#5"},
				"up": {"uv": [1.42188, 2.125, 0.42188, 0], "texture": "#5"}
			}
		},
		{
			"from": [0, 6.5, 8],
			"to": [1, 11, 14],
			"faces": {
				"north": {"uv": [2.64063, 0, 1.64063, 5.60938], "texture": "#5"},
				"east": {"uv": [2.96875, 6.32813, 9.51563, 10.95313], "texture": "#5"},
				"west": {"uv": [2.96875, 6.32813, 9.51563, 10.95313], "texture": "#5"}
			}
		}
	],
	"groups": [
		{
			"name": "group",
			"origin": [8, 8, 8],
			"color": 0,
			"children": [0, 1, 2, 3, 4, 5]
		}
	]
}