{
	"credit": "Made with Blockbench",
	"ambientocclusion": false,
	"textures": {
		"0": "block/acacia_leaves/1",
		"particle": "block/acacia_leaves/1"
	},
	"elements": [
		{
			"from": [-5.95917, 9.50864, -13.30922],
			"to": [17.04397, 9.50864, 9.69392],
			"rotation": {"angle": -22.5, "axis": "x", "origin": [5.5424, 9.50864, 9.69392]},
			"faces": {
				"up": {"uv": [0, 0, 16, 16], "texture": "#0"},
				"down": {"uv": [0, 16, 16, 0], "texture": "#0"}
			}
		},
		{
			"from": [-3.23277, 9.81584, -13.75082],
			"to": [19.77037, 9.81584, 9.25232],
			"rotation": {"angle": -45, "axis": "x", "origin": [8.2688, 9.81584, 9.25232]},
			"faces": {
				"up": {"uv": [0, 0, 16, 16], "texture": "#0"},
				"down": {"uv": [0, 16, 16, 0], "texture": "#0"}
			}
		},
		{
			"from": [7.5488, 3.83584, -0.18925],
			"to": [28.47194, 3.83584, 22.81388],
			"rotation": {"angle": -45, "axis": "x", "origin": [19.77037, 3.09584, 10.45232]},
			"faces": {
				"up": {"uv": [0, 0, 16, 16], "rotation": 90, "texture": "#0"},
				"down": {"uv": [0, 16, 16, 0], "rotation": 270, "texture": "#0"}
			}
		},
		{
			"from": [4.90007, 8.5566, -2.24925],
			"to": [27.9032, 8.5566, 20.75388],
			"rotation": {"angle": -45, "axis": "z", "origin": [16.40164, 8.5566, 9.25232]},
			"faces": {
				"up": {"uv": [0, 0, 16, 16], "rotation": 90, "texture": "#0"},
				"down": {"uv": [0, 16, 16, 0], "rotation": 270, "texture": "#0"}
			}
		},
		{
			"from": [-3.23277, 1.683, 5.88358],
			"to": [19.77037, 1.683, 28.88672],
			"rotation": {"angle": 45, "axis": "x", "origin": [8.2688, 1.683, 17.38515]},
			"faces": {
				"up": {"uv": [0, 0, 16, 16], "rotation": 180, "texture": "#0"},
				"down": {"uv": [0, 16, 16, 0], "rotation": 180, "texture": "#0"}
			}
		},
		{
			"from": [8.1072, 0.75184, -7.52445],
			"to": [31.55673, 0.75184, 23.47869],
			"rotation": {"angle": -22.5, "axis": "z", "origin": [15.4688, 7.72304, 5.17232]},
			"faces": {
				"up": {"uv": [0, 0.01563, 16, 16.00002], "rotation": 90, "texture": "#0"},
				"down": {"uv": [16, 0.01563, 0, 16], "rotation": 90, "texture": "#0"}
			}
		},
		{
			"from": [-14.25434, 6.99344, -1.99965],
			"to": [8.7488, 6.99344, 21.00348],
			"rotation": {"angle": 22.5, "axis": "z", "origin": [8.7488, 6.99344, 9.50192]},
			"faces": {
				"up": {"uv": [0, 0, 16, 16], "rotation": 270, "texture": "#0"},
				"down": {"uv": [0, 16, 16, 0], "rotation": 90, "texture": "#0"}
			}
		},
		{
			"from": [-13.85114, -0.95536, -6.95325],
			"to": [5.312, -0.95536, 18.81468],
			"rotation": {"angle": -22.5, "axis": "z", "origin": [8.2688, -0.95536, 7.31312]},
			"faces": {
				"up": {"uv": [0, 0, 16, 16], "rotation": 270, "texture": "#0"},
				"down": {"uv": [0, 16, 16, 0], "rotation": 90, "texture": "#0"}
			}
		},
		{
			"from": [6.38645, 6.91123, -1.1951],
			"to": [27.08927, 6.91123, 19.50773],
			"rotation": {"angle": 22.5, "axis": "z", "origin": [16.73786, 6.91123, 9.15632]},
			"faces": {
				"up": {"uv": [0, 0, 16, 16], "rotation": 90, "texture": "#0"},
				"down": {"uv": [0, 16, 16, 0], "rotation": 270, "texture": "#0"}
			}
		},
		{
			"from": [-10.51402, 11.75888, -1.5023],
			"to": [10.1888, 11.75888, 19.20053],
			"rotation": {"angle": 45, "axis": "x", "origin": [10.1888, 11.75888, 8.84912]},
			"faces": {
				"up": {"uv": [0, 0, 16, 16], "rotation": 270, "texture": "#0"},
				"down": {"uv": [0, 16, 16, 0], "rotation": 90, "texture": "#0"}
			}
		},
		{
			"from": [-3.29221, 10.24208, -10.12571],
			"to": [19.29221, 10.24208, 12.61232],
			"rotation": {"angle": 45, "axis": "z", "origin": [8.2688, 10.24208, 10.67312]},
			"faces": {
				"up": {"uv": [0, 0, 16, 16], "texture": "#0"},
				"down": {"uv": [0, 16, 16, 0], "texture": "#0"}
			}
		},
		{
			"from": [-13.46714, 8.04944, -5.68605],
			"to": [9.536, 8.04944, 17.31708],
			"rotation": {"angle": -22.5, "axis": "z", "origin": [9.536, 8.04944, 5.81552]},
			"faces": {
				"up": {"uv": [0, 0, 16, 16], "rotation": 270, "texture": "#0"},
				"down": {"uv": [0, 16, 16, 0], "rotation": 90, "texture": "#0"}
			}
		},
		{
			"from": [3.8029, 11.7789, -6.70365],
			"to": [26.80603, 11.7789, 16.29948],
			"rotation": {"angle": 22.5, "axis": "z", "origin": [15.30446, 11.7789, 4.79792]},
			"faces": {
				"up": {"uv": [0, 0, 16, 16], "rotation": 90, "texture": "#0"},
				"down": {"uv": [0, 16, 16, 0], "rotation": 270, "texture": "#0"}
			}
		},
		{
			"from": [1.08723, 16.69049, 5.1822],
			"to": [19.32877, 16.69049, 22.61733],
			"rotation": {"angle": -45, "axis": "x", "origin": [10.208, 16.69049, 13.89977]},
			"faces": {
				"up": {"uv": [0, 0, 16, 16], "rotation": 180, "texture": "#0"},
				"down": {"uv": [0, 16, 16, 0], "rotation": 180, "texture": "#0"}
			}
		},
		{
			"from": [-5.28717, 15.51824, -13.75082],
			"to": [17.71597, 15.51824, 9.25232],
			"rotation": {"angle": -45, "axis": "x", "origin": [6.2144, 15.51824, 9.25232]},
			"faces": {
				"up": {"uv": [0, 0, 16, 16], "texture": "#0"},
				"down": {"uv": [0, 16, 16, 0], "texture": "#0"}
			}
		},
		{
			"from": [-7.76397, 8.89632, 6.76029],
			"to": [15.23917, 8.89632, 27.84342],
			"rotation": {"angle": -22.5, "axis": "x", "origin": [3.7376, 8.89632, 17.30185]},
			"faces": {
				"up": {"uv": [0, 0, 16, 16], "rotation": 180, "texture": "#0"},
				"down": {"uv": [0, 16, 16, 0], "rotation": 180, "texture": "#0"}
			}
		}
	]
}