{
	"credit": "Created with Blockbench [Exported as resourcepack with the \"resourcepack_packager\" plugin]",
	"ambientocclusion": false,
	"textures": {
		"0": "block/birch_leaves/1",
		"particle": "block/birch_leaves/1"
	},
	"elements": [
		{
			"from": [-4.49662, -4.75, 13.31662],
			"to": [23.00338, 20.61, 13.31662],
			"rotation": {"angle": -45, "axis": "x", "origin": [7.40338, 3.05, 16.51662]},
			"faces": {
				"north": {"uv": [16, 0, 0, 16], "rotation": 180, "texture": "#0"},
				"south": {"uv": [0, 0, 16, 16], "rotation": 180, "texture": "#0"}
			}
		},
		{
			"from": [-4.49662, -10.75, 13.31662],
			"to": [23.00338, 14.61, 13.31662],
			"rotation": {"angle": 45, "axis": "z", "origin": [7.40338, 3.05, 16.51662]},
			"faces": {
				"north": {"uv": [16, 0, 0, 16], "rotation": 180, "texture": "#0"},
				"south": {"uv": [0, 0, 16, 16], "rotation": 180, "texture": "#0"}
			}
		},
		{
			"from": [8.40338, -0.65, -9.59338],
			"to": [8.40338, 16.85, 11.76662],
			"rotation": {"angle": -22.5, "axis": "x", "origin": [7.40338, 3.05, -0.64338]},
			"faces": {
				"east": {"uv": [0, 0, 16, 16], "rotation": 90, "texture": "#0"},
				"west": {"uv": [16, 0, 0, 16], "rotation": 270, "texture": "#0"}
			}
		},
		{
			"from": [-5.00662, -0.65, 8.35662],
			"to": [16.35338, 16.85, 8.35662],
			"rotation": {"angle": 45, "axis": "y", "origin": [7.40338, 3.05, -0.64338]},
			"faces": {
				"north": {"uv": [16, 0, 0, 16], "rotation": 270, "texture": "#0"},
				"south": {"uv": [0, 0, 16, 16], "rotation": 90, "texture": "#0"}
			}
		},
		{
			"from": [7.40338, -2.65, -9.59338],
			"to": [7.40338, 14.85, 11.76662],
			"rotation": {"angle": 45, "axis": "z", "origin": [7.40338, 3.05, -0.64338]},
			"faces": {
				"east": {"uv": [0, 0, 16, 16], "rotation": 90, "texture": "#0"},
				"west": {"uv": [16, 0, 0, 16], "rotation": 270, "texture": "#0"}
			}
		},
		{
			"from": [7.47338, 4.62763, 9.02238],
			"to": [28.83338, 22.12763, 9.02238],
			"rotation": {"angle": 45, "axis": "z", "origin": [18.15338, 8.37763, -0.97762]},
			"faces": {
				"north": {"uv": [16, 0, 0, 16], "rotation": 270, "texture": "#0"},
				"south": {"uv": [0, 0, 16, 16], "rotation": 90, "texture": "#0"}
			}
		},
		{
			"from": [10.47338, 2.37763, -2.72762],
			"to": [31.83338, 2.37763, 14.77238],
			"rotation": {"angle": -45, "axis": "z", "origin": [18.15338, 8.37763, -0.97762]},
			"faces": {
				"up": {"uv": [16, 0, 0, 16], "rotation": 90, "texture": "#0"},
				"down": {"uv": [0, 0, 16, 16], "rotation": 90, "texture": "#0"}
			}
		},
		{
			"from": [7.97762, -2.62237, 3.47338],
			"to": [7.97762, 14.87763, 24.83338],
			"rotation": {"angle": -45, "axis": "x", "origin": [8, 7.25, 8]},
			"faces": {
				"east": {"uv": [16, 0, 0, 16], "rotation": 270, "texture": "#0"},
				"west": {"uv": [0, 0, 16, 16], "rotation": 90, "texture": "#0"}
			}
		},
		{
			"from": [-9.83338, 1.37763, 1.97762],
			"to": [11.52662, 18.87763, 1.97762],
			"rotation": {"angle": 45, "axis": "z", "origin": [8, 7.25, 8]},
			"faces": {
				"north": {"uv": [0, 0, 16, 16], "rotation": 90, "texture": "#0"},
				"south": {"uv": [16, 0, 0, 16], "rotation": 270, "texture": "#0"}
			}
		},
		{
			"from": [3.97762, -7.62237, 4.47338],
			"to": [3.97762, 9.87763, 25.83338],
			"rotation": {"angle": -45, "axis": "z", "origin": [8, 7.25, 8]},
			"faces": {
				"east": {"uv": [16, 0, 0, 16], "rotation": 270, "texture": "#0"},
				"west": {"uv": [0, 0, 16, 16], "rotation": 90, "texture": "#0"}
			}
		}
	]
}