{
	"credit": "Made with Blockbench",
	"ambientocclusion": false,
	"textures": {
		"0": "block/spruce_leaves/1",
		"particle": "block/spruce_leaves/1"
	},
	"elements": [
		{
			"from": [-3.55367, -0.34444, -9.05847],
			"to": [19.92869, -0.34444, 14.4239],
			"rotation": {"angle": -22.5, "axis": "z", "origin": [8.18751, 8.65556, 8.4239]},
			"faces": {
				"up": {"uv": [0, 0, 16, 16], "texture": "#0"},
				"down": {"uv": [0, 16, 16, 0], "texture": "#0"}
			}
		},
		{
			"from": [8.18751, 2.54036, -3.31728],
			"to": [31.66988, 2.54036, 20.16508],
			"rotation": {"angle": 45, "axis": "z", "origin": [8.18751, 2.54036, 8.4239]},
			"faces": {
				"up": {"uv": [16, 16, 0, 0], "rotation": 270, "texture": "#0"},
				"down": {"uv": [16, 0, 0, 16], "rotation": 90, "texture": "#0"}
			}
		},
		{
			"from": [5.28751, 10.77076, -7.51728],
			"to": [31.16988, 10.77076, 18.82508],
			"rotation": {"angle": -22.5, "axis": "x", "origin": [6.22751, 10.77076, 6.1639]},
			"faces": {
				"up": {"uv": [16, 16, 0, 0], "rotation": 270, "texture": "#0"},
				"down": {"uv": [16, 0, 0, 16], "rotation": 90, "texture": "#0"}
			}
		},
		{
			"from": [-3.89367, 8.93476, 3.4039],
			"to": [21.52869, 8.93476, 30.52627],
			"rotation": {"angle": -22.5, "axis": "z", "origin": [8.18751, 8.93476, 8.4239]},
			"faces": {
				"up": {"uv": [0, 0, 16, 16], "rotation": 180, "texture": "#0"},
				"down": {"uv": [0, 16, 16, 0], "rotation": 180, "texture": "#0"}
			}
		},
		{
			"from": [-15.29486, 2.54036, -3.31728],
			"to": [8.18751, 2.54036, 20.16508],
			"rotation": {"angle": -45, "axis": "z", "origin": [8.18751, 2.54036, 8.4239]},
			"faces": {
				"up": {"uv": [16, 16, 0, 0], "rotation": 90, "texture": "#0"},
				"down": {"uv": [16, 0, 0, 16], "rotation": 270, "texture": "#0"}
			}
		},
		{
			"from": [-13.64846, 6.65636, -5.45368],
			"to": [9.83391, 6.65636, 18.02868],
			"rotation": {"angle": -45, "axis": "x", "origin": [9.83391, 6.65636, 6.2875]},
			"faces": {
				"up": {"uv": [16, 16, 0, 0], "rotation": 90, "texture": "#0"},
				"down": {"uv": [16, 0, 0, 16], "rotation": 270, "texture": "#0"}
			}
		},
		{
			"from": [8.18751, 2.21572, -0.78317],
			"to": [27.36164, 2.21572, 18.39097],
			"rotation": {"angle": -45, "axis": "x", "origin": [8.18751, 2.21572, 7.8239]},
			"faces": {
				"up": {"uv": [16, 16, 0, 0], "rotation": 270, "texture": "#0"},
				"down": {"uv": [16, 0, 0, 16], "rotation": 90, "texture": "#0"}
			}
		},
		{
			"from": [-5.53419, 8.16593, 7.0911],
			"to": [19.90921, 8.16593, 26.5345],
			"rotation": {"angle": 45, "axis": "z", "origin": [8.18751, 3.16593, 7.0911]},
			"faces": {
				"up": {"uv": [0, 3.29688, 16, 16.00001], "rotation": 180, "texture": "#0"},
				"down": {"uv": [0, 16, 16, 0], "rotation": 180, "texture": "#0"}
			}
		},
		{
			"from": [-5.53419, 3.16593, 7.0911],
			"to": [19.90921, 3.16593, 26.5345],
			"rotation": {"angle": -22.5, "axis": "z", "origin": [8.18751, 3.16593, 7.0911]},
			"faces": {
				"up": {"uv": [0, 3.29688, 16, 16.00001], "rotation": 180, "texture": "#0"},
				"down": {"uv": [0, 16, 16, 0], "rotation": 180, "texture": "#0"}
			}
		},
		{
			"from": [-11.16302, 4.41964, -1.16317],
			"to": [9.97111, 4.41964, 18.99097],
			"rotation": {"angle": -22.5, "axis": "x", "origin": [9.97111, 0.41964, 8.4239]},
			"faces": {
				"up": {"uv": [16, 16, 0, 0], "rotation": 90, "texture": "#0"},
				"down": {"uv": [16, 0, 0, 16], "rotation": 270, "texture": "#0"}
			}
		},
		{
			"from": [-1.55956, 0.39044, -10.75023],
			"to": [16.63458, 0.39044, 8.4239],
			"rotation": {"angle": -22.5, "axis": "z", "origin": [9.00751, 0.39044, 8.4239]},
			"faces": {
				"up": {"uv": [0, 0, 16, 16], "texture": "#0"},
				"down": {"uv": [0, 16, 16, 0], "texture": "#0"}
			}
		},
		{
			"from": [-7.35607, 6.87196, -14.68607],
			"to": [16.47909, 6.87196, 8.4239],
			"rotation": {"angle": 45, "axis": "z", "origin": [5.69831, 6.87196, 8.4239]},
			"faces": {
				"up": {"uv": [0, 0, 16, 16], "texture": "#0"},
				"down": {"uv": [0, 16, 16, 0], "texture": "#0"}
			}
		},
		{
			"from": [4.44391, 2.45412, 0.34603],
			"to": [28.24364, 2.45412, 21.77417],
			"rotation": {"angle": 22.5, "axis": "x", "origin": [5.95311, 2.45412, 8.4239]},
			"faces": {
				"up": {"uv": [16, 16, 0, 0], "rotation": 270, "texture": "#0"},
				"down": {"uv": [16, 0, 0, 16], "rotation": 90, "texture": "#0"}
			}
		},
		{
			"from": [-12.62846, 8.35636, 1.04632],
			"to": [10.85391, 8.35636, 24.52868],
			"rotation": {"angle": 22.5, "axis": "x", "origin": [10.85391, 8.35636, 12.7875]},
			"faces": {
				"up": {"uv": [16, 16, 0, 0], "rotation": 90, "texture": "#0"},
				"down": {"uv": [16, 0, 0, 16], "rotation": 270, "texture": "#0"}
			}
		},
		{
			"from": [-9.17007, -0.75964, 4.5639],
			"to": [16.44869, 21.17353, 4.5639],
			"rotation": {"angle": -22.5, "axis": "x", "origin": [4.70751, -0.75964, 4.5639]},
			"faces": {
				"north": {"uv": [0, 16, 16, 0], "rotation": 180, "texture": "#0"},
				"south": {"uv": [0, 0, 16, 16], "texture": "#0"}
			}
		},
		{
			"from": [9.14751, -1.00924, -7.51728],
			"to": [9.14751, 24.87313, 18.82508],
			"rotation": {"angle": -22.5, "axis": "y", "origin": [6.22751, 10.77076, 6.1639]},
			"faces": {
				"east": {"uv": [16, 0, 0, 16], "texture": "#0"},
				"west": {"uv": [16, 0, 0, 16], "texture": "#0"}
			}
		},
		{
			"from": [9.14751, -1.00924, -7.51728],
			"to": [9.14751, 24.87313, 18.82508],
			"rotation": {"angle": 45, "axis": "z", "origin": [6.22751, 10.77076, 6.1639]},
			"faces": {
				"east": {"uv": [16, 0, 0, 16], "texture": "#0"},
				"west": {"uv": [16, 0, 0, 16], "texture": "#0"}
			}
		}
	]
}