{
	"credit": "Made with Blockbench",
	"ambientocclusion": false,
	"textures": {
		"2": "block/cmodels/jungle_door_handle",
		"3": "block/cmodels/spruce_door_handle",
		"5": "block/cmodels/jungle_door",
		"particle": "block/cmodels/jungle_door"
	},
	"elements": [
		{
			"from": [0.1, 13.7, 15.95],
			"to": [0.9, 18.5, 16.05],
			"rotation": {"angle": 0, "axis": "y", "origin": [-7, 8, 8]},
			"faces": {
				"east": {"uv": [14.42188, 4.8125, 14.10938, 6.82813], "texture": "#3"},
				"south": {"uv": [15.84375, 0.71875, 13.59375, 14.64063], "texture": "#3"},
				"west": {"uv": [14.09375, 4.625, 14.4375, 7.26563], "texture": "#3"},
				"up": {"uv": [14.35938, 4.70313, 14.17188, 7.125], "rotation": 180, "texture": "#3"},
				"down": {"uv": [14.1875, 4.76563, 14.40625, 6.9375], "rotation": 180, "texture": "#3"}
			}
		},
		{
			"from": [-0.15, 13.7, 14.3],
			"to": [1.15, 17.5, 15.6],
			"rotation": {"angle": 0, "axis": "y", "origin": [0.5, 16.1, 16]},
			"faces": {
				"north": {"uv": [9.1875, 4.5, 6.8125, 11.48438], "texture": "#2"},
				"east": {"uv": [9.1875, 4.5, 6.8125, 11.48438], "texture": "#2"},
				"south": {"uv": [9.1875, 4.5, 6.8125, 11.48438], "texture": "#2"},
				"west": {"uv": [9.1875, 4.5, 6.8125, 11.48438], "texture": "#2"},
				"up": {"uv": [9.1875, 4.5, 6.8125, 11.48438], "texture": "#2"},
				"down": {"uv": [9.1875, 4.5, 6.8125, 11.48438], "texture": "#2"}
			}
		},
		{
			"from": [0.45, 16.4, 16.05],
			"to": [0.6, 17.4, 16.25],
			"rotation": {"angle": 0, "axis": "y", "origin": [-7, 8, 8]},
			"faces": {
				"east": {"uv": [12.42188, 5.82813, 13.98438, 7.84375], "texture": "#2"},
				"south": {"uv": [12.20313, 5.76563, 13.76563, 7.78125], "texture": "#2"},
				"west": {"uv": [12.35938, 5.82813, 13.92188, 7.84375], "texture": "#2"},
				"up": {"uv": [12.07813, 5.82813, 13.64063, 7.84375], "texture": "#2"},
				"down": {"uv": [12.07813, 5.82813, 13.64063, 7.84375], "texture": "#2"}
			}
		},
		{
			"from": [-0.8, 15.9, 14.85],
			"to": [1.8, 16.4, 15.15],
			"rotation": {"angle": 0, "axis": "y", "origin": [-7, 8, 8]},
			"faces": {
				"north": {"uv": [11.92188, 6.26563, 13.875, 8.34375], "texture": "#2"},
				"south": {"uv": [11.95313, 6.20313, 13.90625, 8.28125], "texture": "#2"},
				"up": {"uv": [11.73438, 6.32813, 13.6875, 8.40625], "texture": "#2"},
				"down": {"uv": [11.82813, 6.29688, 13.78125, 8.375], "texture": "#2"}
			}
		},
		{
			"from": [-0.95, 15.9, 12.65],
			"to": [-0.8, 16.4, 15.15],
			"rotation": {"angle": 0, "axis": "y", "origin": [-7, 8, 8]},
			"faces": {
				"north": {"uv": [11.54688, 6.73438, 13.76563, 8.92188], "texture": "#2"},
				"east": {"uv": [11.51563, 6.70313, 13.73438, 8.89063], "texture": "#2"},
				"south": {"uv": [11.67188, 6.76563, 13.89063, 8.95313], "texture": "#2"},
				"west": {"uv": [11.70313, 6.79688, 13.92188, 8.98438], "texture": "#2"},
				"up": {"uv": [11.67188, 6.76563, 13.89063, 8.95313], "texture": "#2"},
				"down": {"uv": [11.67188, 4.67188, 13.89063, 6.85938], "texture": "#2"}
			}
		},
		{
			"from": [1.75, 15.9, 12.65],
			"to": [1.9, 16.4, 15.15],
			"rotation": {"angle": 0, "axis": "y", "origin": [-7, 8, 8]},
			"faces": {
				"north": {"uv": [11.54688, 6.73438, 13.76563, 8.92188], "texture": "#2"},
				"east": {"uv": [11.51563, 6.70313, 13.73438, 8.89063], "texture": "#2"},
				"south": {"uv": [11.67188, 6.76563, 13.89063, 8.95313], "texture": "#2"},
				"west": {"uv": [11.70313, 6.79688, 13.92188, 8.98438], "texture": "#2"},
				"up": {"uv": [11.67188, 6.76563, 13.89063, 8.95313], "texture": "#2"},
				"down": {"uv": [11.67188, 4.67188, 13.89063, 6.85938], "texture": "#2"}
			}
		},
		{
			"from": [0.1, 3, -0.1],
			"to": [0.9, 6, 0],
			"rotation": {"angle": 0, "axis": "y", "origin": [-7, 8, 8]},
			"faces": {
				"north": {"uv": [12.04688, 6.125, 13.21875, 8.07813], "texture": "#2"},
				"east": {"uv": [12.04688, 6.0625, 13.21875, 8.01563], "texture": "#2"},
				"west": {"uv": [12.26563, 6, 13.4375, 7.95313], "texture": "#2"},
				"up": {"uv": [12.29688, 6.21875, 13.46875, 8.17188], "texture": "#2"},
				"down": {"uv": [12.01563, 6.09375, 13.1875, 8.04688], "texture": "#2"}
			}
		},
		{
			"from": [0, 0, 0],
			"to": [1, 4.5, 12],
			"rotation": {"angle": 0, "axis": "y", "origin": [0, 0, 16]},
			"faces": {
				"north": {"uv": [1.65625, 0.29688, 0.65625, 5.90625], "texture": "#5"},
				"east": {"uv": [5.51563, 4.70313, 15.60938, 0.09375], "texture": "#5"},
				"south": {"uv": [1, 0, 0, 5.71875], "texture": "#5"},
				"west": {"uv": [5.51563, 15.90625, 15.60938, 11.29688], "texture": "#5"},
				"down": {"uv": [1.64063, 14, 2.64063, 0], "texture": "#5"}
			}
		},
		{
			"from": [0, 9, 0],
			"to": [1, 13.5, 12],
			"rotation": {"angle": 0, "axis": "y", "origin": [0, 0, 16]},
			"faces": {
				"north": {"uv": [2.5, 5.92188, 3.5, 9.90625], "texture": "#5"},
				"east": {"uv": [15.60938, 11.29688, 5.51563, 15.90625], "texture": "#5"},
				"west": {"uv": [5.57813, 4.98438, 15.53125, 11.01563], "texture": "#5"}
			}
		},
		{
			"from": [0, 13.5, 0],
			"to": [1, 18, 12],
			"rotation": {"angle": 0, "axis": "y", "origin": [0, 0, 16]},
			"faces": {
				"north": {"uv": [1.64063, 0.54688, 2.64063, 4.67188], "texture": "#5"},
				"east": {"uv": [15.60938, 4.70313, 5.51563, 0.09375], "texture": "#5"},
				"west": {"uv": [15.60938, 11.29688, 5.51563, 15.90625], "texture": "#5"}
			}
		},
		{
			"from": [0, 4.5, 0],
			"to": [1, 9, 12],
			"rotation": {"angle": 0, "axis": "y", "origin": [0, 0, 16]},
			"faces": {
				"north": {"uv": [1.64063, 0.375, 2.64063, 4.35938], "texture": "#5"},
				"east": {"uv": [15.54688, 11.01563, 5.57813, 4.98438], "texture": "#5"},
				"west": {"uv": [15.60938, 0.09375, 5.51563, 4.70313], "texture": "#5"}
			}
		},
		{
			"from": [0, 0, 12],
			"to": [1, 16, 16],
			"rotation": {"angle": 0, "axis": "y", "origin": [0, 0, 16]},
			"faces": {
				"east": {"uv": [0.40625, 16, 5.03125, 0], "texture": "#5"},
				"south": {"uv": [2.54688, 16, 3.54688, 0], "texture": "#5"},
				"west": {"uv": [0.40625, 16, 5.03125, 0.03125], "rotation": 180, "texture": "#5"},
				"down": {"uv": [1.20313, 15.28125, 3.60938, 14.5], "rotation": 90, "texture": "#5"}
			}
		}
	],
	"groups": [
		{
			"name": "group",
			"origin": [8, 8, 8],
			"color": 0,
			"children": [0, 1, 2, 3, 4, 5, 6, 7, 8, 9, 10, 11]
		}
	]
}