{
	"__comment": "Designed by Intermacgod with BDcraft Cubik PRO 0.87 Beta - http://bdcraft.net",
	"gui_light": "front",
	"ambientocclusion": false,
	"textures": {
		"particle": "block/a/acacia_door/acacia_door",
		"acacia_door_1": "block/a/acacia_door/acacia_door_1",
		"acacia_door_2": "block/a/acacia_door/acacia_door_2",
		"acacia_door_3": "block/a/acacia_door/acacia_door_3",
		"acacia_door_4": "block/a/acacia_door/acacia_door_4",
		"acacia_door_5": "block/a/acacia_door/acacia_door_5",
		"acacia_door_6": "block/a/acacia_door/acacia_door_6"
	},
	"elements": [ 	 
		{
			"__comment": "Element",
			"from": [ 0.4995, 0.5003, 0.5 ],
			"to": [ 2.4995, 16.0003, 3 ],
			"faces": {
				"down": { "uv": [ 14.99938, 8.999375, 1.000625, 7.000626 ], "texture": "#acacia_door_1", "rotation": 270 },
				"north": { "uv": [ 0.000625, 8.000625, 15.99938, 15.99938 ], "texture": "#acacia_door_1" },
				"south": { "uv": [ 0.000625, 8.000625, 15.99938, 15.99938 ], "texture": "#acacia_door_1" },
				"west": { "uv": [ 0.000625, 8.000625, 15.99938, 15.99938 ], "texture": "#acacia_door_1" },
				"east": { "uv": [ 0.000625, 8.000625, 15.99938, 15.99938 ], "texture": "#acacia_door_1" }
			}
		},
		{
			"__comment": "Element",
			"from": [ 0, 2.9996, 15.4995 ],
			"to": [ 1, 4.9996, 15.9995 ],
			"faces": {
				"down": { "uv": [ 0.000625, 0.000624657, 15.99938, 15.99938 ], "texture": "#acacia_door_4", "rotation": 270 },
				"up": { "uv": [ 0.000625, 0.000624657, 15.99938, 15.99938 ], "texture": "#acacia_door_4", "rotation": 90 },
				"north": { "uv": [ 0.000625, 0.000624657, 15.99938, 15.99938 ], "texture": "#acacia_door_4" },
				"south": { "uv": [ 0.000625, 0.000624657, 15.99938, 15.99938 ], "texture": "#acacia_door_4", "cullface": "south" },
				"west": { "uv": [ 0.000625, 0.000624657, 15.99938, 15.99938 ], "texture": "#acacia_door_4", "cullface": "west" }
			}
		},
		{
			"__comment": "Element",
			"from": [ -0.0007, 14.9994, 15.4993 ],
			"to": [ 0.9993, 15.9994, 15.9993 ],
			"faces": {
				"down": { "uv": [ 0.001244545, 0, 16, 16 ], "texture": "#acacia_door_4", "rotation": 270 },
				"north": { "uv": [ 0.000625, 8.000625, 15.99938, 15.99938 ], "texture": "#acacia_door_4" },
				"south": { "uv": [ 0.000625, 7.500626, 15.99938, 15.99938 ], "texture": "#acacia_door_4", "cullface": "south" },
				"west": { "uv": [ 0.000625, 8.000625, 15.99938, 15.99938 ], "texture": "#acacia_door_4", "cullface": "west" }
			}
		},
		{
			"__comment": "Element",
			"from": [ 2.0005, 3.0005, 15.4999 ],
			"to": [ 3.0005, 5.000499, 15.9999 ],
			"faces": {
				"down": { "uv": [ 0.000625, 0.000624657, 15.99938, 15.99938 ], "texture": "#acacia_door_4", "rotation": 270 },
				"up": { "uv": [ 0.000625, 0.000624657, 15.99938, 15.99938 ], "texture": "#acacia_door_4", "rotation": 90 },
				"north": { "uv": [ 0.000625, 0.000624657, 15.99938, 15.99938 ], "texture": "#acacia_door_4" },
				"south": { "uv": [ 0.000625, 0.000624657, 15.99938, 15.99938 ], "texture": "#acacia_door_4", "cullface": "south" },
				"east": { "uv": [ 0.000625, 0.000624657, 15.99938, 15.99938 ], "texture": "#acacia_door_4" }
			}
		},
		{
			"__comment": "Element",
			"from": [ 2.0001, 15.0006, 15.5 ],
			"to": [ 3.0001, 16.0006, 16 ],
			"faces": {
				"down": { "uv": [ 0.001244545, 0, 16, 16 ], "texture": "#acacia_door_4", "rotation": 270 },
				"north": { "uv": [ 0.000625, 8.000625, 15.99938, 15.99938 ], "texture": "#acacia_door_4" },
				"south": { "uv": [ 0.000625, 8.000625, 15.99938, 15.99938 ], "texture": "#acacia_door_4", "cullface": "south" },
				"east": { "uv": [ 0.000625, 8.000625, 15.99938, 15.99938 ], "texture": "#acacia_door_4" }
			}
		},
		{
			"__comment": "Element",
			"from": [ 1.0009, 0.5002, -0.0008 ],
			"to": [ 2.0009, 16.0002, 0.4992 ],
			"faces": {
				"down": { "uv": [ 14.99938, 0.4993753, 14.00062, 0.000624657 ], "texture": "#acacia_door_2" },
				"north": { "uv": [ 14.00062, 0.000624657, 14.99938, 15.49938 ], "texture": "#acacia_door_2", "cullface": "north" },
				"west": { "uv": [ 0.000625, 0.000624657, 0.499375, 15.49938 ], "texture": "#acacia_door_2" },
				"east": { "uv": [ 15.50062, 0.000624657, 15.99938, 15.49938 ], "texture": "#acacia_door_2" }
			}
		},
		{
			"__comment": "Element",
			"from": [ 1.0002, 0.5009, 15.4997 ],
			"to": [ 2.0002, 16.0009, 15.9997 ],
			"faces": {
				"down": { "uv": [ 14.99938, 15.99938, 14.00062, 15.50062 ], "texture": "#acacia_door_2" },
				"south": { "uv": [ 1.000625, 0.000624657, 1.999375, 15.49938 ], "texture": "#acacia_door_2", "cullface": "south" },
				"west": { "uv": [ 15.50062, 0.000624657, 15.99938, 15.49938 ], "texture": "#acacia_door_2" },
				"east": { "uv": [ 0.000625, 0.000624657, 0.499375, 15.49938 ], "texture": "#acacia_door_2" }
			}
		},
		{
			"__comment": "Element",
			"from": [ 0.5007, 0.5006, 13.001 ],
			"to": [ 2.5007, 16.0006, 15.501 ],
			"faces": {
				"down": { "uv": [ 14.99938, 8.999375, 1.000625, 7.000626 ], "texture": "#acacia_door_1", "rotation": 270 },
				"north": { "uv": [ 0.000625, 8.000625, 15.99938, 15.99938 ], "texture": "#acacia_door_1" },
				"south": { "uv": [ 0.000625, 8.000625, 15.99938, 15.99938 ], "texture": "#acacia_door_1" },
				"west": { "uv": [ 0.000625, 8.000625, 15.99938, 15.99938 ], "texture": "#acacia_door_1" },
				"east": { "uv": [ 0.000625, 8.000625, 15.99938, 15.99938 ], "texture": "#acacia_door_1" }
			}
		},
		{
			"__comment": "Element",
			"from": [ 0.5004, 0.5006, 2.9996 ],
			"to": [ 2.500401, 3.0006, 12.9996 ],
			"faces": {
				"down": { "uv": [ 15.99938, 15.99938, 0.000624657, 13.50062 ], "texture": "#acacia_door_1", "rotation": 270 },
				"up": { "uv": [ 0.000625, 13.00062, 15.99938, 15.99938 ], "texture": "#acacia_door_1", "rotation": 90 },
				"west": { "uv": [ 0.000625, 13.50062, 15.99938, 15.99938 ], "texture": "#acacia_door_1" },
				"east": { "uv": [ 0.000625, 13.50062, 15.99938, 15.99938 ], "texture": "#acacia_door_1" }
			}
		},
		{
			"__comment": "Element",
			"from": [ -0.0005, 12.9994, 1.4997 ],
			"to": [ 0.4995, 13.4994, 1.9997 ],
			"faces": {
				"down": { "uv": [ 0.000625, 0.000624657, 15.99938, 15.99938 ], "texture": "#acacia_door_5", "cullface": "down" },
				"up": { "uv": [ 0.000625, 0.000624657, 15.99938, 15.99938 ], "texture": "#acacia_door_5", "cullface": "up" },
				"north": { "uv": [ 0.000625, 0.000624657, 15.99938, 15.99938 ], "texture": "#acacia_door_5", "cullface": "north" },
				"south": { "uv": [ 0.000625, 0.000624657, 15.99938, 15.99938 ], "texture": "#acacia_door_5", "cullface": "south" }
			}
		},
		{
			"__comment": "Element",
			"from": [ 2.4993, 13.0006, 1.5002 ],
			"to": [ 2.9993, 13.5006, 2.0002 ],
			"faces": {
				"down": { "uv": [ 0.000625, 0.000624657, 15.99938, 15.99938 ], "texture": "#acacia_door_5", "cullface": "down" },
				"up": { "uv": [ 0.000625, 0.000624657, 15.99938, 15.99938 ], "texture": "#acacia_door_5", "cullface": "up" },
				"north": { "uv": [ 0.000625, 0.000624657, 15.99938, 15.99938 ], "texture": "#acacia_door_5", "cullface": "north" },
				"south": { "uv": [ 0.000625, 0.000624657, 15.99938, 15.99938 ], "texture": "#acacia_door_5", "cullface": "south" }
			}
		},
		{
			"__comment": "Element",
			"from": [ -0.499, 11.4994, 1.5009 ],
			"to": [ 0.001000136, 15.9994, 2.0009 ],
			"faces": {
				"down": { "uv": [ 0, 0, 16, 16 ], "texture": "#acacia_door_4", "cullface": "west" },
				"north": { "uv": [ 0, 0, 16, 16 ], "texture": "#acacia_door_5", "cullface": "west" },
				"south": { "uv": [ 0, 0, 16, 16 ], "texture": "#acacia_door_5", "cullface": "west" },
				"west": { "uv": [ 0, 0, 16, 16 ], "texture": "#acacia_door_5", "cullface": "west" },
				"east": { "uv": [ 0, 0, 16, 16 ], "texture": "#acacia_door_5", "cullface": "west" }
			}
		},
		{
			"__comment": "Element",
			"from": [ 2.9994, 11.5002, 1.4996 ],
			"to": [ 3.4994, 16.0002, 1.9996 ],
			"faces": {
				"down": { "uv": [ 0, 0, 16, 16 ], "texture": "#acacia_door_4", "cullface": "down" },
				"north": { "uv": [ 0, 0, 16, 16 ], "texture": "#acacia_door_5", "cullface": "north" },
				"south": { "uv": [ 0, 0, 16, 16 ], "texture": "#acacia_door_5", "cullface": "south" },
				"west": { "uv": [ 0, 0, 16, 16 ], "texture": "#acacia_door_5", "cullface": "west" },
				"east": { "uv": [ 0, 0, 16, 16 ], "texture": "#acacia_door_5", "cullface": "east" }
			}
		},
		{
			"__comment": "Element",
			"from": [ 0.9999, 13.5006, 2.9996 ],
			"to": [ 1.9999, 16.0006, 3.4996 ],
			"faces": {
				"south": { "uv": [ 1.000625, 0.000624657, 1.999375, 2.499375 ], "texture": "#acacia_door_3" },
				"west": { "uv": [ 3.000625, 0.000624657, 3.499375, 2.499375 ], "texture": "#acacia_door_3" },
				"east": { "uv": [ 12.50062, 0.000624657, 12.99938, 2.499375 ], "texture": "#acacia_door_3" }
			}
		},
		{
			"__comment": "Element",
			"from": [ 1.0002, 13.499, 12.4998 ],
			"to": [ 2.0002, 15.999, 12.9998 ],
			"faces": {
				"north": { "uv": [ 14.00062, 0.000624657, 14.99938, 2.499375 ], "texture": "#acacia_door_3" },
				"west": { "uv": [ 12.50062, 0.000624657, 12.99938, 2.499375 ], "texture": "#acacia_door_3" },
				"east": { "uv": [ 3.000625, 0.000624657, 3.499375, 2.499375 ], "texture": "#acacia_door_3" }
			}
		},
		{
			"__comment": "Element",
			"from": [ 1.0004, 13.5, 3.4998 ],
			"to": [ 2.0004, 14, 12.4998 ],
			"faces": {
				"west": { "uv": [ 3.500625, 2.000625, 12.49938, 2.499375 ], "texture": "#acacia_door_3" },
				"east": { "uv": [ 3.500625, 2.000625, 12.49938, 2.499375 ], "texture": "#acacia_door_3" }
			}
		},
		{
			"__comment": "Element",
			"from": [ 0.4998, 13.9993, 3.4992 ],
			"to": [ 2.4998, 15.9993, 12.4992 ],
			"faces": {
				"down": { "uv": [ 15.49938, 12.49938, 13.50062, 3.500625 ], "texture": "#acacia_door_1" },
				"north": { "uv": [ 13.50062, 0.000624657, 15.49938, 1.999375 ], "texture": "#acacia_door_1" },
				"south": { "uv": [ 0.500625, 0.000624657, 2.499375, 1.999375 ], "texture": "#acacia_door_1" },
				"west": { "uv": [ 3.500625, 0.000624657, 12.49938, 1.999375 ], "texture": "#acacia_door_1" },
				"east": { "uv": [ 3.500625, 0.000624657, 12.49938, 1.999375 ], "texture": "#acacia_door_1" }
			}
		},
		{
			"__comment": "Element",
			"from": [ 0.4997, 12.499, 3.0004 ],
			"to": [ 2.4997, 13.499, 13.0004 ],
			"faces": {
				"down": { "uv": [ 15.49938, 12.99938, 13.50062, 3.000625 ], "texture": "#acacia_door_1" },
				"up": { "uv": [ 0.500625, 3.000625, 2.499375, 12.99938 ], "texture": "#acacia_door_1" },
				"west": { "uv": [ 3.000625, 2.500625, 12.99938, 3.499375 ], "texture": "#acacia_door_1" },
				"east": { "uv": [ 3.000625, 2.500625, 12.99938, 3.499375 ], "texture": "#acacia_door_1" }
			}
		},
		{
			"__comment": "Element",
			"from": [ 1.0002, 2.9991, 3.5 ],
			"to": [ 2.0002, 3.4991, 12.5 ],
			"faces": {
				"up": { "uv": [ 1.000625, 3.500625, 1.999375, 12.49938 ], "texture": "#acacia_door_3" },
				"west": { "uv": [ 3.500625, 12.50062, 12.49938, 12.99938 ], "texture": "#acacia_door_3" },
				"east": { "uv": [ 3.500625, 12.50062, 12.49938, 12.99938 ], "texture": "#acacia_door_3" }
			}
		},
		{
			"__comment": "Element",
			"from": [ 1.001, 11.9997, 3.5 ],
			"to": [ 2.001, 12.4997, 12.5 ],
			"faces": {
				"down": { "uv": [ 14.99938, 12.49938, 14.00062, 3.500625 ], "texture": "#acacia_door_3" },
				"west": { "uv": [ 3.500625, 3.500625, 12.49938, 3.999375 ], "texture": "#acacia_door_3" },
				"east": { "uv": [ 3.500625, 3.500625, 12.49938, 3.999375 ], "texture": "#acacia_door_3" }
			}
		},
		{
			"__comment": "Element",
			"from": [ 0.9993, 2.9995, 3.0009 ],
			"to": [ 1.9993, 12.4995, 3.5009 ],
			"faces": {
				"south": { "uv": [ 1.000625, 3.500625, 1.999375, 12.99938 ], "texture": "#acacia_door_3" },
				"west": { "uv": [ 3.000625, 3.500625, 3.499375, 12.99938 ], "texture": "#acacia_door_3" },
				"east": { "uv": [ 12.50062, 3.500625, 12.99938, 12.99938 ], "texture": "#acacia_door_3" }
			}
		},
		{
			"__comment": "Element",
			"from": [ 1.0003, 3.499, 7.4998 ],
			"to": [ 2.0003, 11.999, 8.4998 ],
			"faces": {
				"north": { "uv": [ 14.00062, 4.000626, 14.99938, 12.49938 ], "texture": "#acacia_door_3" },
				"south": { "uv": [ 1.000625, 4.000626, 1.999375, 12.49938 ], "texture": "#acacia_door_3" },
				"west": { "uv": [ 7.500625, 4.000626, 8.499375, 12.49938 ], "texture": "#acacia_door_3" },
				"east": { "uv": [ 7.500625, 4.000626, 8.499375, 12.49938 ], "texture": "#acacia_door_3" }
			}
		},
		{
			"__comment": "Element",
			"from": [ 0.999, 7.5, 3.5005 ],
			"to": [ 1.999, 8, 12.5005 ],
			"faces": {
				"down": { "uv": [ 14.99938, 12.49938, 14.00062, 3.500625 ], "texture": "#acacia_door_3" },
				"up": { "uv": [ 1.000625, 3.500625, 1.999375, 12.49938 ], "texture": "#acacia_door_3" },
				"west": { "uv": [ 3.500625, 8.000625, 12.49938, 8.499375 ], "texture": "#acacia_door_3" },
				"east": { "uv": [ 3.500625, 8.000625, 12.49938, 8.499375 ], "texture": "#acacia_door_3" }
			}
		},
		{
			"__comment": "Element",
			"from": [ 0.9996, 2.9996, 12.4991 ],
			"to": [ 1.9996, 12.4996, 12.9991 ],
			"faces": {
				"north": { "uv": [ 14.00062, 3.500625, 14.99938, 12.99938 ], "texture": "#acacia_door_3" },
				"west": { "uv": [ 3.000625, 3.500625, 3.499375, 12.99938 ], "texture": "#acacia_door_3" },
				"east": { "uv": [ 12.50062, 3.500625, 12.99938, 12.99938 ], "texture": "#acacia_door_3" }
			}
		},
		{
			"__comment": "Element",
			"from": [ 1.5005, 7.9999, 3.4994 ],
			"to": [ 1.563, 11.9999, 7.4994 ],
			"faces": {
				"west": { "uv": [ 0.000625, 0.000624657, 15.99938, 15.99938 ], "texture": "#acacia_door_6" },
				"east": { "uv": [ 0.000625, 0.000624657, 15.99938, 15.99938 ], "texture": "#acacia_door_6" }
			}
		},
		{
			"__comment": "Element",
			"from": [ 1.5008, 7.9994, 8.500299 ],
			"to": [ 1.5633, 11.9994, 12.5003 ],
			"faces": {
				"west": { "uv": [ 0.000625, 0.000624657, 15.99938, 15.99938 ], "texture": "#acacia_door_6" },
				"east": { "uv": [ 0.000625, 0.000624657, 15.99938, 15.99938 ], "texture": "#acacia_door_6" }
			}
		},
		{
			"__comment": "Element",
			"from": [ 1.4998, 3.4999, 8.5005 ],
			"to": [ 1.5623, 7.4999, 12.5005 ],
			"faces": {
				"west": { "uv": [ 0.000625, 0.000624657, 15.99938, 15.99938 ], "texture": "#acacia_door_6" },
				"east": { "uv": [ 0.000625, 0.000624657, 15.99938, 15.99938 ], "texture": "#acacia_door_6" }
			}
		},
		{
			"__comment": "Element",
			"from": [ 1.4996, 3.4995, 3.5005 ],
			"to": [ 1.5621, 7.499496, 7.5005 ],
			"faces": {
				"west": { "uv": [ 0.000625, 0.000624657, 15.99938, 15.99938 ], "texture": "#acacia_door_6" },
				"east": { "uv": [ 0.000625, 0.000624657, 15.99938, 15.99938 ], "texture": "#acacia_door_6" }
			}
		}
	]
}