{
	"__comment": "Designed by Intermacgod with BDcraft Cubik PRO 0.87 Beta - http://bdcraft.net",
	"textures": {
		"particle": "block/a/acacia_fence_gate/acacia_fence_gate",
		"acacia_fence_gate_1": "block/a/acacia_fence_gate/acacia_fence_gate_1",
		"acacia_fence_gate_2": "block/a/acacia_fence_gate/acacia_fence_gate_2",
		"acacia_fence_gate_3": "block/a/acacia_fence_gate/acacia_fence_gate_3",
		"acacia_fence_gate_4": "block/a/acacia_fence_gate/acacia_fence_gate_4"
	},
	"elements": [ 	 
		{
			"__comment": "Element",
			"from": [ 8.1875, 1, 7.5 ],
			"to": [ 15.625, 1.5, 8.5 ],
			"faces": {
				"down": { "uv": [ 0.00125, 8.001249, 15.99876, 11.99876 ], "texture": "#acacia_fence_gate_1" },
				"up": { "uv": [ 0.00125, 8.001249, 15.99876, 11.49876 ], "texture": "#acacia_fence_gate_1" },
				"north": { "uv": [ 0.00125, 12.00124, 15.99876, 15.99876 ], "texture": "#acacia_fence_gate_1" },
				"south": { "uv": [ 0.00125, 12.00124, 15.99876, 15.99876 ], "texture": "#acacia_fence_gate_1" },
				"west": { "uv": [ 7.50125, 14.50124, 8.498751, 14.99876 ], "texture": "#acacia_fence_gate_1" },
				"east": { "uv": [ 7.50125, 14.50124, 8.498751, 14.99876 ], "texture": "#acacia_fence_gate_1" }
			}
		},
		{
			"__comment": "Element",
			"from": [ 8.5617, 11, 7.7491 ],
			"to": [ 15.5617, 12, 8.249098 ],
			"faces": {
				"down": { "uv": [ 0.00125, 0.001249313, 15.99876, 3.49875 ], "texture": "#acacia_fence_gate_1" },
				"up": { "uv": [ 0.00125, 0.001249313, 15.99876, 3.49875 ], "texture": "#acacia_fence_gate_1" },
				"north": { "uv": [ 0.00125, 0.001249313, 15.99876, 3.49875 ], "texture": "#acacia_fence_gate_1" },
				"south": { "uv": [ 0.00125, 0.001249313, 15.99876, 3.49875 ], "texture": "#acacia_fence_gate_1" },
				"west": { "uv": [ 7.7491, 4, 8.249098, 5 ], "texture": "#acacia_fence_gate_1" },
				"east": { "uv": [ 7.750902, 4, 8.2509, 5 ], "texture": "#acacia_fence_gate_1" }
			}
		},
		{
			"__comment": "Element",
			"from": [ 15.0607, 1.498, 7.4994 ],
			"to": [ 15.5607, 15.998, 8.499399 ],
			"faces": {
				"down": { "uv": [ 15.0607, 7.500601, 15.5607, 8.5006 ], "texture": "#acacia_fence_gate_1" },
				"up": { "uv": [ 15.00124, 7.501251, 15.49876, 8.498751 ], "texture": "#acacia_fence_gate_1" },
				"north": { "uv": [ 12.50124, 0.001249313, 15.99876, 15.99876 ], "texture": "#acacia_fence_gate_1" },
				"south": { "uv": [ 12.50124, 0.001249313, 15.99876, 15.99876 ], "texture": "#acacia_fence_gate_1" },
				"west": { "uv": [ 12.50124, 0.001249313, 15.99876, 15.99876 ], "texture": "#acacia_fence_gate_1" },
				"east": { "uv": [ 12.50124, 0.001249313, 15.99876, 15.99876 ], "texture": "#acacia_fence_gate_1" }
			}
		},
		{
			"__comment": "Element",
			"from": [ 14.0618, 1.499, 7.4986 ],
			"to": [ 15.0618, 15.499, 8.498599 ],
			"faces": {
				"down": { "uv": [ 14.0618, 7.501401, 15.0618, 8.5014 ], "texture": "#acacia_fence_gate_1" },
				"up": { "uv": [ 14.00124, 7.501251, 14.99876, 8.498751 ], "texture": "#acacia_fence_gate_1" },
				"north": { "uv": [ 8.501249, 0.001249313, 11.99876, 15.99876 ], "texture": "#acacia_fence_gate_1" },
				"south": { "uv": [ 8.501249, 0.001249313, 11.99876, 15.99876 ], "texture": "#acacia_fence_gate_1" },
				"west": { "uv": [ 8.501249, 0.001249313, 11.99876, 15.99876 ], "texture": "#acacia_fence_gate_1" },
				"east": { "uv": [ 7.501401, 0.5010004, 8.5014, 14.501 ], "texture": "#acacia_fence_gate_1" }
			}
		},
		{
			"__comment": "Element",
			"from": [ 12.5617, 1.5005, 7.498 ],
			"to": [ 13.5617, 14.5005, 8.498001 ],
			"faces": {
				"down": { "uv": [ 12.5617, 7.501999, 13.5617, 8.502 ], "texture": "#acacia_fence_gate_1" },
				"up": { "uv": [ 12.50124, 7.501251, 13.49876, 8.498751 ], "texture": "#acacia_fence_gate_1" },
				"north": { "uv": [ 4.50125, 0.001249313, 7.99875, 15.99876 ], "texture": "#acacia_fence_gate_1" },
				"south": { "uv": [ 4.50125, 0.001249313, 7.99875, 15.99876 ], "texture": "#acacia_fence_gate_1" },
				"west": { "uv": [ 4.50125, 0.001249313, 7.99875, 15.99876 ], "texture": "#acacia_fence_gate_1" },
				"east": { "uv": [ 4.50125, 0.001249313, 7.99875, 15.99876 ], "texture": "#acacia_fence_gate_1" }
			}
		},
		{
			"__comment": "Element",
			"from": [ 11.0613, 1.4988, 7.5 ],
			"to": [ 12.0613, 13.4988, 8.499999 ],
			"faces": {
				"down": { "uv": [ 11.0613, 7.500001, 12.0613, 8.5 ], "texture": "#acacia_fence_gate_1" },
				"up": { "uv": [ 11.00124, 7.501251, 11.99876, 8.498751 ], "texture": "#acacia_fence_gate_1" },
				"north": { "uv": [ 0.50125, 0.001249313, 3.99875, 15.99876 ], "texture": "#acacia_fence_gate_1" },
				"south": { "uv": [ 0.50125, 0.001249313, 3.99875, 15.99876 ], "texture": "#acacia_fence_gate_1" },
				"west": { "uv": [ 0.50125, 0.001249313, 3.99875, 15.99876 ], "texture": "#acacia_fence_gate_1" },
				"east": { "uv": [ 0.50125, 0.001249313, 3.99875, 15.99876 ], "texture": "#acacia_fence_gate_1" }
			}
		},
		{
			"__comment": "Element",
			"from": [ 9.561999, 1.499, 7.4986 ],
			"to": [ 10.562, 12.999, 8.498599 ],
			"faces": {
				"down": { "uv": [ 9.561999, 7.501401, 10.562, 8.5014 ], "texture": "#acacia_fence_gate_1" },
				"up": { "uv": [ 9.501249, 7.501251, 10.49876, 8.498751 ], "texture": "#acacia_fence_gate_1" },
				"north": { "uv": [ 12.50124, 0.001249313, 15.99876, 15.99876 ], "texture": "#acacia_fence_gate_1" },
				"south": { "uv": [ 12.50124, 0.001249313, 15.99876, 15.99876 ], "texture": "#acacia_fence_gate_1" },
				"west": { "uv": [ 12.50124, 0.001249313, 15.99876, 15.99876 ], "texture": "#acacia_fence_gate_1" },
				"east": { "uv": [ 12.50124, 0.001249313, 15.99876, 15.99876 ], "texture": "#acacia_fence_gate_1" }
			}
		},
		{
			"__comment": "Element",
			"from": [ 0.5613, 1.499, 7.4993 ],
			"to": [ 1.0613, 15.999, 8.499299 ],
			"faces": {
				"down": { "uv": [ 0.5613, 7.500701, 1.0613, 8.5007 ], "texture": "#acacia_fence_gate_1" },
				"up": { "uv": [ 0.50125, 7.501251, 0.99875, 8.498751 ], "texture": "#acacia_fence_gate_1" },
				"north": { "uv": [ 0.50125, 0.001249313, 3.99875, 15.99876 ], "texture": "#acacia_fence_gate_1" },
				"south": { "uv": [ 0.50125, 0.001249313, 3.49875, 15.99876 ], "texture": "#acacia_fence_gate_1" },
				"west": { "uv": [ 0.50125, 0.001249313, 3.99875, 15.99876 ], "texture": "#acacia_fence_gate_1" },
				"east": { "uv": [ 0.50125, 0.001249313, 3.99875, 15.99876 ], "texture": "#acacia_fence_gate_1" }
			}
		},
		{
			"__comment": "Element",
			"from": [ 1.0625, 1.4995, 7.4991 ],
			"to": [ 2.0625, 15.4995, 8.499098 ],
			"faces": {
				"down": { "uv": [ 1.0625, 7.500902, 2.0625, 8.5009 ], "texture": "#acacia_fence_gate_1" },
				"up": { "uv": [ 1.00125, 7.501251, 1.99875, 8.498751 ], "texture": "#acacia_fence_gate_1" },
				"north": { "uv": [ 4.00125, 0.001249313, 8.498751, 15.99876 ], "texture": "#acacia_fence_gate_1" },
				"south": { "uv": [ 4.00125, 0.001249313, 8.498751, 15.99876 ], "texture": "#acacia_fence_gate_1" },
				"west": { "uv": [ 7.4991, 0.5004997, 8.499098, 14.5005 ], "texture": "#acacia_fence_gate_1" },
				"east": { "uv": [ 4.00125, 0.001249313, 8.498751, 15.99876 ], "texture": "#acacia_fence_gate_1" }
			}
		},
		{
			"__comment": "Element",
			"from": [ 2.5612, 1.4991, 7.4983 ],
			"to": [ 3.5612, 14.4991, 8.498301 ],
			"faces": {
				"down": { "uv": [ 2.5612, 7.501699, 3.5612, 8.501699 ], "texture": "#acacia_fence_gate_1" },
				"up": { "uv": [ 2.50125, 7.501251, 3.49875, 8.498751 ], "texture": "#acacia_fence_gate_1" },
				"north": { "uv": [ 8.501249, 0.001249313, 12.49876, 15.99876 ], "texture": "#acacia_fence_gate_1" },
				"south": { "uv": [ 8.501249, 0.001249313, 12.49876, 15.99876 ], "texture": "#acacia_fence_gate_1" },
				"west": { "uv": [ 8.501249, 0.001249313, 11.99876, 15.99876 ], "texture": "#acacia_fence_gate_1" },
				"east": { "uv": [ 8.501249, 0.001249313, 12.49876, 15.99876 ], "texture": "#acacia_fence_gate_1" }
			}
		},
		{
			"__comment": "Element",
			"from": [ 3.9375, 1.4986, 7.498 ],
			"to": [ 4.9375, 13.4986, 8.497999 ],
			"faces": {
				"down": { "uv": [ 3.9375, 7.502001, 4.9375, 8.502 ], "texture": "#acacia_fence_gate_1" },
				"up": { "uv": [ 4.50125, 7.501251, 5.49875, 8.498751 ], "texture": "#acacia_fence_gate_1" },
				"north": { "uv": [ 8.501249, 0.001249313, 11.99876, 15.99876 ], "texture": "#acacia_fence_gate_1" },
				"south": { "uv": [ 8.501249, 0.001249313, 11.99876, 15.99876 ], "texture": "#acacia_fence_gate_1" },
				"west": { "uv": [ 8.501249, 0.001249313, 11.99876, 15.99876 ], "texture": "#acacia_fence_gate_1" },
				"east": { "uv": [ 8.501249, 0.001249313, 11.99876, 15.99876 ], "texture": "#acacia_fence_gate_1" }
			}
		},
		{
			"__comment": "Element",
			"from": [ 5.4349, 1.4996, 7.4974 ],
			"to": [ 6.4349, 12.9996, 8.497396 ],
			"faces": {
				"down": { "uv": [ 5.4349, 7.502604, 6.4349, 8.5026 ], "texture": "#acacia_fence_gate_1" },
				"up": { "uv": [ 5.50125, 7.501251, 6.49875, 8.498751 ], "texture": "#acacia_fence_gate_1" },
				"north": { "uv": [ 12.50124, 0.001249313, 15.99876, 15.99876 ], "texture": "#acacia_fence_gate_1" },
				"south": { "uv": [ 12.50124, 0.001249313, 15.99876, 15.99876 ], "texture": "#acacia_fence_gate_1" },
				"west": { "uv": [ 12.50124, 0.001249313, 15.99876, 15.99876 ], "texture": "#acacia_fence_gate_1" },
				"east": { "uv": [ 13.00124, 0.001249313, 15.99876, 15.99876 ], "texture": "#acacia_fence_gate_1" }
			}
		},
		{
			"__comment": "Element",
			"from": [ 8.185599, 1.5002, 7.4997 ],
			"to": [ 9.185599, 13.0002, 8.499701 ],
			"faces": {
				"down": { "uv": [ 8.185599, 7.500299, 9.185599, 8.500299 ], "texture": "#acacia_fence_gate_1" },
				"up": { "uv": [ 8.501249, 7.501251, 9.498751, 8.498751 ], "texture": "#acacia_fence_gate_1" },
				"north": { "uv": [ 4.50125, 0.001249313, 7.99875, 15.99876 ], "texture": "#acacia_fence_gate_1" },
				"south": { "uv": [ 4.50125, 0.001249313, 7.99875, 15.99876 ], "texture": "#acacia_fence_gate_1" },
				"west": { "uv": [ 4.50125, 0.001249313, 7.99875, 15.99876 ], "texture": "#acacia_fence_gate_1" },
				"east": { "uv": [ 4.50125, 0.001249313, 7.99875, 15.99876 ], "texture": "#acacia_fence_gate_1" }
			}
		},
		{
			"__comment": "Element",
			"from": [ 6.8115, 1.4994, 7.4981 ],
			"to": [ 7.8115, 12.9994, 8.498097 ],
			"faces": {
				"down": { "uv": [ 6.8115, 7.501903, 7.8115, 8.5019 ], "texture": "#acacia_fence_gate_1" },
				"up": { "uv": [ 6.87625, 7.501251, 7.87375, 8.498751 ], "texture": "#acacia_fence_gate_1" },
				"north": { "uv": [ 0.50125, 0.001249313, 3.99875, 15.99876 ], "texture": "#acacia_fence_gate_1" },
				"south": { "uv": [ 0.50125, 0.001249313, 3.99875, 15.99876 ], "texture": "#acacia_fence_gate_1" },
				"west": { "uv": [ 0.50125, 0.001249313, 3.99875, 15.99876 ], "texture": "#acacia_fence_gate_1" },
				"east": { "uv": [ 0.50125, 0.001249313, 3.99875, 15.99876 ], "texture": "#acacia_fence_gate_1" }
			}
		},
		{
			"__comment": "Element",
			"from": [ 0.5618, 0.9978999, 7.4985 ],
			"to": [ 7.8743, 1.560399, 8.498499 ],
			"faces": {
				"down": { "uv": [ 0.00125, 12.00124, 15.99876, 14.99876 ], "texture": "#acacia_fence_gate_1" },
				"up": { "uv": [ 0.00125, 12.00124, 15.99876, 15.49876 ], "texture": "#acacia_fence_gate_1" },
				"north": { "uv": [ 0.00125, 12.00124, 15.99876, 15.99876 ], "texture": "#acacia_fence_gate_1" },
				"south": { "uv": [ 0.00125, 12.00124, 15.99876, 15.99876 ], "texture": "#acacia_fence_gate_1" },
				"west": { "uv": [ 7.50125, 14.43874, 8.498751, 14.99876 ], "texture": "#acacia_fence_gate_1" },
				"east": { "uv": [ 7.50125, 14.43874, 8.498751, 14.99876 ], "texture": "#acacia_fence_gate_1" }
			}
		},
		{
			"__comment": "Element",
			"from": [ 0.5612, 10.9998, 7.7483 ],
			"to": [ 7.5612, 11.9998, 8.248299 ],
			"faces": {
				"down": { "uv": [ 0.00125, 4.001251, 15.99876, 7.498749 ], "texture": "#acacia_fence_gate_1" },
				"up": { "uv": [ 0.00125, 4.001251, 15.99876, 7.498749 ], "texture": "#acacia_fence_gate_1" },
				"north": { "uv": [ 0.00125, 4.001251, 15.99876, 7.498749 ], "texture": "#acacia_fence_gate_1" },
				"south": { "uv": [ 0.00125, 4.001251, 15.99876, 7.498749 ], "texture": "#acacia_fence_gate_1" },
				"west": { "uv": [ 7.7483, 4.0002, 8.248299, 5.0002 ], "texture": "#acacia_fence_gate_1" },
				"east": { "uv": [ 7.751701, 4.0002, 8.251699, 5.0002 ], "texture": "#acacia_fence_gate_1" }
			}
		},
		{
			"__comment": "Element",
			"from": [ 5.9403, 8.9985, 6.7518 ],
			"to": [ 10.9403, 9.4985, 7.2518 ],
			"faces": {
				"down": { "uv": [ 0.00125, 0.001249313, 15.99876, 15.99876 ], "texture": "#acacia_fence_gate_4", "rotation": 270 },
				"up": { "uv": [ 0.00125, 0.001249313, 15.99876, 15.99876 ], "texture": "#acacia_fence_gate_4", "rotation": 270 },
				"north": { "uv": [ 0.00125, 0.001249313, 15.99876, 15.99876 ], "texture": "#acacia_fence_gate_4", "rotation": 270 },
				"south": { "uv": [ 0.00125, 0.001249313, 15.99876, 15.99876 ], "texture": "#acacia_fence_gate_4", "rotation": 270 },
				"west": { "uv": [ 0.00125, 0.001249313, 15.99876, 15.99876 ], "texture": "#acacia_fence_gate_4" },
				"east": { "uv": [ 0.00125, 0.001249313, 15.99876, 15.99876 ], "texture": "#acacia_fence_gate_4" }
			}
		},
		{
			"__comment": "Element",
			"from": [ 7.0639, 8.4991, 6.5003 ],
			"to": [ 7.5639, 9.9991, 7.5003 ],
			"faces": {
				"down": { "uv": [ 7.49875, 7.498749, 6.50125, 7.001251 ], "texture": "#acacia_fence_gate_3", "rotation": 90 },
				"up": { "uv": [ 8.501249, 7.001251, 9.498751, 7.498749 ], "texture": "#acacia_fence_gate_3", "rotation": 270 },
				"north": { "uv": [ 8.501249, 6.001251, 8.998751, 7.498749 ], "texture": "#acacia_fence_gate_3" },
				"south": { "uv": [ 7.0639, 6.0009, 7.5639, 7.5009 ], "texture": "#acacia_fence_gate_1" },
				"west": { "uv": [ 6.50125, 6.001251, 7.49875, 7.498749 ], "texture": "#acacia_fence_gate_3" },
				"east": { "uv": [ 8.501249, 6.001251, 9.498751, 7.498749 ], "texture": "#acacia_fence_gate_3" }
			}
		},
		{
			"__comment": "Element",
			"from": [ 8.4376, 8.5001, 6.502 ],
			"to": [ 8.9376, 10.0001, 7.502 ],
			"faces": {
				"down": { "uv": [ 7.49875, 8.998751, 6.50125, 8.501249 ], "texture": "#acacia_fence_gate_3", "rotation": 90 },
				"up": { "uv": [ 8.501249, 8.501249, 9.498751, 8.998751 ], "texture": "#acacia_fence_gate_3", "rotation": 270 },
				"north": { "uv": [ 7.00125, 6.001251, 7.49875, 7.498749 ], "texture": "#acacia_fence_gate_3" },
				"south": { "uv": [ 8.4376, 5.9999, 8.9376, 7.4999 ], "texture": "#acacia_fence_gate_1" },
				"west": { "uv": [ 6.50125, 6.001251, 7.49875, 7.498749 ], "texture": "#acacia_fence_gate_3" },
				"east": { "uv": [ 8.501249, 6.001251, 9.498751, 7.498749 ], "texture": "#acacia_fence_gate_3" }
			}
		},
		{
			"__comment": "Element",
			"from": [ 10.4379, 8.4985, 6.7507 ],
			"to": [ 10.9379, 8.9985, 7.2507 ],
			"faces": {
				"down": { "uv": [ 0.00125, 0.001249313, 15.99876, 15.99876 ], "texture": "#acacia_fence_gate_4", "rotation": 90 },
				"up": { "uv": [ 10.4379, 6.7507, 10.9379, 7.2507 ], "texture": "#acacia_fence_gate_1" },
				"north": { "uv": [ 0.00125, 0.001249313, 15.99876, 15.99876 ], "texture": "#acacia_fence_gate_4" },
				"south": { "uv": [ 0.00125, 0.001249313, 15.99876, 15.99876 ], "texture": "#acacia_fence_gate_4" },
				"west": { "uv": [ 0.00125, 0.001249313, 15.99876, 15.99876 ], "texture": "#acacia_fence_gate_4" },
				"east": { "uv": [ 0.00125, 0.001249313, 15.99876, 15.99876 ], "texture": "#acacia_fence_gate_4" }
			}
		},
		{
			"__comment": "Element",
			"from": [ 9.814099, 8.4987, 6.5014 ],
			"to": [ 10.3141, 9.9987, 7.5014 ],
			"faces": {
				"down": { "uv": [ 7.56125, 6.311249, 6.56375, 5.813751 ], "texture": "#acacia_fence_gate_3", "rotation": 90 },
				"up": { "uv": [ 8.438749, 5.813751, 9.436251, 6.311249 ], "texture": "#acacia_fence_gate_3", "rotation": 270 },
				"north": { "uv": [ 9.688749, 6.001251, 10.18626, 7.498749 ], "texture": "#acacia_fence_gate_3" },
				"south": { "uv": [ 9.814099, 6.0013, 10.3141, 7.5013 ], "texture": "#acacia_fence_gate_1" },
				"west": { "uv": [ 6.56375, 6.001251, 7.56125, 7.498749 ], "texture": "#acacia_fence_gate_3" },
				"east": { "uv": [ 8.438749, 6.001251, 9.436251, 7.498749 ], "texture": "#acacia_fence_gate_3" }
			}
		},
		{
			"__comment": "Element",
			"from": [ 8.5616, 2.9988, 7.7494 ],
			"to": [ 15.5616, 3.9988, 8.249399 ],
			"faces": {
				"down": { "uv": [ 8.501249, 8.001249, 15.49876, 8.498751 ], "texture": "#acacia_fence_gate_1" },
				"up": { "uv": [ 8.501249, 8.001249, 15.49876, 8.498751 ], "texture": "#acacia_fence_gate_1" },
				"north": { "uv": [ 0.50125, 12.00124, 7.498755, 12.99876 ], "texture": "#acacia_fence_gate_1" },
				"south": { "uv": [ 8.501249, 12.00124, 15.49876, 12.99876 ], "texture": "#acacia_fence_gate_1" },
				"west": { "uv": [ 7.7494, 12.0012, 8.249399, 13.0012 ], "texture": "#acacia_fence_gate_1" },
				"east": { "uv": [ 7.750601, 12.0012, 8.2506, 13.0012 ], "texture": "#acacia_fence_gate_1" }
			}
		},
		{
			"__comment": "Element",
			"from": [ 0.5607, 2.9992, 7.748 ],
			"to": [ 7.5607, 3.9992, 8.247997 ],
			"faces": {
				"down": { "uv": [ 0.00125, 8.001249, 15.99876, 11.49876 ], "texture": "#acacia_fence_gate_1" },
				"up": { "uv": [ 0.00125, 8.001249, 15.99876, 11.49876 ], "texture": "#acacia_fence_gate_1" },
				"north": { "uv": [ 0.00125, 7.501251, 15.99876, 11.99876 ], "texture": "#acacia_fence_gate_1" },
				"south": { "uv": [ 0.00125, 8.001249, 15.99876, 11.49876 ], "texture": "#acacia_fence_gate_1" },
				"west": { "uv": [ 7.748, 12.0008, 8.247997, 13.0008 ], "texture": "#acacia_fence_gate_1" },
				"east": { "uv": [ 7.752003, 12.0008, 8.252, 13.0008 ], "texture": "#acacia_fence_gate_1" }
			}
		},
		{
			"__comment": "Element",
			"from": [ 0.0623, 10.9978, 7.497 ],
			"to": [ 0.5623, 11.9978, 8.496998 ],
			"faces": {
				"down": { "uv": [ 0.00125, 0.001249313, 15.99876, 15.99876 ], "texture": "#acacia_fence_gate_2" },
				"up": { "uv": [ 0.00125, 0.001249313, 15.99876, 15.99876 ], "texture": "#acacia_fence_gate_2" },
				"north": { "uv": [ 0.00125, 0.001249313, 15.99876, 15.99876 ], "texture": "#acacia_fence_gate_2" },
				"south": { "uv": [ 0.00125, 0.001249313, 15.99876, 15.99876 ], "texture": "#acacia_fence_gate_2" },
				"west": { "uv": [ 0.00125, 0.001249313, 15.99876, 15.99876 ], "texture": "#acacia_fence_gate_2" },
				"east": { "uv": [ 7.503002, 4.0022, 8.503, 5.0022 ], "texture": "#acacia_fence_gate_1" }
			}
		},
		{
			"__comment": "Element",
			"from": [ 0.0605, 3.0002, 7.4996 ],
			"to": [ 0.560501, 4.0002, 8.4996 ],
			"faces": {
				"down": { "uv": [ 0.00125, 0.001249313, 15.99876, 15.99876 ], "texture": "#acacia_fence_gate_2" },
				"up": { "uv": [ 0.00125, 0.001249313, 15.99876, 15.99876 ], "texture": "#acacia_fence_gate_2" },
				"north": { "uv": [ 0.00125, 0.001249313, 15.99876, 15.99876 ], "texture": "#acacia_fence_gate_2" },
				"south": { "uv": [ 0.00125, 0.001249313, 15.99876, 15.99876 ], "texture": "#acacia_fence_gate_2" },
				"west": { "uv": [ 0.00125, 0.001249313, 15.99876, 15.99876 ], "texture": "#acacia_fence_gate_2" },
				"east": { "uv": [ 7.5004, 11.9998, 8.500401, 12.9998 ], "texture": "#acacia_fence_gate_1" }
			}
		},
		{
			"__comment": "Element",
			"from": [ 15.561, 3.0005, 7.4979 ],
			"to": [ 16.061, 4.000499, 8.4979 ],
			"faces": {
				"down": { "uv": [ 0.00125, 0.001249313, 15.99876, 15.99876 ], "texture": "#acacia_fence_gate_2" },
				"up": { "uv": [ 0.00125, 0.001249313, 15.99876, 15.99876 ], "texture": "#acacia_fence_gate_2" },
				"north": { "uv": [ 0.00125, 0.001249313, 15.99876, 15.99876 ], "texture": "#acacia_fence_gate_2" },
				"south": { "uv": [ 0.00125, 0.001249313, 15.99876, 15.99876 ], "texture": "#acacia_fence_gate_2" },
				"west": { "uv": [ 7.4979, 11.9995, 8.4979, 12.9995 ], "texture": "#acacia_fence_gate_1" },
				"east": { "uv": [ 0.00125, 0.001249313, 15.99876, 15.99876 ], "texture": "#acacia_fence_gate_2" }
			}
		},
		{
			"__comment": "Element",
			"from": [ 15.5618, 10.9988, 7.4985 ],
			"to": [ 16.0618, 11.9988, 8.498499 ],
			"faces": {
				"down": { "uv": [ 0.00125, 0.001249313, 15.99876, 15.99876 ], "texture": "#acacia_fence_gate_2" },
				"up": { "uv": [ 0.00125, 0.001249313, 15.99876, 15.99876 ], "texture": "#acacia_fence_gate_2" },
				"north": { "uv": [ 0.00125, 0.001249313, 15.99876, 15.99876 ], "texture": "#acacia_fence_gate_2" },
				"south": { "uv": [ 0.00125, 0.001249313, 15.99876, 15.99876 ], "texture": "#acacia_fence_gate_2" },
				"west": { "uv": [ 7.4985, 4.0012, 8.498499, 5.0012 ], "texture": "#acacia_fence_gate_1" },
				"east": { "uv": [ 0.00125, 0.001249313, 15.99876, 15.99876 ], "texture": "#acacia_fence_gate_2" }
			}
		},
		{
			"__comment": "Element",
			"from": [ 5.6859, 8.4987, 8.4987 ],
			"to": [ 6.185901, 9.9987, 9.4987 ],
			"faces": {
				"down": { "uv": [ 7.56125, 6.311249, 6.56375, 5.813751 ], "texture": "#acacia_fence_gate_3", "rotation": 270 },
				"up": { "uv": [ 8.438749, 5.813751, 9.436251, 6.311249 ], "texture": "#acacia_fence_gate_3", "rotation": 90 },
				"north": { "uv": [ 9.814098, 6.0013, 10.3141, 7.5013 ], "texture": "#acacia_fence_gate_1" },
				"south": { "uv": [ 9.688749, 6.001251, 10.18626, 7.498749 ], "texture": "#acacia_fence_gate_3" },
				"west": { "uv": [ 8.438749, 6.001251, 9.436251, 7.498749 ], "texture": "#acacia_fence_gate_3" },
				"east": { "uv": [ 6.56375, 6.001251, 7.56125, 7.498749 ], "texture": "#acacia_fence_gate_3" }
			}
		},
		{
			"__comment": "Element",
			"from": [ 7.0624, 8.5001, 8.498099 ],
			"to": [ 7.5624, 10.0001, 9.498099 ],
			"faces": {
				"down": { "uv": [ 7.49875, 8.998751, 6.50125, 8.501249 ], "texture": "#acacia_fence_gate_3", "rotation": 270 },
				"up": { "uv": [ 8.501249, 8.501249, 9.498751, 8.998751 ], "texture": "#acacia_fence_gate_3", "rotation": 90 },
				"north": { "uv": [ 8.4376, 5.9999, 8.9376, 7.4999 ], "texture": "#acacia_fence_gate_1" },
				"south": { "uv": [ 7.00125, 6.001251, 7.49875, 7.498749 ], "texture": "#acacia_fence_gate_3" },
				"west": { "uv": [ 8.501249, 6.001251, 9.498751, 7.498749 ], "texture": "#acacia_fence_gate_3" },
				"east": { "uv": [ 6.50125, 6.001251, 7.49875, 7.498749 ], "texture": "#acacia_fence_gate_3" }
			}
		},
		{
			"__comment": "Element",
			"from": [ 8.4361, 8.4991, 8.4997 ],
			"to": [ 8.9361, 9.9991, 9.4997 ],
			"faces": {
				"down": { "uv": [ 7.49875, 7.498749, 6.50125, 7.001251 ], "texture": "#acacia_fence_gate_3", "rotation": 270 },
				"up": { "uv": [ 8.501249, 7.001251, 9.498751, 7.498749 ], "texture": "#acacia_fence_gate_3", "rotation": 90 },
				"north": { "uv": [ 7.0639, 6.0009, 7.5639, 7.5009 ], "texture": "#acacia_fence_gate_1" },
				"south": { "uv": [ 8.501249, 6.001251, 8.998751, 7.498749 ], "texture": "#acacia_fence_gate_3" },
				"west": { "uv": [ 8.501249, 6.001251, 9.498751, 7.498749 ], "texture": "#acacia_fence_gate_3" },
				"east": { "uv": [ 6.50125, 6.001251, 7.49875, 7.498749 ], "texture": "#acacia_fence_gate_3" }
			}
		},
		{
			"__comment": "Element",
			"from": [ 5.0597, 8.9985, 8.7483 ],
			"to": [ 10.0597, 9.4985, 9.2483 ],
			"faces": {
				"down": { "uv": [ 0.00125, 0.001249313, 15.99876, 15.99876 ], "texture": "#acacia_fence_gate_4", "rotation": 90 },
				"up": { "uv": [ 0.00125, 0.001249313, 15.99876, 15.99876 ], "texture": "#acacia_fence_gate_4", "rotation": 90 },
				"north": { "uv": [ 0.00125, 0.001249313, 15.99876, 15.99876 ], "texture": "#acacia_fence_gate_4", "rotation": 270 },
				"south": { "uv": [ 0.00125, 0.001249313, 15.99876, 15.99876 ], "texture": "#acacia_fence_gate_4", "rotation": 270 },
				"west": { "uv": [ 0.00125, 0.001249313, 15.99876, 15.99876 ], "texture": "#acacia_fence_gate_4" },
				"east": { "uv": [ 0.00125, 0.001249313, 15.99876, 15.99876 ], "texture": "#acacia_fence_gate_4" }
			}
		},
		{
			"__comment": "Element",
			"from": [ 5.0621, 8.4985, 8.7494 ],
			"to": [ 5.5621, 8.9985, 9.2494 ],
			"faces": {
				"down": { "uv": [ 0.00125, 0.001249313, 15.99876, 15.99876 ], "texture": "#acacia_fence_gate_4", "rotation": 270 },
				"up": { "uv": [ 5.0621, 8.7494, 5.5621, 9.2494 ], "texture": "#acacia_fence_gate_1" },
				"north": { "uv": [ 0.00125, 0.001249313, 15.99876, 15.99876 ], "texture": "#acacia_fence_gate_4" },
				"south": { "uv": [ 0.00125, 0.001249313, 15.99876, 15.99876 ], "texture": "#acacia_fence_gate_4" },
				"west": { "uv": [ 0.00125, 0.001249313, 15.99876, 15.99876 ], "texture": "#acacia_fence_gate_4" },
				"east": { "uv": [ 0.00125, 0.001249313, 15.99876, 15.99876 ], "texture": "#acacia_fence_gate_4" }
			}
		}
	],
	"display": {
		"thirdperson_righthand": {
			"rotation":  [ 90, 90, 0 ],
			"translation":  [ 0, -2, -1 ],
			"scale":  [ 0.4, 0.4, 0.4 ]
		},
		"thirdperson_lefthand": {
			"rotation":  [ 90, 90, 0 ],
			"translation":  [ 0, -2, -1 ],
			"scale":  [ 0.5, 0.5, 0.5 ]
		},
		"firstperson_righthand": {
			"rotation":  [ 0, -60, 0 ],
			"translation":  [ 0, 2, 0 ],
			"scale":  [ 0.4, 0.4, 0.4 ]
		},
		"firstperson_lefthand": {
			"rotation":  [ 0, -60, 0 ],
			"translation":  [ 0, 2, 0 ],
			"scale":  [ 0.4, 0.4, 0.4 ]
		},
		"gui": {
			"rotation":  [ 30, 135, 0 ],
			"translation":  [ 0, 0, 7 ],
			"scale":  [ 0.9, 0.9, 0.9 ]
		},
		"ground": {
			"translation":  [ 0, 3, 0 ],
			"scale":  [ 0.25, 0.25, 0.25 ]
		}
	}
}