{
	"__comment": "Designed by Intermacgod with BDcraft Cubik PRO 0.87 Beta - http://bdcraft.net",
	"gui_light": "front",
	"ambientocclusion": false,
	"textures": {
		"particle": "block/a/acacia_trapdoor/acacia_trapdoor",
		"acacia_trapdoor_1": "block/a/acacia_trapdoor/acacia_trapdoor_1",
		"acacia_trapdoor_2": "block/a/acacia_trapdoor/acacia_trapdoor_2",
		"acacia_trapdoor_3": "block/a/acacia_trapdoor/acacia_trapdoor_3",
		"acacia_trapdoor_4": "block/a/acacia_trapdoor/acacia_trapdoor_4"
	},
	"elements": [ 	 
		{
			"__comment": "Element",
			"from": [ 0, 15.5, 0 ],
			"to": [ 2, 16, 2 ],
			"faces": {
				"up": { "uv": [ 0.00125, 0.001249313, 15.99876, 15.99876 ], "texture": "#acacia_trapdoor_2", "cullface": "up" },
				"north": { "uv": [ 0.00125, 0.001249313, 15.99876, 15.99876 ], "texture": "#acacia_trapdoor_2", "cullface": "north" },
				"south": { "uv": [ 0.00125, 0.001249313, 15.99876, 15.99876 ], "texture": "#acacia_trapdoor_2" },
				"west": { "uv": [ 0.00125, 0.001249313, 15.99876, 15.99876 ], "texture": "#acacia_trapdoor_2", "cullface": "west" },
				"east": { "uv": [ 0.00125, 0.001249313, 15.99876, 15.99876 ], "texture": "#acacia_trapdoor_2" }
			}
		},
		{
			"__comment": "Element",
			"from": [ 13.9978, 15.5005, 0.001 ],
			"to": [ 15.9978, 16.0005, 2.000999 ],
			"faces": {
				"up": { "uv": [ 0.00125, 0.001249313, 15.99876, 15.99876 ], "texture": "#acacia_trapdoor_2", "cullface": "up" },
				"north": { "uv": [ 0.00125, 0.001249313, 15.99876, 15.99876 ], "texture": "#acacia_trapdoor_2", "cullface": "north" },
				"south": { "uv": [ 0.00125, 0.001249313, 15.99876, 15.99876 ], "texture": "#acacia_trapdoor_2" },
				"west": { "uv": [ 0.00125, 0.001249313, 15.99876, 15.99876 ], "texture": "#acacia_trapdoor_2" },
				"east": { "uv": [ 0.00125, 0.001249313, 15.99876, 15.99876 ], "texture": "#acacia_trapdoor_2", "cullface": "east" }
			}
		},
		{
			"__comment": "Element",
			"from": [ 13.9999, 15.5005, 13.9991 ],
			"to": [ 15.9999, 16.0005, 15.9991 ],
			"faces": {
				"up": { "uv": [ 0.00125, 0.001249313, 15.99876, 15.99876 ], "texture": "#acacia_trapdoor_2", "cullface": "up" },
				"north": { "uv": [ 0.00125, 0.001249313, 15.99876, 15.99876 ], "texture": "#acacia_trapdoor_2" },
				"south": { "uv": [ 0.00125, 0.001249313, 15.99876, 15.99876 ], "texture": "#acacia_trapdoor_2", "cullface": "south" },
				"west": { "uv": [ 0.00125, 0.001249313, 15.99876, 15.99876 ], "texture": "#acacia_trapdoor_2" },
				"east": { "uv": [ 0.00125, 0.001249313, 15.99876, 15.99876 ], "texture": "#acacia_trapdoor_2", "cullface": "east" }
			}
		},
		{
			"__comment": "Element",
			"from": [ -0.0003, 15.5011, 14.0023 ],
			"to": [ 1.9997, 16.0011, 16.0023 ],
			"faces": {
				"up": { "uv": [ 0.00125, 0.001249313, 15.99876, 15.99876 ], "texture": "#acacia_trapdoor_2", "cullface": "up" },
				"north": { "uv": [ 0.00125, 0.001249313, 15.99876, 15.99876 ], "texture": "#acacia_trapdoor_2" },
				"south": { "uv": [ 0.00125, 0.001249313, 15.99876, 15.99876 ], "texture": "#acacia_trapdoor_2", "cullface": "south" },
				"west": { "uv": [ 0.00125, 0.001249313, 15.99876, 15.99876 ], "texture": "#acacia_trapdoor_2", "cullface": "west" },
				"east": { "uv": [ 0.00125, 0.001249313, 15.99876, 15.99876 ], "texture": "#acacia_trapdoor_2" }
			}
		},
		{
			"__comment": "Element",
			"from": [ -0.0003, 14.0004, 0.0005 ],
			"to": [ 1.9997, 14.5004, 2.0005 ],
			"faces": {
				"down": { "uv": [ 0.00125, 0.001249313, 15.99876, 15.99876 ], "texture": "#acacia_trapdoor_2", "cullface": "down" },
				"north": { "uv": [ 0.00125, 0.001249313, 15.99876, 15.99876 ], "texture": "#acacia_trapdoor_2", "cullface": "north" },
				"south": { "uv": [ 0.00125, 0.001249313, 15.99876, 15.99876 ], "texture": "#acacia_trapdoor_2" },
				"west": { "uv": [ 0.00125, 0.001249313, 15.99876, 15.99876 ], "texture": "#acacia_trapdoor_2", "cullface": "west" },
				"east": { "uv": [ 0.00125, 0.001249313, 15.99876, 15.99876 ], "texture": "#acacia_trapdoor_2" }
			}
		},
		{
			"__comment": "Element",
			"from": [ -0.0015, 13.9999, 14.0007 ],
			"to": [ 1.9985, 14.4999, 16.0007 ],
			"faces": {
				"down": { "uv": [ 0.00125, 0.001249313, 15.99876, 15.99876 ], "texture": "#acacia_trapdoor_2", "cullface": "down" },
				"north": { "uv": [ 0.00125, 0.001249313, 15.99876, 15.99876 ], "texture": "#acacia_trapdoor_2" },
				"south": { "uv": [ 0.00125, 0.001249313, 15.99876, 15.99876 ], "texture": "#acacia_trapdoor_2", "cullface": "south" },
				"west": { "uv": [ 0.00125, 0.001249313, 15.99876, 15.99876 ], "texture": "#acacia_trapdoor_2", "cullface": "west" },
				"east": { "uv": [ 0.00125, 0.001249313, 15.99876, 15.99876 ], "texture": "#acacia_trapdoor_2" }
			}
		},
		{
			"__comment": "Element",
			"from": [ 13.9993, 14.0007, 0.0009 ],
			"to": [ 15.9993, 14.5007, 2.0009 ],
			"faces": {
				"down": { "uv": [ 0.00125, 0.001249313, 15.99876, 15.99876 ], "texture": "#acacia_trapdoor_2", "cullface": "down" },
				"north": { "uv": [ 0.00125, 0.001249313, 15.99876, 15.99876 ], "texture": "#acacia_trapdoor_2", "cullface": "north" },
				"south": { "uv": [ 0.00125, 0.001249313, 15.99876, 15.99876 ], "texture": "#acacia_trapdoor_2" },
				"west": { "uv": [ 0.00125, 0.001249313, 15.99876, 15.99876 ], "texture": "#acacia_trapdoor_2" },
				"east": { "uv": [ 0.00125, 0.001249313, 15.99876, 15.99876 ], "texture": "#acacia_trapdoor_2", "cullface": "east" }
			}
		},
		{
			"__comment": "Element",
			"from": [ 14.001, 13.9992, 14.0015 ],
			"to": [ 16.001, 14.4992, 16.0015 ],
			"faces": {
				"down": { "uv": [ 0.00125, 0.001249313, 15.99876, 15.99876 ], "texture": "#acacia_trapdoor_2", "cullface": "down" },
				"north": { "uv": [ 0.00125, 0.001249313, 15.99876, 15.99876 ], "texture": "#acacia_trapdoor_2" },
				"south": { "uv": [ 0.00125, 0.001249313, 15.99876, 15.99876 ], "texture": "#acacia_trapdoor_2", "cullface": "south" },
				"west": { "uv": [ 0.00125, 0.001249313, 15.99876, 15.99876 ], "texture": "#acacia_trapdoor_2" },
				"east": { "uv": [ 0.00125, 0.001249313, 15.99876, 15.99876 ], "texture": "#acacia_trapdoor_2", "cullface": "east" }
			}
		},
		{
			"__comment": "Element",
			"from": [ 1.9997, 14.5006, 13.5003 ],
			"to": [ 13.9997, 15.5006, 14.0003 ],
			"faces": {
				"down": { "uv": [ 13.99876, 13.99876, 2.001249, 13.50124 ], "texture": "#acacia_trapdoor_3" },
				"up": { "uv": [ 2.00125, 13.50124, 13.99875, 13.99876 ], "texture": "#acacia_trapdoor_3" },
				"north": { "uv": [ 2.00125, 9.501249, 13.99875, 10.49876 ], "texture": "#acacia_trapdoor_3" }
			}
		},
		{
			"__comment": "Element",
			"from": [ 2.0015, 14.5011, 1.9994 ],
			"to": [ 14.0015, 15.5011, 2.4994 ],
			"faces": {
				"down": { "uv": [ 13.99876, 2.49875, 2.001249, 2.00125 ], "texture": "#acacia_trapdoor_3" },
				"up": { "uv": [ 2.00125, 2.00125, 13.99875, 2.49875 ], "texture": "#acacia_trapdoor_3" },
				"south": { "uv": [ 2.00125, 9.501249, 13.99875, 10.49876 ], "texture": "#acacia_trapdoor_3" }
			}
		},
		{
			"__comment": "Element",
			"from": [ 1.9999, 14.4996, 2.5012 ],
			"to": [ 2.4999, 15.4996, 13.5012 ],
			"faces": {
				"down": { "uv": [ 13.99876, 13.49876, 13.50124, 2.501249 ], "texture": "#acacia_trapdoor_3" },
				"up": { "uv": [ 13.50124, 2.50125, 13.99876, 13.49876 ], "texture": "#acacia_trapdoor_3" },
				"east": { "uv": [ 2.50125, 9.501249, 13.49875, 10.49876 ], "texture": "#acacia_trapdoor_3" }
			}
		},
		{
			"__comment": "Element",
			"from": [ 13.5004, 14.5, 2.5005 ],
			"to": [ 14.0004, 15.5, 13.5005 ],
			"faces": {
				"down": { "uv": [ 13.99876, 13.49876, 13.50124, 2.501249 ], "texture": "#acacia_trapdoor_3" },
				"up": { "uv": [ 13.50124, 2.50125, 13.99876, 13.49876 ], "texture": "#acacia_trapdoor_3" },
				"west": { "uv": [ 2.50125, 9.501249, 13.49875, 10.49876 ], "texture": "#acacia_trapdoor_3" }
			}
		},
		{
			"__comment": "Element",
			"from": [ 5.4988, 14.5015, 2.501 ],
			"to": [ 6.4988, 15.5015, 13.501 ],
			"faces": {
				"down": { "uv": [ 5.50125, 2.50125, 6.49875, 13.49876 ], "texture": "#acacia_trapdoor_1" },
				"up": { "uv": [ 5.50125, 2.50125, 6.49875, 13.49876 ], "texture": "#acacia_trapdoor_1" },
				"west": { "uv": [ 2.50125, 14.50124, 13.49875, 15.49876 ], "texture": "#acacia_trapdoor_1" },
				"east": { "uv": [ 2.50125, 14.50124, 13.49875, 15.49876 ], "texture": "#acacia_trapdoor_1" }
			}
		},
		{
			"__comment": "Element",
			"from": [ 9.4993, 14.4996, 2.5009 ],
			"to": [ 10.4993, 15.4996, 13.50091 ],
			"faces": {
				"down": { "uv": [ 9.501249, 2.50125, 10.49876, 13.49876 ], "texture": "#acacia_trapdoor_1" },
				"up": { "uv": [ 9.501249, 2.50125, 10.49876, 13.49876 ], "texture": "#acacia_trapdoor_1" },
				"west": { "uv": [ 2.50125, 14.50124, 13.49875, 15.49876 ], "texture": "#acacia_trapdoor_1" },
				"east": { "uv": [ 2.50125, 14.50124, 13.49875, 15.49876 ], "texture": "#acacia_trapdoor_1" }
			}
		},
		{
			"__comment": "Element",
			"from": [ 2.5, 14.5003, 5.5001 ],
			"to": [ 5.5, 15.5003, 6.5001 ],
			"faces": {
				"down": { "uv": [ 2.50125, 9.501249, 5.49875, 10.49876 ], "texture": "#acacia_trapdoor_1" },
				"up": { "uv": [ 2.50125, 5.501251, 5.49875, 6.498749 ], "texture": "#acacia_trapdoor_1" },
				"north": { "uv": [ 10.50124, 14.50124, 13.49876, 15.49876 ], "texture": "#acacia_trapdoor_1" },
				"south": { "uv": [ 2.50125, 14.50124, 5.49875, 15.49876 ], "texture": "#acacia_trapdoor_1" }
			}
		},
		{
			"__comment": "Element",
			"from": [ 6.4993, 14.5008, 5.4993 ],
			"to": [ 9.499302, 15.5008, 6.4993 ],
			"faces": {
				"down": { "uv": [ 6.50125, 9.501249, 9.498751, 10.49876 ], "texture": "#acacia_trapdoor_1" },
				"up": { "uv": [ 6.50125, 5.501251, 9.498751, 6.498749 ], "texture": "#acacia_trapdoor_1" },
				"north": { "uv": [ 6.50125, 14.50124, 9.498751, 15.49876 ], "texture": "#acacia_trapdoor_1" },
				"south": { "uv": [ 6.50125, 14.50124, 9.498751, 15.49876 ], "texture": "#acacia_trapdoor_1" }
			}
		},
		{
			"__comment": "Element",
			"from": [ 10.5007, 14.5009, 5.5011 ],
			"to": [ 13.5007, 15.5009, 6.5011 ],
			"faces": {
				"down": { "uv": [ 10.50124, 9.501249, 13.49876, 10.49876 ], "texture": "#acacia_trapdoor_1" },
				"up": { "uv": [ 10.50124, 5.501251, 13.49876, 6.498749 ], "texture": "#acacia_trapdoor_1" },
				"north": { "uv": [ 2.50125, 14.50124, 5.49875, 15.49876 ], "texture": "#acacia_trapdoor_1" },
				"south": { "uv": [ 10.50124, 14.50124, 13.49876, 15.49876 ], "texture": "#acacia_trapdoor_1" }
			}
		},
		{
			"__comment": "Element",
			"from": [ 10.5, 14.5011, 9.4994 ],
			"to": [ 13.5, 15.5011, 10.49939 ],
			"faces": {
				"down": { "uv": [ 10.50124, 5.501251, 13.49876, 6.498749 ], "texture": "#acacia_trapdoor_1" },
				"up": { "uv": [ 10.50124, 9.501249, 13.49876, 10.49876 ], "texture": "#acacia_trapdoor_1" },
				"north": { "uv": [ 2.50125, 14.50124, 5.49875, 15.49876 ], "texture": "#acacia_trapdoor_1" },
				"south": { "uv": [ 10.50124, 14.50124, 13.49876, 15.49876 ], "texture": "#acacia_trapdoor_1" }
			}
		},
		{
			"__comment": "Element",
			"from": [ 2.4989, 14.5001, 9.5018 ],
			"to": [ 5.498899, 15.5001, 10.5018 ],
			"faces": {
				"down": { "uv": [ 2.50125, 5.501251, 5.49875, 6.498749 ], "texture": "#acacia_trapdoor_1" },
				"up": { "uv": [ 2.50125, 9.501249, 5.49875, 10.49876 ], "texture": "#acacia_trapdoor_1" },
				"north": { "uv": [ 10.50124, 14.50124, 13.49876, 15.49876 ], "texture": "#acacia_trapdoor_1" },
				"south": { "uv": [ 2.50125, 14.50124, 5.49875, 15.49876 ], "texture": "#acacia_trapdoor_1" }
			}
		},
		{
			"__comment": "Element",
			"from": [ 6.5006, 14.5008, 9.500299 ],
			"to": [ 9.500599, 15.5008, 10.5003 ],
			"faces": {
				"down": { "uv": [ 6.50125, 5.501251, 9.498751, 6.498749 ], "texture": "#acacia_trapdoor_1" },
				"up": { "uv": [ 6.50125, 9.501249, 9.498751, 10.49876 ], "texture": "#acacia_trapdoor_1" },
				"north": { "uv": [ 6.50125, 14.50124, 9.498751, 15.49876 ], "texture": "#acacia_trapdoor_1" },
				"south": { "uv": [ 6.50125, 14.50124, 9.498751, 15.49876 ], "texture": "#acacia_trapdoor_1" }
			}
		},
		{
			"__comment": "Element",
			"from": [ -0.0004, 14.4999, -0.0004 ],
			"to": [ 1.9996, 15.4999, 15.9996 ],
			"faces": {
				"down": { "uv": [ 15.99876, 15.49876, 13.50124, 0.001249313 ], "texture": "#acacia_trapdoor_1" },
				"up": { "uv": [ 0.50125, 0.001249313, 3.49875, 15.99876 ], "texture": "#acacia_trapdoor_1" },
				"north": { "uv": [ 14.00124, 14.50124, 15.99876, 15.49876 ], "texture": "#acacia_trapdoor_1", "cullface": "north" },
				"south": { "uv": [ 0.50125, 14.50124, 2.49875, 15.49876 ], "texture": "#acacia_trapdoor_1", "cullface": "south" },
				"west": { "uv": [ 4.50125, 0.001249313, 5.99875, 15.99876 ], "texture": "#acacia_trapdoor_1", "cullface": "west", "rotation": 270 },
				"east": { "uv": [ 4.50125, 0.001249313, 5.99875, 15.99876 ], "texture": "#acacia_trapdoor_1" }
			}
		},
		{
			"__comment": "Element",
			"from": [ 13.9995, 14.502, 0.0007 ],
			"to": [ 15.9995, 15.502, 16.0007 ],
			"faces": {
				"down": { "uv": [ 6.99875, 15.99876, 4.50125, 0.001249313 ], "texture": "#acacia_trapdoor_1" },
				"up": { "uv": [ 13.00124, 0.001249313, 15.49876, 15.99876 ], "texture": "#acacia_trapdoor_1" },
				"north": { "uv": [ 1.00125, 13.50124, 2.99875, 14.49876 ], "texture": "#acacia_trapdoor_1", "cullface": "north" },
				"south": { "uv": [ 13.50124, 13.00124, 15.49876, 13.99876 ], "texture": "#acacia_trapdoor_1", "cullface": "south" },
				"west": { "uv": [ 5.00125, 0.001249313, 7.49875, 15.99876 ], "texture": "#acacia_trapdoor_1", "rotation": 270 },
				"east": { "uv": [ 9.001249, 0.001249313, 11.49876, 15.99876 ], "texture": "#acacia_trapdoor_1", "cullface": "east", "rotation": 270 }
			}
		},
		{
			"__comment": "Element",
			"from": [ 2.0006, 14.4998, 0.0007 ],
			"to": [ 14.0006, 15.4998, 2.0007 ],
			"faces": {
				"down": { "uv": [ 0.00125, 2.99875, 14.99876, 0.001249313 ], "texture": "#acacia_trapdoor_1" },
				"up": { "uv": [ 0.00125, 0.001249313, 13.99876, 3.49875 ], "texture": "#acacia_trapdoor_1" },
				"north": { "uv": [ 0.00125, 13.00124, 15.99876, 15.49876 ], "texture": "#acacia_trapdoor_1", "cullface": "north" }
			}
		},
		{
			"__comment": "Element",
			"from": [ 2.0003, 14.5016, 13.999 ],
			"to": [ 14.0003, 15.5016, 15.999 ],
			"faces": {
				"down": { "uv": [ 15.99876, 15.49876, 0.001249313, 12.00124 ], "texture": "#acacia_trapdoor_1" },
				"up": { "uv": [ 0.00125, 8.001249, 15.99876, 11.49876 ], "texture": "#acacia_trapdoor_1" },
				"south": { "uv": [ 0.00125, 13.50124, 15.49876, 15.99876 ], "texture": "#acacia_trapdoor_1", "cullface": "south" }
			}
		},
		{
			"__comment": "PlaneY26",
			"from": [ 2.5011, 14.999, 2.5001 ],
			"to": [ 5.5011, 15, 5.5001 ],
			"faces": {
				"down": { "uv": [ 0.00125, 0.001249313, 15.99876, 15.99876 ], "texture": "#acacia_trapdoor_4" },
				"up": { "uv": [ 0.00125, 0.001249313, 15.99876, 15.99876 ], "texture": "#acacia_trapdoor_4" }
			}
		},
		{
			"__comment": "PlaneY26",
			"from": [ 6.5002, 14.9999, 2.501 ],
			"to": [ 9.500199, 15.0009, 5.501 ],
			"faces": {
				"down": { "uv": [ 0.00125, 0.001249313, 15.99876, 15.99876 ], "texture": "#acacia_trapdoor_4" },
				"up": { "uv": [ 0.00125, 0.001249313, 15.99876, 15.99876 ], "texture": "#acacia_trapdoor_4" }
			}
		},
		{
			"__comment": "PlaneY26",
			"from": [ 10.4996, 15.0004, 2.5013 ],
			"to": [ 13.4996, 15.0014, 5.5013 ],
			"faces": {
				"down": { "uv": [ 0.00125, 0.001249313, 15.99876, 15.99876 ], "texture": "#acacia_trapdoor_4" },
				"up": { "uv": [ 0.00125, 0.001249313, 15.99876, 15.99876 ], "texture": "#acacia_trapdoor_4" }
			}
		},
		{
			"__comment": "PlaneY26",
			"from": [ 10.4986, 15.0013, 6.5014 ],
			"to": [ 13.4986, 15.0023, 9.501398 ],
			"faces": {
				"down": { "uv": [ 0.00125, 0.001249313, 15.99876, 15.99876 ], "texture": "#acacia_trapdoor_4" },
				"up": { "uv": [ 0.00125, 0.001249313, 15.99876, 15.99876 ], "texture": "#acacia_trapdoor_4" }
			}
		},
		{
			"__comment": "PlaneY26",
			"from": [ 6.4997, 15.0006, 6.5015 ],
			"to": [ 9.499701, 15.0016, 9.501501 ],
			"faces": {
				"down": { "uv": [ 0.00125, 0.001249313, 15.99876, 15.99876 ], "texture": "#acacia_trapdoor_4" },
				"up": { "uv": [ 0.00125, 0.001249313, 15.99876, 15.99876 ], "texture": "#acacia_trapdoor_4" }
			}
		},
		{
			"__comment": "PlaneY26",
			"from": [ 2.501, 15.0006, 6.5001 ],
			"to": [ 5.500999, 15.0016, 9.500099 ],
			"faces": {
				"down": { "uv": [ 0.00125, 0.001249313, 15.99876, 15.99876 ], "texture": "#acacia_trapdoor_4" },
				"up": { "uv": [ 0.00125, 0.001249313, 15.99876, 15.99876 ], "texture": "#acacia_trapdoor_4" }
			}
		},
		{
			"__comment": "PlaneY26",
			"from": [ 2.5003, 15.0005, 10.5008 ],
			"to": [ 5.5003, 15.0015, 13.5008 ],
			"faces": {
				"down": { "uv": [ 0.00125, 0.001249313, 15.99876, 15.99876 ], "texture": "#acacia_trapdoor_4" },
				"up": { "uv": [ 0.00125, 0.001249313, 15.99876, 15.99876 ], "texture": "#acacia_trapdoor_4" }
			}
		},
		{
			"__comment": "PlaneY26",
			"from": [ 6.5009, 14.9999, 10.5013 ],
			"to": [ 9.500898, 15.0009, 13.5013 ],
			"faces": {
				"down": { "uv": [ 0.00125, 0.001249313, 15.99876, 15.99876 ], "texture": "#acacia_trapdoor_4" },
				"up": { "uv": [ 0.00125, 0.001249313, 15.99876, 15.99876 ], "texture": "#acacia_trapdoor_4" }
			}
		},
		{
			"__comment": "PlaneY26",
			"from": [ 10.499, 15.0002, 10.5023 ],
			"to": [ 13.499, 15.0012, 13.5023 ],
			"faces": {
				"down": { "uv": [ 0.00125, 0.001249313, 15.99876, 15.99876 ], "texture": "#acacia_trapdoor_4" },
				"up": { "uv": [ 0.00125, 0.001249313, 15.99876, 15.99876 ], "texture": "#acacia_trapdoor_4" }
			}
		}
	],
	"display": {
		"thirdperson_righthand": {
			"rotation":  [ 75, 45, 0 ],
			"translation":  [ 0, 3.5, 3 ],
			"scale":  [ 0.375, 0.375, 0.375 ]
		},
		"thirdperson_lefthand": {
			"rotation":  [ 75, 45, 0 ],
			"translation":  [ 0, 3.5, 3 ],
			"scale":  [ 0.375, 0.375, 0.375 ]
		},
		"firstperson_righthand": {
			"rotation":  [ 0, 45, 0 ],
			"translation":  [ 0, 4, 0 ],
			"scale":  [ 0.4, 0.4, 0.4 ]
		},
		"firstperson_lefthand": {
			"rotation":  [ 0, 45, 0 ],
			"translation":  [ 0, 4, 0 ],
			"scale":  [ 0.4, 0.4, 0.4 ]
		},
		"gui": {
			"rotation":  [ 30, 225, 0 ],
			"scale":  [ 0.625, 0.625, 0.625 ]
		},
		"ground": {
			"translation":  [ 0, 3, 0 ],
			"scale":  [ 0.25, 0.25, 0.25 ]
		},
		"fixed": {
			"rotation":  [ -90, 0, 0 ],
			"translation":  [ 0, 0, -3 ],
			"scale":  [ 0.5, 0.5, 0.5 ]
		}
	}
}