{
	"__comment": "Designed by Interhell2000 with Cubik Studio - https://cubik.studio",
	"gui_light": "front",
	"ambientocclusion": false,
	"textures": {
		"particle": "block/a/acacia_stairs/acacia_stairs_outer",
		"acacia_stairs_1": "block/a/acacia_stairs/acacia_stairs_1"
	},
	"elements": [ 	 
		{
			"__comment": "Box1",
			"from": [ 0, 0, 0 ],
			"to": [ 16, 4, 16 ],
			"faces": {
				"down": { "uv": [ 0.000625, 0.000624657, 15.99938, 15.99938 ], "texture": "#acacia_stairs_1", "cullface": "down" },
				"up": { "uv": [ 0.000625, 0.000624657, 15.99938, 15.99938 ], "texture": "#acacia_stairs_1" },
				"north": { "uv": [ 0.000625, 12.00062, 15.99938, 15.99938 ], "texture": "#acacia_stairs_1", "cullface": "north" },
				"south": { "uv": [ 0.000625, 12.00062, 15.99938, 15.99938 ], "texture": "#acacia_stairs_1", "cullface": "south" },
				"west": { "uv": [ 0.000625, 12.00062, 15.99938, 15.99938 ], "texture": "#acacia_stairs_1", "cullface": "west" },
				"east": { "uv": [ 0.000625, 12.00062, 15.99938, 15.99938 ], "texture": "#acacia_stairs_1", "cullface": "east" }
			}
		},
		{
			"__comment": "Box2",
			"from": [ 4.0007, 3.9993, 4.0009 ],
			"to": [ 16.0007, 7.9993, 16.0009 ],
			"faces": {
				"up": { "uv": [ 4.000625, 4.000626, 15.99938, 15.99938 ], "texture": "#acacia_stairs_1" },
				"north": { "uv": [ 0.000625, 8.000625, 11.99938, 11.99938 ], "texture": "#acacia_stairs_1" },
				"south": { "uv": [ 4.000625, 8.000625, 15.99938, 11.99938 ], "texture": "#acacia_stairs_1", "cullface": "south" },
				"west": { "uv": [ 4.000625, 8.000625, 15.99938, 11.99938 ], "texture": "#acacia_stairs_1" },
				"east": { "uv": [ 0.000625, 8.000625, 11.99938, 11.99938 ], "texture": "#acacia_stairs_1", "cullface": "east" }
			}
		},
		{
			"__comment": "Box3",
			"from": [ 8.0002, 8.000299, 7.9999 ],
			"to": [ 16.00021, 12.0003, 15.9999 ],
			"faces": {
				"up": { "uv": [ 8.000625, 8.000625, 15.99938, 15.99938 ], "texture": "#acacia_stairs_1" },
				"north": { "uv": [ 0.000625, 4.000626, 7.999375, 7.999374 ], "texture": "#acacia_stairs_1" },
				"south": { "uv": [ 8.000625, 4.000626, 15.99938, 7.999374 ], "texture": "#acacia_stairs_1", "cullface": "south" },
				"west": { "uv": [ 8.000625, 4.000626, 15.99938, 7.999374 ], "texture": "#acacia_stairs_1" },
				"east": { "uv": [ 0.000625, 4.000626, 7.999375, 7.999374 ], "texture": "#acacia_stairs_1", "cullface": "east" }
			}
		},
		{
			"__comment": "Box5",
			"from": [ 11.9992, 11.9992, 12.0009 ],
			"to": [ 15.9992, 15.9992, 16.0009 ],
			"faces": {
				"up": { "uv": [ 12.00062, 12.00062, 15.99938, 15.99938 ], "texture": "#acacia_stairs_1", "cullface": "up" },
				"north": { "uv": [ 0.000625, 0.000624657, 3.999375, 3.999375 ], "texture": "#acacia_stairs_1" },
				"south": { "uv": [ 12.00062, 0.000624657, 15.99938, 3.999375 ], "texture": "#acacia_stairs_1", "cullface": "south" },
				"west": { "uv": [ 12.00062, 0.000624657, 15.99938, 3.999375 ], "texture": "#acacia_stairs_1" },
				"east": { "uv": [ 0.000625, 0.000624657, 3.999375, 3.999375 ], "texture": "#acacia_stairs_1", "cullface": "east" }
			}
		}
	],
	"display": {
		"gui": {
			"rotation":  [ 30, 135, 0 ],
			"scale":  [ 0.625, 0.625, 0.625 ]
		}
	}
}