{
	"__comment": "Designed by Interhell2000 with Cubik Studio - https://cubik.studio",
	"gui_light": "front",
	"ambientocclusion": false,
	"textures": {
		"particle": "block/a/acacia_sapling/acacia_sapling",
		"acacia_sapling_1": "block/a/acacia_sapling/acacia_sapling_1",
		"acacia_sapling_2": "block/a/acacia_sapling/acacia_sapling_2",
		"acacia_sapling_3": "block/a/acacia_sapling/acacia_sapling_3",
		"acacia_sapling_4": "block/a/acacia_sapling/acacia_sapling_4"
	},
	"elements": [ 	 
		{
			"__comment": "tree",
			"from": [ 7.4248, -0.0492, 7.4509 ],
			"to": [ 8.6248, 3.5508, 8.6509 ],
			"faces": {
				"down": { "uv": [ 0.00125, 0.001249313, 15.99876, 15.99876 ], "texture": "#acacia_sapling_2", "cullface": "down" },
				"up": { "uv": [ 0.00125, 0.001249313, 15.99876, 15.99876 ], "texture": "#acacia_sapling_2" },
				"north": { "uv": [ 0.00125, 0.001249313, 15.99876, 15.99876 ], "texture": "#acacia_sapling_1" },
				"south": { "uv": [ 0.00125, 0.001249313, 15.99876, 15.99876 ], "texture": "#acacia_sapling_1" },
				"west": { "uv": [ 0.00125, 0.001249313, 15.99876, 15.99876 ], "texture": "#acacia_sapling_1" },
				"east": { "uv": [ 0.00125, 0.001249313, 15.99876, 15.99876 ], "texture": "#acacia_sapling_1" }
			}
		},
		{
			"__comment": "tree1",
			"from": [ 8.6256, 1.825, 7.7495 ],
			"to": [ 9.2256, 2.425, 8.3495 ],
			"faces": {
				"down": { "uv": [ 0.00125, 0.001249313, 15.99876, 15.99876 ], "texture": "#acacia_sapling_2" },
				"up": { "uv": [ 0.00125, 0.001249313, 15.99876, 15.99876 ], "texture": "#acacia_sapling_2" },
				"north": { "uv": [ 0.00125, 0.001249313, 15.99876, 15.99876 ], "texture": "#acacia_sapling_1" },
				"south": { "uv": [ 0.00125, 0.001249313, 15.99876, 15.99876 ], "texture": "#acacia_sapling_1" },
				"east": { "uv": [ 0.00125, 0.001249313, 15.99876, 15.99876 ], "texture": "#acacia_sapling_1" }
			}
		},
		{
			"__comment": "tree2",
			"from": [ 9.224, 2.1246, 7.7489 ],
			"to": [ 9.824, 3.3246, 8.348902 ],
			"faces": {
				"down": { "uv": [ 0.00125, 0.001249313, 15.99876, 15.99876 ], "texture": "#acacia_sapling_2" },
				"up": { "uv": [ 0.00125, 0.001249313, 15.99876, 15.99876 ], "texture": "#acacia_sapling_2" },
				"north": { "uv": [ 0.00125, 0.001249313, 15.99876, 15.99876 ], "texture": "#acacia_sapling_1" },
				"south": { "uv": [ 0.00125, 0.001249313, 15.99876, 15.99876 ], "texture": "#acacia_sapling_1" },
				"west": { "uv": [ 0.00125, 0.001249313, 15.99876, 15.99876 ], "texture": "#acacia_sapling_1" },
				"east": { "uv": [ 0.00125, 0.001249313, 15.99876, 15.99876 ], "texture": "#acacia_sapling_1" }
			}
		},
		{
			"__comment": "tree3",
			"from": [ 9.8249, 3.0251, 7.7508 ],
			"to": [ 10.4249, 4.2251, 8.3508 ],
			"faces": {
				"down": { "uv": [ 0.00125, 0.001249313, 15.99876, 15.99876 ], "texture": "#acacia_sapling_2" },
				"up": { "uv": [ 0.00125, 0.001249313, 15.99876, 15.99876 ], "texture": "#acacia_sapling_2" },
				"north": { "uv": [ 0.00125, 0.001249313, 15.99876, 15.99876 ], "texture": "#acacia_sapling_1" },
				"south": { "uv": [ 0.00125, 0.001249313, 15.99876, 15.99876 ], "texture": "#acacia_sapling_1" },
				"west": { "uv": [ 0.00125, 0.001249313, 15.99876, 15.99876 ], "texture": "#acacia_sapling_1" },
				"east": { "uv": [ 0.00125, 0.001249313, 15.99876, 15.99876 ], "texture": "#acacia_sapling_1" }
			}
		},
		{
			"__comment": "tree4",
			"from": [ 10.425, 3.9244, 7.7502 ],
			"to": [ 11.025, 5.1244, 8.350201 ],
			"faces": {
				"down": { "uv": [ 0.00125, 0.001249313, 15.99876, 15.99876 ], "texture": "#acacia_sapling_2" },
				"up": { "uv": [ 0.00125, 0.001249313, 15.99876, 15.99876 ], "texture": "#acacia_sapling_2" },
				"north": { "uv": [ 0.00125, 0.001249313, 15.99876, 15.99876 ], "texture": "#acacia_sapling_1" },
				"south": { "uv": [ 0.00125, 0.001249313, 15.99876, 15.99876 ], "texture": "#acacia_sapling_1" },
				"west": { "uv": [ 0.00125, 0.001249313, 15.99876, 15.99876 ], "texture": "#acacia_sapling_1" },
				"east": { "uv": [ 0.00125, 0.001249313, 15.99876, 15.99876 ], "texture": "#acacia_sapling_1" }
			}
		},
		{
			"__comment": "tree5",
			"from": [ 11.025, 4.825, 7.7502 ],
			"to": [ 11.625, 6.025, 8.350201 ],
			"faces": {
				"down": { "uv": [ 0.00125, 0.001249313, 15.99876, 15.99876 ], "texture": "#acacia_sapling_2" },
				"up": { "uv": [ 0.00125, 0.001249313, 15.99876, 15.99876 ], "texture": "#acacia_sapling_2" },
				"north": { "uv": [ 0.00125, 0.001249313, 15.99876, 15.99876 ], "texture": "#acacia_sapling_1" },
				"south": { "uv": [ 0.00125, 0.001249313, 15.99876, 15.99876 ], "texture": "#acacia_sapling_1" },
				"west": { "uv": [ 0.00125, 0.001249313, 15.99876, 15.99876 ], "texture": "#acacia_sapling_1" },
				"east": { "uv": [ 0.00125, 0.001249313, 15.99876, 15.99876 ], "texture": "#acacia_sapling_1" }
			}
		},
		{
			"__comment": "tree6",
			"from": [ 11.6249, 5.726, 7.7509 ],
			"to": [ 12.2249, 6.326001, 8.350901 ],
			"faces": {
				"down": { "uv": [ 0.00125, 0.001249313, 15.99876, 15.99876 ], "texture": "#acacia_sapling_2" },
				"up": { "uv": [ 0.00125, 0.001249313, 15.99876, 15.99876 ], "texture": "#acacia_sapling_2" },
				"north": { "uv": [ 0.00125, 0.001249313, 15.99876, 15.99876 ], "texture": "#acacia_sapling_1" },
				"south": { "uv": [ 0.00125, 0.001249313, 15.99876, 15.99876 ], "texture": "#acacia_sapling_1" },
				"west": { "uv": [ 0.00125, 0.001249313, 15.99876, 15.99876 ], "texture": "#acacia_sapling_1" },
				"east": { "uv": [ 0.00125, 0.001249313, 15.99876, 15.99876 ], "texture": "#acacia_sapling_1" }
			}
		},
		{
			"__comment": "tree7",
			"from": [ 12.2241, 6.0253, 7.7497 ],
			"to": [ 12.8241, 7.2253, 8.349699 ],
			"faces": {
				"down": { "uv": [ 0.00125, 0.001249313, 15.99876, 15.99876 ], "texture": "#acacia_sapling_2" },
				"up": { "uv": [ 0, 0, 16, 16 ], "texture": "#acacia_sapling_2" },
				"north": { "uv": [ 0.00125, 0.001249313, 15.99876, 15.99876 ], "texture": "#acacia_sapling_1" },
				"south": { "uv": [ 0.00125, 0.001249313, 15.99876, 15.99876 ], "texture": "#acacia_sapling_1" },
				"west": { "uv": [ 0.00125, 0.001249313, 15.99876, 15.99876 ], "texture": "#acacia_sapling_1" },
				"east": { "uv": [ 0.00125, 0.001249313, 15.99876, 15.99876 ], "texture": "#acacia_sapling_1", "cullface": "east" }
			}
		},
		{
			"__comment": "tree8",
			"from": [ 6.2249, 2.4246, 7.7509 ],
			"to": [ 7.4249, 3.0246, 8.350899 ],
			"faces": {
				"down": { "uv": [ 0.00125, 0.001249313, 15.99876, 15.99876 ], "texture": "#acacia_sapling_2" },
				"up": { "uv": [ 0.00125, 0.001249313, 15.99876, 15.99876 ], "texture": "#acacia_sapling_2" },
				"north": { "uv": [ 0.00125, 0.001249313, 15.99876, 15.99876 ], "texture": "#acacia_sapling_1" },
				"south": { "uv": [ 0.00125, 0.001249313, 15.99876, 15.99876 ], "texture": "#acacia_sapling_1" },
				"west": { "uv": [ 0.00125, 0.001249313, 15.99876, 15.99876 ], "texture": "#acacia_sapling_1" }
			}
		},
		{
			"__comment": "tree9",
			"from": [ 5.624, 2.7247, 7.7511 ],
			"to": [ 6.224001, 3.9247, 8.351099 ],
			"faces": {
				"down": { "uv": [ 0.00125, 0.001249313, 15.99876, 15.99876 ], "texture": "#acacia_sapling_2" },
				"up": { "uv": [ 0.00125, 0.001249313, 15.99876, 15.99876 ], "texture": "#acacia_sapling_2" },
				"north": { "uv": [ 0.00125, 0.001249313, 15.99876, 15.99876 ], "texture": "#acacia_sapling_1" },
				"south": { "uv": [ 0.00125, 0.001249313, 15.99876, 15.99876 ], "texture": "#acacia_sapling_1" },
				"west": { "uv": [ 0.00125, 0.001249313, 15.99876, 15.99876 ], "texture": "#acacia_sapling_1" },
				"east": { "uv": [ 0.00125, 0.001249313, 15.99876, 15.99876 ], "texture": "#acacia_sapling_1" }
			}
		},
		{
			"__comment": "tree10",
			"from": [ 5.0257, 3.3261, 7.7507 ],
			"to": [ 5.6257, 4.5261, 8.3507 ],
			"faces": {
				"down": { "uv": [ 0.00125, 0.001249313, 15.99876, 15.99876 ], "texture": "#acacia_sapling_2" },
				"up": { "uv": [ 0.00125, 0.001249313, 15.99876, 15.99876 ], "texture": "#acacia_sapling_2" },
				"north": { "uv": [ 0.00125, 0.001249313, 15.99876, 15.99876 ], "texture": "#acacia_sapling_1" },
				"south": { "uv": [ 0.00125, 0.001249313, 15.99876, 15.99876 ], "texture": "#acacia_sapling_1" },
				"west": { "uv": [ 0.00125, 0.001249313, 15.99876, 15.99876 ], "texture": "#acacia_sapling_1" },
				"east": { "uv": [ 0.00125, 0.001249313, 15.99876, 15.99876 ], "texture": "#acacia_sapling_1" }
			}
		},
		{
			"__comment": "tree11",
			"from": [ 4.4252, 4.2255, 7.7497 ],
			"to": [ 5.0252, 5.425499, 8.349699 ],
			"faces": {
				"down": { "uv": [ 0.00125, 0.001249313, 15.99876, 15.99876 ], "texture": "#acacia_sapling_2" },
				"up": { "uv": [ 0.00125, 0.001249313, 15.99876, 15.99876 ], "texture": "#acacia_sapling_2" },
				"north": { "uv": [ 0.00125, 0.001249313, 15.99876, 15.99876 ], "texture": "#acacia_sapling_1" },
				"south": { "uv": [ 0.00125, 0.001249313, 15.99876, 15.99876 ], "texture": "#acacia_sapling_1" },
				"west": { "uv": [ 0.00125, 0.001249313, 15.99876, 15.99876 ], "texture": "#acacia_sapling_1" },
				"east": { "uv": [ 0.00125, 0.001249313, 15.99876, 15.99876 ], "texture": "#acacia_sapling_1" }
			}
		},
		{
			"__comment": "tree12",
			"from": [ 3.8248, 5.1255, 7.7493 ],
			"to": [ 4.4248, 6.3255, 8.3493 ],
			"faces": {
				"down": { "uv": [ 0.00125, 0.001249313, 15.99876, 15.99876 ], "texture": "#acacia_sapling_2" },
				"up": { "uv": [ 0.00125, 0.001249313, 15.99876, 15.99876 ], "texture": "#acacia_sapling_2" },
				"north": { "uv": [ 0.00125, 0.001249313, 15.99876, 15.99876 ], "texture": "#acacia_sapling_1" },
				"south": { "uv": [ 0.00125, 0.001249313, 15.99876, 15.99876 ], "texture": "#acacia_sapling_1" },
				"west": { "uv": [ 0.00125, 0.001249313, 15.99876, 15.99876 ], "texture": "#acacia_sapling_1" },
				"east": { "uv": [ 0.00125, 0.001249313, 15.99876, 15.99876 ], "texture": "#acacia_sapling_1" }
			}
		},
		{
			"__comment": "tree13",
			"from": [ 5.625, 4.526, 7.7509 ],
			"to": [ 6.225, 5.126, 8.350901 ],
			"faces": {
				"down": { "uv": [ 0.00125, 0.001249313, 15.99876, 15.99876 ], "texture": "#acacia_sapling_2" },
				"up": { "uv": [ 0.00125, 0.001249313, 15.99876, 15.99876 ], "texture": "#acacia_sapling_2" },
				"north": { "uv": [ 0.00125, 0.001249313, 15.99876, 15.99876 ], "texture": "#acacia_sapling_1" },
				"south": { "uv": [ 0.00125, 0.001249313, 15.99876, 15.99876 ], "texture": "#acacia_sapling_1" },
				"west": { "uv": [ 0.00125, 0.001249313, 15.99876, 15.99876 ], "texture": "#acacia_sapling_1" },
				"east": { "uv": [ 0.00125, 0.001249313, 15.99876, 15.99876 ], "texture": "#acacia_sapling_1" }
			}
		},
		{
			"__comment": "tree14",
			"from": [ 6.2245, 4.8246, 7.7502 ],
			"to": [ 6.8245, 5.724597, 8.3502 ],
			"faces": {
				"down": { "uv": [ 0.00125, 0.001249313, 15.99876, 15.99876 ], "texture": "#acacia_sapling_2" },
				"up": { "uv": [ 0.00125, 0.001249313, 15.99876, 15.99876 ], "texture": "#acacia_sapling_2" },
				"north": { "uv": [ 0.00125, 0.001249313, 15.99876, 15.99876 ], "texture": "#acacia_sapling_1" },
				"south": { "uv": [ 0.00125, 0.001249313, 15.99876, 15.99876 ], "texture": "#acacia_sapling_1" },
				"west": { "uv": [ 0.00125, 0.001249313, 15.99876, 15.99876 ], "texture": "#acacia_sapling_1" },
				"east": { "uv": [ 0.00125, 0.001249313, 15.99876, 15.99876 ], "texture": "#acacia_sapling_1" }
			}
		},
		{
			"__comment": "tree15",
			"from": [ 6.8252, 5.4253, 7.749 ],
			"to": [ 7.4252, 6.325301, 8.348999 ],
			"faces": {
				"down": { "uv": [ 0.00125, 0.001249313, 15.99876, 15.99876 ], "texture": "#acacia_sapling_2" },
				"up": { "uv": [ 0, 0, 16, 16 ], "texture": "#acacia_sapling_2" },
				"north": { "uv": [ 0.00125, 0.001249313, 15.99876, 15.99876 ], "texture": "#acacia_sapling_1" },
				"south": { "uv": [ 0.00125, 0.001249313, 15.99876, 15.99876 ], "texture": "#acacia_sapling_1" },
				"west": { "uv": [ 0.00125, 0.001249313, 15.99876, 15.99876 ], "texture": "#acacia_sapling_1" },
				"east": { "uv": [ 0.00125, 0.001249313, 15.99876, 15.99876 ], "texture": "#acacia_sapling_1" }
			}
		},
		{
			"__comment": "tree16",
			"from": [ 10.4246, 5.4254, 7.7491 ],
			"to": [ 11.0246, 6.0254, 8.3491 ],
			"faces": {
				"down": { "uv": [ 0.00125, 0.001249313, 15.99876, 15.99876 ], "texture": "#acacia_sapling_2" },
				"up": { "uv": [ 0.00125, 0.001249313, 15.99876, 15.99876 ], "texture": "#acacia_sapling_2" },
				"north": { "uv": [ 0.00125, 0.001249313, 15.99876, 15.99876 ], "texture": "#acacia_sapling_1" },
				"south": { "uv": [ 0.00125, 0.001249313, 15.99876, 15.99876 ], "texture": "#acacia_sapling_1" },
				"west": { "uv": [ 0.00125, 0.001249313, 15.99876, 15.99876 ], "texture": "#acacia_sapling_1" }
			}
		},
		{
			"__comment": "tree17",
			"from": [ 9.8255, 5.7258, 7.7511 ],
			"to": [ 10.4255, 6.3258, 8.351099 ],
			"faces": {
				"down": { "uv": [ 0.00125, 0.001249313, 15.99876, 15.99876 ], "texture": "#acacia_sapling_2" },
				"up": { "uv": [ 0.00125, 0.001249313, 15.99876, 15.99876 ], "texture": "#acacia_sapling_2" },
				"north": { "uv": [ 0.00125, 0.001249313, 15.99876, 15.99876 ], "texture": "#acacia_sapling_1" },
				"south": { "uv": [ 0.00125, 0.001249313, 15.99876, 15.99876 ], "texture": "#acacia_sapling_1" },
				"west": { "uv": [ 0.00125, 0.001249313, 15.99876, 15.99876 ], "texture": "#acacia_sapling_1" },
				"east": { "uv": [ 0.00125, 0.001249313, 15.99876, 15.99876 ], "texture": "#acacia_sapling_1" }
			}
		},
		{
			"__comment": "tree18",
			"from": [ 9.226, 6.3246, 7.7504 ],
			"to": [ 9.826, 6.9246, 8.350399 ],
			"faces": {
				"down": { "uv": [ 0.00125, 0.001249313, 15.99876, 15.99876 ], "texture": "#acacia_sapling_2" },
				"up": { "uv": [ 0.00125, 0.001249313, 15.99876, 15.99876 ], "texture": "#acacia_sapling_2" },
				"north": { "uv": [ 0.00125, 0.001249313, 15.99876, 15.99876 ], "texture": "#acacia_sapling_1" },
				"south": { "uv": [ 0.00125, 0.001249313, 15.99876, 15.99876 ], "texture": "#acacia_sapling_1" },
				"west": { "uv": [ 0.00125, 0.001249313, 15.99876, 15.99876 ], "texture": "#acacia_sapling_1" },
				"east": { "uv": [ 0.00125, 0.001249313, 15.99876, 15.99876 ], "texture": "#acacia_sapling_1" }
			}
		},
		{
			"__comment": "tree19",
			"from": [ 8.625299, 6.9247, 7.7496 ],
			"to": [ 9.2253, 7.5247, 8.3496 ],
			"faces": {
				"down": { "uv": [ 0.00125, 0.001249313, 15.99876, 15.99876 ], "texture": "#acacia_sapling_2" },
				"up": { "uv": [ 0, 0, 16, 16 ], "texture": "#acacia_sapling_2" },
				"north": { "uv": [ 0.00125, 0.001249313, 15.99876, 15.99876 ], "texture": "#acacia_sapling_1" },
				"south": { "uv": [ 0.00125, 0.001249313, 15.99876, 15.99876 ], "texture": "#acacia_sapling_1" },
				"west": { "uv": [ 0.00125, 0.001249313, 15.99876, 15.99876 ], "texture": "#acacia_sapling_1" },
				"east": { "uv": [ 0.00125, 0.001249313, 15.99876, 15.99876 ], "texture": "#acacia_sapling_1" }
			}
		},
		{
			"__comment": "tree20",
			"from": [ 10.4247, 6.3264, 7.75 ],
			"to": [ 11.0247, 6.9264, 8.35 ],
			"faces": {
				"down": { "uv": [ 0.00125, 0.001249313, 15.99876, 15.99876 ], "texture": "#acacia_sapling_2" },
				"up": { "uv": [ 0.00125, 0.001249313, 15.99876, 15.99876 ], "texture": "#acacia_sapling_2" },
				"north": { "uv": [ 0.00125, 0.001249313, 15.99876, 15.99876 ], "texture": "#acacia_sapling_1" },
				"south": { "uv": [ 0.00125, 0.001249313, 15.99876, 15.99876 ], "texture": "#acacia_sapling_1" },
				"west": { "uv": [ 0.00125, 0.001249313, 15.99876, 15.99876 ], "texture": "#acacia_sapling_1" },
				"east": { "uv": [ 0.00125, 0.001249313, 15.99876, 15.99876 ], "texture": "#acacia_sapling_1" }
			}
		},
		{
			"__comment": "tree21",
			"from": [ 11.0244, 6.9247, 7.7504 ],
			"to": [ 11.6244, 7.5247, 8.350397 ],
			"faces": {
				"down": { "uv": [ 0.00125, 0.001249313, 15.99876, 15.99876 ], "texture": "#acacia_sapling_2" },
				"up": { "uv": [ 0, 0, 16, 16 ], "texture": "#acacia_sapling_2" },
				"north": { "uv": [ 0.00125, 0.001249313, 15.99876, 15.99876 ], "texture": "#acacia_sapling_1" },
				"south": { "uv": [ 0.00125, 0.001249313, 15.99876, 15.99876 ], "texture": "#acacia_sapling_1" },
				"west": { "uv": [ 0.00125, 0.001249313, 15.99876, 15.99876 ], "texture": "#acacia_sapling_1" },
				"east": { "uv": [ 0.00125, 0.001249313, 15.99876, 15.99876 ], "texture": "#acacia_sapling_1" }
			}
		},
		{
			"__comment": "tree22",
			"from": [ 4.4254, 6.3257, 7.7513 ],
			"to": [ 5.025399, 6.925699, 8.351299 ],
			"faces": {
				"down": { "uv": [ 0.00125, 0.001249313, 15.99876, 15.99876 ], "texture": "#acacia_sapling_2" },
				"up": { "uv": [ 0, 0, 16, 16 ], "texture": "#acacia_sapling_2" },
				"north": { "uv": [ 0.00125, 0.001249313, 15.99876, 15.99876 ], "texture": "#acacia_sapling_1" },
				"south": { "uv": [ 0.00125, 0.001249313, 15.99876, 15.99876 ], "texture": "#acacia_sapling_1" },
				"west": { "uv": [ 0.00125, 0.001249313, 15.99876, 15.99876 ], "texture": "#acacia_sapling_1" },
				"east": { "uv": [ 0.00125, 0.001249313, 15.99876, 15.99876 ], "texture": "#acacia_sapling_1" }
			}
		},
		{
			"__comment": "tree23",
			"from": [ 5.6262, 5.7262, 7.7508 ],
			"to": [ 6.226199, 6.3262, 8.3508 ],
			"faces": {
				"down": { "uv": [ 0.00125, 0.001249313, 15.99876, 15.99876 ], "texture": "#acacia_sapling_2" },
				"up": { "uv": [ 0, 0, 16, 16 ], "texture": "#acacia_sapling_2" },
				"north": { "uv": [ 0.00125, 0.001249313, 15.99876, 15.99876 ], "texture": "#acacia_sapling_1" },
				"south": { "uv": [ 0.00125, 0.001249313, 15.99876, 15.99876 ], "texture": "#acacia_sapling_1" },
				"west": { "uv": [ 0.00125, 0.001249313, 15.99876, 15.99876 ], "texture": "#acacia_sapling_1" },
				"east": { "uv": [ 0.00125, 0.001249313, 15.99876, 15.99876 ], "texture": "#acacia_sapling_1" }
			}
		},
		{
			"__comment": "tree24",
			"from": [ 3.2252, 6.3243, 7.7508 ],
			"to": [ 3.8252, 6.9243, 8.3508 ],
			"faces": {
				"down": { "uv": [ 0.00125, 0.001249313, 15.99876, 15.99876 ], "texture": "#acacia_sapling_2" },
				"up": { "uv": [ 0, 0, 16, 16 ], "texture": "#acacia_sapling_2" },
				"north": { "uv": [ 0.00125, 0.001249313, 15.99876, 15.99876 ], "texture": "#acacia_sapling_1" },
				"south": { "uv": [ 0.00125, 0.001249313, 15.99876, 15.99876 ], "texture": "#acacia_sapling_1" },
				"west": { "uv": [ 0.00125, 0.001249313, 15.99876, 15.99876 ], "texture": "#acacia_sapling_1", "cullface": "west" },
				"east": { "uv": [ 0.00125, 0.001249313, 15.99876, 15.99876 ], "texture": "#acacia_sapling_1" }
			}
		},
		{
			"__comment": "tree25",
			"from": [ 7.7242, 3.0258, 8.65 ],
			"to": [ 8.324198, 3.6258, 9.25 ],
			"faces": {
				"down": { "uv": [ 0.00125, 0.001249313, 15.99876, 15.99876 ], "texture": "#acacia_sapling_2" },
				"up": { "uv": [ 0.00125, 0.001249313, 15.99876, 15.99876 ], "texture": "#acacia_sapling_2" },
				"south": { "uv": [ 0.00125, 0.001249313, 15.99876, 15.99876 ], "texture": "#acacia_sapling_1" },
				"west": { "uv": [ 0.00125, 0.001249313, 15.99876, 15.99876 ], "texture": "#acacia_sapling_1" },
				"east": { "uv": [ 0.00125, 0.001249313, 15.99876, 15.99876 ], "texture": "#acacia_sapling_1" }
			}
		},
		{
			"__comment": "tree26",
			"from": [ 7.7254, 3.6247, 9.2499 ],
			"to": [ 8.325399, 4.224699, 9.8499 ],
			"faces": {
				"down": { "uv": [ 0.00125, 0.001249313, 15.99876, 15.99876 ], "texture": "#acacia_sapling_2" },
				"up": { "uv": [ 0.00125, 0.001249313, 15.99876, 15.99876 ], "texture": "#acacia_sapling_2" },
				"north": { "uv": [ 0.00125, 0.001249313, 15.99876, 15.99876 ], "texture": "#acacia_sapling_1" },
				"south": { "uv": [ 0.00125, 0.001249313, 15.99876, 15.99876 ], "texture": "#acacia_sapling_1" },
				"west": { "uv": [ 0.00125, 0.001249313, 15.99876, 15.99876 ], "texture": "#acacia_sapling_1" },
				"east": { "uv": [ 0.00125, 0.001249313, 15.99876, 15.99876 ], "texture": "#acacia_sapling_1" }
			}
		},
		{
			"__comment": "tree27",
			"from": [ 7.7242, 4.2262, 9.8505 ],
			"to": [ 8.3242, 4.8262, 11.3505 ],
			"faces": {
				"down": { "uv": [ 0.00125, 0.001249313, 15.99876, 15.99876 ], "texture": "#acacia_sapling_2" },
				"up": { "uv": [ 0.00125, 0.001249313, 15.99876, 15.99876 ], "texture": "#acacia_sapling_2" },
				"north": { "uv": [ 0.00125, 0.001249313, 15.99876, 15.99876 ], "texture": "#acacia_sapling_1" },
				"south": { "uv": [ 0.00125, 0.001249313, 15.99876, 15.99876 ], "texture": "#acacia_sapling_1" },
				"west": { "uv": [ 0.00125, 0.001249313, 15.99876, 15.99876 ], "texture": "#acacia_sapling_1" },
				"east": { "uv": [ 0.00125, 0.001249313, 15.99876, 15.99876 ], "texture": "#acacia_sapling_1" }
			}
		},
		{
			"__comment": "tree28",
			"from": [ 7.725, 4.8259, 10.7501 ],
			"to": [ 8.325, 5.4259, 11.3501 ],
			"faces": {
				"up": { "uv": [ 0.00125, 0.001249313, 15.99876, 15.99876 ], "texture": "#acacia_sapling_2" },
				"north": { "uv": [ 0.00125, 0.001249313, 15.99876, 15.99876 ], "texture": "#acacia_sapling_1" },
				"south": { "uv": [ 0.00125, 0.001249313, 15.99876, 15.99876 ], "texture": "#acacia_sapling_1" },
				"west": { "uv": [ 0.00125, 0.001249313, 15.99876, 15.99876 ], "texture": "#acacia_sapling_1" },
				"east": { "uv": [ 0.00125, 0.001249313, 15.99876, 15.99876 ], "texture": "#acacia_sapling_1" }
			}
		},
		{
			"__comment": "tree29",
			"from": [ 7.7243, 5.4243, 11.3493 ],
			"to": [ 8.324299, 6.024292, 11.9493 ],
			"faces": {
				"down": { "uv": [ 0.00125, 0.001249313, 15.99876, 15.99876 ], "texture": "#acacia_sapling_2" },
				"up": { "uv": [ 0.00125, 0.001249313, 15.99876, 15.99876 ], "texture": "#acacia_sapling_2" },
				"north": { "uv": [ 0.00125, 0.001249313, 15.99876, 15.99876 ], "texture": "#acacia_sapling_1" },
				"south": { "uv": [ 0.00125, 0.001249313, 15.99876, 15.99876 ], "texture": "#acacia_sapling_1" },
				"west": { "uv": [ 0.00125, 0.001249313, 15.99876, 15.99876 ], "texture": "#acacia_sapling_1" },
				"east": { "uv": [ 0.00125, 0.001249313, 15.99876, 15.99876 ], "texture": "#acacia_sapling_1" }
			}
		},
		{
			"__comment": "tree30",
			"from": [ 7.7261, 6.025, 11.9492 ],
			"to": [ 8.326101, 6.624999, 12.5492 ],
			"faces": {
				"down": { "uv": [ 0.00125, 0.001249313, 15.99876, 15.99876 ], "texture": "#acacia_sapling_2" },
				"up": { "uv": [ 0.00125, 0.001249313, 15.99876, 15.99876 ], "texture": "#acacia_sapling_2" },
				"north": { "uv": [ 0.00125, 0.001249313, 15.99876, 15.99876 ], "texture": "#acacia_sapling_1" },
				"south": { "uv": [ 0.00125, 0.001249313, 15.99876, 15.99876 ], "texture": "#acacia_sapling_1" },
				"west": { "uv": [ 0.00125, 0.001249313, 15.99876, 15.99876 ], "texture": "#acacia_sapling_1" },
				"east": { "uv": [ 0.00125, 0.001249313, 15.99876, 15.99876 ], "texture": "#acacia_sapling_1" }
			}
		},
		{
			"__comment": "tree31",
			"from": [ 7.7262, 6.024, 10.4509 ],
			"to": [ 8.326199, 6.624, 11.3509 ],
			"faces": {
				"down": { "uv": [ 0.00125, 0.001249313, 15.99876, 15.99876 ], "texture": "#acacia_sapling_2" },
				"up": { "uv": [ 0.00125, 0.001249313, 15.99876, 15.99876 ], "texture": "#acacia_sapling_2" },
				"north": { "uv": [ 0.00125, 0.001249313, 15.99876, 15.99876 ], "texture": "#acacia_sapling_1" },
				"south": { "uv": [ 0.00125, 0.001249313, 15.99876, 15.99876 ], "texture": "#acacia_sapling_1" },
				"west": { "uv": [ 0.00125, 0.001249313, 15.99876, 15.99876 ], "texture": "#acacia_sapling_1" },
				"east": { "uv": [ 0.00125, 0.001249313, 15.99876, 15.99876 ], "texture": "#acacia_sapling_1" }
			}
		},
		{
			"__comment": "tree32",
			"from": [ 7.7253, 6.3248, 9.8503 ],
			"to": [ 8.3253, 6.924799, 10.4503 ],
			"faces": {
				"down": { "uv": [ 0.00125, 0.001249313, 15.99876, 15.99876 ], "texture": "#acacia_sapling_2" },
				"up": { "uv": [ 0.00125, 0.001249313, 15.99876, 15.99876 ], "texture": "#acacia_sapling_2" },
				"north": { "uv": [ 0.00125, 0.001249313, 15.99876, 15.99876 ], "texture": "#acacia_sapling_1" },
				"south": { "uv": [ 0.00125, 0.001249313, 15.99876, 15.99876 ], "texture": "#acacia_sapling_1" },
				"west": { "uv": [ 0.00125, 0.001249313, 15.99876, 15.99876 ], "texture": "#acacia_sapling_1" },
				"east": { "uv": [ 0.00125, 0.001249313, 15.99876, 15.99876 ], "texture": "#acacia_sapling_1" }
			}
		},
		{
			"__comment": "tree33",
			"from": [ 7.7249, 6.626, 12.2506 ],
			"to": [ 8.3249, 7.226, 12.8506 ],
			"faces": {
				"down": { "uv": [ 0.00125, 0.001249313, 15.99876, 15.99876 ], "texture": "#acacia_sapling_2" },
				"up": { "uv": [ 0, 0, 16, 16 ], "texture": "#acacia_sapling_2" },
				"north": { "uv": [ 0.00125, 0.001249313, 15.99876, 15.99876 ], "texture": "#acacia_sapling_1" },
				"south": { "uv": [ 0.00125, 0.001249313, 15.99876, 15.99876 ], "texture": "#acacia_sapling_1", "cullface": "south" },
				"west": { "uv": [ 0.00125, 0.001249313, 15.99876, 15.99876 ], "texture": "#acacia_sapling_1" },
				"east": { "uv": [ 0.00125, 0.001249313, 15.99876, 15.99876 ], "texture": "#acacia_sapling_1" }
			}
		},
		{
			"__comment": "tree34",
			"from": [ 7.7248, 6.6258, 9.249 ],
			"to": [ 8.324799, 7.825799, 9.849 ],
			"faces": {
				"down": { "uv": [ 0.00125, 0.001249313, 15.99876, 15.99876 ], "texture": "#acacia_sapling_2" },
				"up": { "uv": [ 0, 0, 16, 16 ], "texture": "#acacia_sapling_2" },
				"north": { "uv": [ 0.00125, 0.001249313, 15.99876, 15.99876 ], "texture": "#acacia_sapling_1" },
				"south": { "uv": [ 0.00125, 0.001249313, 15.99876, 15.99876 ], "texture": "#acacia_sapling_1" },
				"west": { "uv": [ 0.00125, 0.001249313, 15.99876, 15.99876 ], "texture": "#acacia_sapling_1" },
				"east": { "uv": [ 0.00125, 0.001249313, 15.99876, 15.99876 ], "texture": "#acacia_sapling_1" }
			}
		},
		{
			"__comment": "tree35",
			"from": [ 7.7253, 2.1251, 6.2495 ],
			"to": [ 8.325298, 2.7251, 7.4495 ],
			"faces": {
				"down": { "uv": [ 0.00125, 0.001249313, 15.99876, 15.99876 ], "texture": "#acacia_sapling_2" },
				"up": { "uv": [ 0.00125, 0.001249313, 15.99876, 15.99876 ], "texture": "#acacia_sapling_2" },
				"west": { "uv": [ 0.00125, 0.001249313, 15.99876, 15.99876 ], "texture": "#acacia_sapling_1" },
				"east": { "uv": [ 0.00125, 0.001249313, 15.99876, 15.99876 ], "texture": "#acacia_sapling_1" }
			}
		},
		{
			"__comment": "tree36",
			"from": [ 7.7246, 2.1256, 5.6509 ],
			"to": [ 8.3246, 3.3256, 6.2509 ],
			"faces": {
				"down": { "uv": [ 0.00125, 0.001249313, 15.99876, 15.99876 ], "texture": "#acacia_sapling_2" },
				"up": { "uv": [ 0.00125, 0.001249313, 15.99876, 15.99876 ], "texture": "#acacia_sapling_2" },
				"north": { "uv": [ 0.00125, 0.001249313, 15.99876, 15.99876 ], "texture": "#acacia_sapling_1" },
				"south": { "uv": [ 0.00125, 0.001249313, 15.99876, 15.99876 ], "texture": "#acacia_sapling_1" },
				"west": { "uv": [ 0.00125, 0.001249313, 15.99876, 15.99876 ], "texture": "#acacia_sapling_1" },
				"east": { "uv": [ 0.00125, 0.001249313, 15.99876, 15.99876 ], "texture": "#acacia_sapling_1" }
			}
		},
		{
			"__comment": "tree37",
			"from": [ 7.7251, 3.0252, 5.0495 ],
			"to": [ 8.3251, 4.2252, 5.6495 ],
			"faces": {
				"down": { "uv": [ 0.00125, 0.001249313, 15.99876, 15.99876 ], "texture": "#acacia_sapling_2" },
				"up": { "uv": [ 0.00125, 0.001249313, 15.99876, 15.99876 ], "texture": "#acacia_sapling_2" },
				"north": { "uv": [ 0.00125, 0.001249313, 15.99876, 15.99876 ], "texture": "#acacia_sapling_1" },
				"south": { "uv": [ 0.00125, 0.001249313, 15.99876, 15.99876 ], "texture": "#acacia_sapling_1" },
				"west": { "uv": [ 0.00125, 0.001249313, 15.99876, 15.99876 ], "texture": "#acacia_sapling_1" },
				"east": { "uv": [ 0.00125, 0.001249313, 15.99876, 15.99876 ], "texture": "#acacia_sapling_1" }
			}
		},
		{
			"__comment": "tree38",
			"from": [ 7.7254, 3.9259, 4.4498 ],
			"to": [ 8.3254, 5.1259, 5.049799 ],
			"faces": {
				"down": { "uv": [ 0.00125, 0.001249313, 15.99876, 15.99876 ], "texture": "#acacia_sapling_2" },
				"up": { "uv": [ 0.00125, 0.001249313, 15.99876, 15.99876 ], "texture": "#acacia_sapling_2" },
				"north": { "uv": [ 0.00125, 0.001249313, 15.99876, 15.99876 ], "texture": "#acacia_sapling_1" },
				"south": { "uv": [ 0.00125, 0.001249313, 15.99876, 15.99876 ], "texture": "#acacia_sapling_1" },
				"west": { "uv": [ 0.00125, 0.001249313, 15.99876, 15.99876 ], "texture": "#acacia_sapling_1" },
				"east": { "uv": [ 0.00125, 0.001249313, 15.99876, 15.99876 ], "texture": "#acacia_sapling_1" }
			}
		},
		{
			"__comment": "tree39",
			"from": [ 7.7252, 4.8255, 5.051 ],
			"to": [ 8.325199, 6.0255, 5.650999 ],
			"faces": {
				"down": { "uv": [ 0.00125, 0.001249313, 15.99876, 15.99876 ], "texture": "#acacia_sapling_2" },
				"up": { "uv": [ 0.00125, 0.001249313, 15.99876, 15.99876 ], "texture": "#acacia_sapling_2" },
				"north": { "uv": [ 0.00125, 0.001249313, 15.99876, 15.99876 ], "texture": "#acacia_sapling_1" },
				"south": { "uv": [ 0.00125, 0.001249313, 15.99876, 15.99876 ], "texture": "#acacia_sapling_1" },
				"west": { "uv": [ 0.00125, 0.001249313, 15.99876, 15.99876 ], "texture": "#acacia_sapling_1" },
				"east": { "uv": [ 0.00125, 0.001249313, 15.99876, 15.99876 ], "texture": "#acacia_sapling_1" }
			}
		},
		{
			"__comment": "tree40",
			"from": [ 7.7244, 5.7252, 5.6498 ],
			"to": [ 8.3244, 6.9252, 6.2498 ],
			"faces": {
				"down": { "uv": [ 0.00125, 0.001249313, 15.99876, 15.99876 ], "texture": "#acacia_sapling_2" },
				"up": { "uv": [ 0.00125, 0.001249313, 15.99876, 15.99876 ], "texture": "#acacia_sapling_2" },
				"north": { "uv": [ 0.00125, 0.001249313, 15.99876, 15.99876 ], "texture": "#acacia_sapling_1" },
				"south": { "uv": [ 0.00125, 0.001249313, 15.99876, 15.99876 ], "texture": "#acacia_sapling_1" },
				"west": { "uv": [ 0.00125, 0.001249313, 15.99876, 15.99876 ], "texture": "#acacia_sapling_1" },
				"east": { "uv": [ 0.00125, 0.001249313, 15.99876, 15.99876 ], "texture": "#acacia_sapling_1" }
			}
		},
		{
			"__comment": "tree41",
			"from": [ 7.7259, 6.6244, 6.2499 ],
			"to": [ 8.325899, 7.824399, 6.8499 ],
			"faces": {
				"down": { "uv": [ 0.00125, 0.001249313, 15.99876, 15.99876 ], "texture": "#acacia_sapling_2" },
				"up": { "uv": [ 0, 0, 16, 16 ], "texture": "#acacia_sapling_2" },
				"north": { "uv": [ 0.00125, 0.001249313, 15.99876, 15.99876 ], "texture": "#acacia_sapling_1" },
				"south": { "uv": [ 0.00125, 0.001249313, 15.99876, 15.99876 ], "texture": "#acacia_sapling_1" },
				"west": { "uv": [ 0.00125, 0.001249313, 15.99876, 15.99876 ], "texture": "#acacia_sapling_1" },
				"east": { "uv": [ 0.00125, 0.001249313, 15.99876, 15.99876 ], "texture": "#acacia_sapling_1" }
			}
		},
		{
			"__comment": "tree42",
			"from": [ 7.7248, 4.8245, 3.8505 ],
			"to": [ 8.324799, 6.0245, 4.4505 ],
			"faces": {
				"down": { "uv": [ 0.00125, 0.001249313, 15.99876, 15.99876 ], "texture": "#acacia_sapling_2" },
				"up": { "uv": [ 0.00125, 0.001249313, 15.99876, 15.99876 ], "texture": "#acacia_sapling_2" },
				"north": { "uv": [ 0.00125, 0.001249313, 15.99876, 15.99876 ], "texture": "#acacia_sapling_1" },
				"south": { "uv": [ 0.00125, 0.001249313, 15.99876, 15.99876 ], "texture": "#acacia_sapling_1" },
				"west": { "uv": [ 0.00125, 0.001249313, 15.99876, 15.99876 ], "texture": "#acacia_sapling_1" },
				"east": { "uv": [ 0.00125, 0.001249313, 15.99876, 15.99876 ], "texture": "#acacia_sapling_1" }
			}
		},
		{
			"__comment": "tree43",
			"from": [ 7.7242, 5.4254, 3.2501 ],
			"to": [ 8.3242, 6.6254, 3.8501 ],
			"faces": {
				"down": { "uv": [ 0.00125, 0.001249313, 15.99876, 15.99876 ], "texture": "#acacia_sapling_2" },
				"up": { "uv": [ 0, 0, 16, 16 ], "texture": "#acacia_sapling_2" },
				"north": { "uv": [ 0.00125, 0.001249313, 15.99876, 15.99876 ], "texture": "#acacia_sapling_1", "cullface": "north" },
				"south": { "uv": [ 0.00125, 0.001249313, 15.99876, 15.99876 ], "texture": "#acacia_sapling_1" },
				"west": { "uv": [ 0.00125, 0.001249313, 15.99876, 15.99876 ], "texture": "#acacia_sapling_1" },
				"east": { "uv": [ 0.00125, 0.001249313, 15.99876, 15.99876 ], "texture": "#acacia_sapling_1" }
			}
		},
		{
			"__comment": "tree44",
			"from": [ 7.4254, -0.0497, 6.8491 ],
			"to": [ 8.625401, 0.8502995, 7.4491 ],
			"faces": {
				"down": { "uv": [ 0.00125, 0.001249313, 15.99876, 15.99876 ], "texture": "#acacia_sapling_1", "cullface": "down" },
				"up": { "uv": [ 0.00125, 0.001249313, 15.99876, 15.99876 ], "texture": "#acacia_sapling_1" },
				"north": { "uv": [ 0.00125, 0.001249313, 15.99876, 15.99876 ], "texture": "#acacia_sapling_1" },
				"west": { "uv": [ 0.00125, 0.001249313, 15.99876, 15.99876 ], "texture": "#acacia_sapling_1" },
				"east": { "uv": [ 0.00125, 0.001249313, 15.99876, 15.99876 ], "texture": "#acacia_sapling_1" }
			}
		},
		{
			"__comment": "tree45",
			"from": [ 8.6256, -0.0507, 7.1503 ],
			"to": [ 9.2256, 0.8493, 8.6503 ],
			"faces": {
				"down": { "uv": [ 0.00125, 0.001249313, 15.99876, 15.99876 ], "texture": "#acacia_sapling_1", "cullface": "down" },
				"up": { "uv": [ 0.00125, 0.001249313, 15.99876, 15.99876 ], "texture": "#acacia_sapling_1" },
				"north": { "uv": [ 0.00125, 0.001249313, 15.99876, 15.99876 ], "texture": "#acacia_sapling_1" },
				"south": { "uv": [ 0.00125, 0.001249313, 15.99876, 15.99876 ], "texture": "#acacia_sapling_1" },
				"west": { "uv": [ 0.00125, 0.001249313, 15.99876, 15.99876 ], "texture": "#acacia_sapling_1" },
				"east": { "uv": [ 0.00125, 0.001249313, 15.99876, 15.99876 ], "texture": "#acacia_sapling_1" }
			}
		},
		{
			"__comment": "tree46",
			"from": [ 9.224899, -0.0511, 7.4496 ],
			"to": [ 9.8249, 0.5489001, 8.349602 ],
			"faces": {
				"down": { "uv": [ 0.00125, 0.001249313, 15.99876, 15.99876 ], "texture": "#acacia_sapling_1", "cullface": "down" },
				"up": { "uv": [ 0.00125, 0.001249313, 15.99876, 15.99876 ], "texture": "#acacia_sapling_1" },
				"north": { "uv": [ 0.00125, 0.001249313, 15.99876, 15.99876 ], "texture": "#acacia_sapling_1" },
				"south": { "uv": [ 0.00125, 0.001249313, 15.99876, 15.99876 ], "texture": "#acacia_sapling_1" },
				"east": { "uv": [ 0.00125, 0.001249313, 15.99876, 15.99876 ], "texture": "#acacia_sapling_1" }
			}
		},
		{
			"__comment": "tree47",
			"from": [ 7.4253, -0.0498, 8.650499 ],
			"to": [ 8.625299, 0.8502001, 9.2505 ],
			"faces": {
				"down": { "uv": [ 0.00125, 0.001249313, 15.99876, 15.99876 ], "texture": "#acacia_sapling_1", "cullface": "down" },
				"up": { "uv": [ 0.00125, 0.001249313, 15.99876, 15.99876 ], "texture": "#acacia_sapling_1" },
				"south": { "uv": [ 0.00125, 0.001249313, 15.99876, 15.99876 ], "texture": "#acacia_sapling_1" },
				"west": { "uv": [ 0.00125, 0.001249313, 15.99876, 15.99876 ], "texture": "#acacia_sapling_1" },
				"east": { "uv": [ 0.00125, 0.001249313, 15.99876, 15.99876 ], "texture": "#acacia_sapling_1" }
			}
		},
		{
			"__comment": "tree48",
			"from": [ 6.824, -0.0514, 7.1495 ],
			"to": [ 7.424, 0.8486, 8.6495 ],
			"faces": {
				"down": { "uv": [ 0.00125, 0.001249313, 15.99876, 15.99876 ], "texture": "#acacia_sapling_1", "cullface": "down" },
				"up": { "uv": [ 0.00125, 0.001249313, 15.99876, 15.99876 ], "texture": "#acacia_sapling_1" },
				"north": { "uv": [ 0.00125, 0.001249313, 15.99876, 15.99876 ], "texture": "#acacia_sapling_1" },
				"south": { "uv": [ 0.00125, 0.001249313, 15.99876, 15.99876 ], "texture": "#acacia_sapling_1" },
				"west": { "uv": [ 0.00125, 0.001249313, 15.99876, 15.99876 ], "texture": "#acacia_sapling_1" },
				"east": { "uv": [ 0.00125, 0.001249313, 15.99876, 15.99876 ], "texture": "#acacia_sapling_1" }
			}
		},
		{
			"__comment": "tree49",
			"from": [ 6.225, -0.0489, 7.4504 ],
			"to": [ 6.825, 0.5511, 8.350399 ],
			"faces": {
				"down": { "uv": [ 0.00125, 0.001249313, 15.99876, 15.99876 ], "texture": "#acacia_sapling_1", "cullface": "down" },
				"up": { "uv": [ 0.00125, 0.001249313, 15.99876, 15.99876 ], "texture": "#acacia_sapling_1" },
				"north": { "uv": [ 0.00125, 0.001249313, 15.99876, 15.99876 ], "texture": "#acacia_sapling_1" },
				"south": { "uv": [ 0.00125, 0.001249313, 15.99876, 15.99876 ], "texture": "#acacia_sapling_1" },
				"west": { "uv": [ 0.00125, 0.001249313, 15.99876, 15.99876 ], "texture": "#acacia_sapling_1" }
			}
		},
		{
			"__comment": "tree50",
			"from": [ 7.7238, -0.0502, 6.2498 ],
			"to": [ 8.323799, 0.5498, 6.8498 ],
			"faces": {
				"down": { "uv": [ 0.00125, 0.001249313, 15.99876, 15.99876 ], "texture": "#acacia_sapling_1", "cullface": "down" },
				"up": { "uv": [ 0.00125, 0.001249313, 15.99876, 15.99876 ], "texture": "#acacia_sapling_1" },
				"north": { "uv": [ 0.00125, 0.001249313, 15.99876, 15.99876 ], "texture": "#acacia_sapling_1" },
				"west": { "uv": [ 0.00125, 0.001249313, 15.99876, 15.99876 ], "texture": "#acacia_sapling_1" },
				"east": { "uv": [ 0.00125, 0.001249313, 15.99876, 15.99876 ], "texture": "#acacia_sapling_1" }
			}
		},
		{
			"__comment": "tree51",
			"from": [ 7.7251, -0.05, 9.248799 ],
			"to": [ 8.325101, 0.55, 9.8488 ],
			"faces": {
				"down": { "uv": [ 0.00125, 0.001249313, 15.99876, 15.99876 ], "texture": "#acacia_sapling_1", "cullface": "down" },
				"up": { "uv": [ 0.00125, 0.001249313, 15.99876, 15.99876 ], "texture": "#acacia_sapling_1" },
				"south": { "uv": [ 0.00125, 0.001249313, 15.99876, 15.99876 ], "texture": "#acacia_sapling_1" },
				"west": { "uv": [ 0.00125, 0.001249313, 15.99876, 15.99876 ], "texture": "#acacia_sapling_1" },
				"east": { "uv": [ 0.00125, 0.001249313, 15.99876, 15.99876 ], "texture": "#acacia_sapling_1" }
			}
		},
		{
			"__comment": "PlaneY2",
			"from": [ -0.5008, 1.4997, -0.5003 ],
			"to": [ 16.2992, 1.5003, 7.899703 ],
			"rotation": { "origin": [ -0.5, 1.5, -0.5 ], "axis": "z", "angle": 45 },
			"faces": {
				"down": { "uv": [ 0.000625, 8.000625, 15.99938, 15.99938 ], "texture": "#acacia_sapling_4", "cullface": "west" },
				"up": { "uv": [ 0.000625, 0.000624657, 15.99938, 7.999374 ], "texture": "#acacia_sapling_4", "cullface": "west" },
				"north": { "uv": [ 0, 14.55017, 16, 14.55077 ], "texture": "#acacia_sapling_1", "cullface": "west" },
				"south": { "uv": [ 0, 14.55017, 16, 14.55077 ], "texture": "#acacia_sapling_1", "cullface": "west" },
				"west": { "uv": [ 0.2496897, 14.55017, 8.649691, 14.55077 ], "texture": "#acacia_sapling_1", "cullface": "west" },
				"east": { "uv": [ 7.35031, 14.55017, 15.75031, 14.55077 ], "texture": "#acacia_sapling_1", "cullface": "west" }
			}
		},
		{
			"__comment": "PlaneY2",
			"from": [ -0.4993, 1.7999, 7.8995 ],
			"to": [ 16.3007, 1.8005, 16.2995 ],
			"rotation": { "origin": [ -0.5, 1.8, 7.9 ], "axis": "z", "angle": 45 },
			"faces": {
				"down": { "uv": [ 0.000625, 0.000624657, 15.99938, 7.999374 ], "texture": "#acacia_sapling_4", "cullface": "west" },
				"up": { "uv": [ 0.000625, 8.000625, 15.99938, 15.99938 ], "texture": "#acacia_sapling_4", "cullface": "west" },
				"north": { "uv": [ 0, 14.24898, 16, 14.24958 ], "texture": "#acacia_sapling_1", "cullface": "west" },
				"south": { "uv": [ 0, 14.24898, 16, 14.24958 ], "texture": "#acacia_sapling_1", "cullface": "west" },
				"west": { "uv": [ 8.649482, 14.24898, 16, 14.24958 ], "texture": "#acacia_sapling_1", "cullface": "west" },
				"east": { "uv": [ 0, 14.24898, 7.350518, 14.24958 ], "texture": "#acacia_sapling_1", "cullface": "west" }
			}
		},
		{
			"__comment": "PlaneY2",
			"from": [ -0.5005, 1.4995, -0.5002 ],
			"to": [ 16.2995, 1.5001, 7.899801 ],
			"rotation": { "origin": [ 16.3, 1.5, -0.5 ], "axis": "z", "angle": -45 },
			"faces": {
				"down": { "uv": [ 0.000625, 8.000625, 15.99938, 15.99938 ], "texture": "#acacia_sapling_4", "cullface": "east" },
				"up": { "uv": [ 0.000625, 0.000624657, 15.99938, 7.999374 ], "texture": "#acacia_sapling_4", "cullface": "east" },
				"north": { "uv": [ 0, 2.670017, 11.45515, 2.670617 ], "texture": "#acacia_sapling_1", "cullface": "east" },
				"south": { "uv": [ 4.544848, 2.670017, 16, 2.670617 ], "texture": "#acacia_sapling_1", "cullface": "east" },
				"west": { "uv": [ 0.2497677, 2.670017, 8.649768, 2.670617 ], "texture": "#acacia_sapling_1", "cullface": "east" },
				"east": { "uv": [ 7.350232, 2.670017, 15.75023, 2.670617 ], "texture": "#acacia_sapling_1", "cullface": "east" }
			}
		},
		{
			"__comment": "PlaneY2",
			"from": [ -0.4995, 1.7986, 7.8999 ],
			"to": [ 16.3005, 1.7992, 16.2999 ],
			"rotation": { "origin": [ 16.3, 1.8, 7.9 ], "axis": "z", "angle": -45 },
			"faces": {
				"down": { "uv": [ 0.000625, 0.000624657, 15.99938, 7.999374 ], "texture": "#acacia_sapling_4", "cullface": "east" },
				"up": { "uv": [ 0.000625, 8.000625, 15.99938, 15.99938 ], "texture": "#acacia_sapling_4", "cullface": "east" },
				"north": { "uv": [ 0, 2.371399, 11.45502, 2.371999 ], "texture": "#acacia_sapling_1", "cullface": "east" },
				"south": { "uv": [ 4.544985, 2.371399, 16, 2.371999 ], "texture": "#acacia_sapling_1", "cullface": "east" },
				"west": { "uv": [ 8.649938, 2.371399, 16, 2.371999 ], "texture": "#acacia_sapling_1", "cullface": "east" },
				"east": { "uv": [ 0, 2.371399, 7.350062, 2.371999 ], "texture": "#acacia_sapling_1", "cullface": "east" }
			}
		},
		{
			"__comment": "PlaneY7",
			"from": [ -0.4996, 1.5007, -0.5007 ],
			"to": [ 7.900403, 1.5013, 16.2993 ],
			"rotation": { "origin": [ -0.5, 1.5, -0.5 ], "axis": "x", "angle": -45 },
			"faces": {
				"down": { "uv": [ 0.000625, 0.000624657, 7.999375, 15.99938 ], "texture": "#acacia_sapling_4", "cullface": "west" },
				"up": { "uv": [ 0.000625, 0.000624657, 7.999375, 15.99938 ], "texture": "#acacia_sapling_4", "cullface": "west" },
				"north": { "uv": [ 7.974646, 14.54943, 16, 14.55003 ], "texture": "#acacia_sapling_1", "cullface": "west" },
				"south": { "uv": [ 0, 14.54943, 8.025354, 14.55003 ], "texture": "#acacia_sapling_1", "cullface": "west" },
				"west": { "uv": [ 0.2489959, 14.54943, 16, 14.55003 ], "texture": "#acacia_sapling_1", "cullface": "west" },
				"east": { "uv": [ 0, 14.54943, 15.751, 14.55003 ], "texture": "#acacia_sapling_1", "cullface": "west" }
			}
		},
		{
			"__comment": "PlaneY7",
			"from": [ 7.8995, 1.7991, -0.4993 ],
			"to": [ 16.2995, 1.7997, 16.3007 ],
			"rotation": { "origin": [ 7.900001, 1.8, -0.5 ], "axis": "x", "angle": -45 },
			"faces": {
				"down": { "uv": [ 8.000625, 0.000624657, 15.99938, 15.99938 ], "texture": "#acacia_sapling_4", "cullface": "east" },
				"up": { "uv": [ 8.000625, 0.000624657, 15.99938, 15.99938 ], "texture": "#acacia_sapling_4", "cullface": "east" },
				"north": { "uv": [ 0, 14.24959, 7.975549, 14.25019 ], "texture": "#acacia_sapling_1", "cullface": "east" },
				"south": { "uv": [ 8.024451, 14.24959, 16, 14.25019 ], "texture": "#acacia_sapling_1", "cullface": "east" },
				"west": { "uv": [ 0.2511242, 14.24959, 16, 14.25019 ], "texture": "#acacia_sapling_1", "cullface": "east" },
				"east": { "uv": [ 0, 14.24959, 15.74888, 14.25019 ], "texture": "#acacia_sapling_1", "cullface": "east" }
			}
		},
		{
			"__comment": "PlaneY7",
			"from": [ 7.8995, 1.7999, -0.4997 ],
			"to": [ 16.2995, 1.8005, 16.3003 ],
			"rotation": { "origin": [ 7.900001, 1.8, 16.3 ], "axis": "x", "angle": 45 },
			"faces": {
				"down": { "uv": [ 8.000625, 0.000624657, 15.99938, 15.99938 ], "texture": "#acacia_sapling_4", "cullface": "east" },
				"up": { "uv": [ 8.000625, 0.000624657, 15.99938, 15.99938 ], "texture": "#acacia_sapling_4", "cullface": "east" },
				"north": { "uv": [ 0, 2.370347, 7.975459, 2.370947 ], "texture": "#acacia_sapling_1", "cullface": "east" },
				"south": { "uv": [ 8.024541, 2.370347, 16, 2.370947 ], "texture": "#acacia_sapling_1", "cullface": "east" },
				"west": { "uv": [ 5.170757, 2.370347, 16, 2.370947 ], "texture": "#acacia_sapling_1", "cullface": "east" },
				"east": { "uv": [ 0, 2.370347, 10.82924, 2.370947 ], "texture": "#acacia_sapling_1", "cullface": "east" }
			}
		},
		{
			"__comment": "PlaneY7",
			"from": [ -0.4995, 1.4988, -0.4995 ],
			"to": [ 7.900501, 1.4994, 16.3005 ],
			"rotation": { "origin": [ -0.5, 1.5, 16.3 ], "axis": "x", "angle": 45 },
			"faces": {
				"down": { "uv": [ 0.000625, 0.000624657, 7.999375, 15.99938 ], "texture": "#acacia_sapling_4", "cullface": "west" },
				"up": { "uv": [ 0.000625, 0.000624657, 7.999375, 15.99938 ], "texture": "#acacia_sapling_4", "cullface": "west" },
				"north": { "uv": [ 7.974498, 2.671156, 16, 2.671756 ], "texture": "#acacia_sapling_1", "cullface": "west" },
				"south": { "uv": [ 0, 2.671156, 8.025502, 2.671756 ], "texture": "#acacia_sapling_1", "cullface": "west" },
				"west": { "uv": [ 5.170102, 2.671156, 16, 2.671756 ], "texture": "#acacia_sapling_1", "cullface": "west" },
				"east": { "uv": [ 0, 2.671156, 10.8299, 2.671756 ], "texture": "#acacia_sapling_1", "cullface": "west" }
			}
		},
		{
			"__comment": "PlaneY2",
			"from": [ -0.5004, 6.2992, -0.5 ],
			"to": [ 12.9996, 6.2998, 7.900002 ],
			"rotation": { "origin": [ -0.5, 6.3, -0.5 ], "axis": "z", "angle": 45 },
			"faces": {
				"down": { "uv": [ 0.000625, 8.000638, 15.99938, 15.99938 ], "texture": "#acacia_sapling_3", "cullface": "west" },
				"up": { "uv": [ 0.000625, 0.000624657, 15.99938, 7.999362 ], "texture": "#acacia_sapling_3", "cullface": "west" },
				"north": { "uv": [ 2.874729, 9.750237, 16, 9.750835 ], "texture": "#acacia_sapling_1", "cullface": "west" },
				"south": { "uv": [ 0, 9.750237, 13.12527, 9.750835 ], "texture": "#acacia_sapling_1", "cullface": "west" },
				"west": { "uv": [ 0.2500349, 9.750237, 8.650036, 9.750835 ], "texture": "#acacia_sapling_1", "cullface": "west" },
				"east": { "uv": [ 7.349965, 9.750237, 15.74996, 9.750835 ], "texture": "#acacia_sapling_1", "cullface": "west" }
			}
		},
		{
			"__comment": "PlaneY2",
			"from": [ -0.4992, 6.6005, 7.8994 ],
			"to": [ 13.0008, 6.601099, 16.2994 ],
			"rotation": { "origin": [ -0.5, 6.6, 7.9 ], "axis": "z", "angle": 45 },
			"faces": {
				"down": { "uv": [ 0.000625, 0.000624657, 15.99938, 7.999388 ], "texture": "#acacia_sapling_3" },
				"up": { "uv": [ 0.000625, 8.000611, 15.99938, 15.99938 ], "texture": "#acacia_sapling_3" },
				"north": { "uv": [ 2.874769, 9.448502, 16, 9.4491 ], "texture": "#acacia_sapling_1" },
				"south": { "uv": [ 0, 9.448502, 13.12523, 9.4491 ], "texture": "#acacia_sapling_1" },
				"west": { "uv": [ 8.649403, 9.448502, 16, 9.4491 ], "texture": "#acacia_sapling_1" },
				"east": { "uv": [ 0, 9.448502, 7.350597, 9.4491 ], "texture": "#acacia_sapling_1" }
			}
		},
		{
			"__comment": "PlaneY2",
			"from": [ 2.8007, 6.2993, 7.901 ],
			"to": [ 16.3007, 6.2999, 16.30099 ],
			"rotation": { "origin": [ 16.3, 6.3, 7.9 ], "axis": "z", "angle": -45 },
			"faces": {
				"down": { "uv": [ 0.000625, 0.000624657, 15.99938, 7.999374 ], "texture": "#acacia_sapling_3", "cullface": "east" },
				"up": { "uv": [ 0.000625, 8.000609, 15.99938, 15.99938 ], "texture": "#acacia_sapling_3", "cullface": "east" },
				"north": { "uv": [ 0, 0.2044716, 9.120926, 0.2050724 ], "texture": "#acacia_sapling_1", "cullface": "east" },
				"south": { "uv": [ 6.879074, 0.2044716, 16, 0.2050724 ], "texture": "#acacia_sapling_1", "cullface": "east" },
				"west": { "uv": [ 8.650994, 0.2044716, 16, 0.2050724 ], "texture": "#acacia_sapling_1", "cullface": "east" },
				"east": { "uv": [ 0, 0.2044716, 7.349006, 0.2050724 ], "texture": "#acacia_sapling_1", "cullface": "east" }
			}
		},
		{
			"__comment": "PlaneY2",
			"from": [ 2.7997, 6.5998, -0.5004 ],
			"to": [ 16.2997, 6.600399, 7.899601 ],
			"rotation": { "origin": [ 16.3, 6.6, -0.5 ], "axis": "z", "angle": -45 },
			"faces": {
				"down": { "uv": [ 0.000625, 8.000624, 15.99938, 15.99938 ], "texture": "#acacia_sapling_3", "cullface": "east" },
				"up": { "uv": [ 0.000625, 0.000624657, 15.99938, 7.999374 ], "texture": "#acacia_sapling_3", "cullface": "east" },
				"north": { "uv": [ 0, 15.90335, 9.121263, 15.90395 ], "texture": "#acacia_sapling_1" },
				"south": { "uv": [ 6.878737, 15.90335, 16, 15.90395 ], "texture": "#acacia_sapling_1" },
				"west": { "uv": [ 0.2496168, 15.90335, 8.649617, 15.90395 ], "texture": "#acacia_sapling_1" },
				"east": { "uv": [ 7.350383, 15.90335, 15.75038, 15.90395 ], "texture": "#acacia_sapling_1" }
			}
		},
		{
			"__comment": "PlaneY7",
			"from": [ -0.499, 6.3, 3.0993 ],
			"to": [ 7.901, 6.300599, 16.2993 ],
			"rotation": { "origin": [ -0.5, 6.3, 16.3 ], "axis": "x", "angle": 45 },
			"faces": {
				"down": { "uv": [ 0.000625, 0.000624657, 7.999375, 15.99938 ], "texture": "#acacia_sapling_3", "cullface": "west" },
				"up": { "uv": [ 0.000625, 0.000624657, 7.999375, 15.99938 ], "texture": "#acacia_sapling_3", "cullface": "west" },
				"north": { "uv": [ 7.97403, 0.4150562, 16, 0.4156551 ], "texture": "#acacia_sapling_1", "cullface": "west" },
				"south": { "uv": [ 0, 0.4150562, 8.02597, 0.4156551 ], "texture": "#acacia_sapling_1", "cullface": "west" },
				"west": { "uv": [ 7.715683, 0.4150562, 16, 0.4156551 ], "texture": "#acacia_sapling_1", "cullface": "west" },
				"east": { "uv": [ 0, 0.4150562, 8.284317, 0.4156551 ], "texture": "#acacia_sapling_1", "cullface": "west" }
			}
		},
		{
			"__comment": "PlaneY7",
			"from": [ 7.899, 6.5994, 3.1001 ],
			"to": [ 16.29901, 6.6, 16.3001 ],
			"rotation": { "origin": [ 7.900001, 6.6, 16.3 ], "axis": "x", "angle": 45 },
			"faces": {
				"down": { "uv": [ 8.000625, 0.000624657, 15.99938, 15.99938 ], "texture": "#acacia_sapling_3", "cullface": "east" },
				"up": { "uv": [ 8.000625, 0.000624657, 15.99938, 15.99938 ], "texture": "#acacia_sapling_3", "cullface": "east" },
				"north": { "uv": [ 0, 0.1160641, 7.975975, 0.1166639 ], "texture": "#acacia_sapling_1", "cullface": "east" },
				"south": { "uv": [ 8.024025, 0.1160641, 16, 0.1166639 ], "texture": "#acacia_sapling_1", "cullface": "east" },
				"west": { "uv": [ 7.715812, 0.1160641, 16, 0.1166639 ], "texture": "#acacia_sapling_1", "cullface": "east" },
				"east": { "uv": [ 0, 0.1160641, 8.284188, 0.1166639 ], "texture": "#acacia_sapling_1", "cullface": "east" }
			}
		},
		{
			"__comment": "PlaneY7",
			"from": [ 7.8995, 6.6004, 3.1009 ],
			"to": [ 16.2995, 6.601, 16.3009 ],
			"rotation": { "origin": [ 7.900001, 6.6, 16.3 ], "axis": "x", "angle": 45 },
			"faces": {
				"down": { "uv": [ 8.000625, 0.000624657, 15.99938, 15.99938 ], "texture": "#acacia_sapling_3", "cullface": "east" },
				"up": { "uv": [ 8.000625, 0.000624657, 15.99938, 15.99938 ], "texture": "#acacia_sapling_3", "cullface": "east" },
				"north": { "uv": [ 0, 0.1159191, 7.975532, 0.116519 ], "texture": "#acacia_sapling_1", "cullface": "east" },
				"south": { "uv": [ 8.024468, 0.1159191, 16, 0.116519 ], "texture": "#acacia_sapling_1", "cullface": "east" },
				"west": { "uv": [ 7.717082, 0.1159191, 16, 0.116519 ], "texture": "#acacia_sapling_1", "cullface": "east" },
				"east": { "uv": [ 0, 0.1159191, 8.282918, 0.116519 ], "texture": "#acacia_sapling_1", "cullface": "east" }
			}
		},
		{
			"__comment": "PlaneY7",
			"from": [ 7.9, 6.5997, -0.5007 ],
			"to": [ 16.29999, 19.79971, -0.5001 ],
			"rotation": { "origin": [ 7.900001, 6.6, -0.5 ], "axis": "x", "angle": 45 },
			"faces": {
				"down": { "uv": [ 8.024965, 15.75008, 16, 15.75068 ], "texture": "#acacia_sapling_1", "cullface": "east" },
				"up": { "uv": [ 8.024965, 0.2493162, 16, 0.2499161 ], "texture": "#acacia_sapling_1", "cullface": "east" },
				"north": { "uv": [ 0.000625, 0.000624657, 7.999375, 15.99938 ], "texture": "#acacia_sapling_3", "cullface": "east" },
				"south": { "uv": [ 8.000625, 0.000624657, 15.99938, 15.99938 ], "texture": "#acacia_sapling_3", "cullface": "east" },
				"west": { "uv": [ 0.2493163, 0, 0.2499163, 9.449676 ], "texture": "#acacia_sapling_1", "cullface": "east" },
				"east": { "uv": [ 15.75008, 0, 15.75068, 9.449676 ], "texture": "#acacia_sapling_1", "cullface": "east" }
			}
		},
		{
			"__comment": "PlaneY7",
			"from": [ -0.4992, 6.2998, -0.5009 ],
			"to": [ 7.900803, 19.4998, -0.5002999 ],
			"rotation": { "origin": [ -0.5, 6.3, -0.5 ], "axis": "x", "angle": 45 },
			"faces": {
				"down": { "uv": [ 0, 15.75012, 8.025779, 15.75072 ], "texture": "#acacia_sapling_1", "cullface": "west" },
				"up": { "uv": [ 0, 0.2492771, 8.025779, 0.249877 ], "texture": "#acacia_sapling_1", "cullface": "west" },
				"north": { "uv": [ 8.000625, 0.000624657, 15.99938, 15.99938 ], "texture": "#acacia_sapling_3", "cullface": "west" },
				"south": { "uv": [ 0.000625, 0.000624657, 7.999375, 15.99938 ], "texture": "#acacia_sapling_3", "cullface": "west" },
				"west": { "uv": [ 0.2492769, 0, 0.2498769, 9.749505 ], "texture": "#acacia_sapling_1", "cullface": "west" },
				"east": { "uv": [ 15.75012, 0, 15.75072, 9.749505 ], "texture": "#acacia_sapling_1", "cullface": "west" }
			}
		}
	],
	"display": {
		"thirdperson_righthand": {
			"rotation":  [ 45, 45, 0 ],
			"translation":  [ 0, 2.5, 3 ],
			"scale":  [ 0.5, 0.5, 0.5 ]
		},
		"thirdperson_lefthand": {
			"rotation":  [ 45, 45, 0 ],
			"translation":  [ 0, 2.5, 3 ],
			"scale":  [ 0.5, 0.5, 0.5 ]
		},
		"firstperson_righthand": {
			"rotation":  [ 0, 180, 0 ],
			"translation":  [ 0, 4, 0 ],
			"scale":  [ 0.5, 0.5, 0.5 ]
		},
		"firstperson_lefthand": {
			"rotation":  [ 0, 180, 0 ],
			"translation":  [ 0, 4, 0 ],
			"scale":  [ 0.5, 0.5, 0.5 ]
		},
		"gui": {
			"rotation":  [ 0, 180, 0 ],
			"translation":  [ 0, 0, 11 ]
		},
		"ground": {
			"translation":  [ 0, 2, 0 ],
			"scale":  [ 0.5, 0.5, 0.5 ]
		},
		"fixed": {
			"rotation":  [ 0, 20, 0 ]
		}
	}
}