{
	"__comment": "Designed by Intermacgod with BDcraft Cubik PRO 0.87 Beta - http://bdcraft.net",
	"gui_light": "front",
	"ambientocclusion": false,
	"textures": {
		"particle": "block/a/acacia_door/acacia_door",
		"acacia_door_1": "block/a/acacia_door/acacia_door_1",
		"acacia_door_2": "block/a/acacia_door/acacia_door_2",
		"acacia_door_3": "block/a/acacia_door/acacia_door_3",
		"acacia_door_4": "block/a/acacia_door/acacia_door_4",
		"acacia_door_7": "block/a/acacia_door/acacia_door_7",
		"acacia_door_6": "block/a/acacia_door/acacia_door_6"
	},
	"elements": [ 	 
		{
			"__comment": "Element",
			"from": [ 0.4999, -0.0006, 0.5003 ],
			"to": [ 2.4999, 15.4994, 3.000299 ],
			"faces": {
				"up": { "uv": [ 1.000625, 7.000626, 14.99938, 8.999375 ], "texture": "#acacia_door_1", "rotation": 90 },
				"north": { "uv": [ 0.000625, 0.000624657, 15.99938, 7.999374 ], "texture": "#acacia_door_1" },
				"south": { "uv": [ 0.000625, 0.000624657, 15.99938, 7.999374 ], "texture": "#acacia_door_1" },
				"west": { "uv": [ 0.000625, 0.000624657, 15.99938, 7.999374 ], "texture": "#acacia_door_1" },
				"east": { "uv": [ 0.000625, 0.000624657, 15.99938, 7.999374 ], "texture": "#acacia_door_1" }
			}
		},
		{
			"__comment": "Element",
			"from": [ 0.0005, 11.0001, 15.5008 ],
			"to": [ 1.000499, 13.0001, 16.0008 ],
			"faces": {
				"down": { "uv": [ 0.000625, 0.000624657, 15.99938, 15.99938 ], "texture": "#acacia_door_4", "rotation": 270 },
				"up": { "uv": [ 0.000625, 0.000624657, 15.99938, 15.99938 ], "texture": "#acacia_door_4", "rotation": 90 },
				"north": { "uv": [ 0.000625, 0.000624657, 15.99938, 15.99938 ], "texture": "#acacia_door_4" },
				"south": { "uv": [ 0.000625, 0.000624657, 15.99938, 15.99938 ], "texture": "#acacia_door_4", "cullface": "south" },
				"west": { "uv": [ 0.000625, 0.000624657, 15.99938, 15.99938 ], "texture": "#acacia_door_4", "cullface": "west" }
			}
		},
		{
			"__comment": "Element",
			"from": [ 0, 0, 15.5 ],
			"to": [ 1, 1, 16 ],
			"faces": {
				"up": { "uv": [ 0.001244545, 0, 16, 16 ], "texture": "#acacia_door_4", "rotation": 270 },
				"north": { "uv": [ 0.000625, 0.000624657, 15.99938, 7.999374 ], "texture": "#acacia_door_4" },
				"south": { "uv": [ 0.000625, 0.000624657, 15.99938, 8.499375 ], "texture": "#acacia_door_4", "cullface": "south" },
				"west": { "uv": [ 0.000625, 0.000624657, 15.99938, 7.999374 ], "texture": "#acacia_door_4", "cullface": "west" }
			}
		},
		{
			"__comment": "Element",
			"from": [ 1.9997, 10.9992, 15.4998 ],
			"to": [ 2.9997, 12.9992, 15.9998 ],
			"faces": {
				"down": { "uv": [ 0.000625, 0.000624657, 15.99938, 15.99938 ], "texture": "#acacia_door_4", "rotation": 270 },
				"up": { "uv": [ 0.000625, 0.000624657, 15.99938, 15.99938 ], "texture": "#acacia_door_4", "rotation": 90 },
				"north": { "uv": [ 0.000625, 0.000624657, 15.99938, 15.99938 ], "texture": "#acacia_door_4" },
				"south": { "uv": [ 0.000625, 0.000624657, 15.99938, 15.99938 ], "texture": "#acacia_door_4", "cullface": "south" },
				"east": { "uv": [ 0.000625, 0.000624657, 15.99938, 15.99938 ], "texture": "#acacia_door_4" }
			}
		},
		{
			"__comment": "Element",
			"from": [ 2.0004, -0.0001, 15.4992 ],
			"to": [ 3.0004, 0.9999001, 15.9992 ],
			"faces": {
				"up": { "uv": [ 0.001244545, 0, 16, 16 ], "texture": "#acacia_door_4", "rotation": 270 },
				"north": { "uv": [ 0.000625, 0.000624657, 15.99938, 7.999374 ], "texture": "#acacia_door_4" },
				"south": { "uv": [ 0.000625, 0.000624657, 15.99938, 7.999374 ], "texture": "#acacia_door_4", "cullface": "south" },
				"east": { "uv": [ 0.000625, 0.000624657, 15.99938, 7.999374 ], "texture": "#acacia_door_4" }
			}
		},
		{
			"__comment": "Element",
			"from": [ 0.9997, 0.0003, 0.0001 ],
			"to": [ 1.9997, 16.0003, 0.5001 ],
			"faces": {
				"up": { "uv": [ 1.000625, 0.000624657, 1.999375, 0.4993753 ], "texture": "#acacia_door_2", "cullface": "up" },
				"north": { "uv": [ 14.00062, 0.000624657, 14.99938, 15.99938 ], "texture": "#acacia_door_2", "cullface": "north" },
				"south": { "uv": [ 1.000625, 0.000624657, 1.999375, 15.99938 ], "texture": "#acacia_door_2" },
				"west": { "uv": [ 0.000625, 0.000624657, 0.499375, 15.99938 ], "texture": "#acacia_door_2" },
				"east": { "uv": [ 15.50062, 0.000624657, 15.99938, 15.99938 ], "texture": "#acacia_door_2" }
			}
		},
		{
			"__comment": "Element",
			"from": [ 0.9994, 0.0005, 15.4991 ],
			"to": [ 1.9994, 16.0005, 15.9991 ],
			"faces": {
				"up": { "uv": [ 1.000625, 15.50062, 1.999375, 15.99938 ], "texture": "#acacia_door_2", "cullface": "up" },
				"north": { "uv": [ 14.00062, 0.000624657, 14.99938, 15.99938 ], "texture": "#acacia_door_2" },
				"south": { "uv": [ 1.000625, 0.000624657, 1.999375, 15.99938 ], "texture": "#acacia_door_2", "cullface": "south" },
				"west": { "uv": [ 15.50062, 0.000624657, 15.99938, 15.99938 ], "texture": "#acacia_door_2" },
				"east": { "uv": [ 0.000625, 0.000624657, 0.499375, 15.99938 ], "texture": "#acacia_door_2" }
			}
		},
		{
			"__comment": "Element",
			"from": [ 1.0007, 15.5003, 0.5009 ],
			"to": [ 2.0007, 16.0003, 15.5009 ],
			"faces": {
				"down": { "uv": [ 14.99938, 15.49938, 14.00062, 0.5006247 ], "texture": "#acacia_door_2" },
				"up": { "uv": [ 1.000625, 0.5006247, 1.999375, 15.49938 ], "texture": "#acacia_door_2", "cullface": "up" },
				"west": { "uv": [ 0.500625, 0.000624657, 15.49938, 0.4993753 ], "texture": "#acacia_door_2" },
				"east": { "uv": [ 0.500625, 0.000624657, 15.49938, 0.4993753 ], "texture": "#acacia_door_2" }
			}
		},
		{
			"__comment": "Element",
			"from": [ 0.4993, 0.0003, 12.9994 ],
			"to": [ 2.4993, 15.5003, 15.4994 ],
			"faces": {
				"up": { "uv": [ 1.000625, 7.000626, 14.99938, 8.999375 ], "texture": "#acacia_door_1", "rotation": 90 },
				"north": { "uv": [ 0.000625, 0.000624657, 15.99938, 7.999374 ], "texture": "#acacia_door_1" },
				"south": { "uv": [ 0.000625, 0.000624657, 15.99938, 7.999374 ], "texture": "#acacia_door_1" },
				"west": { "uv": [ 0.000625, 0.000624657, 15.99938, 7.999374 ], "texture": "#acacia_door_1" },
				"east": { "uv": [ 0.000625, 0.000624657, 15.99938, 7.999374 ], "texture": "#acacia_door_1" }
			}
		},
		{
			"__comment": "Element",
			"from": [ 0.5005, 12.9995, 3 ],
			"to": [ 2.5005, 15.4995, 13 ],
			"faces": {
				"down": { "uv": [ 12.49938, 2.499375, 1.000625, 0.000624657 ], "texture": "#acacia_door_1", "rotation": 270 },
				"up": { "uv": [ 1.000625, 0.000624657, 11.99938, 2.499375 ], "texture": "#acacia_door_1", "rotation": 90 },
				"west": { "uv": [ 1.000625, 0.000624657, 11.49938, 2.499375 ], "texture": "#acacia_door_1" },
				"east": { "uv": [ 1.000625, 0.000624657, 11.99938, 2.499375 ], "texture": "#acacia_door_1" }
			}
		},
		{
			"__comment": "Element",
			"from": [ -0.4992, 0.0007, 1.5009 ],
			"to": [ 0.000799984, 4.5007, 2.0009 ],
			"faces": {
				"up": { "uv": [ 0, 0, 16, 16 ], "texture": "#acacia_door_4", "cullface": "west" },
				"north": { "uv": [ 0, 0, 16, 16 ], "texture": "#acacia_door_7", "cullface": "west" },
				"south": { "uv": [ 0, 0, 16, 16 ], "texture": "#acacia_door_7", "cullface": "west" },
				"west": { "uv": [ 0, 0, 16, 16 ], "texture": "#acacia_door_7", "cullface": "west" },
				"east": { "uv": [ 0, 0, 16, 16 ], "texture": "#acacia_door_7", "cullface": "west" }
			}
		},
		{
			"__comment": "Element",
			"from": [ -0.0007, 2.5008, 1.4997 ],
			"to": [ 0.4993, 3.0008, 1.9997 ],
			"faces": {
				"down": { "uv": [ 0.000625, 0.000624657, 15.99938, 15.99938 ], "texture": "#acacia_door_4", "cullface": "down" },
				"up": { "uv": [ 0.000625, 0.000624657, 15.99938, 15.99938 ], "texture": "#acacia_door_4", "cullface": "up" },
				"north": { "uv": [ 0.000625, 0.000624657, 15.99938, 15.99938 ], "texture": "#acacia_door_4", "cullface": "north" },
				"south": { "uv": [ 0.000625, 0.000624657, 15.99938, 15.99938 ], "texture": "#acacia_door_4", "cullface": "south" }
			}
		},
		{
			"__comment": "Element",
			"from": [ 2.501, 2.4992, 1.5002 ],
			"to": [ 3.001, 2.9992, 2.0002 ],
			"faces": {
				"down": { "uv": [ 0.000625, 0.000624657, 15.99938, 15.99938 ], "texture": "#acacia_door_4", "cullface": "down" },
				"up": { "uv": [ 0.000625, 0.000624657, 15.99938, 15.99938 ], "texture": "#acacia_door_4", "cullface": "up" },
				"north": { "uv": [ 0.000625, 0.000624657, 15.99938, 15.99938 ], "texture": "#acacia_door_4", "cullface": "north" },
				"south": { "uv": [ 0.000625, 0.000624657, 15.99938, 15.99938 ], "texture": "#acacia_door_4", "cullface": "south" }
			}
		},
		{
			"__comment": "Element",
			"from": [ 2.9993, -0.0002, 1.4998 ],
			"to": [ 3.4993, 4.499801, 1.9998 ],
			"faces": {
				"up": { "uv": [ 0, 0, 16, 16 ], "texture": "#acacia_door_4", "cullface": "up" },
				"north": { "uv": [ 0, 0, 16, 16 ], "texture": "#acacia_door_7", "cullface": "north" },
				"south": { "uv": [ 0, 0, 16, 16 ], "texture": "#acacia_door_7", "cullface": "south" },
				"west": { "uv": [ 0, 0, 16, 16 ], "texture": "#acacia_door_7", "cullface": "west" },
				"east": { "uv": [ 0, 0, 16, 16 ], "texture": "#acacia_door_7", "cullface": "east" }
			}
		},
		{
			"__comment": "Element",
			"from": [ 0.4998, 1.9994, 3.0004 ],
			"to": [ 2.4998, 3.4994, 13.0004 ],
			"faces": {
				"down": { "uv": [ 0.000625, 7.999374, 15.99938, 0.00062561 ], "texture": "#acacia_door_1" },
				"up": { "uv": [ 0.000625, 0.000624657, 15.99938, 7.999374 ], "texture": "#acacia_door_1" },
				"west": { "uv": [ 0.000625, 0.000624657, 15.99938, 7.999374 ], "texture": "#acacia_door_1" },
				"east": { "uv": [ 0.000625, 0.000624657, 15.99938, 7.999374 ], "texture": "#acacia_door_1" }
			}
		},
		{
			"__comment": "Element",
			"from": [ 1.0009, 12.4998, 2.9991 ],
			"to": [ 2.0009, 12.9998, 12.9991 ],
			"faces": {
				"down": { "uv": [ 14.99938, 12.99938, 14.00062, 3.000625 ], "texture": "#acacia_door_3" },
				"west": { "uv": [ 3.000625, 3.000625, 12.99938, 3.499375 ], "texture": "#acacia_door_3" },
				"east": { "uv": [ 3.000625, 3.000625, 12.99938, 3.499375 ], "texture": "#acacia_door_3" }
			}
		},
		{
			"__comment": "Element",
			"from": [ 0.9992, 3.4996, 3.0002 ],
			"to": [ 1.999199, 3.9996, 13.0002 ],
			"faces": {
				"up": { "uv": [ 1.000625, 3.000625, 1.999375, 12.99938 ], "texture": "#acacia_door_3" },
				"west": { "uv": [ 3.000625, 12.00062, 12.99938, 12.49938 ], "texture": "#acacia_door_3" },
				"east": { "uv": [ 3.000625, 12.00062, 12.99938, 12.49938 ], "texture": "#acacia_door_3" }
			}
		},
		{
			"__comment": "Element",
			"from": [ 0.9996, 3.9994, 3.0007 ],
			"to": [ 1.9996, 12.4994, 3.5007 ],
			"faces": {
				"south": { "uv": [ 1.000625, 3.500625, 1.999375, 11.99938 ], "texture": "#acacia_door_3" },
				"west": { "uv": [ 3.000625, 3.500625, 3.499375, 11.99938 ], "texture": "#acacia_door_3" },
				"east": { "uv": [ 12.50062, 3.500625, 12.99938, 11.99938 ], "texture": "#acacia_door_3" }
			}
		},
		{
			"__comment": "Element",
			"from": [ 1.0008, 1.4996, 2.9991 ],
			"to": [ 2.000799, 1.9996, 12.9991 ],
			"faces": {
				"down": { "uv": [ 14.99938, 12.99938, 14.00062, 3.000625 ], "texture": "#acacia_door_3" },
				"west": { "uv": [ 3.000625, 14.00062, 12.99938, 14.49938 ], "texture": "#acacia_door_3" },
				"east": { "uv": [ 3.000625, 14.00062, 12.99938, 14.49938 ], "texture": "#acacia_door_3" }
			}
		},
		{
			"__comment": "Element",
			"from": [ 0.999, 0.0001, 3 ],
			"to": [ 1.999, 1.5001, 3.5 ],
			"faces": {
				"west": { "uv": [ 3.000625, 14.50062, 3.499375, 15.99938 ], "texture": "#acacia_door_3" },
				"east": { "uv": [ 12.50062, 14.50062, 12.99938, 15.99938 ], "texture": "#acacia_door_3" }
			}
		},
		{
			"__comment": "Element",
			"from": [ 0.9999, -0.0009, 12.4993 ],
			"to": [ 1.999899, 1.4991, 12.9993 ],
			"faces": {
				"west": { "uv": [ 12.50062, 14.50062, 12.99938, 15.99938 ], "texture": "#acacia_door_3" },
				"east": { "uv": [ 3.000625, 14.50062, 3.499375, 15.99938 ], "texture": "#acacia_door_3" }
			}
		},
		{
			"__comment": "Element",
			"from": [ 0.4997, -0.0009, 3.4996 ],
			"to": [ 2.4997, 1.4991, 12.4996 ],
			"faces": {
				"up": { "uv": [ 0.500625, 3.500625, 2.499375, 12.49938 ], "texture": "#acacia_door_1" },
				"north": { "uv": [ 13.50062, 14.50062, 15.49938, 15.99938 ], "texture": "#acacia_door_1" },
				"south": { "uv": [ 0.500625, 14.50062, 2.499375, 15.99938 ], "texture": "#acacia_door_1" },
				"west": { "uv": [ 3.500625, 14.50062, 12.49938, 15.99938 ], "texture": "#acacia_door_1" },
				"east": { "uv": [ 3.500625, 14.50062, 12.49938, 15.99938 ], "texture": "#acacia_door_1" }
			}
		},
		{
			"__comment": "Element",
			"from": [ 0.9995, 3.9994, 7.4993 ],
			"to": [ 1.9995, 12.4994, 8.4993 ],
			"faces": {
				"north": { "uv": [ 14.00062, 3.500625, 14.99938, 11.99938 ], "texture": "#acacia_door_3" },
				"south": { "uv": [ 1.000625, 3.500625, 1.999375, 11.99938 ], "texture": "#acacia_door_3" },
				"west": { "uv": [ 7.500625, 3.500625, 8.499375, 11.99938 ], "texture": "#acacia_door_3" },
				"east": { "uv": [ 7.500625, 3.500625, 8.499375, 11.99938 ], "texture": "#acacia_door_3" }
			}
		},
		{
			"__comment": "Element",
			"from": [ 0.9991, 7.999, 3.5001 ],
			"to": [ 1.9991, 8.499001, 12.5001 ],
			"faces": {
				"down": { "uv": [ 14.99938, 12.49938, 14.00062, 3.500625 ], "texture": "#acacia_door_3" },
				"up": { "uv": [ 1.000625, 3.500625, 1.999375, 12.49938 ], "texture": "#acacia_door_3" },
				"west": { "uv": [ 3.500625, 7.500626, 12.49938, 7.999374 ], "texture": "#acacia_door_3" },
				"east": { "uv": [ 3.500625, 7.500626, 12.49938, 7.999374 ], "texture": "#acacia_door_3" }
			}
		},
		{
			"__comment": "Element",
			"from": [ 1.0001, 4.0001, 12.5008 ],
			"to": [ 2.0001, 12.5001, 13.0008 ],
			"faces": {
				"north": { "uv": [ 14.00062, 3.500625, 14.99938, 11.99938 ], "texture": "#acacia_door_3" },
				"west": { "uv": [ 3.000625, 3.500625, 3.499375, 11.99938 ], "texture": "#acacia_door_3" },
				"east": { "uv": [ 12.50062, 3.500625, 12.99938, 11.99938 ], "texture": "#acacia_door_3" }
			}
		},
		{
			"__comment": "Element",
			"from": [ 1.4997, 8.5008, 3.5007 ],
			"to": [ 1.5622, 12.5008, 7.5007 ],
			"faces": {
				"west": { "uv": [ 0.000625, 0.000624657, 15.99938, 15.99938 ], "texture": "#acacia_door_6" },
				"east": { "uv": [ 0.000625, 0.000624657, 15.99938, 15.99938 ], "texture": "#acacia_door_6" }
			}
		},
		{
			"__comment": "Element",
			"from": [ 1.4993, 8.4999, 8.4997 ],
			"to": [ 1.5618, 12.4999, 12.4997 ],
			"faces": {
				"west": { "uv": [ 0.000625, 0.000624657, 15.99938, 15.99938 ], "texture": "#acacia_door_6" },
				"east": { "uv": [ 0.000625, 0.000624657, 15.99938, 15.99938 ], "texture": "#acacia_door_6" }
			}
		},
		{
			"__comment": "Element",
			"from": [ 1.5005, 4.0005, 8.5008 ],
			"to": [ 1.563, 8.0005, 12.5008 ],
			"faces": {
				"west": { "uv": [ 0.000625, 0.000624657, 15.99938, 15.99938 ], "texture": "#acacia_door_6" },
				"east": { "uv": [ 0.000625, 0.000624657, 15.99938, 15.99938 ], "texture": "#acacia_door_6" }
			}
		},
		{
			"__comment": "Element",
			"from": [ 1.5001, 4.0006, 3.5004 ],
			"to": [ 1.5626, 8.000601, 7.5004 ],
			"faces": {
				"west": { "uv": [ 0.000625, 0.000624657, 15.99938, 15.99938 ], "texture": "#acacia_door_6" },
				"east": { "uv": [ 0.000625, 0.000624657, 15.99938, 15.99938 ], "texture": "#acacia_door_6" }
			}
		}
	]
}