{
	"__comment": "Designed by Interhell2000 with Cubik Studio - https://cubik.studio",
	"gui_light": "front",
	"ambientocclusion": false,
	"textures": {
		"particle": "block/a/acacia_slab/acacia_slab_top",
		"acacia_slab_1": "block/a/acacia_slab/acacia_slab_1",
		"acacia_slab_2": "block/a/acacia_slab/acacia_slab_2",
		"acacia_slab_3": "block/a/acacia_slab/acacia_slab_3",
		"acacia_slab_4": "block/a/acacia_slab/acacia_slab_4"
	},
	"elements": [ 	 
		{
			"__comment": "Box1",
			"from": [ 0.0009, 8.5008, -0.0008 ],
			"to": [ 2.0009, 9.0008, 13.4992 ],
			"faces": {
				"up": { "uv": [ 0.000625, 0.000624657, 1.999375, 13.49938 ], "texture": "#acacia_slab_1" },
				"north": { "uv": [ 14.00062, 7.000626, 15.99938, 7.499374 ], "texture": "#acacia_slab_1", "cullface": "north" },
				"south": { "uv": [ 0.000625, 7.000626, 1.999375, 7.499374 ], "texture": "#acacia_slab_1" },
				"west": { "uv": [ 0.000625, 7.000626, 13.49938, 7.499374 ], "texture": "#acacia_slab_1", "cullface": "west" },
				"east": { "uv": [ 2.500625, 7.000626, 15.99938, 7.499374 ], "texture": "#acacia_slab_1" }
			}
		},
		{
			"__comment": "Box1",
			"from": [ 0.0017, 9.499, -0.0016 ],
			"to": [ 8.5017, 12.499, 6.998401 ],
			"faces": {
				"down": { "uv": [ 0.001575056, 9.001605, 8.500325, 15.99938 ], "texture": "#acacia_slab_1" },
				"up": { "uv": [ 0.001575056, 0.000624657, 8.500325, 6.998394 ], "texture": "#acacia_slab_1" },
				"north": { "uv": [ 7.499675, 3.501535, 15.99843, 6.500285 ], "texture": "#acacia_slab_1", "cullface": "north" },
				"south": { "uv": [ 0.001575056, 3.501535, 8.500325, 6.500285 ], "texture": "#acacia_slab_1" },
				"west": { "uv": [ 0.000625, 3.501535, 6.998394, 6.500285 ], "texture": "#acacia_slab_1", "cullface": "west" },
				"east": { "uv": [ 9.001605, 3.501535, 15.99938, 6.500285 ], "texture": "#acacia_slab_1" }
			}
		},
		{
			"__comment": "Box1",
			"from": [ -0.0006, 8.4998, 13.9993 ],
			"to": [ 13.4994, 8.9998, 15.9993 ],
			"faces": {
				"up": { "uv": [ 0.000625, 14.00062, 13.49938, 15.99938 ], "texture": "#acacia_slab_1" },
				"north": { "uv": [ 2.500625, 7.000626, 15.99938, 7.499374 ], "texture": "#acacia_slab_1" },
				"south": { "uv": [ 0.000625, 7.000626, 13.49938, 7.499374 ], "texture": "#acacia_slab_1", "cullface": "south" },
				"west": { "uv": [ 14.00062, 7.000626, 15.99938, 7.499374 ], "texture": "#acacia_slab_1", "cullface": "west" },
				"east": { "uv": [ 0.000625, 7.000626, 1.999375, 7.499374 ], "texture": "#acacia_slab_1" }
			}
		},
		{
			"__comment": "Box1",
			"from": [ -0.0013, 9.500899, 7.5005 ],
			"to": [ 6.9987, 12.50089, 16.0005 ],
			"faces": {
				"down": { "uv": [ 0.000625, 0.00092411, 6.998924, 8.499675 ], "texture": "#acacia_slab_1" },
				"up": { "uv": [ 0.000625, 7.500326, 6.998924, 15.99908 ], "texture": "#acacia_slab_1" },
				"north": { "uv": [ 9.001076, 3.499855, 15.99938, 6.498602 ], "texture": "#acacia_slab_1" },
				"south": { "uv": [ 0.000625, 3.499855, 6.998924, 6.498602 ], "texture": "#acacia_slab_1", "cullface": "south" },
				"west": { "uv": [ 7.500325, 3.499855, 15.99908, 6.498602 ], "texture": "#acacia_slab_1", "cullface": "west" },
				"east": { "uv": [ 0.000924931, 3.499855, 8.499675, 6.498602 ], "texture": "#acacia_slab_1" }
			}
		},
		{
			"__comment": "Box1",
			"from": [ -0.0005, 12.9999, 0.0015 ],
			"to": [ 14.4995, 15.4999, 1.001499 ],
			"faces": {
				"down": { "uv": [ 0.000625, 14.99996, 14.49893, 15.99871 ], "texture": "#acacia_slab_1" },
				"north": { "uv": [ 1.501075, 0.4999046, 15.99938, 2.998655 ], "texture": "#acacia_slab_1", "cullface": "north" },
				"south": { "uv": [ 0.000625, 0.4999046, 14.49893, 2.998655 ], "texture": "#acacia_slab_1" },
				"west": { "uv": [ 0.001292433, 0.4999046, 1.000042, 2.998655 ], "texture": "#acacia_slab_1", "cullface": "west" },
				"east": { "uv": [ 14.99996, 0.4999046, 15.99871, 2.998655 ], "texture": "#acacia_slab_1" }
			}
		},
		{
			"__comment": "Box1",
			"from": [ 0.0012, 13, 1.4987 ],
			"to": [ 1.0012, 15.5, 15.9987 ],
			"faces": {
				"down": { "uv": [ 0.001184784, 0.001374245, 0.999935, 14.50012 ], "texture": "#acacia_slab_1" },
				"north": { "uv": [ 15.00006, 0.500905, 15.99882, 2.999656 ], "texture": "#acacia_slab_1" },
				"south": { "uv": [ 0.001184784, 0.500905, 0.999935, 2.999656 ], "texture": "#acacia_slab_1", "cullface": "south" },
				"west": { "uv": [ 1.499878, 0.500905, 15.99863, 2.999656 ], "texture": "#acacia_slab_1", "cullface": "west" },
				"east": { "uv": [ 0.001374826, 0.500905, 14.50012, 2.999656 ], "texture": "#acacia_slab_1" }
			}
		},
		{
			"__comment": "Box1",
			"from": [ 13.9993, 8.500899, 2.4992 ],
			"to": [ 15.9993, 9.000899, 15.9992 ],
			"faces": {
				"up": { "uv": [ 14.00062, 2.500625, 15.99938, 15.99938 ], "texture": "#acacia_slab_1" },
				"north": { "uv": [ 0.000625, 7.000626, 1.999375, 7.499374 ], "texture": "#acacia_slab_1" },
				"south": { "uv": [ 14.00062, 7.000626, 15.99938, 7.499374 ], "texture": "#acacia_slab_1", "cullface": "south" },
				"west": { "uv": [ 2.500625, 7.000626, 15.99938, 7.499374 ], "texture": "#acacia_slab_1" },
				"east": { "uv": [ 0.000625, 7.000626, 13.49938, 7.499374 ], "texture": "#acacia_slab_1", "cullface": "east" }
			}
		},
		{
			"__comment": "Box1",
			"from": [ 2.501, 8.5004, -0.0001 ],
			"to": [ 16.00101, 9.0004, 1.9999 ],
			"faces": {
				"up": { "uv": [ 2.500625, 0.000624657, 15.99938, 1.999375 ], "texture": "#acacia_slab_1" },
				"north": { "uv": [ 0.000625, 7.000626, 13.49938, 7.499374 ], "texture": "#acacia_slab_1", "cullface": "north" },
				"south": { "uv": [ 2.500625, 7.000626, 15.99938, 7.499374 ], "texture": "#acacia_slab_1" },
				"west": { "uv": [ 0.000625, 7.000626, 1.999375, 7.499374 ], "texture": "#acacia_slab_1" },
				"east": { "uv": [ 14.00062, 7.000626, 15.99938, 7.499374 ], "texture": "#acacia_slab_1", "cullface": "east" }
			}
		},
		{
			"__comment": "Box15",
			"from": [ 0.5014, 8.9998, 0.499 ],
			"to": [ 15.5014, 9.4998, 15.499 ],
			"faces": {
				"down": { "uv": [ 0.5012787, 0.5010042, 15.50003, 15.49975 ], "texture": "#acacia_slab_2" },
				"up": { "uv": [ 0.5012787, 0.500247, 15.50003, 15.499 ], "texture": "#acacia_slab_2" },
				"north": { "uv": [ 0.4999742, 6.500088, 15.49872, 6.998838 ], "texture": "#acacia_slab_2" },
				"south": { "uv": [ 0.5012787, 6.500088, 15.50003, 6.998838 ], "texture": "#acacia_slab_2" },
				"west": { "uv": [ 0.5002469, 6.500088, 15.499, 6.998838 ], "texture": "#acacia_slab_2" },
				"east": { "uv": [ 0.5010051, 6.500088, 15.49975, 6.998838 ], "texture": "#acacia_slab_2" }
			}
		},
		{
			"__comment": "Box1",
			"from": [ 9.0008, 9.4997, -0.0001 ],
			"to": [ 16.0008, 12.4997, 8.499899 ],
			"faces": {
				"down": { "uv": [ 9.001134, 7.500006, 15.99938, 15.99875 ], "texture": "#acacia_slab_1" },
				"up": { "uv": [ 9.001134, 0.001243591, 15.99938, 8.499994 ], "texture": "#acacia_slab_1" },
				"north": { "uv": [ 0.000625, 3.500465, 6.998866, 6.499215 ], "texture": "#acacia_slab_1", "cullface": "north" },
				"south": { "uv": [ 9.001134, 3.500465, 15.99938, 6.499215 ], "texture": "#acacia_slab_1" },
				"west": { "uv": [ 0.001244062, 3.500465, 8.499994, 6.499215 ], "texture": "#acacia_slab_1" },
				"east": { "uv": [ 7.500006, 3.500465, 15.99875, 6.499215 ], "texture": "#acacia_slab_1", "cullface": "east" }
			}
		},
		{
			"__comment": "Box1",
			"from": [ 7.4993, 9.4991, 8.9993 ],
			"to": [ 15.9993, 12.4991, 15.9993 ],
			"faces": {
				"down": { "uv": [ 7.499679, 0.001394272, 15.99843, 7.000148 ], "texture": "#acacia_slab_1" },
				"up": { "uv": [ 7.499679, 8.999851, 15.99843, 15.99861 ], "texture": "#acacia_slab_1" },
				"north": { "uv": [ 0.00157486, 3.500625, 8.500321, 6.499371 ], "texture": "#acacia_slab_1" },
				"south": { "uv": [ 7.499679, 3.500625, 15.99843, 6.499371 ], "texture": "#acacia_slab_1", "cullface": "south" },
				"west": { "uv": [ 8.999851, 3.500625, 15.99861, 6.499371 ], "texture": "#acacia_slab_1" },
				"east": { "uv": [ 0.001394615, 3.500625, 7.000148, 6.499371 ], "texture": "#acacia_slab_1", "cullface": "east" }
			}
		},
		{
			"__comment": "Box39",
			"from": [ 7.0015, 9.5, 15.0006 ],
			"to": [ 7.5015, 12.49999, 15.5006 ],
			"faces": {
				"north": { "uv": [ 8.499894, 3.501235, 8.998645, 6.49998 ], "texture": "#acacia_slab_2" },
				"south": { "uv": [ 7.001356, 3.501235, 7.500106, 6.49998 ], "texture": "#acacia_slab_2" }
			}
		},
		{
			"__comment": "Box39",
			"from": [ 14.9993, 9.498799, 8.4984 ],
			"to": [ 15.4993, 12.4988, 8.9984 ],
			"faces": {
				"west": { "uv": [ 8.499872, 3.501315, 8.998623, 6.500069 ], "texture": "#acacia_slab_2" },
				"east": { "uv": [ 7.001378, 3.501315, 7.500127, 6.500069 ], "texture": "#acacia_slab_2" }
			}
		},
		{
			"__comment": "Box39",
			"from": [ 0.5011, 9.5004, 6.999 ],
			"to": [ 1.0011, 12.50039, 7.499 ],
			"faces": {
				"west": { "uv": [ 7.000107, 3.500725, 7.498857, 6.49947 ], "texture": "#acacia_slab_2" },
				"east": { "uv": [ 8.501143, 3.500725, 8.999893, 6.49947 ], "texture": "#acacia_slab_2" }
			}
		},
		{
			"__comment": "Box39",
			"from": [ 8.5008, 9.498899, 0.5002 ],
			"to": [ 9.0008, 12.49891, 1.0002 ],
			"faces": {
				"north": { "uv": [ 7.000052, 3.501004, 7.498802, 6.49976 ], "texture": "#acacia_slab_2" },
				"south": { "uv": [ 8.501198, 3.501004, 8.999949, 6.49976 ], "texture": "#acacia_slab_2" }
			}
		},
		{
			"__comment": "Box15",
			"from": [ 0.4993, 12.4997, 0.4989 ],
			"to": [ 15.4993, 12.9997, 15.4989 ],
			"faces": {
				"down": { "uv": [ 0.5006639, 0.5008545, 15.49942, 15.49961 ], "texture": "#acacia_slab_2" },
				"up": { "uv": [ 0.5006639, 0.500391, 15.49942, 15.49915 ], "texture": "#acacia_slab_2" },
				"north": { "uv": [ 0.5005851, 3.000304, 15.49934, 3.499055 ], "texture": "#acacia_slab_2" },
				"south": { "uv": [ 0.5006639, 3.000304, 15.49942, 3.499055 ], "texture": "#acacia_slab_2" },
				"west": { "uv": [ 0.5003913, 3.000304, 15.49915, 3.499055 ], "texture": "#acacia_slab_2" },
				"east": { "uv": [ 0.5008549, 3.000304, 15.49961, 3.499055 ], "texture": "#acacia_slab_2" }
			}
		},
		{
			"__comment": "Box1",
			"from": [ 14.9992, 13.0002, -0.0005 ],
			"to": [ 15.9992, 15.5002, 14.4995 ],
			"faces": {
				"down": { "uv": [ 15.00067, 1.500995, 15.99938, 15.99938 ], "texture": "#acacia_slab_1" },
				"north": { "uv": [ 0.000625, 0.5008144, 0.9993254, 2.999565 ], "texture": "#acacia_slab_1", "cullface": "north" },
				"south": { "uv": [ 15.00067, 0.5008144, 15.99938, 2.999565 ], "texture": "#acacia_slab_1" },
				"west": { "uv": [ 0.000625, 0.5008144, 14.49901, 2.999565 ], "texture": "#acacia_slab_1" },
				"east": { "uv": [ 1.500995, 0.5008144, 15.99938, 2.999565 ], "texture": "#acacia_slab_1", "cullface": "east" }
			}
		},
		{
			"__comment": "Box1",
			"from": [ 1.501, 12.9994, 15.0002 ],
			"to": [ 16.00101, 15.4994, 16.0002 ],
			"faces": {
				"down": { "uv": [ 1.501354, 0.000624657, 15.99938, 0.9984856 ], "texture": "#acacia_slab_1" },
				"north": { "uv": [ 0.000625, 0.5013151, 14.49865, 3.000066 ], "texture": "#acacia_slab_1" },
				"south": { "uv": [ 1.501354, 0.5013151, 15.99938, 3.000066 ], "texture": "#acacia_slab_1", "cullface": "south" },
				"west": { "uv": [ 15.00151, 0.5013151, 15.99938, 3.000066 ], "texture": "#acacia_slab_1" },
				"east": { "uv": [ 0.000625, 0.5013151, 0.9984852, 3.000066 ], "texture": "#acacia_slab_1", "cullface": "east" }
			}
		},
		{
			"__comment": "Box46",
			"from": [ 1.001, 13.0005, 14.9982 ],
			"to": [ 1.501, 15.5005, 15.4982 ],
			"faces": {
				"north": { "uv": [ 14.50061, 0.5005646, 14.99936, 2.999315 ], "texture": "#acacia_slab_2" },
				"south": { "uv": [ 1.000643, 0.5005646, 1.499393, 2.999315 ], "texture": "#acacia_slab_2" }
			}
		},
		{
			"__comment": "Box46",
			"from": [ 14.9992, 12.9987, 14.5004 ],
			"to": [ 15.4992, 15.4987, 15.0004 ],
			"faces": {
				"west": { "uv": [ 14.50104, 0.500885, 14.99979, 2.999636 ], "texture": "#acacia_slab_2" },
				"east": { "uv": [ 1.000205, 0.500885, 1.498955, 2.999636 ], "texture": "#acacia_slab_2" }
			}
		},
		{
			"__comment": "Box46",
			"from": [ 0.4992, 12.9998, 1.0008 ],
			"to": [ 0.9992, 15.4998, 1.5008 ],
			"faces": {
				"west": { "uv": [ 1.001311, 0.500185, 1.500061, 2.998936 ], "texture": "#acacia_slab_2" },
				"east": { "uv": [ 14.49994, 0.500185, 14.99869, 2.998936 ], "texture": "#acacia_slab_2" }
			}
		},
		{
			"__comment": "Box46",
			"from": [ 14.5003, 13.0014, 0.4994 ],
			"to": [ 15.0003, 15.5014, 0.9994 ],
			"faces": {
				"north": { "uv": [ 1.000265, 0.4997845, 1.499015, 2.998535 ], "texture": "#acacia_slab_2" },
				"south": { "uv": [ 14.50098, 0.4997845, 14.99973, 2.998535 ], "texture": "#acacia_slab_2" }
			}
		},
		{
			"__comment": "Box46",
			"from": [ 0.4995, 8.4997, 13.5 ],
			"to": [ 0.9994999, 8.9997, 14 ],
			"faces": {
				"west": { "uv": [ 13.50062, 7.000626, 13.99938, 7.499374 ], "texture": "#acacia_slab_2" },
				"east": { "uv": [ 2.000625, 7.000626, 2.499375, 7.499374 ], "texture": "#acacia_slab_2" }
			}
		},
		{
			"__comment": "Box46",
			"from": [ 15.0004, 8.500199, 2.0004 ],
			"to": [ 15.5004, 9.000199, 2.5004 ],
			"faces": {
				"west": { "uv": [ 2.000625, 7.000626, 2.499375, 7.499374 ], "texture": "#acacia_slab_2" },
				"east": { "uv": [ 13.50062, 7.000626, 13.99938, 7.499374 ], "texture": "#acacia_slab_2" }
			}
		},
		{
			"__comment": "Box46",
			"from": [ 2.0006, 8, 0.4993 ],
			"to": [ 2.5006, 9, 0.9992999 ],
			"faces": {
				"north": { "uv": [ 13.49985, 7.000123, 13.9986, 7.998872 ], "texture": "#acacia_slab_2" },
				"south": { "uv": [ 2.001397, 7.000123, 2.500147, 7.998872 ], "texture": "#acacia_slab_2" }
			}
		},
		{
			"__comment": "Box46",
			"from": [ 13.4998, 8.0001, 15.0001 ],
			"to": [ 13.9998, 9.000099, 15.5001 ],
			"faces": {
				"north": { "uv": [ 1.999945, 7.000816, 2.498695, 7.999565 ], "texture": "#acacia_slab_2" },
				"south": { "uv": [ 13.5013, 7.000816, 14.00006, 7.999565 ], "texture": "#acacia_slab_2" }
			}
		},
		{
			"__comment": "PlaneX30",
			"from": [ -0.0001, 8.4994, -0.0009 ],
			"to": [ 0.0009, 15.4994, 22.4991 ],
			"rotation": { "origin": [ 0, 8.5, 0 ], "axis": "y", "angle": 45 },
			"faces": {
				"west": { "uv": [ 0.000625, 0.5013313, 15.99938, 7.500082 ], "texture": "#acacia_slab_2" },
				"east": { "uv": [ 0.000625, 0.5013313, 15.99938, 7.500082 ], "texture": "#acacia_slab_2" }
			}
		},
		{
			"__comment": "PlaneX30",
			"from": [ 15.9986, 8.5015, 0.0002 ],
			"to": [ 15.9996, 15.5015, 22.5002 ],
			"rotation": { "origin": [ 16, 8.5, 0 ], "axis": "y", "angle": -45 },
			"faces": {
				"west": { "uv": [ 0.000625, 0.4998503, 15.99938, 7.4986 ], "texture": "#acacia_slab_2" },
				"east": { "uv": [ 0.000625, 0.4998503, 15.99938, 7.4986 ], "texture": "#acacia_slab_2" }
			}
		},
		{
			"__comment": "Box32",
			"from": [ -0.0007, 8.0005, -0.0007 ],
			"to": [ 15.9993, 8.5005, 15.9993 ],
			"faces": {
				"down": { "uv": [ 0.000625, 0.000624657, 15.99938, 15.99938 ], "texture": "#acacia_slab_4" },
				"up": { "uv": [ 0.000625, 0.000624657, 15.99938, 15.99938 ], "texture": "#acacia_slab_1" },
				"north": { "uv": [ 0.000625, 7.500626, 15.99938, 7.999374 ], "texture": "#acacia_slab_1", "cullface": "north" },
				"south": { "uv": [ 0.000625, 7.500626, 15.99938, 7.999374 ], "texture": "#acacia_slab_1", "cullface": "south" },
				"west": { "uv": [ 0.000625, 7.500626, 15.99938, 7.999374 ], "texture": "#acacia_slab_1", "cullface": "west" },
				"east": { "uv": [ 0.000625, 7.500626, 15.99938, 7.999374 ], "texture": "#acacia_slab_1", "cullface": "east" }
			}
		},
		{
			"__comment": "Box32",
			"from": [ -0.0006, 15.4994, -0.0007 ],
			"to": [ 15.9994, 15.9994, 15.9993 ],
			"faces": {
				"down": { "uv": [ 0.000625, 0.000624657, 15.99938, 15.99938 ], "texture": "#acacia_slab_1" },
				"up": { "uv": [ 0.000625, 0.000624657, 15.99938, 15.99938 ], "texture": "#acacia_slab_3", "cullface": "up" },
				"north": { "uv": [ 0.000625, 0.000624657, 15.99938, 0.4993753 ], "texture": "#acacia_slab_2", "cullface": "north" },
				"south": { "uv": [ 0.000625, 0.000624657, 15.99938, 0.4993753 ], "texture": "#acacia_slab_2", "cullface": "south" },
				"west": { "uv": [ 0.000625, 0.000624657, 15.99938, 0.4993753 ], "texture": "#acacia_slab_2", "cullface": "west" },
				"east": { "uv": [ 0.000625, 0.000624657, 15.99938, 0.4993753 ], "texture": "#acacia_slab_2", "cullface": "east" }
			}
		}
	],
	"display": {
		"thirdperson_righthand": {
			"rotation":  [ 75, 45, 0 ],
			"translation":  [ 0, 2.5, 0 ],
			"scale":  [ 0.375, 0.375, 0.375 ]
		},
		"thirdperson_lefthand": {
			"rotation":  [ 75, 45, 0 ],
			"translation":  [ 0, 2.5, 0 ],
			"scale":  [ 0.375, 0.375, 0.375 ]
		},
		"firstperson_righthand": {
			"rotation":  [ 0, 45, 0 ],
			"scale":  [ 0.4, 0.4, 0.4 ]
		},
		"firstperson_lefthand": {
			"rotation":  [ 0, 45, 0 ],
			"scale":  [ 0.4, 0.4, 0.4 ]
		},
		"gui": {
			"rotation":  [ 30, 225, 0 ],
			"scale":  [ 0.625, 0.625, 0.625 ]
		},
		"ground": {
			"translation":  [ 0, 2, 0 ],
			"scale":  [ 0.5, 0.5, 0.5 ]
		}
	}
}