{
	"__comment": "Designed by Interhell2000 with Cubik Studio - https://cubik.studio",
	"gui_light": "front",
	"ambientocclusion": false,
	"textures": {
		"particle": "block/a/acacia_planks/acacia_planks",
		"acacia_planks_1": "block/a/acacia_planks/acacia_planks_1",
		"acacia_planks_2": "block/a/acacia_planks/acacia_planks_2",
		"acacia_planks_3": "block/a/acacia_planks/acacia_planks_3",
		"acacia_planks_4": "block/a/acacia_planks/acacia_planks_4",
		"acacia_planks_5": "block/a/acacia_planks/acacia_planks_5"
	},
	"elements": [ 	 
		{
			"__comment": "Box58",
			"from": [ 1.5, 8.5, 1.5 ],
			"to": [ 2.5, 15.5, 14.5 ],
			"faces": {
				"down": { "uv": [ 1.5, 1.5, 2.5, 14.5 ], "texture": "#acacia_planks_1" },
				"up": { "uv": [ 1.5, 1.5, 2.5, 14.5 ], "texture": "#acacia_planks_1" },
				"north": { "uv": [ 13.5, 0.5, 14.5, 7.5 ], "texture": "#acacia_planks_1" },
				"south": { "uv": [ 1.5, 0.5, 2.5, 7.5 ], "texture": "#acacia_planks_1" },
				"west": { "uv": [ 1.5, 0.5, 14.5, 7.5 ], "texture": "#acacia_planks_1" },
				"east": { "uv": [ 1.5, 0.5, 14.5, 7.5 ], "texture": "#acacia_planks_1" }
			}
		},
		{
			"__comment": "Box58",
			"from": [ 1, 9, 1 ],
			"to": [ 1.5, 15, 15 ],
			"faces": {
				"down": { "uv": [ 1, 1, 1.5, 15 ], "texture": "#acacia_planks_1" },
				"up": { "uv": [ 1, 1, 1.5, 15 ], "texture": "#acacia_planks_1" },
				"north": { "uv": [ 14.5, 1, 15, 7 ], "texture": "#acacia_planks_1" },
				"south": { "uv": [ 1, 1, 1.5, 7 ], "texture": "#acacia_planks_1" },
				"west": { "uv": [ 1, 1, 15, 7 ], "texture": "#acacia_planks_1" },
				"east": { "uv": [ 1, 1, 15, 7 ], "texture": "#acacia_planks_1" }
			}
		},
		{
			"__comment": "Box58",
			"from": [ 0.5, 10, 0.5 ],
			"to": [ 1, 14, 15.5 ],
			"faces": {
				"down": { "uv": [ 0.5, 0.5, 1, 15.5 ], "texture": "#acacia_planks_1" },
				"up": { "uv": [ 0.5, 0.5, 1, 15.5 ], "texture": "#acacia_planks_1" },
				"north": { "uv": [ 15, 2, 15.5, 6 ], "texture": "#acacia_planks_1" },
				"south": { "uv": [ 0.5, 2, 1, 6 ], "texture": "#acacia_planks_1" },
				"west": { "uv": [ 0.5, 2, 15.5, 6 ], "texture": "#acacia_planks_1" },
				"east": { "uv": [ 0.5, 2, 15.5, 6 ], "texture": "#acacia_planks_1" }
			}
		},
		{
			"__comment": "Box58",
			"from": [ 0, 11, 0 ],
			"to": [ 0.5, 13, 16 ],
			"faces": {
				"down": { "uv": [ 0, 0, 0.5, 16 ], "texture": "#acacia_planks_1" },
				"up": { "uv": [ 0, 0, 0.5, 16 ], "texture": "#acacia_planks_1" },
				"north": { "uv": [ 15.5, 3, 16, 5 ], "texture": "#acacia_planks_1", "cullface": "north" },
				"south": { "uv": [ 0, 3, 0.5, 5 ], "texture": "#acacia_planks_1", "cullface": "south" },
				"west": { "uv": [ 0, 3, 16, 5 ], "texture": "#acacia_planks_1", "cullface": "west" },
				"east": { "uv": [ 0, 3, 16, 5 ], "texture": "#acacia_planks_1" }
			}
		},
		{
			"__comment": "Box58",
			"from": [ 2.5, 8.5, 1.5 ],
			"to": [ 13.5, 15.5, 2.5 ],
			"faces": {
				"down": { "uv": [ 2.5, 13.5, 13.5, 14.5 ], "texture": "#acacia_planks_1" },
				"north": { "uv": [ 2.5, 0.5, 13.5, 7.5 ], "texture": "#acacia_planks_1" }
			}
		},
		{
			"__comment": "Box58",
			"from": [ 1.5, 9, 1 ],
			"to": [ 14.5, 15, 1.5 ],
			"faces": {
				"down": { "uv": [ 1.5, 14.5, 14.5, 15 ], "texture": "#acacia_planks_1" },
				"up": { "uv": [ 1.5, 1, 14.5, 1.5 ], "texture": "#acacia_planks_1" },
				"north": { "uv": [ 1.5, 1, 14.5, 7 ], "texture": "#acacia_planks_1" },
				"south": { "uv": [ 1.5, 1, 14.5, 7 ], "texture": "#acacia_planks_1" }
			}
		},
		{
			"__comment": "Box58",
			"from": [ 1, 10, 0.5 ],
			"to": [ 15, 14, 1 ],
			"faces": {
				"down": { "uv": [ 1, 15, 15, 15.5 ], "texture": "#acacia_planks_1" },
				"up": { "uv": [ 1, 0.5, 15, 1 ], "texture": "#acacia_planks_1" },
				"north": { "uv": [ 1, 2, 15, 6 ], "texture": "#acacia_planks_1" },
				"south": { "uv": [ 1, 2, 15, 6 ], "texture": "#acacia_planks_1" }
			}
		},
		{
			"__comment": "Box58",
			"from": [ 0.5, 11, 0 ],
			"to": [ 15.5, 13, 0.5 ],
			"faces": {
				"down": { "uv": [ 0.5, 15.5, 15.5, 16 ], "texture": "#acacia_planks_1" },
				"up": { "uv": [ 0.5, 0, 15.5, 0.5 ], "texture": "#acacia_planks_1" },
				"north": { "uv": [ 0.5, 3, 15.5, 5 ], "texture": "#acacia_planks_1", "cullface": "north" },
				"south": { "uv": [ 0.5, 3, 15.5, 5 ], "texture": "#acacia_planks_1" }
			}
		},
		{
			"__comment": "Box58",
			"from": [ 0.5, 11, 15.5 ],
			"to": [ 15.5, 13, 16 ],
			"faces": {
				"down": { "uv": [ 0.5, 0, 15.5, 0.5 ], "texture": "#acacia_planks_1" },
				"up": { "uv": [ 0.5, 15.5, 15.5, 16 ], "texture": "#acacia_planks_1" },
				"north": { "uv": [ 0.5, 3, 15.5, 5 ], "texture": "#acacia_planks_1" },
				"south": { "uv": [ 0.5, 3, 15.5, 5 ], "texture": "#acacia_planks_1", "cullface": "south" }
			}
		},
		{
			"__comment": "Box58",
			"from": [ 1, 10, 15 ],
			"to": [ 15, 14, 15.5 ],
			"faces": {
				"down": { "uv": [ 1, 0.5, 15, 1 ], "texture": "#acacia_planks_1" },
				"up": { "uv": [ 1, 15, 15, 15.5 ], "texture": "#acacia_planks_1" },
				"north": { "uv": [ 1, 2, 15, 6 ], "texture": "#acacia_planks_1" },
				"south": { "uv": [ 1, 2, 15, 6 ], "texture": "#acacia_planks_1" }
			}
		},
		{
			"__comment": "Box58",
			"from": [ 1.5, 9, 14.5 ],
			"to": [ 14.5, 15, 15 ],
			"faces": {
				"down": { "uv": [ 1.5, 1, 14.5, 1.5 ], "texture": "#acacia_planks_1" },
				"up": { "uv": [ 1.5, 14.5, 14.5, 15 ], "texture": "#acacia_planks_1" },
				"north": { "uv": [ 1.5, 1, 14.5, 7 ], "texture": "#acacia_planks_1" },
				"south": { "uv": [ 1.5, 1, 14.5, 7 ], "texture": "#acacia_planks_1" }
			}
		},
		{
			"__comment": "Box58",
			"from": [ 2.5, 8.5, 13.5 ],
			"to": [ 13.5, 15.5, 14.5 ],
			"faces": {
				"down": { "uv": [ 2.5, 1.5, 13.5, 2.5 ], "texture": "#acacia_planks_1" },
				"south": { "uv": [ 2.5, 0.5, 13.5, 7.5 ], "texture": "#acacia_planks_1" }
			}
		},
		{
			"__comment": "Box58",
			"from": [ 15.5, 11, 0 ],
			"to": [ 16, 13, 16 ],
			"faces": {
				"down": { "uv": [ 15.5, 0, 16, 16 ], "texture": "#acacia_planks_1" },
				"up": { "uv": [ 15.5, 0, 16, 16 ], "texture": "#acacia_planks_1" },
				"north": { "uv": [ 0, 3, 0.5, 5 ], "texture": "#acacia_planks_1", "cullface": "north" },
				"south": { "uv": [ 15.5, 3, 16, 5 ], "texture": "#acacia_planks_1", "cullface": "south" },
				"west": { "uv": [ 0, 3, 16, 5 ], "texture": "#acacia_planks_1" },
				"east": { "uv": [ 0, 3, 16, 5 ], "texture": "#acacia_planks_1", "cullface": "east" }
			}
		},
		{
			"__comment": "Box58",
			"from": [ 15, 10, 0.5 ],
			"to": [ 15.5, 14, 15.5 ],
			"faces": {
				"down": { "uv": [ 15, 0.5, 15.5, 15.5 ], "texture": "#acacia_planks_1" },
				"up": { "uv": [ 15, 0.5, 15.5, 15.5 ], "texture": "#acacia_planks_1" },
				"north": { "uv": [ 0.5, 2, 1, 6 ], "texture": "#acacia_planks_1" },
				"south": { "uv": [ 15, 2, 15.5, 6 ], "texture": "#acacia_planks_1" },
				"west": { "uv": [ 0.5, 2, 15.5, 6 ], "texture": "#acacia_planks_1" },
				"east": { "uv": [ 0.5, 2, 15.5, 6 ], "texture": "#acacia_planks_1" }
			}
		},
		{
			"__comment": "Box58",
			"from": [ 14.5, 9, 1 ],
			"to": [ 15, 15, 15 ],
			"faces": {
				"down": { "uv": [ 14.5, 1, 15, 15 ], "texture": "#acacia_planks_1" },
				"up": { "uv": [ 14.5, 1, 15, 15 ], "texture": "#acacia_planks_1" },
				"north": { "uv": [ 1, 1, 1.5, 7 ], "texture": "#acacia_planks_1" },
				"south": { "uv": [ 14.5, 1, 15, 7 ], "texture": "#acacia_planks_1" },
				"west": { "uv": [ 1, 1, 15, 7 ], "texture": "#acacia_planks_1" },
				"east": { "uv": [ 1, 1, 15, 7 ], "texture": "#acacia_planks_1" }
			}
		},
		{
			"__comment": "Box58",
			"from": [ 13.5, 8.5, 1.5 ],
			"to": [ 14.5, 15.5, 14.5 ],
			"faces": {
				"down": { "uv": [ 13.5, 1.5, 14.5, 14.5 ], "texture": "#acacia_planks_1" },
				"up": { "uv": [ 13.5, 1.5, 14.5, 14.5 ], "texture": "#acacia_planks_1" },
				"north": { "uv": [ 1.5, 0.5, 2.5, 7.5 ], "texture": "#acacia_planks_1" },
				"south": { "uv": [ 13.5, 0.5, 14.5, 7.5 ], "texture": "#acacia_planks_1" },
				"west": { "uv": [ 1.5, 0.5, 14.5, 7.5 ], "texture": "#acacia_planks_1" },
				"east": { "uv": [ 1.5, 0.5, 14.5, 7.5 ], "texture": "#acacia_planks_1" }
			}
		},
		{
			"__comment": "Box58",
			"from": [ 1.5, 0.5, 1.5 ],
			"to": [ 2.5, 7.5, 14.5 ],
			"faces": {
				"down": { "uv": [ 1.5, 1.5, 2.5, 14.5 ], "texture": "#acacia_planks_1" },
				"up": { "uv": [ 1.5, 1.5, 2.5, 14.5 ], "texture": "#acacia_planks_1" },
				"north": { "uv": [ 13.5, 8.5, 14.5, 15.5 ], "texture": "#acacia_planks_1" },
				"south": { "uv": [ 1.5, 8.5, 2.5, 15.5 ], "texture": "#acacia_planks_1" },
				"west": { "uv": [ 1.5, 8.5, 14.5, 15.5 ], "texture": "#acacia_planks_1" },
				"east": { "uv": [ 1.5, 8.5, 14.5, 15.5 ], "texture": "#acacia_planks_1" }
			}
		},
		{
			"__comment": "Box58",
			"from": [ 1, 1, 1 ],
			"to": [ 1.5, 7, 15 ],
			"faces": {
				"down": { "uv": [ 1, 1, 1.5, 15 ], "texture": "#acacia_planks_1" },
				"up": { "uv": [ 1, 1, 1.5, 15 ], "texture": "#acacia_planks_1" },
				"north": { "uv": [ 14.5, 9, 15, 15 ], "texture": "#acacia_planks_1" },
				"south": { "uv": [ 1, 9, 1.5, 15 ], "texture": "#acacia_planks_1" },
				"west": { "uv": [ 1, 9, 15, 15 ], "texture": "#acacia_planks_1" },
				"east": { "uv": [ 1, 9, 15, 15 ], "texture": "#acacia_planks_1" }
			}
		},
		{
			"__comment": "Box58",
			"from": [ 0.5, 2, 0.5 ],
			"to": [ 1, 6, 15.5 ],
			"faces": {
				"down": { "uv": [ 0.5, 0.5, 1, 15.5 ], "texture": "#acacia_planks_1" },
				"up": { "uv": [ 0.5, 0.5, 1, 15.5 ], "texture": "#acacia_planks_1" },
				"north": { "uv": [ 15, 10, 15.5, 14 ], "texture": "#acacia_planks_1" },
				"south": { "uv": [ 0.5, 10, 1, 14 ], "texture": "#acacia_planks_1" },
				"west": { "uv": [ 0.5, 10, 15.5, 14 ], "texture": "#acacia_planks_1" },
				"east": { "uv": [ 0.5, 10, 15.5, 14 ], "texture": "#acacia_planks_1" }
			}
		},
		{
			"__comment": "Box58",
			"from": [ 0, 3, 0 ],
			"to": [ 0.5, 5, 16 ],
			"faces": {
				"down": { "uv": [ 0, 0, 0.5, 16 ], "texture": "#acacia_planks_1" },
				"up": { "uv": [ 0, 0, 0.5, 16 ], "texture": "#acacia_planks_1" },
				"north": { "uv": [ 15.5, 11, 16, 13 ], "texture": "#acacia_planks_1", "cullface": "north" },
				"south": { "uv": [ 0, 11, 0.5, 13 ], "texture": "#acacia_planks_1", "cullface": "south" },
				"west": { "uv": [ 0, 11, 16, 13 ], "texture": "#acacia_planks_1", "cullface": "west" },
				"east": { "uv": [ 0, 11, 16, 13 ], "texture": "#acacia_planks_1" }
			}
		},
		{
			"__comment": "Box58",
			"from": [ 2.5, 0.5, 1.5 ],
			"to": [ 13.5, 7.5, 2.5 ],
			"faces": {
				"up": { "uv": [ 2.5, 1.5, 13.5, 2.5 ], "texture": "#acacia_planks_1" },
				"north": { "uv": [ 2.5, 8.5, 13.5, 15.5 ], "texture": "#acacia_planks_1" }
			}
		},
		{
			"__comment": "Box58",
			"from": [ 1.5, 1, 1 ],
			"to": [ 14.5, 7, 1.5 ],
			"faces": {
				"down": { "uv": [ 1.5, 14.5, 14.5, 15 ], "texture": "#acacia_planks_1" },
				"up": { "uv": [ 1.5, 1, 14.5, 1.5 ], "texture": "#acacia_planks_1" },
				"north": { "uv": [ 1.5, 9, 14.5, 15 ], "texture": "#acacia_planks_1" },
				"south": { "uv": [ 1.5, 9, 14.5, 15 ], "texture": "#acacia_planks_1" }
			}
		},
		{
			"__comment": "Box58",
			"from": [ 1, 2, 0.5 ],
			"to": [ 15, 6, 1 ],
			"faces": {
				"down": { "uv": [ 1, 15, 15, 15.5 ], "texture": "#acacia_planks_1" },
				"up": { "uv": [ 1, 0.5, 15, 1 ], "texture": "#acacia_planks_1" },
				"north": { "uv": [ 1, 10, 15, 14 ], "texture": "#acacia_planks_1" },
				"south": { "uv": [ 1, 10, 15, 14 ], "texture": "#acacia_planks_1" }
			}
		},
		{
			"__comment": "Box58",
			"from": [ 0.5, 3, 0 ],
			"to": [ 15.5, 5, 0.5 ],
			"faces": {
				"down": { "uv": [ 0.5, 15.5, 15.5, 16 ], "texture": "#acacia_planks_1" },
				"up": { "uv": [ 0.5, 0, 15.5, 0.5 ], "texture": "#acacia_planks_1" },
				"north": { "uv": [ 0.5, 11, 15.5, 13 ], "texture": "#acacia_planks_1", "cullface": "north" },
				"south": { "uv": [ 0.5, 11, 15.5, 13 ], "texture": "#acacia_planks_1" }
			}
		},
		{
			"__comment": "Box58",
			"from": [ 0.5, 3, 15.5 ],
			"to": [ 15.5, 5, 16 ],
			"faces": {
				"down": { "uv": [ 0.5, 0, 15.5, 0.5 ], "texture": "#acacia_planks_1" },
				"up": { "uv": [ 0.5, 15.5, 15.5, 16 ], "texture": "#acacia_planks_1" },
				"north": { "uv": [ 0.5, 11, 15.5, 13 ], "texture": "#acacia_planks_1" },
				"south": { "uv": [ 0.5, 11, 15.5, 13 ], "texture": "#acacia_planks_1", "cullface": "south" }
			}
		},
		{
			"__comment": "Box58",
			"from": [ 1, 2, 15 ],
			"to": [ 15, 6, 15.5 ],
			"faces": {
				"down": { "uv": [ 1, 0.5, 15, 1 ], "texture": "#acacia_planks_1" },
				"up": { "uv": [ 1, 15, 15, 15.5 ], "texture": "#acacia_planks_1" },
				"north": { "uv": [ 1, 10, 15, 14 ], "texture": "#acacia_planks_1" },
				"south": { "uv": [ 1, 10, 15, 14 ], "texture": "#acacia_planks_1" }
			}
		},
		{
			"__comment": "Box58",
			"from": [ 1.5, 1, 14.5 ],
			"to": [ 14.5, 7, 15 ],
			"faces": {
				"down": { "uv": [ 1.5, 1, 14.5, 1.5 ], "texture": "#acacia_planks_1" },
				"up": { "uv": [ 1.5, 14.5, 14.5, 15 ], "texture": "#acacia_planks_1" },
				"north": { "uv": [ 1.5, 9, 14.5, 15 ], "texture": "#acacia_planks_1" },
				"south": { "uv": [ 1.5, 9, 14.5, 15 ], "texture": "#acacia_planks_1" }
			}
		},
		{
			"__comment": "Box58",
			"from": [ 2.5, 0.5, 13.5 ],
			"to": [ 13.5, 7.5, 14.5 ],
			"faces": {
				"up": { "uv": [ 2.5, 13.5, 13.5, 14.5 ], "texture": "#acacia_planks_1" },
				"south": { "uv": [ 2.5, 8.5, 13.5, 15.5 ], "texture": "#acacia_planks_1" }
			}
		},
		{
			"__comment": "Box58",
			"from": [ 15.5, 3, 0 ],
			"to": [ 16, 5, 16 ],
			"faces": {
				"down": { "uv": [ 15.5, 0, 16, 16 ], "texture": "#acacia_planks_1" },
				"up": { "uv": [ 15.5, 0, 16, 16 ], "texture": "#acacia_planks_1" },
				"north": { "uv": [ 0, 11, 0.5, 13 ], "texture": "#acacia_planks_1", "cullface": "north" },
				"south": { "uv": [ 15.5, 11, 16, 13 ], "texture": "#acacia_planks_1", "cullface": "south" },
				"west": { "uv": [ 0, 11, 16, 13 ], "texture": "#acacia_planks_1" },
				"east": { "uv": [ 0, 11, 16, 13 ], "texture": "#acacia_planks_1", "cullface": "east" }
			}
		},
		{
			"__comment": "Box58",
			"from": [ 15, 2, 0.5 ],
			"to": [ 15.5, 6, 15.5 ],
			"faces": {
				"down": { "uv": [ 15, 0.5, 15.5, 15.5 ], "texture": "#acacia_planks_1" },
				"up": { "uv": [ 15, 0.5, 15.5, 15.5 ], "texture": "#acacia_planks_1" },
				"north": { "uv": [ 0.5, 10, 1, 14 ], "texture": "#acacia_planks_1" },
				"south": { "uv": [ 15, 10, 15.5, 14 ], "texture": "#acacia_planks_1" },
				"west": { "uv": [ 0.5, 10, 15.5, 14 ], "texture": "#acacia_planks_1" },
				"east": { "uv": [ 0.5, 10, 15.5, 14 ], "texture": "#acacia_planks_1" }
			}
		},
		{
			"__comment": "Box58",
			"from": [ 14.5, 1, 1 ],
			"to": [ 15, 7, 15 ],
			"faces": {
				"down": { "uv": [ 14.5, 1, 15, 15 ], "texture": "#acacia_planks_1" },
				"up": { "uv": [ 14.5, 1, 15, 15 ], "texture": "#acacia_planks_1" },
				"north": { "uv": [ 1, 9, 1.5, 15 ], "texture": "#acacia_planks_1" },
				"south": { "uv": [ 14.5, 9, 15, 15 ], "texture": "#acacia_planks_1" },
				"west": { "uv": [ 1, 9, 15, 15 ], "texture": "#acacia_planks_1" },
				"east": { "uv": [ 1, 9, 15, 15 ], "texture": "#acacia_planks_1" }
			}
		},
		{
			"__comment": "Box58",
			"from": [ 13.5, 0.5, 1.5 ],
			"to": [ 14.5, 7.5, 14.5 ],
			"faces": {
				"down": { "uv": [ 13.5, 1.5, 14.5, 14.5 ], "texture": "#acacia_planks_1" },
				"up": { "uv": [ 13.5, 1.5, 14.5, 14.5 ], "texture": "#acacia_planks_1" },
				"north": { "uv": [ 1.5, 8.5, 2.5, 15.5 ], "texture": "#acacia_planks_1" },
				"south": { "uv": [ 13.5, 8.5, 14.5, 15.5 ], "texture": "#acacia_planks_1" },
				"west": { "uv": [ 1.5, 8.5, 14.5, 15.5 ], "texture": "#acacia_planks_1" },
				"east": { "uv": [ 1.5, 8.5, 14.5, 15.5 ], "texture": "#acacia_planks_1" }
			}
		},
		{
			"__comment": "Box90",
			"from": [ 2.5, 0, 2.5 ],
			"to": [ 13.5, 16, 13.5 ],
			"faces": {
				"down": { "uv": [ 2.5, 2.5, 13.5, 13.5 ], "texture": "#acacia_planks_4", "cullface": "down" },
				"up": { "uv": [ 2.5, 2.5, 13.5, 13.5 ], "texture": "#acacia_planks_3", "cullface": "up" },
				"north": { "uv": [ 2.5, 0, 13.5, 16 ], "texture": "#acacia_planks_5" },
				"south": { "uv": [ 2.5, 0, 13.5, 16 ], "texture": "#acacia_planks_5" },
				"west": { "uv": [ 2.5, 0, 13.5, 16 ], "texture": "#acacia_planks_5" },
				"east": { "uv": [ 2.5, 0, 13.5, 16 ], "texture": "#acacia_planks_5" }
			}
		},
		{
			"__comment": "Box118",
			"from": [ 0, 7, 13.5 ],
			"to": [ 2.5, 9, 16 ],
			"faces": {
				"down": { "uv": [ 0, 0, 2.5, 2.5 ], "texture": "#acacia_planks_2" },
				"up": { "uv": [ 0, 13.5, 2.5, 16 ], "texture": "#acacia_planks_2" },
				"north": { "uv": [ 8.5, 7, 11, 9 ], "texture": "#acacia_planks_2" },
				"south": { "uv": [ 0, 7, 2.5, 9 ], "texture": "#acacia_planks_2", "cullface": "south" },
				"west": { "uv": [ 13.5, 7, 16, 9 ], "texture": "#acacia_planks_2", "cullface": "west" },
				"east": { "uv": [ 5, 7, 7.5, 9 ], "texture": "#acacia_planks_2" }
			}
		},
		{
			"__comment": "Box118",
			"from": [ 0, 9, 14 ],
			"to": [ 2, 9.5, 16 ],
			"faces": {
				"up": { "uv": [ 0, 14, 2, 16 ], "texture": "#acacia_planks_2" },
				"north": { "uv": [ 9, 6.5, 11, 7 ], "texture": "#acacia_planks_2" },
				"south": { "uv": [ 0, 6.5, 2, 7 ], "texture": "#acacia_planks_2", "cullface": "south" },
				"west": { "uv": [ 14, 6.5, 16, 7 ], "texture": "#acacia_planks_2", "cullface": "west" },
				"east": { "uv": [ 5, 7, 7, 7.5 ], "texture": "#acacia_planks_2" }
			}
		},
		{
			"__comment": "Box118",
			"from": [ 0, 6.5, 14 ],
			"to": [ 2, 7, 16 ],
			"faces": {
				"down": { "uv": [ 0, 0, 2, 2 ], "texture": "#acacia_planks_2" },
				"north": { "uv": [ 9, 9, 11, 9.5 ], "texture": "#acacia_planks_2" },
				"south": { "uv": [ 0, 9, 2, 9.5 ], "texture": "#acacia_planks_2", "cullface": "south" },
				"west": { "uv": [ 14, 9, 16, 9.5 ], "texture": "#acacia_planks_2", "cullface": "west" },
				"east": { "uv": [ 5.5, 9, 7.5, 9.5 ], "texture": "#acacia_planks_2" }
			}
		},
		{
			"__comment": "Box118",
			"from": [ 0, 6, 14.5 ],
			"to": [ 1.5, 6.5, 16 ],
			"faces": {
				"down": { "uv": [ 0, 0, 1.5, 1.5 ], "texture": "#acacia_planks_2" },
				"north": { "uv": [ 9, 9.5, 10.5, 10 ], "texture": "#acacia_planks_2" },
				"south": { "uv": [ 0, 9.5, 1.5, 10 ], "texture": "#acacia_planks_2", "cullface": "south" },
				"west": { "uv": [ 14.5, 9.5, 16, 10 ], "texture": "#acacia_planks_2", "cullface": "west" },
				"east": { "uv": [ 5.5, 9.5, 7, 10 ], "texture": "#acacia_planks_2" }
			}
		},
		{
			"__comment": "Box118",
			"from": [ 0, 9.5, 14.5 ],
			"to": [ 1.5, 10, 16 ],
			"faces": {
				"up": { "uv": [ 0, 14.5, 1.5, 16 ], "texture": "#acacia_planks_2" },
				"north": { "uv": [ 9.5, 6, 11, 6.5 ], "texture": "#acacia_planks_2" },
				"south": { "uv": [ 0, 6, 1.5, 6.5 ], "texture": "#acacia_planks_2", "cullface": "south" },
				"west": { "uv": [ 14.5, 6, 16, 6.5 ], "texture": "#acacia_planks_2", "cullface": "west" },
				"east": { "uv": [ 5, 6, 6.5, 6.5 ], "texture": "#acacia_planks_2" }
			}
		},
		{
			"__comment": "Box118",
			"from": [ 0, 10, 15 ],
			"to": [ 1, 10.5, 16 ],
			"faces": {
				"up": { "uv": [ 0, 15, 1, 16 ], "texture": "#acacia_planks_2" },
				"north": { "uv": [ 10, 5.5, 11, 6 ], "texture": "#acacia_planks_2" },
				"south": { "uv": [ 0, 5.5, 1, 6 ], "texture": "#acacia_planks_2", "cullface": "south" },
				"west": { "uv": [ 15, 5.5, 16, 6 ], "texture": "#acacia_planks_2", "cullface": "west" },
				"east": { "uv": [ 5.5, 6, 6.5, 6.5 ], "texture": "#acacia_planks_2" }
			}
		},
		{
			"__comment": "Box118",
			"from": [ 0, 5.5, 15 ],
			"to": [ 1, 6, 16 ],
			"faces": {
				"down": { "uv": [ 0, 0, 1, 1 ], "texture": "#acacia_planks_2" },
				"north": { "uv": [ 10, 10, 11, 10.5 ], "texture": "#acacia_planks_2" },
				"south": { "uv": [ 0, 10, 1, 10.5 ], "texture": "#acacia_planks_2", "cullface": "south" },
				"west": { "uv": [ 15, 10, 16, 10.5 ], "texture": "#acacia_planks_2", "cullface": "west" },
				"east": { "uv": [ 5.5, 10, 6.5, 10.5 ], "texture": "#acacia_planks_2" }
			}
		},
		{
			"__comment": "Box118",
			"from": [ 0, 7, 0 ],
			"to": [ 2.5, 9, 2.5 ],
			"faces": {
				"down": { "uv": [ 0, 13.5, 2.5, 16 ], "texture": "#acacia_planks_2" },
				"up": { "uv": [ 0, 0, 2.5, 2.5 ], "texture": "#acacia_planks_2" },
				"north": { "uv": [ 13.5, 7, 16, 9 ], "texture": "#acacia_planks_2", "cullface": "north" },
				"south": { "uv": [ 5, 7, 7.5, 9 ], "texture": "#acacia_planks_2" },
				"west": { "uv": [ 0, 7, 2.5, 9 ], "texture": "#acacia_planks_2", "cullface": "west" },
				"east": { "uv": [ 8, 7, 10.5, 9 ], "texture": "#acacia_planks_2" }
			}
		},
		{
			"__comment": "Box118",
			"from": [ 0, 9, 0 ],
			"to": [ 2, 9.5, 2 ],
			"faces": {
				"up": { "uv": [ 0, 0, 2, 2 ], "texture": "#acacia_planks_2" },
				"north": { "uv": [ 14, 6.5, 16, 7 ], "texture": "#acacia_planks_2", "cullface": "north" },
				"south": { "uv": [ 5, 7, 7, 7.5 ], "texture": "#acacia_planks_2" },
				"west": { "uv": [ 0, 6.5, 2, 7 ], "texture": "#acacia_planks_2", "cullface": "west" },
				"east": { "uv": [ 8.5, 7, 10.5, 7.5 ], "texture": "#acacia_planks_2" }
			}
		},
		{
			"__comment": "Box118",
			"from": [ 0, 6.5, 0 ],
			"to": [ 2, 7, 2 ],
			"faces": {
				"down": { "uv": [ 0, 14, 2, 16 ], "texture": "#acacia_planks_2" },
				"north": { "uv": [ 14, 9, 16, 9.5 ], "texture": "#acacia_planks_2", "cullface": "north" },
				"south": { "uv": [ 5, 9.5, 7, 10 ], "texture": "#acacia_planks_2" },
				"west": { "uv": [ 0, 9, 2, 9.5 ], "texture": "#acacia_planks_2", "cullface": "west" },
				"east": { "uv": [ 9, 9, 11, 9.5 ], "texture": "#acacia_planks_2" }
			}
		},
		{
			"__comment": "Box118",
			"from": [ 0, 6, 0 ],
			"to": [ 1.5, 6.5, 1.5 ],
			"faces": {
				"down": { "uv": [ 0, 14.5, 1.5, 16 ], "texture": "#acacia_planks_2" },
				"north": { "uv": [ 14.5, 9.5, 16, 10 ], "texture": "#acacia_planks_2", "cullface": "north" },
				"south": { "uv": [ 5, 10, 6.5, 10.5 ], "texture": "#acacia_planks_2" },
				"west": { "uv": [ 0, 9.5, 1.5, 10 ], "texture": "#acacia_planks_2", "cullface": "west" },
				"east": { "uv": [ 9.5, 9.5, 11, 10 ], "texture": "#acacia_planks_2" }
			}
		},
		{
			"__comment": "Box118",
			"from": [ 0, 9.5, 0 ],
			"to": [ 1.5, 10, 1.5 ],
			"faces": {
				"up": { "uv": [ 0, 0, 1.5, 1.5 ], "texture": "#acacia_planks_2" },
				"north": { "uv": [ 14.5, 6, 16, 6.5 ], "texture": "#acacia_planks_2", "cullface": "north" },
				"south": { "uv": [ 5, 6, 6.5, 6.5 ], "texture": "#acacia_planks_2" },
				"west": { "uv": [ 0, 6, 1.5, 6.5 ], "texture": "#acacia_planks_2", "cullface": "west" },
				"east": { "uv": [ 9, 6.5, 10.5, 7 ], "texture": "#acacia_planks_2" }
			}
		},
		{
			"__comment": "Box118",
			"from": [ 0, 10, 0 ],
			"to": [ 1, 10.5, 1 ],
			"faces": {
				"up": { "uv": [ 0, 0, 1, 1 ], "texture": "#acacia_planks_2" },
				"north": { "uv": [ 15, 5.5, 16, 6 ], "texture": "#acacia_planks_2", "cullface": "north" },
				"south": { "uv": [ 5, 5.5, 6, 6 ], "texture": "#acacia_planks_2" },
				"west": { "uv": [ 0, 5.5, 1, 6 ], "texture": "#acacia_planks_2", "cullface": "west" },
				"east": { "uv": [ 9.5, 5, 10.5, 5.5 ], "texture": "#acacia_planks_2" }
			}
		},
		{
			"__comment": "Box118",
			"from": [ 0, 5.5, 0 ],
			"to": [ 1, 6, 1 ],
			"faces": {
				"down": { "uv": [ 0, 15, 1, 16 ], "texture": "#acacia_planks_2" },
				"north": { "uv": [ 15, 10, 16, 10.5 ], "texture": "#acacia_planks_2", "cullface": "north" },
				"south": { "uv": [ 5, 10.5, 6, 11 ], "texture": "#acacia_planks_2" },
				"west": { "uv": [ 0, 10, 1, 10.5 ], "texture": "#acacia_planks_2", "cullface": "west" },
				"east": { "uv": [ 10, 10, 11, 10.5 ], "texture": "#acacia_planks_2" }
			}
		},
		{
			"__comment": "Box118",
			"from": [ 13.5, 7, 0 ],
			"to": [ 16, 9, 2.5 ],
			"faces": {
				"down": { "uv": [ 13.5, 13.5, 16, 16 ], "texture": "#acacia_planks_2" },
				"up": { "uv": [ 13.5, 0, 16, 2.5 ], "texture": "#acacia_planks_2" },
				"north": { "uv": [ 0, 7, 2.5, 9 ], "texture": "#acacia_planks_2", "cullface": "north" },
				"south": { "uv": [ 8.5, 7, 11, 9 ], "texture": "#acacia_planks_2" },
				"west": { "uv": [ 7, 8, 9.5, 10 ], "texture": "#acacia_planks_2" },
				"east": { "uv": [ 13.5, 7, 16, 9 ], "texture": "#acacia_planks_2", "cullface": "east" }
			}
		},
		{
			"__comment": "Box118",
			"from": [ 14, 9, 0 ],
			"to": [ 16, 9.5, 2 ],
			"faces": {
				"up": { "uv": [ 14, 0, 16, 2 ], "texture": "#acacia_planks_2" },
				"north": { "uv": [ 0, 6.5, 2, 7 ], "texture": "#acacia_planks_2", "cullface": "north" },
				"south": { "uv": [ 9, 6.5, 11, 7 ], "texture": "#acacia_planks_2" },
				"west": { "uv": [ 8, 7.5, 10, 8 ], "texture": "#acacia_planks_2" },
				"east": { "uv": [ 14, 6.5, 16, 7 ], "texture": "#acacia_planks_2", "cullface": "east" }
			}
		},
		{
			"__comment": "Box118",
			"from": [ 14, 6.5, 0 ],
			"to": [ 16, 7, 2 ],
			"faces": {
				"down": { "uv": [ 14, 14, 16, 16 ], "texture": "#acacia_planks_2" },
				"north": { "uv": [ 0, 9, 2, 9.5 ], "texture": "#acacia_planks_2", "cullface": "north" },
				"south": { "uv": [ 9, 9, 11, 9.5 ], "texture": "#acacia_planks_2" },
				"west": { "uv": [ 6.5, 9, 8.5, 9.5 ], "texture": "#acacia_planks_2" },
				"east": { "uv": [ 14, 9, 16, 9.5 ], "texture": "#acacia_planks_2", "cullface": "east" }
			}
		},
		{
			"__comment": "Box118",
			"from": [ 14.5, 6, 0 ],
			"to": [ 16, 6.5, 1.5 ],
			"faces": {
				"down": { "uv": [ 14.5, 14.5, 16, 16 ], "texture": "#acacia_planks_2" },
				"north": { "uv": [ 0, 9.5, 1.5, 10 ], "texture": "#acacia_planks_2", "cullface": "north" },
				"south": { "uv": [ 9.5, 9.5, 11, 10 ], "texture": "#acacia_planks_2" },
				"west": { "uv": [ 5, 9.5, 6.5, 10 ], "texture": "#acacia_planks_2" },
				"east": { "uv": [ 14.5, 9.5, 16, 10 ], "texture": "#acacia_planks_2", "cullface": "east" }
			}
		},
		{
			"__comment": "Box118",
			"from": [ 14.5, 9.5, 0 ],
			"to": [ 16, 10, 1.5 ],
			"faces": {
				"up": { "uv": [ 14.5, 0, 16, 1.5 ], "texture": "#acacia_planks_2" },
				"north": { "uv": [ 0, 6, 1.5, 6.5 ], "texture": "#acacia_planks_2", "cullface": "north" },
				"south": { "uv": [ 9.5, 6, 11, 6.5 ], "texture": "#acacia_planks_2" },
				"west": { "uv": [ 8, 8, 9.5, 8.5 ], "texture": "#acacia_planks_2" },
				"east": { "uv": [ 14.5, 6, 16, 6.5 ], "texture": "#acacia_planks_2", "cullface": "east" }
			}
		},
		{
			"__comment": "Box118",
			"from": [ 15, 10, 0 ],
			"to": [ 16, 10.5, 1 ],
			"faces": {
				"up": { "uv": [ 15, 0, 16, 1 ], "texture": "#acacia_planks_2" },
				"north": { "uv": [ 0, 5.5, 1, 6 ], "texture": "#acacia_planks_2", "cullface": "north" },
				"south": { "uv": [ 10, 5.5, 11, 6 ], "texture": "#acacia_planks_2" },
				"west": { "uv": [ 6, 6, 7, 6.5 ], "texture": "#acacia_planks_2" },
				"east": { "uv": [ 15, 5.5, 16, 6 ], "texture": "#acacia_planks_2", "cullface": "east" }
			}
		},
		{
			"__comment": "Box118",
			"from": [ 15, 5.5, 0 ],
			"to": [ 16, 6, 1 ],
			"faces": {
				"down": { "uv": [ 15, 15, 16, 16 ], "texture": "#acacia_planks_2" },
				"north": { "uv": [ 0, 10, 1, 10.5 ], "texture": "#acacia_planks_2", "cullface": "north" },
				"south": { "uv": [ 9.5, 10, 10.5, 10.5 ], "texture": "#acacia_planks_2" },
				"west": { "uv": [ 5, 10.5, 6, 11 ], "texture": "#acacia_planks_2" },
				"east": { "uv": [ 15, 10, 16, 10.5 ], "texture": "#acacia_planks_2", "cullface": "east" }
			}
		},
		{
			"__comment": "Box118",
			"from": [ 13.5, 7, 13.5 ],
			"to": [ 16, 9, 16 ],
			"faces": {
				"down": { "uv": [ 13.5, 0, 16, 2.5 ], "texture": "#acacia_planks_2" },
				"up": { "uv": [ 13.5, 13.5, 16, 16 ], "texture": "#acacia_planks_2" },
				"north": { "uv": [ 5, 7, 7.5, 9 ], "texture": "#acacia_planks_2" },
				"south": { "uv": [ 13.5, 7, 16, 9 ], "texture": "#acacia_planks_2", "cullface": "south" },
				"west": { "uv": [ 8, 7, 10.5, 9 ], "texture": "#acacia_planks_2" },
				"east": { "uv": [ 0, 7, 2.5, 9 ], "texture": "#acacia_planks_2", "cullface": "east" }
			}
		},
		{
			"__comment": "Box118",
			"from": [ 14, 9, 14 ],
			"to": [ 16, 9.5, 16 ],
			"faces": {
				"up": { "uv": [ 14, 14, 16, 16 ], "texture": "#acacia_planks_2" },
				"north": { "uv": [ 5, 6.5, 7, 7 ], "texture": "#acacia_planks_2" },
				"south": { "uv": [ 14, 6.5, 16, 7 ], "texture": "#acacia_planks_2", "cullface": "south" },
				"west": { "uv": [ 9, 6.5, 11, 7 ], "texture": "#acacia_planks_2" },
				"east": { "uv": [ 0, 6.5, 2, 7 ], "texture": "#acacia_planks_2", "cullface": "east" }
			}
		},
		{
			"__comment": "Box118",
			"from": [ 14, 6.5, 14 ],
			"to": [ 16, 7, 16 ],
			"faces": {
				"down": { "uv": [ 14, 0, 16, 2 ], "texture": "#acacia_planks_2" },
				"north": { "uv": [ 5, 9, 7, 9.5 ], "texture": "#acacia_planks_2" },
				"south": { "uv": [ 14, 9, 16, 9.5 ], "texture": "#acacia_planks_2", "cullface": "south" },
				"west": { "uv": [ 9, 9, 11, 9.5 ], "texture": "#acacia_planks_2" },
				"east": { "uv": [ 0, 9, 2, 9.5 ], "texture": "#acacia_planks_2", "cullface": "east" }
			}
		},
		{
			"__comment": "Box118",
			"from": [ 14.5, 6, 14.5 ],
			"to": [ 16, 6.5, 16 ],
			"faces": {
				"down": { "uv": [ 14.5, 0, 16, 1.5 ], "texture": "#acacia_planks_2" },
				"north": { "uv": [ 5, 9.5, 6.5, 10 ], "texture": "#acacia_planks_2" },
				"south": { "uv": [ 14.5, 9.5, 16, 10 ], "texture": "#acacia_planks_2", "cullface": "south" },
				"west": { "uv": [ 9.5, 9.5, 11, 10 ], "texture": "#acacia_planks_2" },
				"east": { "uv": [ 0, 9.5, 1.5, 10 ], "texture": "#acacia_planks_2", "cullface": "east" }
			}
		},
		{
			"__comment": "Box118",
			"from": [ 14.5, 9.5, 14.5 ],
			"to": [ 16, 10, 16 ],
			"faces": {
				"up": { "uv": [ 14.5, 14.5, 16, 16 ], "texture": "#acacia_planks_2" },
				"north": { "uv": [ 5, 6.5, 6.5, 7 ], "texture": "#acacia_planks_2" },
				"south": { "uv": [ 14.5, 6, 16, 6.5 ], "texture": "#acacia_planks_2", "cullface": "south" },
				"west": { "uv": [ 9, 6, 10.5, 6.5 ], "texture": "#acacia_planks_2" },
				"east": { "uv": [ 0, 6, 1.5, 6.5 ], "texture": "#acacia_planks_2", "cullface": "east" }
			}
		},
		{
			"__comment": "Box118",
			"from": [ 15, 10, 15 ],
			"to": [ 16, 10.5, 16 ],
			"faces": {
				"up": { "uv": [ 15, 15, 16, 16 ], "texture": "#acacia_planks_2" },
				"north": { "uv": [ 5.5, 6, 6.5, 6.5 ], "texture": "#acacia_planks_2" },
				"south": { "uv": [ 15, 5.5, 16, 6 ], "texture": "#acacia_planks_2", "cullface": "south" },
				"west": { "uv": [ 9.5, 5.5, 10.5, 6 ], "texture": "#acacia_planks_2" },
				"east": { "uv": [ 0, 5.5, 1, 6 ], "texture": "#acacia_planks_2", "cullface": "east" }
			}
		},
		{
			"__comment": "Box118",
			"from": [ 15, 5.5, 15 ],
			"to": [ 16, 6, 16 ],
			"faces": {
				"down": { "uv": [ 15, 0, 16, 1 ], "texture": "#acacia_planks_2" },
				"north": { "uv": [ 5, 10, 6, 10.5 ], "texture": "#acacia_planks_2" },
				"south": { "uv": [ 15, 10, 16, 10.5 ], "texture": "#acacia_planks_2", "cullface": "south" },
				"west": { "uv": [ 9.5, 10, 10.5, 10.5 ], "texture": "#acacia_planks_2" },
				"east": { "uv": [ 0, 10, 1, 10.5 ], "texture": "#acacia_planks_2", "cullface": "east" }
			}
		},
		{
			"__comment": "Box118",
			"from": [ 14, 1, 14 ],
			"to": [ 16, 1.5, 16 ],
			"faces": {
				"up": { "uv": [ 14, 14, 16, 16 ], "texture": "#acacia_planks_2" },
				"north": { "uv": [ 5, 8, 7, 8.5 ], "texture": "#acacia_planks_2" },
				"south": { "uv": [ 14, 14.5, 16, 15 ], "texture": "#acacia_planks_2", "cullface": "south" },
				"west": { "uv": [ 9, 7.5, 11, 8 ], "texture": "#acacia_planks_2" },
				"east": { "uv": [ 0, 14.5, 2, 15 ], "texture": "#acacia_planks_2", "cullface": "east" }
			}
		},
		{
			"__comment": "Box118",
			"from": [ 14.5, 1.5, 14.5 ],
			"to": [ 16, 2, 16 ],
			"faces": {
				"up": { "uv": [ 14.5, 14.5, 16, 16 ], "texture": "#acacia_planks_2" },
				"north": { "uv": [ 5, 6.5, 6.5, 7 ], "texture": "#acacia_planks_2" },
				"south": { "uv": [ 14.5, 14, 16, 14.5 ], "texture": "#acacia_planks_2", "cullface": "south" },
				"west": { "uv": [ 9.5, 6.5, 11, 7 ], "texture": "#acacia_planks_2" },
				"east": { "uv": [ 0, 14, 1.5, 14.5 ], "texture": "#acacia_planks_2", "cullface": "east" }
			}
		},
		{
			"__comment": "Box118",
			"from": [ 0, 1, 14 ],
			"to": [ 2, 1.5, 16 ],
			"faces": {
				"up": { "uv": [ 0, 14, 2, 16 ], "texture": "#acacia_planks_2" },
				"north": { "uv": [ 9, 7.5, 11, 8 ], "texture": "#acacia_planks_2" },
				"south": { "uv": [ 0, 14.5, 2, 15 ], "texture": "#acacia_planks_2", "cullface": "south" },
				"west": { "uv": [ 14, 14.5, 16, 15 ], "texture": "#acacia_planks_2", "cullface": "west" },
				"east": { "uv": [ 5.5, 8, 7.5, 8.5 ], "texture": "#acacia_planks_2" }
			}
		},
		{
			"__comment": "Box118",
			"from": [ 0, 1.5, 14.5 ],
			"to": [ 1.5, 2, 16 ],
			"faces": {
				"up": { "uv": [ 0, 14.5, 1.5, 16 ], "texture": "#acacia_planks_2" },
				"north": { "uv": [ 8.5, 6, 10, 6.5 ], "texture": "#acacia_planks_2" },
				"south": { "uv": [ 0, 14, 1.5, 14.5 ], "texture": "#acacia_planks_2", "cullface": "south" },
				"west": { "uv": [ 14.5, 14, 16, 14.5 ], "texture": "#acacia_planks_2", "cullface": "west" },
				"east": { "uv": [ 5, 6.5, 6.5, 7 ], "texture": "#acacia_planks_2" }
			}
		},
		{
			"__comment": "Box118",
			"from": [ 0, 2, 15 ],
			"to": [ 1, 2.5, 16 ],
			"faces": {
				"up": { "uv": [ 0, 15, 1, 16 ], "texture": "#acacia_planks_2" },
				"north": { "uv": [ 8.5, 5.5, 9.5, 6 ], "texture": "#acacia_planks_2" },
				"south": { "uv": [ 0, 13.5, 1, 14 ], "texture": "#acacia_planks_2", "cullface": "south" },
				"west": { "uv": [ 15, 13.5, 16, 14 ], "texture": "#acacia_planks_2", "cullface": "west" },
				"east": { "uv": [ 5.5, 5.5, 6.5, 6 ], "texture": "#acacia_planks_2" }
			}
		},
		{
			"__comment": "Box118",
			"from": [ 0, 1, 0 ],
			"to": [ 2, 1.5, 2 ],
			"faces": {
				"up": { "uv": [ 0, 0, 2, 2 ], "texture": "#acacia_planks_2" },
				"north": { "uv": [ 14, 14.5, 16, 15 ], "texture": "#acacia_planks_2", "cullface": "north" },
				"south": { "uv": [ 5.5, 7.5, 7.5, 8 ], "texture": "#acacia_planks_2" },
				"west": { "uv": [ 0, 14.5, 2, 15 ], "texture": "#acacia_planks_2", "cullface": "west" },
				"east": { "uv": [ 9, 7, 11, 7.5 ], "texture": "#acacia_planks_2" }
			}
		},
		{
			"__comment": "Box118",
			"from": [ 0, 1.5, 0 ],
			"to": [ 1.5, 2, 1.5 ],
			"faces": {
				"up": { "uv": [ 0, 0, 1.5, 1.5 ], "texture": "#acacia_planks_2" },
				"north": { "uv": [ 14.5, 14, 16, 14.5 ], "texture": "#acacia_planks_2", "cullface": "north" },
				"south": { "uv": [ 5, 6, 6.5, 6.5 ], "texture": "#acacia_planks_2" },
				"west": { "uv": [ 0, 14, 1.5, 14.5 ], "texture": "#acacia_planks_2", "cullface": "west" },
				"east": { "uv": [ 9.5, 6, 11, 6.5 ], "texture": "#acacia_planks_2" }
			}
		},
		{
			"__comment": "Box118",
			"from": [ 0, 2, 0 ],
			"to": [ 1, 2.5, 1 ],
			"faces": {
				"up": { "uv": [ 0, 0, 1, 1 ], "texture": "#acacia_planks_2" },
				"north": { "uv": [ 15, 13.5, 16, 14 ], "texture": "#acacia_planks_2", "cullface": "north" },
				"south": { "uv": [ 5.5, 5, 6.5, 5.5 ], "texture": "#acacia_planks_2" },
				"west": { "uv": [ 0, 13.5, 1, 14 ], "texture": "#acacia_planks_2", "cullface": "west" },
				"east": { "uv": [ 10, 5.5, 11, 6 ], "texture": "#acacia_planks_2" }
			}
		},
		{
			"__comment": "Box118",
			"from": [ 0, 0, 0 ],
			"to": [ 2.5, 1, 2.5 ],
			"faces": {
				"down": { "uv": [ 0, 13.5, 2.5, 16 ], "texture": "#acacia_planks_4", "cullface": "down" },
				"up": { "uv": [ 0, 0, 2.5, 2.5 ], "texture": "#acacia_planks_2" },
				"north": { "uv": [ 13.5, 15, 16, 16 ], "texture": "#acacia_planks_2", "cullface": "north" },
				"south": { "uv": [ 5.5, 9, 8, 10 ], "texture": "#acacia_planks_2" },
				"west": { "uv": [ 0, 15, 2.5, 16 ], "texture": "#acacia_planks_2", "cullface": "west" },
				"east": { "uv": [ 8.5, 8.5, 11, 9.5 ], "texture": "#acacia_planks_2" }
			}
		},
		{
			"__comment": "Box118",
			"from": [ 14, 1, 0 ],
			"to": [ 16, 1.5, 2 ],
			"faces": {
				"up": { "uv": [ 14, 0, 16, 2 ], "texture": "#acacia_planks_2" },
				"north": { "uv": [ 0, 14.5, 2, 15 ], "texture": "#acacia_planks_2", "cullface": "north" },
				"south": { "uv": [ 9, 7.5, 11, 8 ], "texture": "#acacia_planks_2" },
				"west": { "uv": [ 5.5, 8, 7.5, 8.5 ], "texture": "#acacia_planks_2" },
				"east": { "uv": [ 14, 14.5, 16, 15 ], "texture": "#acacia_planks_2", "cullface": "east" }
			}
		},
		{
			"__comment": "Box118",
			"from": [ 14.5, 1.5, 0 ],
			"to": [ 16, 2, 1.5 ],
			"faces": {
				"up": { "uv": [ 14.5, 0, 16, 1.5 ], "texture": "#acacia_planks_2" },
				"north": { "uv": [ 0, 14, 1.5, 14.5 ], "texture": "#acacia_planks_2", "cullface": "north" },
				"south": { "uv": [ 9.5, 7, 11, 7.5 ], "texture": "#acacia_planks_2" },
				"west": { "uv": [ 5.5, 6.5, 7, 7 ], "texture": "#acacia_planks_2" },
				"east": { "uv": [ 14.5, 14, 16, 14.5 ], "texture": "#acacia_planks_2", "cullface": "east" }
			}
		},
		{
			"__comment": "Box118",
			"from": [ 15, 2, 0 ],
			"to": [ 16, 2.5, 1 ],
			"faces": {
				"up": { "uv": [ 15, 0, 16, 1 ], "texture": "#acacia_planks_2" },
				"north": { "uv": [ 0, 13.5, 1, 14 ], "texture": "#acacia_planks_2", "cullface": "north" },
				"south": { "uv": [ 10, 6.5, 11, 7 ], "texture": "#acacia_planks_2" },
				"west": { "uv": [ 5.5, 5.5, 6.5, 6 ], "texture": "#acacia_planks_2" },
				"east": { "uv": [ 15, 13.5, 16, 14 ], "texture": "#acacia_planks_2", "cullface": "east" }
			}
		},
		{
			"__comment": "Box118",
			"from": [ 14, 14.5, 0 ],
			"to": [ 16, 15, 2 ],
			"faces": {
				"down": { "uv": [ 14, 14, 16, 16 ], "texture": "#acacia_planks_2" },
				"north": { "uv": [ 0, 1, 2, 1.5 ], "texture": "#acacia_planks_2", "cullface": "north" },
				"south": { "uv": [ 9, 6, 11, 6.5 ], "texture": "#acacia_planks_2" },
				"west": { "uv": [ 5, 6, 7, 6.5 ], "texture": "#acacia_planks_2" },
				"east": { "uv": [ 14, 1, 16, 1.5 ], "texture": "#acacia_planks_2", "cullface": "east" }
			}
		},
		{
			"__comment": "Box118",
			"from": [ 14.5, 14, 0 ],
			"to": [ 16, 14.5, 1.5 ],
			"faces": {
				"down": { "uv": [ 14.5, 14.5, 16, 16 ], "texture": "#acacia_planks_2" },
				"north": { "uv": [ 0, 1.5, 1.5, 2 ], "texture": "#acacia_planks_2", "cullface": "north" },
				"south": { "uv": [ 9.5, 8, 11, 8.5 ], "texture": "#acacia_planks_2" },
				"west": { "uv": [ 5, 7, 6.5, 7.5 ], "texture": "#acacia_planks_2" },
				"east": { "uv": [ 14.5, 1.5, 16, 2 ], "texture": "#acacia_planks_2", "cullface": "east" }
			}
		},
		{
			"__comment": "Box118",
			"from": [ 14, 14.5, 14 ],
			"to": [ 16, 15, 16 ],
			"faces": {
				"down": { "uv": [ 14, 0, 16, 2 ], "texture": "#acacia_planks_2" },
				"north": { "uv": [ 5, 6, 7, 6.5 ], "texture": "#acacia_planks_2" },
				"south": { "uv": [ 14, 1, 16, 1.5 ], "texture": "#acacia_planks_2", "cullface": "south" },
				"west": { "uv": [ 9, 6, 11, 6.5 ], "texture": "#acacia_planks_2" },
				"east": { "uv": [ 0, 1, 2, 1.5 ], "texture": "#acacia_planks_2", "cullface": "east" }
			}
		},
		{
			"__comment": "Box118",
			"from": [ 14.5, 14, 14.5 ],
			"to": [ 16, 14.5, 16 ],
			"faces": {
				"down": { "uv": [ 14.5, 0, 16, 1.5 ], "texture": "#acacia_planks_2" },
				"north": { "uv": [ 5, 7, 6.5, 7.5 ], "texture": "#acacia_planks_2" },
				"south": { "uv": [ 14.5, 1.5, 16, 2 ], "texture": "#acacia_planks_2", "cullface": "south" },
				"west": { "uv": [ 9.5, 7.5, 11, 8 ], "texture": "#acacia_planks_2" },
				"east": { "uv": [ 0, 1.5, 1.5, 2 ], "texture": "#acacia_planks_2", "cullface": "east" }
			}
		},
		{
			"__comment": "Box118",
			"from": [ 15, 13.5, 15 ],
			"to": [ 16, 14, 16 ],
			"faces": {
				"down": { "uv": [ 15, 0, 16, 1 ], "texture": "#acacia_planks_2" },
				"north": { "uv": [ 5, 7, 6, 7.5 ], "texture": "#acacia_planks_2" },
				"south": { "uv": [ 15, 2, 16, 2.5 ], "texture": "#acacia_planks_2", "cullface": "south" },
				"west": { "uv": [ 9.5, 7.5, 10.5, 8 ], "texture": "#acacia_planks_2" },
				"east": { "uv": [ 0, 2, 1, 2.5 ], "texture": "#acacia_planks_2", "cullface": "east" }
			}
		},
		{
			"__comment": "Box118",
			"from": [ 0, 14.5, 14 ],
			"to": [ 2, 15, 16 ],
			"faces": {
				"down": { "uv": [ 0, 0, 2, 2 ], "texture": "#acacia_planks_2" },
				"north": { "uv": [ 9, 6.5, 11, 7 ], "texture": "#acacia_planks_2" },
				"south": { "uv": [ 0, 1, 2, 1.5 ], "texture": "#acacia_planks_2", "cullface": "south" },
				"west": { "uv": [ 14, 1, 16, 1.5 ], "texture": "#acacia_planks_2", "cullface": "west" },
				"east": { "uv": [ 5, 6.5, 7, 7 ], "texture": "#acacia_planks_2" }
			}
		},
		{
			"__comment": "Box118",
			"from": [ 0, 14, 14.5 ],
			"to": [ 1.5, 14.5, 16 ],
			"faces": {
				"down": { "uv": [ 0, 0, 1.5, 1.5 ], "texture": "#acacia_planks_2" },
				"north": { "uv": [ 9.5, 7.5, 11, 8 ], "texture": "#acacia_planks_2" },
				"south": { "uv": [ 0, 1.5, 1.5, 2 ], "texture": "#acacia_planks_2", "cullface": "south" },
				"west": { "uv": [ 14.5, 1.5, 16, 2 ], "texture": "#acacia_planks_2", "cullface": "west" },
				"east": { "uv": [ 5, 6.5, 6.5, 7 ], "texture": "#acacia_planks_2" }
			}
		},
		{
			"__comment": "Box118",
			"from": [ 0, 14.5, 0 ],
			"to": [ 2, 15, 2 ],
			"faces": {
				"down": { "uv": [ 0, 14, 2, 16 ], "texture": "#acacia_planks_2" },
				"north": { "uv": [ 14, 1, 16, 1.5 ], "texture": "#acacia_planks_2", "cullface": "north" },
				"south": { "uv": [ 5, 6, 7, 6.5 ], "texture": "#acacia_planks_2" },
				"west": { "uv": [ 0, 1, 2, 1.5 ], "texture": "#acacia_planks_2", "cullface": "west" },
				"east": { "uv": [ 9, 6, 11, 6.5 ], "texture": "#acacia_planks_2" }
			}
		},
		{
			"__comment": "Box118",
			"from": [ 0, 14, 0 ],
			"to": [ 1.5, 14.5, 1.5 ],
			"faces": {
				"down": { "uv": [ 0, 14.5, 1.5, 16 ], "texture": "#acacia_planks_2" },
				"north": { "uv": [ 14.5, 1.5, 16, 2 ], "texture": "#acacia_planks_2", "cullface": "north" },
				"south": { "uv": [ 5, 8, 6.5, 8.5 ], "texture": "#acacia_planks_2" },
				"west": { "uv": [ 0, 1.5, 1.5, 2 ], "texture": "#acacia_planks_2", "cullface": "west" },
				"east": { "uv": [ 9, 7.5, 10.5, 8 ], "texture": "#acacia_planks_2" }
			}
		},
		{
			"__comment": "Box118",
			"from": [ 0, 13.5, 0 ],
			"to": [ 1, 14, 1 ],
			"faces": {
				"down": { "uv": [ 0, 15, 1, 16 ], "texture": "#acacia_planks_2" },
				"north": { "uv": [ 15, 2, 16, 2.5 ], "texture": "#acacia_planks_2", "cullface": "north" },
				"south": { "uv": [ 5, 8, 6, 8.5 ], "texture": "#acacia_planks_2" },
				"west": { "uv": [ 0, 2, 1, 2.5 ], "texture": "#acacia_planks_2", "cullface": "west" },
				"east": { "uv": [ 9, 6.5, 10, 7 ], "texture": "#acacia_planks_2" }
			}
		},
		{
			"__comment": "Box118",
			"from": [ 13.5, 0, 0 ],
			"to": [ 16, 1, 2.5 ],
			"faces": {
				"down": { "uv": [ 13.5, 13.5, 16, 16 ], "texture": "#acacia_planks_4", "cullface": "down" },
				"up": { "uv": [ 13.5, 0, 16, 2.5 ], "texture": "#acacia_planks_2" },
				"north": { "uv": [ 0, 15, 2.5, 16 ], "texture": "#acacia_planks_2", "cullface": "north" },
				"south": { "uv": [ 8.5, 8.5, 11, 9.5 ], "texture": "#acacia_planks_2" },
				"west": { "uv": [ 5.5, 9.5, 8, 10.5 ], "texture": "#acacia_planks_2" },
				"east": { "uv": [ 13.5, 15, 16, 16 ], "texture": "#acacia_planks_2", "cullface": "east" }
			}
		},
		{
			"__comment": "Box118",
			"from": [ 13.5, 0, 13.5 ],
			"to": [ 16, 1, 16 ],
			"faces": {
				"down": { "uv": [ 13.5, 0, 16, 2.5 ], "texture": "#acacia_planks_4", "cullface": "down" },
				"up": { "uv": [ 13.5, 13.5, 16, 16 ], "texture": "#acacia_planks_2" },
				"north": { "uv": [ 5, 10, 7.5, 11 ], "texture": "#acacia_planks_2" },
				"south": { "uv": [ 13.5, 15, 16, 16 ], "texture": "#acacia_planks_2", "cullface": "south" },
				"west": { "uv": [ 8.5, 9, 11, 10 ], "texture": "#acacia_planks_2" },
				"east": { "uv": [ 0, 15, 2.5, 16 ], "texture": "#acacia_planks_2", "cullface": "east" }
			}
		},
		{
			"__comment": "Box118",
			"from": [ 0, 0, 13.5 ],
			"to": [ 2.5, 1, 16 ],
			"faces": {
				"down": { "uv": [ 0, 0, 2.5, 2.5 ], "texture": "#acacia_planks_4", "cullface": "down" },
				"up": { "uv": [ 0, 13.5, 2.5, 16 ], "texture": "#acacia_planks_2" },
				"north": { "uv": [ 8.5, 8, 11, 9 ], "texture": "#acacia_planks_2" },
				"south": { "uv": [ 0, 15, 2.5, 16 ], "texture": "#acacia_planks_2", "cullface": "south" },
				"west": { "uv": [ 13.5, 15, 16, 16 ], "texture": "#acacia_planks_2", "cullface": "west" },
				"east": { "uv": [ 5, 9.5, 7.5, 10.5 ], "texture": "#acacia_planks_2" }
			}
		},
		{
			"__comment": "Box96",
			"from": [ 2.5, 0, 13.5 ],
			"to": [ 13.5, 0.5, 16 ],
			"faces": {
				"down": { "uv": [ 2.5, 0, 13.5, 2.5 ], "texture": "#acacia_planks_4", "cullface": "down" },
				"up": { "uv": [ 2.5, 13.5, 13.5, 16 ], "texture": "#acacia_planks_1" },
				"south": { "uv": [ 2.5, 15.5, 13.5, 16 ], "texture": "#acacia_planks_5", "cullface": "south" }
			}
		},
		{
			"__comment": "Box96",
			"from": [ 2.5, 0, 0 ],
			"to": [ 13.5, 0.5, 2.5 ],
			"faces": {
				"down": { "uv": [ 2.5, 13.5, 13.5, 16 ], "texture": "#acacia_planks_4", "cullface": "down" },
				"up": { "uv": [ 2.5, 0, 13.5, 2.5 ], "texture": "#acacia_planks_1" },
				"north": { "uv": [ 2.5, 15.5, 13.5, 16 ], "texture": "#acacia_planks_5", "cullface": "north" }
			}
		},
		{
			"__comment": "Box96",
			"from": [ 0, 0, 2.5 ],
			"to": [ 2.5, 0.5, 13.5 ],
			"faces": {
				"down": { "uv": [ 0, 2.5, 2.5, 13.5 ], "texture": "#acacia_planks_4", "cullface": "down" },
				"up": { "uv": [ 0, 2.5, 2.5, 13.5 ], "texture": "#acacia_planks_1" },
				"west": { "uv": [ 2.5, 15.5, 13.5, 16 ], "texture": "#acacia_planks_5", "cullface": "west" }
			}
		},
		{
			"__comment": "Box96",
			"from": [ 13.5, 0, 2.5 ],
			"to": [ 16, 0.5, 13.5 ],
			"faces": {
				"down": { "uv": [ 13.5, 2.5, 16, 13.5 ], "texture": "#acacia_planks_4", "cullface": "down" },
				"up": { "uv": [ 13.5, 2.5, 16, 13.5 ], "texture": "#acacia_planks_1" },
				"east": { "uv": [ 2.5, 15.5, 13.5, 16 ], "texture": "#acacia_planks_5", "cullface": "east" }
			}
		},
		{
			"__comment": "Box118",
			"from": [ 15.5, 2.5, 15.5 ],
			"to": [ 16, 3, 16 ],
			"faces": {
				"north": { "uv": [ 0, 13, 0.5, 13.5 ], "texture": "#acacia_planks_1" },
				"south": { "uv": [ 15.5, 13, 16, 13.5 ], "texture": "#acacia_planks_1", "cullface": "south" },
				"west": { "uv": [ 15.5, 13, 16, 13.5 ], "texture": "#acacia_planks_1" },
				"east": { "uv": [ 0, 13, 0.5, 13.5 ], "texture": "#acacia_planks_1", "cullface": "east" }
			}
		},
		{
			"__comment": "Box118",
			"from": [ 15.5, 5, 15.5 ],
			"to": [ 16, 5.5, 16 ],
			"faces": {
				"north": { "uv": [ 0, 10.5, 0.5, 11 ], "texture": "#acacia_planks_1" },
				"south": { "uv": [ 15.5, 10.5, 16, 11 ], "texture": "#acacia_planks_1", "cullface": "south" },
				"west": { "uv": [ 15.5, 10.5, 16, 11 ], "texture": "#acacia_planks_1" },
				"east": { "uv": [ 0, 10.5, 0.5, 11 ], "texture": "#acacia_planks_1", "cullface": "east" }
			}
		},
		{
			"__comment": "Box118",
			"from": [ 15.5, 10.5, 15.5 ],
			"to": [ 16, 11, 16 ],
			"faces": {
				"north": { "uv": [ 0, 5, 0.5, 5.5 ], "texture": "#acacia_planks_1" },
				"south": { "uv": [ 15.5, 5, 16, 5.5 ], "texture": "#acacia_planks_1", "cullface": "south" },
				"west": { "uv": [ 15.5, 5, 16, 5.5 ], "texture": "#acacia_planks_1" },
				"east": { "uv": [ 0, 5, 0.5, 5.5 ], "texture": "#acacia_planks_1", "cullface": "east" }
			}
		},
		{
			"__comment": "Box118",
			"from": [ 15.5, 13, 15.5 ],
			"to": [ 16, 13.5, 16 ],
			"faces": {
				"north": { "uv": [ 0, 2.5, 0.5, 3 ], "texture": "#acacia_planks_1" },
				"south": { "uv": [ 15.5, 2.5, 16, 3 ], "texture": "#acacia_planks_1", "cullface": "south" },
				"west": { "uv": [ 15.5, 2.5, 16, 3 ], "texture": "#acacia_planks_1" },
				"east": { "uv": [ 0, 2.5, 0.5, 3 ], "texture": "#acacia_planks_1", "cullface": "east" }
			}
		},
		{
			"__comment": "Box118",
			"from": [ 0, 13, 15.5 ],
			"to": [ 0.5, 13.5, 16 ],
			"faces": {
				"north": { "uv": [ 15.5, 2.5, 16, 3 ], "texture": "#acacia_planks_1" },
				"south": { "uv": [ 0, 2.5, 0.5, 3 ], "texture": "#acacia_planks_1", "cullface": "south" },
				"west": { "uv": [ 15.5, 2.5, 16, 3 ], "texture": "#acacia_planks_1", "cullface": "west" },
				"east": { "uv": [ 0, 2.5, 0.5, 3 ], "texture": "#acacia_planks_1" }
			}
		},
		{
			"__comment": "Box118",
			"from": [ 0, 10.5, 15.5 ],
			"to": [ 0.5, 11, 16 ],
			"faces": {
				"north": { "uv": [ 15.5, 5, 16, 5.5 ], "texture": "#acacia_planks_1" },
				"south": { "uv": [ 0, 5, 0.5, 5.5 ], "texture": "#acacia_planks_1", "cullface": "south" },
				"west": { "uv": [ 15.5, 5, 16, 5.5 ], "texture": "#acacia_planks_1", "cullface": "west" },
				"east": { "uv": [ 0, 5, 0.5, 5.5 ], "texture": "#acacia_planks_1" }
			}
		},
		{
			"__comment": "Box118",
			"from": [ 0, 5, 15.5 ],
			"to": [ 0.5, 5.5, 16 ],
			"faces": {
				"north": { "uv": [ 15.5, 10.5, 16, 11 ], "texture": "#acacia_planks_1" },
				"south": { "uv": [ 0, 10.5, 0.5, 11 ], "texture": "#acacia_planks_1", "cullface": "south" },
				"west": { "uv": [ 15.5, 10.5, 16, 11 ], "texture": "#acacia_planks_1", "cullface": "west" },
				"east": { "uv": [ 0, 10.5, 0.5, 11 ], "texture": "#acacia_planks_1" }
			}
		},
		{
			"__comment": "Box118",
			"from": [ 0, 2.5, 15.5 ],
			"to": [ 0.5, 3, 16 ],
			"faces": {
				"north": { "uv": [ 15.5, 13, 16, 13.5 ], "texture": "#acacia_planks_1" },
				"south": { "uv": [ 0, 13, 0.5, 13.5 ], "texture": "#acacia_planks_1", "cullface": "south" },
				"west": { "uv": [ 15.5, 13, 16, 13.5 ], "texture": "#acacia_planks_1", "cullface": "west" },
				"east": { "uv": [ 0, 13, 0.5, 13.5 ], "texture": "#acacia_planks_1" }
			}
		},
		{
			"__comment": "Box118",
			"from": [ 0, 2.5, 0 ],
			"to": [ 0.5, 3, 0.5 ],
			"faces": {
				"north": { "uv": [ 15.5, 13, 16, 13.5 ], "texture": "#acacia_planks_1", "cullface": "north" },
				"south": { "uv": [ 0, 13, 0.5, 13.5 ], "texture": "#acacia_planks_1" },
				"west": { "uv": [ 0, 13, 0.5, 13.5 ], "texture": "#acacia_planks_1", "cullface": "west" },
				"east": { "uv": [ 15.5, 13, 16, 13.5 ], "texture": "#acacia_planks_1" }
			}
		},
		{
			"__comment": "Box118",
			"from": [ 0, 5, 0 ],
			"to": [ 0.5, 5.5, 0.5 ],
			"faces": {
				"north": { "uv": [ 15.5, 10.5, 16, 11 ], "texture": "#acacia_planks_1", "cullface": "north" },
				"south": { "uv": [ 0, 10.5, 0.5, 11 ], "texture": "#acacia_planks_1" },
				"west": { "uv": [ 0, 10.5, 0.5, 11 ], "texture": "#acacia_planks_1", "cullface": "west" },
				"east": { "uv": [ 15.5, 10.5, 16, 11 ], "texture": "#acacia_planks_1" }
			}
		},
		{
			"__comment": "Box118",
			"from": [ 0, 10.5, 0 ],
			"to": [ 0.5, 11, 0.5 ],
			"faces": {
				"north": { "uv": [ 15.5, 5, 16, 5.5 ], "texture": "#acacia_planks_1", "cullface": "north" },
				"south": { "uv": [ 0, 5, 0.5, 5.5 ], "texture": "#acacia_planks_1" },
				"west": { "uv": [ 0, 5, 0.5, 5.5 ], "texture": "#acacia_planks_1", "cullface": "west" },
				"east": { "uv": [ 15.5, 5, 16, 5.5 ], "texture": "#acacia_planks_1" }
			}
		},
		{
			"__comment": "Box118",
			"from": [ 0, 13, 0 ],
			"to": [ 0.5, 13.5, 0.5 ],
			"faces": {
				"north": { "uv": [ 15.5, 2.5, 16, 3 ], "texture": "#acacia_planks_1", "cullface": "north" },
				"south": { "uv": [ 0, 2.5, 0.5, 3 ], "texture": "#acacia_planks_1" },
				"west": { "uv": [ 0, 2.5, 0.5, 3 ], "texture": "#acacia_planks_1", "cullface": "west" },
				"east": { "uv": [ 15.5, 2.5, 16, 3 ], "texture": "#acacia_planks_1" }
			}
		},
		{
			"__comment": "Box118",
			"from": [ 15.5, 5, 0 ],
			"to": [ 16, 5.5, 0.5 ],
			"faces": {
				"north": { "uv": [ 0, 10.5, 0.5, 11 ], "texture": "#acacia_planks_1", "cullface": "north" },
				"south": { "uv": [ 15.5, 10.5, 16, 11 ], "texture": "#acacia_planks_1" },
				"west": { "uv": [ 0, 10.5, 0.5, 11 ], "texture": "#acacia_planks_1" },
				"east": { "uv": [ 15.5, 10.5, 16, 11 ], "texture": "#acacia_planks_1", "cullface": "east" }
			}
		},
		{
			"__comment": "Box118",
			"from": [ 15.5, 2.5, 0 ],
			"to": [ 16, 3, 0.5 ],
			"faces": {
				"north": { "uv": [ 0, 13, 0.5, 13.5 ], "texture": "#acacia_planks_1", "cullface": "north" },
				"south": { "uv": [ 15.5, 13, 16, 13.5 ], "texture": "#acacia_planks_1" },
				"west": { "uv": [ 0, 13, 0.5, 13.5 ], "texture": "#acacia_planks_1" },
				"east": { "uv": [ 15.5, 13, 16, 13.5 ], "texture": "#acacia_planks_1", "cullface": "east" }
			}
		},
		{
			"__comment": "Box118",
			"from": [ 15.5, 10.5, 0 ],
			"to": [ 16, 11, 0.5 ],
			"faces": {
				"north": { "uv": [ 0, 5, 0.5, 5.5 ], "texture": "#acacia_planks_1", "cullface": "north" },
				"south": { "uv": [ 15.5, 5, 16, 5.5 ], "texture": "#acacia_planks_1" },
				"west": { "uv": [ 0, 5, 0.5, 5.5 ], "texture": "#acacia_planks_1" },
				"east": { "uv": [ 15.5, 5, 16, 5.5 ], "texture": "#acacia_planks_1", "cullface": "east" }
			}
		},
		{
			"__comment": "Box118",
			"from": [ 15.5, 13, 0 ],
			"to": [ 16, 13.5, 0.5 ],
			"faces": {
				"north": { "uv": [ 0, 2.5, 0.5, 3 ], "texture": "#acacia_planks_1", "cullface": "north" },
				"south": { "uv": [ 15.5, 2.5, 16, 3 ], "texture": "#acacia_planks_1" },
				"west": { "uv": [ 0, 2.5, 0.5, 3 ], "texture": "#acacia_planks_1" },
				"east": { "uv": [ 15.5, 2.5, 16, 3 ], "texture": "#acacia_planks_1", "cullface": "east" }
			}
		},
		{
			"__comment": "Box118",
			"from": [ 15, 2, 15 ],
			"to": [ 16, 2.5, 16 ],
			"faces": {
				"up": { "uv": [ 15, 15, 16, 16 ], "texture": "#acacia_planks_1" },
				"north": { "uv": [ 5, 5.5, 6, 6 ], "texture": "#acacia_planks_2" },
				"south": { "uv": [ 15, 13.5, 16, 14 ], "texture": "#acacia_planks_2", "cullface": "south" },
				"west": { "uv": [ 10, 6, 11, 6.5 ], "texture": "#acacia_planks_2" },
				"east": { "uv": [ 0, 13.5, 1, 14 ], "texture": "#acacia_planks_2", "cullface": "east" }
			}
		},
		{
			"__comment": "Box118",
			"from": [ 0, 13.5, 15 ],
			"to": [ 1, 14, 16 ],
			"faces": {
				"down": { "uv": [ 0, 0, 1, 1 ], "texture": "#acacia_planks_1" },
				"north": { "uv": [ 10, 8, 11, 8.5 ], "texture": "#acacia_planks_2" },
				"south": { "uv": [ 0, 2, 1, 2.5 ], "texture": "#acacia_planks_2", "cullface": "south" },
				"west": { "uv": [ 15, 2, 16, 2.5 ], "texture": "#acacia_planks_2", "cullface": "west" },
				"east": { "uv": [ 5, 8, 6, 8.5 ], "texture": "#acacia_planks_2" }
			}
		},
		{
			"__comment": "Box118",
			"from": [ 15, 13.5, 0 ],
			"to": [ 16, 14, 1 ],
			"faces": {
				"down": { "uv": [ 15, 15, 16, 16 ], "texture": "#acacia_planks_1" },
				"north": { "uv": [ 0, 2, 1, 2.5 ], "texture": "#acacia_planks_2", "cullface": "north" },
				"south": { "uv": [ 10, 8.5, 11, 9 ], "texture": "#acacia_planks_2" },
				"west": { "uv": [ 5, 8, 6, 8.5 ], "texture": "#acacia_planks_2" },
				"east": { "uv": [ 15, 2, 16, 2.5 ], "texture": "#acacia_planks_2", "cullface": "east" }
			}
		},
		{
			"__comment": "Box118",
			"from": [ 0, 15, 13.5 ],
			"to": [ 2.5, 16, 16 ],
			"faces": {
				"down": { "uv": [ 0, 0, 2.5, 2.5 ], "texture": "#acacia_planks_2" },
				"up": { "uv": [ 0, 13.5, 2.5, 16 ], "texture": "#acacia_planks_3", "cullface": "up" },
				"north": { "uv": [ 8.5, 5, 11, 6 ], "texture": "#acacia_planks_2" },
				"south": { "uv": [ 0, 0, 2.5, 1 ], "texture": "#acacia_planks_2", "cullface": "south" },
				"west": { "uv": [ 13.5, 0, 16, 1 ], "texture": "#acacia_planks_2", "cullface": "west" },
				"east": { "uv": [ 5, 5, 7.5, 6 ], "texture": "#acacia_planks_2" }
			}
		},
		{
			"__comment": "Box118",
			"from": [ 0, 15, 0 ],
			"to": [ 2.5, 16, 2.5 ],
			"faces": {
				"down": { "uv": [ 0, 13.5, 2.5, 16 ], "texture": "#acacia_planks_1" },
				"up": { "uv": [ 0, 0, 2.5, 2.5 ], "texture": "#acacia_planks_3", "cullface": "up" },
				"north": { "uv": [ 13.5, 0, 16, 1 ], "texture": "#acacia_planks_2", "cullface": "north" },
				"south": { "uv": [ 5, 5, 7.5, 6 ], "texture": "#acacia_planks_2" },
				"west": { "uv": [ 0, 0, 2.5, 1 ], "texture": "#acacia_planks_2", "cullface": "west" },
				"east": { "uv": [ 8.5, 5, 11, 6 ], "texture": "#acacia_planks_2" }
			}
		},
		{
			"__comment": "Box118",
			"from": [ 13.5, 15, 0 ],
			"to": [ 16, 16, 2.5 ],
			"faces": {
				"down": { "uv": [ 13.5, 13.5, 16, 16 ], "texture": "#acacia_planks_2" },
				"up": { "uv": [ 13.5, 0, 16, 2.5 ], "texture": "#acacia_planks_3", "cullface": "up" },
				"north": { "uv": [ 0, 0, 2.5, 1 ], "texture": "#acacia_planks_2", "cullface": "north" },
				"south": { "uv": [ 8.5, 5, 11, 6 ], "texture": "#acacia_planks_2" },
				"west": { "uv": [ 5, 5, 7.5, 6 ], "texture": "#acacia_planks_2" },
				"east": { "uv": [ 13.5, 0, 16, 1 ], "texture": "#acacia_planks_2", "cullface": "east" }
			}
		},
		{
			"__comment": "Box118",
			"from": [ 13.5, 15, 13.5 ],
			"to": [ 16, 16, 16 ],
			"faces": {
				"down": { "uv": [ 13.5, 0, 16, 2.5 ], "texture": "#acacia_planks_2" },
				"up": { "uv": [ 13.5, 13.5, 16, 16 ], "texture": "#acacia_planks_3", "cullface": "up" },
				"north": { "uv": [ 5, 5, 7.5, 6 ], "texture": "#acacia_planks_2" },
				"south": { "uv": [ 13.5, 0, 16, 1 ], "texture": "#acacia_planks_2", "cullface": "south" },
				"west": { "uv": [ 8, 5, 10.5, 6 ], "texture": "#acacia_planks_2" },
				"east": { "uv": [ 0, 0, 2.5, 1 ], "texture": "#acacia_planks_2", "cullface": "east" }
			}
		},
		{
			"__comment": "Box96",
			"from": [ 2.5, 15.5, 0 ],
			"to": [ 13.5, 16, 2.5 ],
			"faces": {
				"down": { "uv": [ 2.5, 13.5, 13.5, 16 ], "texture": "#acacia_planks_1" },
				"up": { "uv": [ 2.5, 0, 13.5, 2.5 ], "texture": "#acacia_planks_3", "cullface": "up" },
				"north": { "uv": [ 2.5, 0, 13.5, 0.5 ], "texture": "#acacia_planks_5", "cullface": "north" }
			}
		},
		{
			"__comment": "Box96",
			"from": [ 2.5, 15.5, 13.5 ],
			"to": [ 13.5, 16, 16 ],
			"faces": {
				"down": { "uv": [ 2.5, 0, 13.5, 2.5 ], "texture": "#acacia_planks_1" },
				"up": { "uv": [ 2.5, 13.5, 13.5, 16 ], "texture": "#acacia_planks_3", "cullface": "up" },
				"south": { "uv": [ 2.5, 0, 13.5, 0.5 ], "texture": "#acacia_planks_5", "cullface": "south" }
			}
		},
		{
			"__comment": "Box96",
			"from": [ 0, 15.5, 2.5 ],
			"to": [ 2.5, 16, 13.5 ],
			"faces": {
				"down": { "uv": [ 0, 2.5, 2.5, 13.5 ], "texture": "#acacia_planks_1" },
				"up": { "uv": [ 0, 2.5, 2.5, 13.5 ], "texture": "#acacia_planks_3", "cullface": "up" },
				"west": { "uv": [ 2.5, 0, 13.5, 0.5 ], "texture": "#acacia_planks_5", "cullface": "west" }
			}
		},
		{
			"__comment": "Box96",
			"from": [ 13.5, 15.5, 2.5 ],
			"to": [ 16, 16, 13.5 ],
			"faces": {
				"down": { "uv": [ 13.5, 2.5, 16, 13.5 ], "texture": "#acacia_planks_1" },
				"up": { "uv": [ 13.5, 2.5, 16, 13.5 ], "texture": "#acacia_planks_3", "cullface": "up" },
				"east": { "uv": [ 2.5, 0, 13.5, 0.5 ], "texture": "#acacia_planks_5", "cullface": "east" }
			}
		}
	],
	"display": {
		"thirdperson_righthand": {
			"rotation":  [ 75, 45, 0 ],
			"translation":  [ 0, 2.5, 0 ],
			"scale":  [ 0.375, 0.375, 0.375 ]
		},
		"thirdperson_lefthand": {
			"rotation":  [ 75, 45, 0 ],
			"translation":  [ 0, 2.5, 0 ],
			"scale":  [ 0.375, 0.375, 0.375 ]
		},
		"firstperson_righthand": {
			"rotation":  [ 0, 45, 0 ],
			"scale":  [ 0.4, 0.4, 0.4 ]
		},
		"firstperson_lefthand": {
			"rotation":  [ 0, 45, 0 ],
			"scale":  [ 0.4, 0.4, 0.4 ]
		},
		"gui": {
			"rotation":  [ 30, 225, 0 ],
			"scale":  [ 0.625, 0.625, 0.625 ]
		},
		"ground": {
			"translation":  [ 0, 3, 0 ],
			"scale":  [ 0.25, 0.25, 0.25 ]
		}
	}
}