{
	"__comment": "Designed by Interhell2000 with Cubik Studio - https://cubik.studio",
	"gui_light": "front",
	"ambientocclusion": false,
	"textures": {
		"particle": "block/a/acacia_slab/acacia_slab",
		"acacia_slab_1": "block/a/acacia_slab/acacia_slab_1",
		"acacia_slab_2": "block/a/acacia_slab/acacia_slab_2"
	},
	"elements": [ 	 
		{
			"__comment": "Box1",
			"from": [ 0, 0, 0 ],
			"to": [ 12, 2.5, 3.5 ],
			"faces": {
				"up": { "uv": [ 0.000625, 0.000624657, 11.99938, 3.499375 ], "texture": "#acacia_slab_1" },
				"north": { "uv": [ 4.000625, 13.50062, 15.99938, 15.99938 ], "texture": "#acacia_slab_1", "cullface": "north" },
				"south": { "uv": [ 0.000625, 13.50062, 11.99938, 15.99938 ], "texture": "#acacia_slab_1" },
				"west": { "uv": [ 0.000625, 13.50062, 3.499375, 15.99938 ], "texture": "#acacia_slab_1", "cullface": "west" },
				"east": { "uv": [ 12.50062, 13.50062, 15.99938, 15.99938 ], "texture": "#acacia_slab_1" }
			}
		},
		{
			"__comment": "Box1",
			"from": [ -0.0014, 0.0015, 3.9989 ],
			"to": [ 3.4986, 2.5015, 15.9989 ],
			"faces": {
				"up": { "uv": [ 0.000625, 3.999715, 3.498953, 15.99847 ], "texture": "#acacia_slab_1" },
				"north": { "uv": [ 12.50105, 13.49993, 15.99938, 15.99868 ], "texture": "#acacia_slab_1" },
				"south": { "uv": [ 0.000625, 13.49993, 3.498953, 15.99868 ], "texture": "#acacia_slab_1", "cullface": "south" },
				"west": { "uv": [ 3.999715, 13.49993, 15.99847, 15.99868 ], "texture": "#acacia_slab_1", "cullface": "west" },
				"east": { "uv": [ 0.001535044, 13.49993, 12.00029, 15.99868 ], "texture": "#acacia_slab_1" }
			}
		},
		{
			"__comment": "Box1",
			"from": [ -0.0007, 3.0003, 10.9993 ],
			"to": [ 10.4993, 6.0003, 15.99929 ],
			"faces": {
				"down": { "uv": [ 0.000625, 0.000624657, 10.49917, 4.999115 ], "texture": "#acacia_slab_1" },
				"up": { "uv": [ 0.000625, 11.00089, 10.49917, 15.99938 ], "texture": "#acacia_slab_1" },
				"north": { "uv": [ 5.500835, 10.00059, 15.99938, 12.99935 ], "texture": "#acacia_slab_1" },
				"south": { "uv": [ 0.000625, 10.00059, 10.49917, 12.99935 ], "texture": "#acacia_slab_1", "cullface": "south" },
				"west": { "uv": [ 11.00089, 10.00059, 15.99938, 12.99935 ], "texture": "#acacia_slab_1", "cullface": "west" },
				"east": { "uv": [ 0.000625, 10.00059, 4.999115, 12.99935 ], "texture": "#acacia_slab_1" }
			}
		},
		{
			"__comment": "Box1",
			"from": [ 0.0009, 3.0002, -0.0002 ],
			"to": [ 5.0009, 6.0002, 10.49979 ],
			"faces": {
				"down": { "uv": [ 0.001044965, 5.500515, 4.999795, 15.99926 ], "texture": "#acacia_slab_1" },
				"up": { "uv": [ 0.001044965, 0.000738144, 4.999795, 10.49949 ], "texture": "#acacia_slab_1" },
				"north": { "uv": [ 11.00021, 9.999638, 15.99896, 12.99839 ], "texture": "#acacia_slab_1", "cullface": "north" },
				"south": { "uv": [ 0.001044965, 9.999638, 4.999795, 12.99839 ], "texture": "#acacia_slab_1" },
				"west": { "uv": [ 0.000738676, 9.999638, 10.49949, 12.99839 ], "texture": "#acacia_slab_1", "cullface": "west" },
				"east": { "uv": [ 5.500515, 9.999638, 15.99926, 12.99839 ], "texture": "#acacia_slab_1" }
			}
		},
		{
			"__comment": "Box1",
			"from": [ -0.0009, 6.5007, -0.0018 ],
			"to": [ 1.9991, 8.0007, 13.4982 ],
			"faces": {
				"down": { "uv": [ 0.000625, 2.502155, 1.998963, 15.99938 ], "texture": "#acacia_slab_1" },
				"north": { "uv": [ 14.00104, 7.999599, 15.99938, 9.49835 ], "texture": "#acacia_slab_1", "cullface": "north" },
				"south": { "uv": [ 0.000625, 7.999599, 1.998963, 9.49835 ], "texture": "#acacia_slab_1" },
				"west": { "uv": [ 0.000625, 7.999599, 13.49785, 9.49835 ], "texture": "#acacia_slab_1", "cullface": "west" },
				"east": { "uv": [ 2.502154, 7.999599, 15.99938, 9.49835 ], "texture": "#acacia_slab_1" }
			}
		},
		{
			"__comment": "Box1",
			"from": [ 0.0005, 6.5011, 14.0006 ],
			"to": [ 13.50051, 8.001101, 16.0006 ],
			"faces": {
				"down": { "uv": [ 0.000625, 0.000624657, 13.49937, 1.998465 ], "texture": "#acacia_slab_1" },
				"north": { "uv": [ 2.500634, 8.00026, 15.99938, 9.499011 ], "texture": "#acacia_slab_1" },
				"south": { "uv": [ 0.000625, 8.00026, 13.49937, 9.499011 ], "texture": "#acacia_slab_1", "cullface": "south" },
				"west": { "uv": [ 14.00153, 8.00026, 15.99938, 9.499011 ], "texture": "#acacia_slab_1", "cullface": "west" },
				"east": { "uv": [ 0.000625, 8.00026, 1.998465, 9.499011 ], "texture": "#acacia_slab_1" }
			}
		},
		{
			"__comment": "Box1",
			"from": [ 12.4999, -0.0004, -0.0008 ],
			"to": [ 15.9999, 2.4996, 11.9992 ],
			"faces": {
				"up": { "uv": [ 12.50062, 0.000624657, 15.99938, 11.99938 ], "texture": "#acacia_slab_1" },
				"north": { "uv": [ 0.000625, 13.50062, 3.499375, 15.99938 ], "texture": "#acacia_slab_1", "cullface": "north" },
				"south": { "uv": [ 12.50062, 13.50062, 15.99938, 15.99938 ], "texture": "#acacia_slab_1" },
				"west": { "uv": [ 0.000625, 13.50062, 11.99938, 15.99938 ], "texture": "#acacia_slab_1" },
				"east": { "uv": [ 4.000625, 13.50062, 15.99938, 15.99938 ], "texture": "#acacia_slab_1", "cullface": "east" }
			}
		},
		{
			"__comment": "Box1",
			"from": [ 3.9976, -0.0002, 12.5012 ],
			"to": [ 15.9976, 2.4998, 16.0012 ],
			"faces": {
				"up": { "uv": [ 3.999212, 12.50151, 15.99797, 15.99938 ], "texture": "#acacia_slab_1" },
				"north": { "uv": [ 0.002034292, 13.50175, 12.00079, 15.99938 ], "texture": "#acacia_slab_1" },
				"south": { "uv": [ 3.999212, 13.50175, 15.99797, 15.99938 ], "texture": "#acacia_slab_1", "cullface": "south" },
				"west": { "uv": [ 12.50151, 13.50175, 15.99938, 15.99938 ], "texture": "#acacia_slab_1" },
				"east": { "uv": [ 0.000625, 13.50175, 3.498485, 15.99938 ], "texture": "#acacia_slab_1", "cullface": "east" }
			}
		},
		{
			"__comment": "Box15",
			"from": [ 1.002, -0.0002, 3.5021 ],
			"to": [ 3.502, 2.4998, 4.0021 ],
			"faces": {
				"west": { "uv": [ 3.501963, 13.49992, 4.000713, 15.99867 ], "texture": "#acacia_slab_2" },
				"east": { "uv": [ 11.99929, 13.49992, 12.49804, 15.99867 ], "texture": "#acacia_slab_2" }
			}
		},
		{
			"__comment": "Box15",
			"from": [ 0.4983, 2.4981, 0.4992 ],
			"to": [ 15.4983, 2.9981, 15.4992 ],
			"faces": {
				"down": { "uv": [ 0.4990898, 0.501895, 15.49784, 15.50064 ], "texture": "#acacia_slab_2" },
				"up": { "uv": [ 0.4990898, 0.4993563, 15.49784, 15.49811 ], "texture": "#acacia_slab_2" },
				"north": { "uv": [ 0.502165, 13.00183, 15.50091, 13.50058 ], "texture": "#acacia_slab_2" },
				"south": { "uv": [ 0.4990898, 13.00183, 15.49784, 13.50058 ], "texture": "#acacia_slab_2" },
				"west": { "uv": [ 0.4993571, 13.00183, 15.49811, 13.50058 ], "texture": "#acacia_slab_2" },
				"east": { "uv": [ 0.5018948, 13.00183, 15.50064, 13.50058 ], "texture": "#acacia_slab_2" }
			}
		},
		{
			"__comment": "Box15",
			"from": [ 12.9995, 0.0014, 11.9992 ],
			"to": [ 14.9995, 2.5014, 12.4992 ],
			"faces": {
				"west": { "uv": [ 12.00048, 13.50017, 12.49924, 15.99892 ], "texture": "#acacia_slab_2" },
				"east": { "uv": [ 3.500765, 13.50017, 3.999515, 15.99892 ], "texture": "#acacia_slab_2" }
			}
		},
		{
			"__comment": "Box15",
			"from": [ 3.5, 0.0006, 12.4999 ],
			"to": [ 4, 2.5006, 14.9999 ],
			"faces": {
				"north": { "uv": [ 12.00077, 13.50042, 12.49952, 15.99917 ], "texture": "#acacia_slab_2" },
				"south": { "uv": [ 3.500476, 13.50042, 3.999226, 15.99917 ], "texture": "#acacia_slab_2" }
			}
		},
		{
			"__comment": "Box1",
			"from": [ 10.9986, 3, 5.4984 ],
			"to": [ 15.9986, 6, 15.99839 ],
			"faces": {
				"down": { "uv": [ 10.9989, 0.001424789, 15.99765, 10.50017 ], "texture": "#acacia_slab_1" },
				"up": { "uv": [ 10.9989, 5.499826, 15.99765, 15.99858 ], "texture": "#acacia_slab_1" },
				"north": { "uv": [ 0.002345428, 10.00023, 5.001095, 12.99898 ], "texture": "#acacia_slab_1" },
				"south": { "uv": [ 10.9989, 10.00023, 15.99765, 12.99898 ], "texture": "#acacia_slab_1", "cullface": "south" },
				"west": { "uv": [ 5.499826, 10.00023, 15.99858, 12.99898 ], "texture": "#acacia_slab_1" },
				"east": { "uv": [ 0.001425133, 10.00023, 10.50017, 12.99898 ], "texture": "#acacia_slab_1", "cullface": "east" }
			}
		},
		{
			"__comment": "Box1",
			"from": [ 5.4998, 3.0011, 0.0004 ],
			"to": [ 15.9998, 6.001101, 5.0004 ],
			"faces": {
				"down": { "uv": [ 5.500809, 11.0002, 15.99937, 15.99895 ], "texture": "#acacia_slab_1" },
				"up": { "uv": [ 5.500809, 0.001047134, 15.99937, 4.999797 ], "texture": "#acacia_slab_1" },
				"north": { "uv": [ 0.000625, 10.00023, 10.49919, 12.99898 ], "texture": "#acacia_slab_1", "cullface": "north" },
				"south": { "uv": [ 5.500809, 10.00023, 15.99937, 12.99898 ], "texture": "#acacia_slab_1" },
				"west": { "uv": [ 0.001047838, 10.00023, 4.999798, 12.99898 ], "texture": "#acacia_slab_1" },
				"east": { "uv": [ 11.0002, 10.00023, 15.99895, 12.99898 ], "texture": "#acacia_slab_1", "cullface": "east" }
			}
		},
		{
			"__comment": "Box15",
			"from": [ 0.5001, 3.0009, 10.4992 ],
			"to": [ 1.000099, 6.0009, 10.9992 ],
			"faces": {
				"west": { "uv": [ 10.49953, 9.999988, 10.99828, 12.99874 ], "texture": "#acacia_slab_2" },
				"east": { "uv": [ 5.001725, 9.999988, 5.500474, 12.99874 ], "texture": "#acacia_slab_2" }
			}
		},
		{
			"__comment": "Box15",
			"from": [ 14.9991, 3.0004, 5.0008 ],
			"to": [ 15.4991, 6.0004, 5.5008 ],
			"faces": {
				"west": { "uv": [ 5.001094, 10.00115, 5.499844, 12.9999 ], "texture": "#acacia_slab_2" },
				"east": { "uv": [ 10.50016, 10.00115, 10.99891, 12.9999 ], "texture": "#acacia_slab_2" }
			}
		},
		{
			"__comment": "Box15",
			"from": [ 4.999, 2.9982, 0.5003 ],
			"to": [ 5.499, 5.998199, 1.000301 ],
			"faces": {
				"north": { "uv": [ 10.50081, 10.00149, 10.99956, 13.00024 ], "texture": "#acacia_slab_2" },
				"south": { "uv": [ 5.000443, 10.00149, 5.499193, 13.00024 ], "texture": "#acacia_slab_2" }
			}
		},
		{
			"__comment": "Box15",
			"from": [ 10.5, 2.999, 15.0016 ],
			"to": [ 11, 5.999001, 15.5016 ],
			"faces": {
				"north": { "uv": [ 5.000005, 10.00138, 5.498755, 13.00013 ], "texture": "#acacia_slab_2" },
				"south": { "uv": [ 10.50124, 10.00138, 11, 13.00013 ], "texture": "#acacia_slab_2" }
			}
		},
		{
			"__comment": "Box15",
			"from": [ 0.5018, 5.9996, 0.5015 ],
			"to": [ 15.50181, 6.4996, 15.50151 ],
			"faces": {
				"down": { "uv": [ 0.5015896, 0.5000143, 15.50035, 15.49878 ], "texture": "#acacia_slab_2" },
				"up": { "uv": [ 0.5015896, 0.5012226, 15.50035, 15.49999 ], "texture": "#acacia_slab_2" },
				"north": { "uv": [ 0.4996547, 9.50055, 15.49841, 9.999301 ], "texture": "#acacia_slab_2" },
				"south": { "uv": [ 0.5015896, 9.50055, 15.50035, 9.999301 ], "texture": "#acacia_slab_2" },
				"west": { "uv": [ 0.5012232, 9.50055, 15.49999, 9.999301 ], "texture": "#acacia_slab_2" },
				"east": { "uv": [ 0.5000144, 9.50055, 15.49878, 9.999301 ], "texture": "#acacia_slab_2" }
			}
		},
		{
			"__comment": "Box1",
			"from": [ 13.9999, 6.5005, 2.4991 ],
			"to": [ 15.9999, 8.0005, 15.9991 ],
			"faces": {
				"down": { "uv": [ 13.99967, 0.001044273, 15.99843, 13.4998 ], "texture": "#acacia_slab_1" },
				"north": { "uv": [ 0.00157486, 8.001027, 2.000325, 9.499778 ], "texture": "#acacia_slab_1" },
				"south": { "uv": [ 13.99967, 8.001027, 15.99843, 9.499778 ], "texture": "#acacia_slab_1", "cullface": "south" },
				"west": { "uv": [ 2.500203, 8.001027, 15.99896, 9.499778 ], "texture": "#acacia_slab_1" },
				"east": { "uv": [ 0.001045094, 8.001027, 13.4998, 9.499778 ], "texture": "#acacia_slab_1", "cullface": "east" }
			}
		},
		{
			"__comment": "Box1",
			"from": [ 2.4987, 6.4996, -0.0003 ],
			"to": [ 15.9987, 7.9996, 1.999699 ],
			"faces": {
				"down": { "uv": [ 2.499958, 14.00136, 15.9987, 15.99938 ], "texture": "#acacia_slab_1" },
				"north": { "uv": [ 0.00129591, 8.000791, 13.50004, 9.499541 ], "texture": "#acacia_slab_1", "cullface": "north" },
				"south": { "uv": [ 2.499958, 8.000791, 15.9987, 9.499541 ], "texture": "#acacia_slab_1" },
				"west": { "uv": [ 0.000625, 8.000791, 1.998642, 9.499541 ], "texture": "#acacia_slab_1" },
				"east": { "uv": [ 14.00136, 8.000791, 15.99938, 9.499541 ], "texture": "#acacia_slab_1", "cullface": "east" }
			}
		},
		{
			"__comment": "Box32",
			"from": [ 0.5007, 6.501, 13.499 ],
			"to": [ 1.0007, 8.000999, 13.999 ],
			"faces": {
				"west": { "uv": [ 13.5, 8.000506, 13.99876, 9.499257 ], "texture": "#acacia_slab_2" },
				"east": { "uv": [ 2.001245, 8.000506, 2.499995, 9.499257 ], "texture": "#acacia_slab_2" }
			}
		},
		{
			"__comment": "Box32",
			"from": [ 13.5004, 6.5008, 15.0001 ],
			"to": [ 14.0004, 8.000799, 15.5001 ],
			"faces": {
				"north": { "uv": [ 1.999545, 8.000627, 2.498296, 9.499377 ], "texture": "#acacia_slab_2" },
				"south": { "uv": [ 13.5017, 8.000627, 14.00045, 9.499377 ], "texture": "#acacia_slab_2" }
			}
		},
		{
			"__comment": "Box32",
			"from": [ 1.9996, 6.5008, 0.5006 ],
			"to": [ 2.4996, 8.000799, 1.0006 ],
			"faces": {
				"north": { "uv": [ 13.50133, 8.000304, 14.00008, 9.499057 ], "texture": "#acacia_slab_2" },
				"south": { "uv": [ 1.999923, 8.000304, 2.498673, 9.499057 ], "texture": "#acacia_slab_2" }
			}
		},
		{
			"__comment": "Box32",
			"from": [ 15.0008, 6.5011, 1.9995 ],
			"to": [ 15.5008, 8.0011, 2.499501 ],
			"faces": {
				"west": { "uv": [ 2.000145, 8.000556, 2.498895, 9.499307 ], "texture": "#acacia_slab_2" },
				"east": { "uv": [ 13.5011, 8.000556, 13.99986, 9.499307 ], "texture": "#acacia_slab_2" }
			}
		},
		{
			"__comment": "PlaneY49",
			"from": [ -0.0004, 8.0012, -0.001 ],
			"to": [ 15.9996, 8.0022, 15.999 ],
			"faces": {
				"down": { "uv": [ 0.000980728, 0.000754356, 15.99938, 15.99938 ], "texture": "#acacia_slab_1" },
				"up": { "uv": [ 0.000980728, 0.000624657, 15.99938, 15.99925 ], "texture": "#acacia_slab_1" }
			}
		},
		{
			"__comment": "Box50",
			"from": [ 0, 0, 0 ],
			"to": [ 16, 0.001, 16 ],
			"faces": {
				"down": { "uv": [ 0.000625, 0.000624657, 15.99938, 15.99938 ], "texture": "#acacia_slab_1", "cullface": "down" },
				"up": { "uv": [ 0.000625, 0.000624657, 15.99938, 15.99938 ], "texture": "#acacia_slab_2" },
				"north": { "uv": [ 0.000625, 15.99962, 15.99938, 15.99938 ], "texture": "#acacia_slab_2", "cullface": "north" },
				"south": { "uv": [ 0.000625, 15.99962, 15.99938, 15.99938 ], "texture": "#acacia_slab_2", "cullface": "south" },
				"west": { "uv": [ 0.000625, 15.99962, 15.99938, 15.99938 ], "texture": "#acacia_slab_2", "cullface": "west" },
				"east": { "uv": [ 0.000625, 15.99962, 15.99938, 15.99938 ], "texture": "#acacia_slab_2", "cullface": "east" }
			}
		},
		{
			"__comment": "PlaneX29",
			"from": [ 0, 0, 0 ],
			"to": [ 0.001, 8, 22.5 ],
			"rotation": { "origin": [ 0, 0, 0 ], "axis": "y", "angle": 45 },
			"faces": {
				"west": { "uv": [ 0.000625, 8.000625, 15.99938, 15.99938 ], "texture": "#acacia_slab_2" },
				"east": { "uv": [ 0.000625, 8.000625, 15.99938, 15.99938 ], "texture": "#acacia_slab_2" }
			}
		},
		{
			"__comment": "PlaneX29",
			"from": [ 16.0015, 0.0005, 0.0019 ],
			"to": [ 16.00249, 8.0005, 22.5019 ],
			"rotation": { "origin": [ 16, 0, 0 ], "axis": "y", "angle": -45 },
			"faces": {
				"west": { "uv": [ 0.002120444, 8.000242, 15.99938, 15.99899 ], "texture": "#acacia_slab_2" },
				"east": { "uv": [ 0.000625, 8.000242, 15.99788, 15.99899 ], "texture": "#acacia_slab_2" }
			}
		}
	],
	"display": {
		"thirdperson_righthand": {
			"rotation":  [ 75, 45, 0 ],
			"translation":  [ 0, 2.5, 2 ],
			"scale":  [ 0.375, 0.375, 0.375 ]
		},
		"thirdperson_lefthand": {
			"rotation":  [ 75, 45, 0 ],
			"translation":  [ 0, 2.5, 2 ],
			"scale":  [ 0.375, 0.375, 0.375 ]
		},
		"firstperson_righthand": {
			"rotation":  [ 0, 45, 0 ],
			"translation":  [ 0, 3, 0 ],
			"scale":  [ 0.4, 0.4, 0.4 ]
		},
		"firstperson_lefthand": {
			"rotation":  [ 0, 45, 0 ],
			"translation":  [ 0, 3, 0 ],
			"scale":  [ 0.4, 0.4, 0.4 ]
		},
		"gui": {
			"rotation":  [ 30, 225, 0 ],
			"translation":  [ 0, 1, 0 ],
			"scale":  [ 0.625, 0.625, 0.625 ]
		},
		"ground": {
			"translation":  [ 0, 3, 0 ],
			"scale":  [ 0.25, 0.25, 0.25 ]
		}
	}
}