{
	"__comment": "Designed by Intermacgod with BDcraft Cubik PRO 0.87 Beta - http://bdcraft.net",
	"gui_light": "front",
	"ambientocclusion": false,
	"textures": {
		"particle": "block/a/acacia_door/acacia_door",
		"acacia_door_1": "block/a/acacia_door/acacia_door_1",
		"acacia_door_2": "block/a/acacia_door/acacia_door_2",
		"acacia_door_3": "block/a/acacia_door/acacia_door_3",
		"acacia_door_4": "block/a/acacia_door/acacia_door_4",
		"acacia_door_7": "block/a/acacia_door/acacia_door_7",
		"acacia_door_6": "block/a/acacia_door/acacia_door_6"
	},
	"elements": [ 	 
		{
			"__comment": "Element",
			"from": [ 0.5009, 0.0013, 0.4996 ],
			"to": [ 2.5009, 15.5013, 2.9996 ],
			"faces": {
				"up": { "uv": [ 1.00125, 7.001251, 14.99876, 8.998751 ], "texture": "#acacia_door_1", "rotation": 90 },
				"north": { "uv": [ 0.00125, 0.001249313, 15.99876, 7.998749 ], "texture": "#acacia_door_1" },
				"south": { "uv": [ 0.00125, 0.001249313, 15.99876, 7.998749 ], "texture": "#acacia_door_1" },
				"west": { "uv": [ 0.00125, 0.001249313, 15.99876, 7.998749 ], "texture": "#acacia_door_1" },
				"east": { "uv": [ 0.00125, 0.001249313, 15.99876, 7.998749 ], "texture": "#acacia_door_1" }
			}
		},
		{
			"__comment": "Element",
			"from": [ -0.0013, 10.9989, 0.0007 ],
			"to": [ 0.9987, 12.9989, 0.5006999 ],
			"faces": {
				"up": { "uv": [ 0.00125, 0.001249313, 15.99876, 15.99876 ], "texture": "#acacia_door_4", "rotation": 90 },
				"north": { "uv": [ 0.00125, 0.001249313, 15.99876, 15.99876 ], "texture": "#acacia_door_4", "cullface": "north" },
				"south": { "uv": [ 0.00125, 0.001249313, 15.99876, 15.99876 ], "texture": "#acacia_door_4" },
				"west": { "uv": [ 0.00125, 0.001249313, 15.99876, 15.99876 ], "texture": "#acacia_door_4", "cullface": "west" }
			}
		},
		{
			"__comment": "Element",
			"from": [ 0, 0, 0 ],
			"to": [ 1, 1, 0.5 ],
			"faces": {
				"down": { "uv": [ 0.00125, 0.001249313, 15.99876, 8.498751 ], "texture": "#acacia_door_4", "cullface": "down", "rotation": 270 },
				"up": { "uv": [ 0.001244545, 0, 16, 16 ], "texture": "#acacia_door_4", "rotation": 270 },
				"north": { "uv": [ 0.00125, 0.001249313, 15.99876, 7.998749 ], "texture": "#acacia_door_4", "cullface": "north" },
				"south": { "uv": [ 0.00125, 0.001249313, 15.99876, 8.498751 ], "texture": "#acacia_door_4" },
				"west": { "uv": [ 0.00125, 0.001249313, 15.99876, 7.998749 ], "texture": "#acacia_door_4", "cullface": "west" }
			}
		},
		{
			"__comment": "Element",
			"from": [ 2.0018, 10.9997, -0.0005 ],
			"to": [ 3.0018, 12.9997, 0.4995 ],
			"faces": {
				"down": { "uv": [ 0.00125, 0.001249313, 15.99876, 15.99876 ], "texture": "#acacia_door_4", "rotation": 270 },
				"up": { "uv": [ 0.00125, 0.001249313, 15.99876, 15.99876 ], "texture": "#acacia_door_4", "rotation": 90 },
				"north": { "uv": [ 0.00125, 0.001249313, 15.99876, 15.99876 ], "texture": "#acacia_door_4", "cullface": "north" },
				"south": { "uv": [ 0.00125, 0.001249313, 15.99876, 15.99876 ], "texture": "#acacia_door_4" },
				"east": { "uv": [ 0.00125, 0.001249313, 15.99876, 15.99876 ], "texture": "#acacia_door_4" }
			}
		},
		{
			"__comment": "Element",
			"from": [ 2.0013, -0.0001, -0.0009 ],
			"to": [ 3.0013, 0.9999001, 0.4991 ],
			"faces": {
				"up": { "uv": [ 0.001244545, 0, 16, 16 ], "texture": "#acacia_door_4", "rotation": 270 },
				"north": { "uv": [ 0.00125, 0.001249313, 15.99876, 7.998749 ], "texture": "#acacia_door_4", "cullface": "north" },
				"south": { "uv": [ 0.00125, 0.001249313, 15.99876, 7.998749 ], "texture": "#acacia_door_4" },
				"east": { "uv": [ 0.00125, 0.001249313, 15.99876, 7.998749 ], "texture": "#acacia_door_4" }
			}
		},
		{
			"__comment": "Element",
			"from": [ 1.0014, 0.0001, 0.0013 ],
			"to": [ 2.0014, 16.00011, 0.5012999 ],
			"faces": {
				"down": { "uv": [ 14.99876, 0.4987507, 14.00124, 0.001249313 ], "texture": "#acacia_door_2", "cullface": "down" },
				"up": { "uv": [ 1.00125, 0.001249313, 1.99875, 0.4987507 ], "texture": "#acacia_door_2", "cullface": "up" },
				"north": { "uv": [ 14.00124, 0.001249313, 14.99876, 15.99876 ], "texture": "#acacia_door_2", "cullface": "north" },
				"south": { "uv": [ 1.00125, 0.001249313, 1.99875, 15.99876 ], "texture": "#acacia_door_2" },
				"west": { "uv": [ 0.00125, 0.001249313, 0.49875, 15.99876 ], "texture": "#acacia_door_2" },
				"east": { "uv": [ 15.50124, 0.001249313, 15.99876, 15.99876 ], "texture": "#acacia_door_2" }
			}
		},
		{
			"__comment": "Element",
			"from": [ 1.0013, -0.0006, 15.4992 ],
			"to": [ 2.0013, 15.9994, 15.9992 ],
			"faces": {
				"up": { "uv": [ 1.00125, 15.50124, 1.99875, 15.99876 ], "texture": "#acacia_door_2", "cullface": "up" },
				"north": { "uv": [ 14.00124, 0.001249313, 14.99876, 15.99876 ], "texture": "#acacia_door_2" },
				"south": { "uv": [ 1.00125, 0.001249313, 1.99875, 15.99876 ], "texture": "#acacia_door_2", "cullface": "south" },
				"west": { "uv": [ 15.50124, 0.001249313, 15.99876, 15.99876 ], "texture": "#acacia_door_2" },
				"east": { "uv": [ 0.00125, 0.001249313, 0.49875, 15.99876 ], "texture": "#acacia_door_2" }
			}
		},
		{
			"__comment": "Element",
			"from": [ 1.0001, 15.5, 0.4998 ],
			"to": [ 2.0001, 16, 15.49981 ],
			"faces": {
				"down": { "uv": [ 14.99876, 15.49876, 14.00124, 0.5012493 ], "texture": "#acacia_door_2" },
				"up": { "uv": [ 1.00125, 0.5012493, 1.99875, 15.49876 ], "texture": "#acacia_door_2", "cullface": "up" },
				"west": { "uv": [ 0.50125, 0.001249313, 15.49876, 0.4987507 ], "texture": "#acacia_door_2" },
				"east": { "uv": [ 0.50125, 0.001249313, 15.49876, 0.4987507 ], "texture": "#acacia_door_2" }
			}
		},
		{
			"__comment": "Element",
			"from": [ 0.5002, -0.0011, 12.9998 ],
			"to": [ 2.500201, 15.4989, 15.4998 ],
			"faces": {
				"up": { "uv": [ 1.00125, 7.001251, 14.99876, 8.998751 ], "texture": "#acacia_door_1", "rotation": 90 },
				"north": { "uv": [ 0.00125, 0.001249313, 15.99876, 7.998749 ], "texture": "#acacia_door_1" },
				"south": { "uv": [ 0.00125, 0.001249313, 15.99876, 7.998749 ], "texture": "#acacia_door_1" },
				"west": { "uv": [ 0.00125, 0.001249313, 15.99876, 7.998749 ], "texture": "#acacia_door_1" },
				"east": { "uv": [ 0.00125, 0.001249313, 15.99876, 7.998749 ], "texture": "#acacia_door_1" }
			}
		},
		{
			"__comment": "Element",
			"from": [ 0.4997, 13.0007, 2.9992 ],
			"to": [ 2.499701, 15.5007, 12.9992 ],
			"faces": {
				"down": { "uv": [ 12.49876, 2.49875, 1.001249, 0.001249313 ], "texture": "#acacia_door_1", "rotation": 270 },
				"up": { "uv": [ 1.00125, 0.001249313, 11.99876, 2.49875 ], "texture": "#acacia_door_1", "rotation": 90 },
				"west": { "uv": [ 1.00125, 0.001249313, 11.49876, 2.49875 ], "texture": "#acacia_door_1" },
				"east": { "uv": [ 1.00125, 0.001249313, 11.99876, 2.49875 ], "texture": "#acacia_door_1" }
			}
		},
		{
			"__comment": "Element",
			"from": [ -0.5, 0, 14 ],
			"to": [ 0.00000006, 4.5, 14.5 ],
			"faces": {
				"up": { "uv": [ 0, 0, 16, 16 ], "texture": "#acacia_door_4", "cullface": "west" },
				"north": { "uv": [ 0, 0, 16, 16 ], "texture": "#acacia_door_7", "cullface": "west" },
				"south": { "uv": [ 0, 0, 16, 16 ], "texture": "#acacia_door_7", "cullface": "west" },
				"west": { "uv": [ 0, 0, 16, 16 ], "texture": "#acacia_door_7", "cullface": "west" },
				"east": { "uv": [ 0, 0, 16, 16 ], "texture": "#acacia_door_7", "cullface": "west" }
			}
		},
		{
			"__comment": "Element",
			"from": [ 0.0001, 2.5005, 14.001 ],
			"to": [ 0.5001001, 3.0005, 14.501 ],
			"faces": {
				"down": { "uv": [ 0.00125, 0.001249313, 15.99876, 15.99876 ], "texture": "#acacia_door_4", "cullface": "down" },
				"up": { "uv": [ 0.00125, 0.001249313, 15.99876, 15.99876 ], "texture": "#acacia_door_4", "cullface": "up" },
				"north": { "uv": [ 0.00125, 0.001249313, 15.99876, 15.99876 ], "texture": "#acacia_door_4", "cullface": "north" },
				"south": { "uv": [ 0.00125, 0.001249313, 15.99876, 15.99876 ], "texture": "#acacia_door_4", "cullface": "south" }
			}
		},
		{
			"__comment": "Element",
			"from": [ 2.5, 2.5009, 13.999 ],
			"to": [ 3, 3.0009, 14.499 ],
			"faces": {
				"down": { "uv": [ 0.00125, 0.001249313, 15.99876, 15.99876 ], "texture": "#acacia_door_7", "cullface": "down" },
				"up": { "uv": [ 0.00125, 0.001249313, 15.99876, 15.99876 ], "texture": "#acacia_door_7", "cullface": "up" },
				"north": { "uv": [ 0.00125, 0.001249313, 15.99876, 15.99876 ], "texture": "#acacia_door_7", "cullface": "north" },
				"south": { "uv": [ 0.00125, 0.001249313, 15.99876, 15.99876 ], "texture": "#acacia_door_7", "cullface": "south" }
			}
		},
		{
			"__comment": "Element",
			"from": [ 2.9999, 0.0001, 13.9998 ],
			"to": [ 3.4999, 4.5001, 14.4998 ],
			"faces": {
				"up": { "uv": [ 0, 0, 16, 16 ], "texture": "#acacia_door_4", "cullface": "up" },
				"north": { "uv": [ 0, 0, 16, 16 ], "texture": "#acacia_door_7", "cullface": "north" },
				"south": { "uv": [ 0, 0, 16, 16 ], "texture": "#acacia_door_7", "cullface": "south" },
				"west": { "uv": [ 0, 0, 16, 16 ], "texture": "#acacia_door_7", "cullface": "west" },
				"east": { "uv": [ 0, 0, 16, 16 ], "texture": "#acacia_door_7", "cullface": "east" }
			}
		},
		{
			"__comment": "Element",
			"from": [ 0.4991, 1.9999, 2.9989 ],
			"to": [ 2.4991, 3.4999, 12.9989 ],
			"faces": {
				"down": { "uv": [ 0.00125, 7.998749, 15.99876, 0.001251221 ], "texture": "#acacia_door_1" },
				"up": { "uv": [ 0.00125, 0.001249313, 15.99876, 7.998749 ], "texture": "#acacia_door_1" },
				"west": { "uv": [ 0.00125, 0.001249313, 15.99876, 7.998749 ], "texture": "#acacia_door_1" },
				"east": { "uv": [ 0.00125, 0.001249313, 15.99876, 7.998749 ], "texture": "#acacia_door_1" }
			}
		},
		{
			"__comment": "Element",
			"from": [ 1.0003, 12.5002, 3.0008 ],
			"to": [ 2.0003, 13.0002, 13.0008 ],
			"faces": {
				"down": { "uv": [ 14.99876, 12.99876, 14.00124, 3.001249 ], "texture": "#acacia_door_3" },
				"west": { "uv": [ 3.00125, 3.00125, 12.99875, 3.49875 ], "texture": "#acacia_door_3" },
				"east": { "uv": [ 3.00125, 3.00125, 12.99875, 3.49875 ], "texture": "#acacia_door_3" }
			}
		},
		{
			"__comment": "Element",
			"from": [ 1.0006, 3.4982, 2.9992 ],
			"to": [ 2.0006, 3.9982, 12.99921 ],
			"faces": {
				"up": { "uv": [ 1.00125, 3.00125, 1.99875, 12.99876 ], "texture": "#acacia_door_3" },
				"west": { "uv": [ 3.00125, 12.00124, 12.99875, 12.49876 ], "texture": "#acacia_door_3" },
				"east": { "uv": [ 3.00125, 12.00124, 12.99875, 12.49876 ], "texture": "#acacia_door_3" }
			}
		},
		{
			"__comment": "Element",
			"from": [ 0.9993, 4.0008, 3.0001 ],
			"to": [ 1.9993, 12.5008, 3.5001 ],
			"faces": {
				"south": { "uv": [ 1.00125, 3.50125, 1.99875, 11.99876 ], "texture": "#acacia_door_3" },
				"west": { "uv": [ 3.00125, 3.50125, 3.49875, 11.99876 ], "texture": "#acacia_door_3" },
				"east": { "uv": [ 12.50124, 3.50125, 12.99876, 11.99876 ], "texture": "#acacia_door_3" }
			}
		},
		{
			"__comment": "Element",
			"from": [ 0.9999, 1.4986, 2.9995 ],
			"to": [ 1.9999, 1.9986, 12.9995 ],
			"faces": {
				"down": { "uv": [ 14.99876, 12.99876, 14.00124, 3.001249 ], "texture": "#acacia_door_3" },
				"west": { "uv": [ 3.00125, 14.00124, 12.99875, 14.49876 ], "texture": "#acacia_door_3" },
				"east": { "uv": [ 3.00125, 14.00124, 12.99875, 14.49876 ], "texture": "#acacia_door_3" }
			}
		},
		{
			"__comment": "Element",
			"from": [ 1.0003, -0.0012, 2.9989 ],
			"to": [ 2.000299, 1.498801, 3.4989 ],
			"faces": {
				"west": { "uv": [ 3.00125, 14.50124, 3.49875, 15.99876 ], "texture": "#acacia_door_3" },
				"east": { "uv": [ 12.50124, 14.50124, 12.99876, 15.99876 ], "texture": "#acacia_door_3" }
			}
		},
		{
			"__comment": "Element",
			"from": [ 0.9993, 0.0002, 12.4987 ],
			"to": [ 1.9993, 1.5002, 12.9987 ],
			"faces": {
				"west": { "uv": [ 12.50124, 14.50124, 12.99876, 15.99876 ], "texture": "#acacia_door_3" },
				"east": { "uv": [ 3.00125, 14.50124, 3.49875, 15.99876 ], "texture": "#acacia_door_3" }
			}
		},
		{
			"__comment": "Element",
			"from": [ 0.4991, -0.0004, 3.4993 ],
			"to": [ 2.4991, 1.499599, 12.4993 ],
			"faces": {
				"up": { "uv": [ 0.50125, 3.50125, 2.49875, 12.49876 ], "texture": "#acacia_door_1" },
				"north": { "uv": [ 13.50124, 14.50124, 15.49876, 15.99876 ], "texture": "#acacia_door_1" },
				"south": { "uv": [ 0.50125, 14.50124, 2.49875, 15.99876 ], "texture": "#acacia_door_1" },
				"west": { "uv": [ 3.50125, 14.50124, 12.49875, 15.99876 ], "texture": "#acacia_door_1" },
				"east": { "uv": [ 3.50125, 14.50124, 12.49875, 15.99876 ], "texture": "#acacia_door_1" }
			}
		},
		{
			"__comment": "Element",
			"from": [ 1.0006, 3.9997, 7.5009 ],
			"to": [ 2.000599, 12.49969, 8.500898 ],
			"faces": {
				"north": { "uv": [ 14.00124, 3.50125, 14.99876, 11.99876 ], "texture": "#acacia_door_3" },
				"south": { "uv": [ 1.00125, 3.50125, 1.99875, 11.99876 ], "texture": "#acacia_door_3" },
				"west": { "uv": [ 7.50125, 3.50125, 8.498751, 11.99876 ], "texture": "#acacia_door_3" },
				"east": { "uv": [ 7.50125, 3.50125, 8.498751, 11.99876 ], "texture": "#acacia_door_3" }
			}
		},
		{
			"__comment": "Element",
			"from": [ 0.9995, 8.000299, 3.5003 ],
			"to": [ 1.9995, 8.500299, 12.5003 ],
			"faces": {
				"down": { "uv": [ 14.99876, 12.49876, 14.00124, 3.501249 ], "texture": "#acacia_door_3" },
				"up": { "uv": [ 1.00125, 3.50125, 1.99875, 12.49876 ], "texture": "#acacia_door_3" },
				"west": { "uv": [ 3.50125, 7.501251, 12.49875, 7.998749 ], "texture": "#acacia_door_3" },
				"east": { "uv": [ 3.50125, 7.501251, 12.49875, 7.998749 ], "texture": "#acacia_door_3" }
			}
		},
		{
			"__comment": "Element",
			"from": [ 1.0011, 3.9993, 12.5006 ],
			"to": [ 2.0011, 12.4993, 13.0006 ],
			"faces": {
				"west": { "uv": [ 3.00125, 3.50125, 3.49875, 11.99876 ], "texture": "#acacia_door_3" },
				"east": { "uv": [ 12.50124, 3.50125, 12.99876, 11.99876 ], "texture": "#acacia_door_3" }
			}
		},
		{
			"__comment": "Element",
			"from": [ 1.4995, 8.500199, 3.4999 ],
			"to": [ 1.562, 12.5002, 7.4999 ],
			"faces": {
				"west": { "uv": [ 0.00125, 0.001249313, 15.99876, 15.99876 ], "texture": "#acacia_door_6" },
				"east": { "uv": [ 0.00125, 0.001249313, 15.99876, 15.99876 ], "texture": "#acacia_door_6" }
			}
		},
		{
			"__comment": "Element",
			"from": [ 1.4987, 8.5013, 8.5001 ],
			"to": [ 1.5612, 12.5013, 12.5001 ],
			"faces": {
				"west": { "uv": [ 0.00125, 0.001249313, 15.99876, 15.99876 ], "texture": "#acacia_door_6" },
				"east": { "uv": [ 0.00125, 0.001249313, 15.99876, 15.99876 ], "texture": "#acacia_door_6" }
			}
		},
		{
			"__comment": "Element",
			"from": [ 1.5013, 3.9996, 8.4983 ],
			"to": [ 1.5638, 7.9996, 12.4983 ],
			"faces": {
				"west": { "uv": [ 0.00125, 0.001249313, 15.99876, 15.99876 ], "texture": "#acacia_door_6" },
				"east": { "uv": [ 0.00125, 0.001249313, 15.99876, 15.99876 ], "texture": "#acacia_door_6" }
			}
		},
		{
			"__comment": "Element",
			"from": [ 1.5005, 3.999, 3.5015 ],
			"to": [ 1.563, 7.999, 7.5015 ],
			"faces": {
				"west": { "uv": [ 0.00125, 0.001249313, 15.99876, 15.99876 ], "texture": "#acacia_door_6" },
				"east": { "uv": [ 0.00125, 0.001249313, 15.99876, 15.99876 ], "texture": "#acacia_door_6" }
			}
		}
	]
}