{
	"__comment": "Designed by Interhell2000 with Cubik Studio - https://cubik.studio",
	"gui_light": "front",
	"ambientocclusion": false,
	"textures": {
		"particle": "block/a/activator_rail/activator_rail_1",
		"activator_rail_1": "block/a/activator_rail/activator_rail_1",
		"activator_rail_2": "block/a/activator_rail/activator_rail_2",
		"activator_rail_3": "block/a/activator_rail/activator_rail_3"
	},
	"elements": [ 	 
		{
			"__comment": "Box1",
			"from": [ 0.0005, -0.0003, 2.0004 ],
			"to": [ 16.0005, 0.9997, 3.5004 ],
			"faces": {
				"down": { "uv": [ 0.000625, 0.000624657, 15.99938, 15.99938 ], "texture": "#activator_rail_2", "cullface": "down", "rotation": 270 },
				"up": { "uv": [ 0.000625, 0.000624657, 15.99938, 15.99938 ], "texture": "#activator_rail_2", "rotation": 270 },
				"north": { "uv": [ 0.000625, 0.000624657, 15.99938, 15.99938 ], "texture": "#activator_rail_2", "rotation": 270 },
				"south": { "uv": [ 0.000625, 0.000624657, 15.99938, 15.99938 ], "texture": "#activator_rail_2", "rotation": 270 },
				"west": { "uv": [ 0.000625, 0.000624657, 15.99938, 15.99938 ], "texture": "#activator_rail_2", "cullface": "west" },
				"east": { "uv": [ 0.000625, 0.000624657, 15.99938, 15.99938 ], "texture": "#activator_rail_2", "cullface": "east" }
			}
		},
		{
			"__comment": "Box1",
			"from": [ 0.001, 0, 7.2507 ],
			"to": [ 16.001, 1, 8.7507 ],
			"faces": {
				"down": { "uv": [ 0.000625, 0.000624657, 15.99938, 15.99938 ], "texture": "#activator_rail_2", "cullface": "down", "rotation": 270 },
				"up": { "uv": [ 0.000625, 0.000624657, 15.99938, 15.99938 ], "texture": "#activator_rail_2", "rotation": 270 },
				"north": { "uv": [ 0.000625, 0.000624657, 15.99938, 15.99938 ], "texture": "#activator_rail_2", "rotation": 270 },
				"south": { "uv": [ 0.000625, 0.000624657, 15.99938, 15.99938 ], "texture": "#activator_rail_2", "rotation": 270 },
				"west": { "uv": [ 0.000625, 0.000624657, 15.99938, 15.99938 ], "texture": "#activator_rail_2", "cullface": "west" },
				"east": { "uv": [ 0.000625, 0.000624657, 15.99938, 15.99938 ], "texture": "#activator_rail_2", "cullface": "east" }
			}
		},
		{
			"__comment": "Box1",
			"from": [ -0.0009, 0.0001, 12.4995 ],
			"to": [ 15.9991, 1.0001, 13.9995 ],
			"faces": {
				"down": { "uv": [ 0.000625, 0.000624657, 15.99938, 15.99938 ], "texture": "#activator_rail_2", "cullface": "down", "rotation": 270 },
				"up": { "uv": [ 0.000625, 0.000624657, 15.99938, 15.99938 ], "texture": "#activator_rail_2", "rotation": 90 },
				"north": { "uv": [ 0.000625, 0.000624657, 15.99938, 15.99938 ], "texture": "#activator_rail_2", "rotation": 270 },
				"south": { "uv": [ 0.000625, 0.000624657, 15.99938, 15.99938 ], "texture": "#activator_rail_2", "rotation": 270 },
				"west": { "uv": [ 0.000625, 0.000624657, 15.99938, 15.99938 ], "texture": "#activator_rail_2", "cullface": "west" },
				"east": { "uv": [ 0.000625, 0.000624657, 15.99938, 15.99938 ], "texture": "#activator_rail_2", "cullface": "east" }
			}
		},
		{
			"__comment": "Box13",
			"from": [ 7.0002, 1.0007, -0.0006 ],
			"to": [ 9.0002, 3.0007, 15.9994 ],
			"faces": {
				"down": { "uv": [ 7.000625, 0.000624657, 8.999375, 15.99938 ], "texture": "#activator_rail_1" },
				"up": { "uv": [ 7.000625, 0.000624657, 8.999375, 15.99938 ], "texture": "#activator_rail_1" },
				"north": { "uv": [ 7.000625, 0.000624657, 8.999375, 1.999375 ], "texture": "#activator_rail_1", "cullface": "north" },
				"south": { "uv": [ 7.000625, 0.000624657, 8.999375, 1.999375 ], "texture": "#activator_rail_1", "cullface": "south" },
				"west": { "uv": [ 7.000625, 0.000624657, 8.999375, 15.99938 ], "texture": "#activator_rail_1", "rotation": 90 },
				"east": { "uv": [ 7.000625, 0.000624657, 8.999375, 15.99938 ], "texture": "#activator_rail_1", "rotation": 270 }
			}
		},
		{
			"__comment": "Box13",
			"from": [ 5.9993, 1.0001, -0.0003 ],
			"to": [ 6.9993, 2.0001, 15.99969 ],
			"faces": {
				"down": { "uv": [ 6.000625, 0.000624657, 6.999375, 15.99938 ], "texture": "#activator_rail_1" },
				"up": { "uv": [ 6.000625, 0.000624657, 6.999375, 15.99938 ], "texture": "#activator_rail_1" },
				"north": { "uv": [ 6.000625, 14.50062, 6.999375, 15.49938 ], "texture": "#activator_rail_1", "cullface": "north" },
				"south": { "uv": [ 6.000625, 14.50062, 6.999375, 15.49938 ], "texture": "#activator_rail_1", "cullface": "south" },
				"west": { "uv": [ 6.000625, 0.000624657, 6.999375, 15.99938 ], "texture": "#activator_rail_1", "rotation": 270 }
			}
		},
		{
			"__comment": "Box13",
			"from": [ 9.0008, 0.9992, -0.0006 ],
			"to": [ 10.0008, 1.9992, 15.9994 ],
			"faces": {
				"down": { "uv": [ 9.000625, 0.000624657, 9.999375, 15.99938 ], "texture": "#activator_rail_1" },
				"up": { "uv": [ 9.000625, 0.000624657, 9.999375, 15.99938 ], "texture": "#activator_rail_1" },
				"north": { "uv": [ 9.000625, 14.50062, 9.999375, 15.49938 ], "texture": "#activator_rail_1", "cullface": "north" },
				"south": { "uv": [ 9.000625, 14.50062, 9.999375, 15.49938 ], "texture": "#activator_rail_1", "cullface": "south" },
				"east": { "uv": [ 9.000625, 0.000624657, 9.999375, 15.99938 ], "texture": "#activator_rail_1", "rotation": 270 }
			}
		},
		{
			"__comment": "Box13",
			"from": [ 10, 1.0007, -0.0002 ],
			"to": [ 11.5, 1.5007, 15.9998 ],
			"faces": {
				"down": { "uv": [ 10.00062, 0.000624657, 11.49938, 15.99938 ], "texture": "#activator_rail_1" },
				"up": { "uv": [ 10.00062, 0.000624657, 11.49938, 15.99938 ], "texture": "#activator_rail_1" },
				"north": { "uv": [ 10.00062, 0.000624657, 11.49938, 0.4993753 ], "texture": "#activator_rail_1", "cullface": "north" },
				"south": { "uv": [ 10.00062, 0.000624657, 11.49938, 0.4993753 ], "texture": "#activator_rail_1", "cullface": "south" },
				"east": { "uv": [ 11.00062, 0.000624657, 11.49938, 15.99938 ], "texture": "#activator_rail_1", "rotation": 270 }
			}
		},
		{
			"__comment": "Box13",
			"from": [ 4.5008, 1.0008, 0.0009 ],
			"to": [ 6.0008, 1.5008, 16.0009 ],
			"faces": {
				"down": { "uv": [ 4.500625, 0.000624657, 5.999375, 15.99938 ], "texture": "#activator_rail_1" },
				"up": { "uv": [ 4.500625, 0.000624657, 5.999375, 15.99938 ], "texture": "#activator_rail_1" },
				"north": { "uv": [ 4.500625, 0.000624657, 5.999375, 0.4993753 ], "texture": "#activator_rail_1", "cullface": "north" },
				"south": { "uv": [ 4.500625, 0.000624657, 5.999375, 0.4993753 ], "texture": "#activator_rail_1", "cullface": "south" },
				"west": { "uv": [ 4.500625, 0.000624657, 4.999375, 15.99938 ], "texture": "#activator_rail_1", "rotation": 270 }
			}
		},
		{
			"__comment": "Box6",
			"from": [ -0.0008, 0.9994, -0.0007 ],
			"to": [ 0.4992, 1.4994, 15.9993 ],
			"faces": {
				"down": { "uv": [ 10.50062, 0.000624657, 12.49938, 15.99938 ], "texture": "#activator_rail_3" },
				"up": { "uv": [ 10.50062, 0.000624657, 12.49938, 15.99938 ], "texture": "#activator_rail_3" },
				"north": { "uv": [ 11.50062, 1.000625, 11.99938, 1.499375 ], "texture": "#activator_rail_3", "cullface": "north" },
				"south": { "uv": [ 11.50062, 3.000625, 11.99938, 3.499375 ], "texture": "#activator_rail_3", "cullface": "south" },
				"west": { "uv": [ 4.000625, 0.000624657, 4.999375, 15.99938 ], "texture": "#activator_rail_3", "cullface": "west", "rotation": 270 },
				"east": { "uv": [ 4.000625, 0.000624657, 4.999375, 15.99938 ], "texture": "#activator_rail_3", "rotation": 270 }
			}
		},
		{
			"__comment": "Box6",
			"from": [ 0.9995, 0.9997, -0.0003 ],
			"to": [ 1.4995, 1.4997, 15.9997 ],
			"faces": {
				"down": { "uv": [ 10.50062, 0.000624657, 12.49938, 15.99938 ], "texture": "#activator_rail_3" },
				"up": { "uv": [ 10.50062, 0.000624657, 12.49938, 15.99938 ], "texture": "#activator_rail_3" },
				"north": { "uv": [ 11.50062, 1.000625, 11.99938, 1.499375 ], "texture": "#activator_rail_3", "cullface": "north" },
				"south": { "uv": [ 11.50062, 3.000625, 11.99938, 3.499375 ], "texture": "#activator_rail_3", "cullface": "south" },
				"west": { "uv": [ 4.000625, 0.000624657, 4.999375, 15.99938 ], "texture": "#activator_rail_3", "rotation": 270 },
				"east": { "uv": [ 4.000625, 0.000624657, 4.999375, 15.99938 ], "texture": "#activator_rail_3", "rotation": 270 }
			}
		},
		{
			"__comment": "Box6",
			"from": [ 2.0007, 0.999, -0.0001 ],
			"to": [ 2.5007, 1.499, 15.9999 ],
			"faces": {
				"down": { "uv": [ 10.50062, 0.000624657, 12.49938, 15.99938 ], "texture": "#activator_rail_3" },
				"up": { "uv": [ 10.50062, 0.000624657, 12.49938, 15.99938 ], "texture": "#activator_rail_3" },
				"north": { "uv": [ 11.50062, 1.000625, 11.99938, 1.499375 ], "texture": "#activator_rail_3", "cullface": "north" },
				"south": { "uv": [ 11.50062, 3.000625, 11.99938, 3.499375 ], "texture": "#activator_rail_3", "cullface": "south" },
				"west": { "uv": [ 4.000625, 0.000624657, 4.999375, 15.99938 ], "texture": "#activator_rail_3", "rotation": 270 },
				"east": { "uv": [ 4.000625, 0.000624657, 4.999375, 15.99938 ], "texture": "#activator_rail_3", "rotation": 270 }
			}
		},
		{
			"__comment": "Box6",
			"from": [ 15.4998, 1.0006, 0 ],
			"to": [ 15.9998, 1.5006, 16 ],
			"faces": {
				"down": { "uv": [ 10.50062, 0.000624657, 12.49938, 15.99938 ], "texture": "#activator_rail_3" },
				"up": { "uv": [ 10.50062, 0.000624657, 12.49938, 15.99938 ], "texture": "#activator_rail_3" },
				"north": { "uv": [ 11.50062, 1.000625, 11.99938, 1.499375 ], "texture": "#activator_rail_3", "cullface": "north" },
				"south": { "uv": [ 11.50062, 3.000625, 11.99938, 3.499375 ], "texture": "#activator_rail_3", "cullface": "south" },
				"west": { "uv": [ 4.000625, 0.000624657, 4.999375, 15.99938 ], "texture": "#activator_rail_3", "rotation": 90 },
				"east": { "uv": [ 4.000625, 0.000624657, 4.999375, 15.99938 ], "texture": "#activator_rail_3", "cullface": "east", "rotation": 270 }
			}
		},
		{
			"__comment": "Box6",
			"from": [ 14.5002, 1.0004, 0.0004 ],
			"to": [ 15.0002, 1.5004, 16.0004 ],
			"faces": {
				"down": { "uv": [ 10.50062, 0.000624657, 12.49938, 15.99938 ], "texture": "#activator_rail_3" },
				"up": { "uv": [ 10.50062, 0.000624657, 12.49938, 15.99938 ], "texture": "#activator_rail_3" },
				"north": { "uv": [ 11.50062, 1.000625, 11.99938, 1.499375 ], "texture": "#activator_rail_3", "cullface": "north" },
				"south": { "uv": [ 11.50062, 3.000625, 11.99938, 3.499375 ], "texture": "#activator_rail_3", "cullface": "south" },
				"west": { "uv": [ 4.000625, 0.000624657, 4.999375, 15.99938 ], "texture": "#activator_rail_3", "rotation": 270 },
				"east": { "uv": [ 4.000625, 0.000624657, 4.999375, 15.99938 ], "texture": "#activator_rail_3", "rotation": 270 }
			}
		},
		{
			"__comment": "Box6",
			"from": [ 13.4993, 0.9992, 0.001 ],
			"to": [ 13.9993, 1.4992, 16.001 ],
			"faces": {
				"down": { "uv": [ 10.50062, 0.000624657, 12.49938, 15.99938 ], "texture": "#activator_rail_3" },
				"up": { "uv": [ 10.50062, 0.000624657, 12.49938, 15.99938 ], "texture": "#activator_rail_3" },
				"north": { "uv": [ 11.50062, 1.000625, 11.99938, 1.499375 ], "texture": "#activator_rail_3", "cullface": "north" },
				"south": { "uv": [ 11.50062, 3.000625, 11.99938, 3.499375 ], "texture": "#activator_rail_3", "cullface": "south" },
				"west": { "uv": [ 4.000625, 0.000624657, 4.999375, 15.99938 ], "texture": "#activator_rail_3", "rotation": 270 },
				"east": { "uv": [ 4.000625, 0.000624657, 4.999375, 15.99938 ], "texture": "#activator_rail_3", "rotation": 270 }
			}
		},
		{
			"__comment": "PlaneY21",
			"from": [ -0.0009, 0.5004, 3.5008 ],
			"to": [ 15.9991, 0.5014, 7.5008 ],
			"faces": {
				"down": { "uv": [ 0.000625, 8.500625, 15.99938, 12.49938 ], "texture": "#activator_rail_1" },
				"up": { "uv": [ 0.000625, 3.500625, 15.99938, 7.499374 ], "texture": "#activator_rail_1" }
			}
		},
		{
			"__comment": "PlaneY21",
			"from": [ 0.0004, 0.5002, 8.500299 ],
			"to": [ 16.0004, 0.5012, 12.5003 ],
			"faces": {
				"down": { "uv": [ 0.000625, 3.500625, 15.99938, 7.499374 ], "texture": "#activator_rail_1" },
				"up": { "uv": [ 0.000625, 8.500625, 15.99938, 12.49938 ], "texture": "#activator_rail_1" }
			}
		}
	],
	"display": {
		"thirdperson_righthand": {
			"rotation":  [ 90, 0, -90 ],
			"translation":  [ 3, -2, -2 ],
			"scale":  [ 0.4, 0.4, 0.4 ]
		},
		"thirdperson_lefthand": {
			"rotation":  [ 90, 0, -90 ],
			"translation":  [ 3, -2, -2 ],
			"scale":  [ 0.4, 0.4, 0.4 ]
		},
		"firstperson_righthand": {
			"rotation":  [ 30, 0, 0 ],
			"translation":  [ 0, 5, 2 ],
			"scale":  [ 0.4, 0.4, 0.4 ]
		},
		"firstperson_lefthand": {
			"rotation":  [ 30, 0, 0 ],
			"translation":  [ 0, 5, 2 ],
			"scale":  [ 0.4, 0.4, 0.4 ]
		},
		"gui": {
			"rotation":  [ 30, 225, 0 ],
			"scale":  [ 0.625, 0.625, 0.625 ]
		},
		"ground": {
			"translation":  [ 0, 3, 0 ],
			"scale":  [ 0.25, 0.25, 0.25 ]
		},
		"fixed": {
			"rotation":  [ -90, 0, 0 ],
			"translation":  [ 0, 0, -4 ],
			"scale":  [ 0.5, 0.5, 0.5 ]
		}
	}
}