{
	"__comment": "Designed by Interhell2000 with Cubik Studio - https://cubik.studio",
	"gui_light": "front",
	"ambientocclusion": false,
	"textures": {
		"particle": "block/a/andesite_stairs/andesite_stairs_inner",
		"andesite_stairs_1": "block/a/andesite_stairs/andesite_stairs_1",
		"andesite_stairs_2": "block/a/andesite_stairs/andesite_stairs_2",
		"andesite_stairs_3": "block/a/andesite_stairs/andesite_stairs_3",
		"andesite_stairs_4": "block/a/andesite_stairs/andesite_stairs_4",
		"andesite_stairs_5": "block/a/andesite_stairs/andesite_stairs_5",
		"andesite_stairs_6": "block/a/andesite_stairs/andesite_stairs_6"
	},
	"elements": [ 	 
		{
			"__comment": "Box1",
			"from": [ 0, 0, 0 ],
			"to": [ 16, 8, 16 ],
			"faces": {
				"down": { "uv": [ 0, 0, 16, 16 ], "texture": "#andesite_stairs_2", "cullface": "down" },
				"up": { "uv": [ 0, 0, 16, 16 ], "texture": "#andesite_stairs_2" },
				"north": { "uv": [ 0, 8, 16, 16 ], "texture": "#andesite_stairs_4", "cullface": "north" },
				"south": { "uv": [ 0, 8, 16, 16 ], "texture": "#andesite_stairs_2", "cullface": "south" },
				"west": { "uv": [ 0, 8, 16, 16 ], "texture": "#andesite_stairs_5", "cullface": "west" },
				"east": { "uv": [ 0, 8, 16, 16 ], "texture": "#andesite_stairs_2", "cullface": "east" }
			}
		},
		{
			"__comment": "Box1",
			"from": [ 8, 8, 0 ],
			"to": [ 16, 16, 16 ],
			"faces": {
				"up": { "uv": [ 8, 0, 16, 16 ], "texture": "#andesite_stairs_5", "cullface": "up" },
				"north": { "uv": [ 0, 0, 8, 8 ], "texture": "#andesite_stairs_4", "cullface": "north" },
				"south": { "uv": [ 8, 0, 16, 8 ], "texture": "#andesite_stairs_2", "cullface": "south" },
				"west": { "uv": [ 0, 0, 16, 8 ], "texture": "#andesite_stairs_2" },
				"east": { "uv": [ 0, 0, 16, 8 ], "texture": "#andesite_stairs_2", "cullface": "east" }
			}
		},
		{
			"__comment": "Box3",
			"from": [ 0, 8, 8 ],
			"to": [ 8, 16, 16 ],
			"faces": {
				"up": { "uv": [ 0, 8, 8, 16 ], "texture": "#andesite_stairs_5", "cullface": "up" },
				"north": { "uv": [ 8, 0, 16, 8 ], "texture": "#andesite_stairs_2" },
				"south": { "uv": [ 0, 0, 8, 8 ], "texture": "#andesite_stairs_2", "cullface": "south" },
				"west": { "uv": [ 8, 0, 16, 8 ], "texture": "#andesite_stairs_5", "cullface": "west" }
			}
		}
	],
	"display": {
		"thirdperson_righthand": {
			"rotation":  [ 75, 45, 0 ],
			"translation":  [ 0, 2.5, 0 ],
			"scale":  [ 0.375, 0.375, 0.375 ]
		},
		"thirdperson_lefthand": {
			"rotation":  [ 75, 45, 0 ],
			"translation":  [ 0, 2.5, 0 ],
			"scale":  [ 0.375, 0.375, 0.375 ]
		},
		"firstperson_righthand": {
			"rotation":  [ 0, 45, 0 ],
			"scale":  [ 0.4, 0.4, 0.4 ]
		},
		"firstperson_lefthand": {
			"rotation":  [ 0, 45, 0 ],
			"scale":  [ 0.4, 0.4, 0.4 ]
		},
		"gui": {
			"rotation":  [ 30, 133, 0 ],
			"scale":  [ 0.625, 0.625, 0.625 ]
		},
		"ground": {
			"translation":  [ 0, 3, 0 ],
			"scale":  [ 0.25, 0.25, 0.25 ]
		}
	}
}