{
	"__comment": "Designed by Intermacgod with BDcraft Cubik PRO 0.85 Beta - http://bdcraft.net",
	"gui_light": "front",
	"ambientocclusion": false,
	"textures": {
		"particle": "block/a/andesite_wall/andesite_wall",
		"andesite_wall_1": "block/a/andesite_wall/andesite_wall_1",
		"andesite_wall_2": "block/a/andesite_wall/andesite_wall_2"
	},
	"elements": [ 	 
		{
			"__comment": "Element",
			"from": [ 4.4991, 0.0011, 4.4995 ],
			"to": [ 11.4991, 15.0011, 11.4995 ],
			"faces": {
				"down": { "uv": [ 4.50125, 4.501251, 11.49876, 11.49876 ], "texture": "#andesite_wall_1", "cullface": "down" },
				"north": { "uv": [ 4.50125, 1.00125, 11.49876, 15.99876 ], "texture": "#andesite_wall_1" },
				"south": { "uv": [ 4.50125, 1.00125, 11.49876, 15.99876 ], "texture": "#andesite_wall_1" },
				"west": { "uv": [ 4.50125, 1.00125, 11.49876, 15.99876 ], "texture": "#andesite_wall_1" },
				"east": { "uv": [ 4.50125, 1.00125, 11.49876, 15.99876 ], "texture": "#andesite_wall_1" }
			}
		},
		{
			"__comment": "Element",
			"from": [ 4, 15, 4 ],
			"to": [ 12, 16, 12 ],
			"faces": {
				"down": { "uv": [ 0.00125, 0.001249313, 15.99876, 15.99876 ], "texture": "#andesite_wall_2" },
				"up": { "uv": [ 0.00125, 0.001249313, 15.99876, 15.99876 ], "texture": "#andesite_wall_2" },
				"north": { "uv": [ 0.00125, 0.001249313, 15.99876, 1.99875 ], "texture": "#andesite_wall_2" },
				"south": { "uv": [ 0.00125, 0.001249313, 15.99876, 1.99875 ], "texture": "#andesite_wall_2" },
				"west": { "uv": [ 0.00125, 0.001249313, 15.99876, 1.99875 ], "texture": "#andesite_wall_2" },
				"east": { "uv": [ 0.00125, 0.001249313, 15.99876, 1.99875 ], "texture": "#andesite_wall_2" }
			}
		}
	],
	"display": {
		"thirdperson_righthand": {
			"rotation":  [ 75, 45, 0 ],
			"translation":  [ 0, 1.5, 5 ],
			"scale":  [ 0.375, 0.375, 0.375 ]
		},
		"thirdperson_lefthand": {
			"rotation":  [ 75, 45, 0 ],
			"translation":  [ 0, 1.5, 5 ],
			"scale":  [ 0.375, 0.375, 0.375 ]
		},
		"firstperson_righthand": {
			"rotation":  [ 0, 45, 0 ],
			"translation":  [ 0, 3, 2 ],
			"scale":  [ 0.4, 0.4, 0.4 ]
		},
		"firstperson_lefthand": {
			"rotation":  [ 0, 45, 0 ],
			"translation":  [ 0, 3, 2 ],
			"scale":  [ 0.4, 0.4, 0.4 ]
		},
		"gui": {
			"rotation":  [ 30, 225, 0 ],
			"scale":  [ 0.725, 0.725, 0.725 ]
		},
		"ground": {
			"translation":  [ 0, 3, 0 ],
			"scale":  [ 0.25, 0.25, 0.25 ]
		},
		"fixed": {
			"scale":  [ 0.5, 0.5, 0.5 ]
		}
	}
}