{
	"__comment": "Designed by Intermacgod with BDcraft Cubik PRO 0.85 Beta - http://bdcraft.net",
	"gui_light": "front",
	"ambientocclusion": false,
	"textures": {
		"particle": "block/a/anvil/anvil",
		"anvil_1": "block/a/anvil/anvil_1",
		"anvil_2": "block/a/anvil/anvil_2",
		"anvil_3": "block/a/anvil/anvil_3"
	},
	"elements": [ 	 
		{
			"__comment": "Element",
			"from": [ 4.9993, 9.000199, 13.5 ],
			"to": [ 5.4993, 9.500199, 14 ],
			"faces": {
				"up": { "uv": [ 0.000625, 0.000624657, 15.99938, 15.99938 ], "texture": "#anvil_1", "rotation": 180 },
				"north": { "uv": [ 0.000625, 0.000624657, 15.99938, 15.99938 ], "texture": "#anvil_1" },
				"south": { "uv": [ 0.000625, 0.000624657, 15.99938, 15.99938 ], "texture": "#anvil_1" },
				"west": { "uv": [ 0.000625, 0.000624657, 15.99938, 15.99938 ], "texture": "#anvil_1" },
				"east": { "uv": [ 0.000625, 0.000624657, 15.99938, 15.99938 ], "texture": "#anvil_1" }
			}
		},
		{
			"__comment": "Element",
			"from": [ 5.001, 9.0007, 1.9998 ],
			"to": [ 5.501, 9.5007, 2.4998 ],
			"faces": {
				"up": { "uv": [ 0.000625, 0.000624657, 15.99938, 15.99938 ], "texture": "#anvil_1", "rotation": 180 },
				"north": { "uv": [ 0.000625, 0.000624657, 15.99938, 15.99938 ], "texture": "#anvil_1" },
				"south": { "uv": [ 0.000625, 0.000624657, 15.99938, 15.99938 ], "texture": "#anvil_1" },
				"west": { "uv": [ 0.000625, 0.000624657, 15.99938, 15.99938 ], "texture": "#anvil_1" },
				"east": { "uv": [ 0.000625, 0.000624657, 15.99938, 15.99938 ], "texture": "#anvil_1" }
			}
		},
		{
			"__comment": "Element",
			"from": [ 10.5002, 8.999599, 2.0003 ],
			"to": [ 11.0002, 9.499599, 2.5003 ],
			"faces": {
				"up": { "uv": [ 0.000625, 0.000624657, 15.99938, 15.99938 ], "texture": "#anvil_1", "rotation": 180 },
				"north": { "uv": [ 0.000625, 0.000624657, 15.99938, 15.99938 ], "texture": "#anvil_1" },
				"south": { "uv": [ 0.000625, 0.000624657, 15.99938, 15.99938 ], "texture": "#anvil_1" },
				"west": { "uv": [ 0.000625, 0.000624657, 15.99938, 15.99938 ], "texture": "#anvil_1" },
				"east": { "uv": [ 0.000625, 0.000624657, 15.99938, 15.99938 ], "texture": "#anvil_1" }
			}
		},
		{
			"__comment": "Element",
			"from": [ 5.0007, 12.0004, 1.9997 ],
			"to": [ 11.0007, 16.0004, 13.9997 ],
			"faces": {
				"down": { "uv": [ 0.000625, 0.000624657, 15.99938, 15.99938 ], "texture": "#anvil_1", "rotation": 90 },
				"up": { "uv": [ 0.000625, 0.000624657, 15.99938, 15.99938 ], "texture": "#anvil_1", "cullface": "up", "rotation": 270 },
				"north": { "uv": [ 0.000625, 0.000624657, 15.99938, 15.99938 ], "texture": "#anvil_1" },
				"south": { "uv": [ 0.000625, 0.000624657, 15.99938, 15.99938 ], "texture": "#anvil_1" },
				"west": { "uv": [ 0.000625, 0.000624657, 15.99938, 15.99938 ], "texture": "#anvil_1" },
				"east": { "uv": [ 0.000625, 0.000624657, 15.99938, 15.99938 ], "texture": "#anvil_1" }
			}
		},
		{
			"__comment": "Element",
			"from": [ 10.4991, 9.0001, 13.501 ],
			"to": [ 10.9991, 9.5001, 14.001 ],
			"faces": {
				"up": { "uv": [ 0.000625, 0.000624657, 15.99938, 15.99938 ], "texture": "#anvil_1", "rotation": 180 },
				"north": { "uv": [ 0.000625, 0.000624657, 15.99938, 15.99938 ], "texture": "#anvil_1" },
				"south": { "uv": [ 0.000625, 0.000624657, 15.99938, 15.99938 ], "texture": "#anvil_1" },
				"west": { "uv": [ 0.000625, 0.000624657, 15.99938, 15.99938 ], "texture": "#anvil_1" },
				"east": { "uv": [ 0.000625, 0.000624657, 15.99938, 15.99938 ], "texture": "#anvil_1" }
			}
		},
		{
			"__comment": "Element",
			"from": [ 5.999, 9.000899, 4.5006 ],
			"to": [ 9.999, 9.500899, 5.0006 ],
			"faces": {
				"up": { "uv": [ 6.000625, 11.00062, 9.999375, 11.49938 ], "texture": "#anvil_1", "rotation": 180 },
				"north": { "uv": [ 6.000625, 6.500626, 9.999375, 6.999374 ], "texture": "#anvil_1" },
				"west": { "uv": [ 4.500625, 6.500626, 4.999375, 6.999374 ], "texture": "#anvil_1" },
				"east": { "uv": [ 11.00062, 6.500626, 11.49938, 6.999374 ], "texture": "#anvil_1" }
			}
		},
		{
			"__comment": "Element",
			"from": [ 5.9991, 8.9998, 10.9997 ],
			"to": [ 9.9991, 9.4998, 11.4997 ],
			"faces": {
				"up": { "uv": [ 6.000625, 4.500626, 9.999375, 4.999374 ], "texture": "#anvil_1", "rotation": 180 },
				"south": { "uv": [ 6.000625, 6.500626, 9.999375, 6.999374 ], "texture": "#anvil_1" },
				"west": { "uv": [ 11.00062, 6.500626, 11.49938, 6.999374 ], "texture": "#anvil_1" },
				"east": { "uv": [ 4.500625, 6.500626, 4.999375, 6.999374 ], "texture": "#anvil_1" }
			}
		},
		{
			"__comment": "Element",
			"from": [ 6.0008, 8.9999, 4.9998 ],
			"to": [ 10.0008, 9.9999, 5.4998 ],
			"faces": {
				"up": { "uv": [ 6.000625, 10.50062, 9.999375, 10.99938 ], "texture": "#anvil_1", "rotation": 180 },
				"north": { "uv": [ 6.000625, 6.000626, 9.999375, 6.999374 ], "texture": "#anvil_1" },
				"west": { "uv": [ 5.000625, 6.000626, 5.499375, 6.999374 ], "texture": "#anvil_1" },
				"east": { "uv": [ 10.50062, 6.000626, 10.99938, 6.999374 ], "texture": "#anvil_1" }
			}
		},
		{
			"__comment": "Element",
			"from": [ 5.9992, 9.000299, 10.4994 ],
			"to": [ 9.9992, 10.0003, 10.9994 ],
			"faces": {
				"up": { "uv": [ 6.000625, 5.000626, 9.999375, 5.499374 ], "texture": "#anvil_1", "rotation": 180 },
				"south": { "uv": [ 6.000625, 6.000626, 9.999375, 6.999374 ], "texture": "#anvil_1" },
				"west": { "uv": [ 10.50062, 6.000626, 10.99938, 6.999374 ], "texture": "#anvil_1" },
				"east": { "uv": [ 5.000625, 6.000626, 5.499375, 6.999374 ], "texture": "#anvil_1" }
			}
		},
		{
			"__comment": "Element",
			"from": [ 6.0004, 8.9998, 5.499 ],
			"to": [ 10.0004, 10.4998, 5.999 ],
			"faces": {
				"up": { "uv": [ 6.000625, 10.00062, 9.999375, 10.49938 ], "texture": "#anvil_1", "rotation": 180 },
				"north": { "uv": [ 6.000625, 5.500626, 9.999375, 6.999374 ], "texture": "#anvil_1" },
				"west": { "uv": [ 5.500625, 5.500626, 5.999375, 6.999374 ], "texture": "#anvil_1" },
				"east": { "uv": [ 10.00062, 5.500626, 10.49938, 6.999374 ], "texture": "#anvil_1" }
			}
		},
		{
			"__comment": "Element",
			"from": [ 6.0003, 9.0006, 9.999599 ],
			"to": [ 10.0003, 10.5006, 10.4996 ],
			"faces": {
				"up": { "uv": [ 6.000625, 5.500626, 9.999375, 5.999374 ], "texture": "#anvil_1", "rotation": 180 },
				"south": { "uv": [ 6.000625, 5.500626, 9.999375, 6.999374 ], "texture": "#anvil_1" },
				"west": { "uv": [ 10.00062, 5.500626, 10.49938, 6.999374 ], "texture": "#anvil_1" },
				"east": { "uv": [ 5.500625, 5.500626, 5.999375, 6.999374 ], "texture": "#anvil_1" }
			}
		},
		{
			"__comment": "Element",
			"from": [ 6.0006, 11.9991, -1.4994 ],
			"to": [ 10.0006, 12.4991, 1.0006 ],
			"faces": {
				"down": { "uv": [ 0.000625, 0.000624657, 15.99938, 15.99938 ], "texture": "#anvil_1", "cullface": "north", "rotation": 180 },
				"north": { "uv": [ 0.000625, 0.000624657, 15.99938, 15.99938 ], "texture": "#anvil_1", "cullface": "north" },
				"west": { "uv": [ 0.000625, 0.000624657, 15.99938, 15.99938 ], "texture": "#anvil_1", "cullface": "north" },
				"east": { "uv": [ 0.000625, 0.000624657, 15.99938, 15.99938 ], "texture": "#anvil_1", "cullface": "north" }
			}
		},
		{
			"__comment": "Element",
			"from": [ 6.0005, 12.5006, -2.4993 ],
			"to": [ 10.0005, 13.0006, 1.0007 ],
			"faces": {
				"down": { "uv": [ 0.000625, 0.000624657, 15.99938, 15.99938 ], "texture": "#anvil_1", "cullface": "north", "rotation": 180 },
				"north": { "uv": [ 0.000625, 0.000624657, 15.99938, 15.99938 ], "texture": "#anvil_1", "cullface": "north" },
				"west": { "uv": [ 0.000625, 0.000624657, 15.99938, 15.99938 ], "texture": "#anvil_1", "cullface": "north" },
				"east": { "uv": [ 0.000625, 0.000624657, 15.99938, 15.99938 ], "texture": "#anvil_1", "cullface": "north" }
			}
		},
		{
			"__comment": "Element",
			"from": [ 5.999, 12.9993, -3.5008 ],
			"to": [ 9.999001, 13.4993, 0.9992006 ],
			"faces": {
				"down": { "uv": [ 0.000625, 0.000624657, 15.99938, 15.99938 ], "texture": "#anvil_1", "cullface": "north", "rotation": 180 },
				"north": { "uv": [ 0.000625, 0.000624657, 15.99938, 15.99938 ], "texture": "#anvil_1", "cullface": "north" },
				"west": { "uv": [ 0.000625, 0.000624657, 15.99938, 15.99938 ], "texture": "#anvil_1", "cullface": "north" },
				"east": { "uv": [ 0.000625, 0.000624657, 15.99938, 15.99938 ], "texture": "#anvil_1", "cullface": "north" }
			}
		},
		{
			"__comment": "Element",
			"from": [ 6.0004, 13.4997, -4.4996 ],
			"to": [ 10.0004, 13.9997, 1.0004 ],
			"faces": {
				"down": { "uv": [ 0.000625, 0.000624657, 15.99938, 15.99938 ], "texture": "#anvil_1", "cullface": "north", "rotation": 180 },
				"north": { "uv": [ 0.000625, 0.000624657, 15.99938, 15.99938 ], "texture": "#anvil_1", "cullface": "north" },
				"west": { "uv": [ 0.000625, 0.000624657, 15.99938, 15.99938 ], "texture": "#anvil_1", "cullface": "north" },
				"east": { "uv": [ 0.000625, 0.000624657, 15.99938, 15.99938 ], "texture": "#anvil_1", "cullface": "north" }
			}
		},
		{
			"__comment": "Element",
			"from": [ 6.0003, 14.0008, -5.4993 ],
			"to": [ 10.0003, 14.5008, 1.0007 ],
			"faces": {
				"down": { "uv": [ 0.000625, 0.000624657, 15.99938, 15.99938 ], "texture": "#anvil_1", "cullface": "north", "rotation": 180 },
				"north": { "uv": [ 0.000625, 0.000624657, 15.99938, 15.99938 ], "texture": "#anvil_1", "cullface": "north" },
				"west": { "uv": [ 0.000625, 0.000624657, 15.99938, 15.99938 ], "texture": "#anvil_1", "cullface": "north" },
				"east": { "uv": [ 0.000625, 0.000624657, 15.99938, 15.99938 ], "texture": "#anvil_1", "cullface": "north" }
			}
		},
		{
			"__comment": "Element",
			"from": [ 5.999, 14.4993, -6.4998 ],
			"to": [ 9.999, 14.9993, 1.0002 ],
			"faces": {
				"down": { "uv": [ 0.000625, 0.000624657, 15.99938, 15.99938 ], "texture": "#anvil_1", "cullface": "north", "rotation": 90 },
				"up": { "uv": [ 0.000625, 0.000624657, 15.99938, 15.99938 ], "texture": "#anvil_1", "cullface": "north", "rotation": 270 },
				"north": { "uv": [ 0.000625, 0.000624657, 15.99938, 15.99938 ], "texture": "#anvil_1", "cullface": "north" },
				"west": { "uv": [ 0.000625, 0.000624657, 15.99938, 15.99938 ], "texture": "#anvil_1", "cullface": "north" },
				"east": { "uv": [ 0.000625, 0.000624657, 15.99938, 15.99938 ], "texture": "#anvil_1", "cullface": "north" }
			}
		},
		{
			"__comment": "Element",
			"from": [ 5.4998, 12.0003, 1.0004 ],
			"to": [ 10.4998, 15.5003, 2.0004 ],
			"faces": {
				"down": { "uv": [ 0.000625, 0.000624657, 15.99938, 15.99938 ], "texture": "#anvil_1", "rotation": 180 },
				"up": { "uv": [ 0.000625, 0.000624657, 15.99938, 15.99938 ], "texture": "#anvil_1", "rotation": 180 },
				"north": { "uv": [ 0.000625, 0.000624657, 15.99938, 15.99938 ], "texture": "#anvil_1" },
				"west": { "uv": [ 0.000625, 0.000624657, 15.99938, 15.99938 ], "texture": "#anvil_1" },
				"east": { "uv": [ 0.000625, 0.000624657, 15.99938, 15.99938 ], "texture": "#anvil_1" }
			}
		},
		{
			"__comment": "Element",
			"from": [ 5.0004, 12.0008, 14.9996 ],
			"to": [ 11.0004, 16.0008, 17.9996 ],
			"faces": {
				"down": { "uv": [ 0.000625, 0.000624657, 15.99938, 15.99938 ], "texture": "#anvil_1", "cullface": "south", "rotation": 90 },
				"up": { "uv": [ 0.000625, 0.000624657, 15.99938, 15.99938 ], "texture": "#anvil_1", "cullface": "south", "rotation": 270 },
				"north": { "uv": [ 0.000625, 0.000624657, 15.99938, 15.99938 ], "texture": "#anvil_1", "cullface": "south" },
				"south": { "uv": [ 0.000625, 0.000624657, 15.99938, 15.99938 ], "texture": "#anvil_1", "cullface": "south" },
				"west": { "uv": [ 0.000625, 0.000624657, 15.99938, 15.99938 ], "texture": "#anvil_1", "cullface": "south" },
				"east": { "uv": [ 0.000625, 0.000624657, 15.99938, 15.99938 ], "texture": "#anvil_1", "cullface": "south" }
			}
		},
		{
			"__comment": "Element",
			"from": [ 6.5009, 13.0006, 14.0004 ],
			"to": [ 9.5009, 15.0006, 15.0004 ],
			"faces": {
				"down": { "uv": [ 0.000625, 0.000624657, 15.99938, 15.99938 ], "texture": "#anvil_1", "rotation": 180 },
				"up": { "uv": [ 0.000625, 0.000624657, 15.99938, 15.99938 ], "texture": "#anvil_1", "rotation": 180 },
				"west": { "uv": [ 0.000625, 0.000624657, 15.99938, 15.99938 ], "texture": "#anvil_1" },
				"east": { "uv": [ 0.000625, 0.000624657, 15.99938, 15.99938 ], "texture": "#anvil_1" }
			}
		},
		{
			"__comment": "Element",
			"from": [ 6.0004, 9.0001, 5.9996 ],
			"to": [ 10.0004, 12.0001, 9.999599 ],
			"faces": {
				"north": { "uv": [ 6.000625, 4.000626, 9.999375, 6.999374 ], "texture": "#anvil_1" },
				"south": { "uv": [ 6.000625, 4.000626, 9.999375, 6.999374 ], "texture": "#anvil_1" },
				"west": { "uv": [ 6.000625, 4.000626, 9.999375, 6.999374 ], "texture": "#anvil_1" },
				"east": { "uv": [ 6.000625, 4.000626, 9.999375, 6.999374 ], "texture": "#anvil_1" }
			}
		},
		{
			"__comment": "Element",
			"from": [ 4.0009, 7.9991, 1.0003 ],
			"to": [ 12.0009, 8.9991, 15.0003 ],
			"faces": {
				"up": { "uv": [ 4.000625, 1.000625, 11.99938, 14.99938 ], "texture": "#anvil_1", "rotation": 180 },
				"north": { "uv": [ 4.000625, 7.000626, 11.99938, 7.999374 ], "texture": "#anvil_1" },
				"south": { "uv": [ 4.000625, 7.000626, 11.99938, 7.999374 ], "texture": "#anvil_1" },
				"west": { "uv": [ 1.000625, 7.000626, 14.99938, 7.999374 ], "texture": "#anvil_1" },
				"east": { "uv": [ 1.000625, 7.000626, 14.99938, 7.999374 ], "texture": "#anvil_1" }
			}
		},
		{
			"__comment": "Box38",
			"from": [ 0, 0, 0 ],
			"to": [ 16, 8, 16 ],
			"faces": {
				"down": { "uv": [ 0.000625, 0.000624657, 15.99938, 15.99938 ], "texture": "#anvil_2", "cullface": "down", "rotation": 180 },
				"up": { "uv": [ 0.000625, 0.000624657, 15.99938, 15.99938 ], "texture": "#anvil_2", "rotation": 180 },
				"north": { "uv": [ 0.000625, 0.000624657, 15.99938, 15.99938 ], "texture": "#anvil_3", "cullface": "north" },
				"south": { "uv": [ 0.000625, 0.000624657, 15.99938, 15.99938 ], "texture": "#anvil_3", "cullface": "south" },
				"west": { "uv": [ 0.000625, 0.000624657, 15.99938, 15.99938 ], "texture": "#anvil_3", "cullface": "west" },
				"east": { "uv": [ 0.000625, 0.000624657, 15.99938, 15.99938 ], "texture": "#anvil_3", "cullface": "east" }
			}
		},
		{
			"__comment": "Box39",
			"from": [ 14.8747, 1.7499, -0.9999 ],
			"to": [ 15.8747, 5.4999, 0.000099957 ],
			"faces": {
				"down": { "uv": [ 0.000625, 15.00062, 0.999375, 15.99938 ], "texture": "#anvil_3", "cullface": "north", "rotation": 180 },
				"up": { "uv": [ 0.000625, 0.000624657, 0.999375, 0.9993753 ], "texture": "#anvil_3", "cullface": "north", "rotation": 180 },
				"north": { "uv": [ 0.000625, 5.000626, 0.999375, 12.49938 ], "texture": "#anvil_3", "cullface": "north" },
				"west": { "uv": [ 15.00062, 5.000626, 15.99938, 12.49938 ], "texture": "#anvil_3", "cullface": "north" },
				"east": { "uv": [ 0.000625, 5.000626, 0.999375, 12.49938 ], "texture": "#anvil_3", "cullface": "north" }
			}
		},
		{
			"__comment": "Box40",
			"from": [ 11.9995, 1.5006, -0.999 ],
			"to": [ 12.9995, 7.5006, 0.001000285 ],
			"faces": {
				"down": { "uv": [ 3.000625, 15.00062, 3.999375, 15.99938 ], "texture": "#anvil_3", "cullface": "north", "rotation": 180 },
				"up": { "uv": [ 3.000625, 0.000624657, 3.999375, 0.9993753 ], "texture": "#anvil_3", "cullface": "north", "rotation": 180 },
				"north": { "uv": [ 3.000625, 1.000625, 3.999375, 12.99938 ], "texture": "#anvil_3", "cullface": "north" },
				"west": { "uv": [ 15.00062, 1.000625, 15.99938, 12.99938 ], "texture": "#anvil_3", "cullface": "north" },
				"east": { "uv": [ 0.000625, 1.000625, 0.999375, 12.99938 ], "texture": "#anvil_3", "cullface": "north" }
			}
		},
		{
			"__comment": "Box41",
			"from": [ 13.5006, 0.0002, -1.0007 ],
			"to": [ 14.5006, 1.2502, -0.000699759 ],
			"faces": {
				"down": { "uv": [ 1.500625, 15.00062, 2.499375, 15.99938 ], "texture": "#anvil_3", "cullface": "north", "rotation": 180 },
				"up": { "uv": [ 1.500625, 0.000624657, 2.499375, 0.9993753 ], "texture": "#anvil_3", "cullface": "north", "rotation": 180 },
				"north": { "uv": [ 1.500625, 13.50062, 2.499375, 15.99938 ], "texture": "#anvil_3", "cullface": "north" },
				"west": { "uv": [ 15.00062, 13.50062, 15.99938, 15.99938 ], "texture": "#anvil_3", "cullface": "north" },
				"east": { "uv": [ 0.000625, 13.50062, 0.999375, 15.99938 ], "texture": "#anvil_3", "cullface": "north" }
			}
		},
		{
			"__comment": "Box42",
			"from": [ 9.4997, 5.0005, -1.0008 ],
			"to": [ 10.4997, 7.7505, -0.000799656 ],
			"faces": {
				"down": { "uv": [ 5.500625, 15.00062, 6.499375, 15.99938 ], "texture": "#anvil_3", "cullface": "north", "rotation": 180 },
				"up": { "uv": [ 5.500625, 0.000624657, 6.499375, 0.9993753 ], "texture": "#anvil_3", "cullface": "north", "rotation": 180 },
				"north": { "uv": [ 5.500625, 0.5006247, 6.499375, 5.999374 ], "texture": "#anvil_3", "cullface": "north" },
				"west": { "uv": [ 15.00062, 0.5006247, 15.99938, 5.999374 ], "texture": "#anvil_3", "cullface": "north" },
				"east": { "uv": [ 0.000625, 0.5006247, 0.999375, 5.999374 ], "texture": "#anvil_3", "cullface": "north" }
			}
		},
		{
			"__comment": "Box43",
			"from": [ 8.5005, 0.5009, -0.9991 ],
			"to": [ 9.5005, 4.000901, 0.00090003 ],
			"faces": {
				"down": { "uv": [ 6.500625, 15.00062, 7.499375, 15.99938 ], "texture": "#anvil_3", "cullface": "north", "rotation": 180 },
				"up": { "uv": [ 6.500625, 0.000624657, 7.499375, 0.9993753 ], "texture": "#anvil_3", "cullface": "north", "rotation": 180 },
				"north": { "uv": [ 6.500625, 8.000625, 7.499375, 14.99938 ], "texture": "#anvil_3", "cullface": "north" },
				"west": { "uv": [ 15.00062, 8.000625, 15.99938, 14.99938 ], "texture": "#anvil_3", "cullface": "north" },
				"east": { "uv": [ 0.000625, 8.000625, 0.999375, 14.99938 ], "texture": "#anvil_3", "cullface": "north" }
			}
		},
		{
			"__comment": "Box44",
			"from": [ 13.4992, 5.4997, -0.9991 ],
			"to": [ 14.4992, 6.9997, 0.00090003 ],
			"faces": {
				"down": { "uv": [ 1.500625, 15.00062, 2.499375, 15.99938 ], "texture": "#anvil_3", "cullface": "north", "rotation": 180 },
				"up": { "uv": [ 1.500625, 0.000624657, 2.499375, 0.9993753 ], "texture": "#anvil_3", "cullface": "north", "rotation": 180 },
				"north": { "uv": [ 1.500625, 2.000625, 2.499375, 4.999374 ], "texture": "#anvil_3", "cullface": "north" },
				"west": { "uv": [ 15.00062, 2.000625, 15.99938, 4.999374 ], "texture": "#anvil_3", "cullface": "north" },
				"east": { "uv": [ 0.000625, 2.000625, 0.999375, 4.999374 ], "texture": "#anvil_3", "cullface": "north" }
			}
		},
		{
			"__comment": "Box45",
			"from": [ 5.9991, 0.4996, -1.0005 ],
			"to": [ 6.9991, 7.499599, -0.000499845 ],
			"faces": {
				"down": { "uv": [ 9.000625, 15.00062, 9.999375, 15.99938 ], "texture": "#anvil_3", "cullface": "north", "rotation": 180 },
				"up": { "uv": [ 9.000625, 0.000624657, 9.999375, 0.9993753 ], "texture": "#anvil_3", "cullface": "north", "rotation": 180 },
				"north": { "uv": [ 9.000625, 1.000625, 9.999375, 14.99938 ], "texture": "#anvil_3", "cullface": "north" },
				"west": { "uv": [ 15.00062, 1.000625, 15.99938, 14.99938 ], "texture": "#anvil_3", "cullface": "north" },
				"east": { "uv": [ 0.000625, 1.000625, 0.999375, 14.99938 ], "texture": "#anvil_3", "cullface": "north" }
			}
		},
		{
			"__comment": "Box46",
			"from": [ 0.9999, 0.2497, -1.0009 ],
			"to": [ 1.999899, 1.2497, -0.000899911 ],
			"faces": {
				"down": { "uv": [ 14.00062, 15.00062, 14.99938, 15.99938 ], "texture": "#anvil_3", "cullface": "north", "rotation": 180 },
				"up": { "uv": [ 14.00062, 0.000624657, 14.99938, 0.9993753 ], "texture": "#anvil_3", "cullface": "north", "rotation": 180 },
				"north": { "uv": [ 14.00062, 13.50062, 14.99938, 15.49938 ], "texture": "#anvil_3", "cullface": "north" },
				"west": { "uv": [ 15.00062, 13.50062, 15.99938, 15.49938 ], "texture": "#anvil_3", "cullface": "north" },
				"east": { "uv": [ 0.000625, 13.50062, 0.999375, 15.49938 ], "texture": "#anvil_3", "cullface": "north" }
			}
		},
		{
			"__comment": "Box47",
			"from": [ 3.4996, 6.7504, -1 ],
			"to": [ 4.499599, 8.000401, -0.000000119 ],
			"faces": {
				"down": { "uv": [ 11.50062, 15.00062, 12.49938, 15.99938 ], "texture": "#anvil_3", "cullface": "north", "rotation": 180 },
				"up": { "uv": [ 11.50062, 0.000624657, 12.49938, 0.9993753 ], "texture": "#anvil_3", "cullface": "north", "rotation": 180 },
				"north": { "uv": [ 11.50062, 0.000624657, 12.49938, 2.499375 ], "texture": "#anvil_3", "cullface": "north" },
				"west": { "uv": [ 15.00062, 0.000624657, 15.99938, 2.499375 ], "texture": "#anvil_3", "cullface": "north" },
				"east": { "uv": [ 0.000625, 0.000624657, 0.999375, 2.499375 ], "texture": "#anvil_3", "cullface": "north" }
			}
		},
		{
			"__comment": "Box48",
			"from": [ 2.5009, 2.7491, -0.9993 ],
			"to": [ 3.5009, 6.4991, 0.000699997 ],
			"faces": {
				"down": { "uv": [ 12.50062, 15.00062, 13.49938, 15.99938 ], "texture": "#anvil_3", "cullface": "north", "rotation": 180 },
				"up": { "uv": [ 12.50062, 0.000624657, 13.49938, 0.9993753 ], "texture": "#anvil_3", "cullface": "north", "rotation": 180 },
				"north": { "uv": [ 12.50062, 3.000625, 13.49938, 10.49938 ], "texture": "#anvil_3", "cullface": "north" },
				"west": { "uv": [ 15.00062, 3.000625, 15.99938, 10.49938 ], "texture": "#anvil_3", "cullface": "north" },
				"east": { "uv": [ 0.000625, 3.000625, 0.999375, 10.49938 ], "texture": "#anvil_3", "cullface": "north" }
			}
		},
		{
			"__comment": "Box49",
			"from": [ 0.5007, 6.249, -1.001 ],
			"to": [ 1.5007, 7.499, -0.00099957 ],
			"faces": {
				"down": { "uv": [ 14.50062, 15.00062, 15.49938, 15.99938 ], "texture": "#anvil_3", "cullface": "north", "rotation": 180 },
				"up": { "uv": [ 14.50062, 0.000624657, 15.49938, 0.9993753 ], "texture": "#anvil_3", "cullface": "north", "rotation": 180 },
				"north": { "uv": [ 14.50062, 1.000625, 15.49938, 3.499375 ], "texture": "#anvil_3", "cullface": "north" },
				"west": { "uv": [ 15.00062, 1.000625, 15.99938, 3.499375 ], "texture": "#anvil_3", "cullface": "north" },
				"east": { "uv": [ 0.000625, 1.000625, 0.999375, 3.499375 ], "texture": "#anvil_3", "cullface": "north" }
			}
		},
		{
			"__comment": "Box39",
			"from": [ 16.0007, 1.7509, 14.8744 ],
			"to": [ 17.0007, 5.500899, 15.8744 ],
			"faces": {
				"down": { "uv": [ 0.000625, 15.00062, 0.999375, 15.99938 ], "texture": "#anvil_3", "cullface": "east", "rotation": 90 },
				"up": { "uv": [ 0.000625, 0.000624657, 0.999375, 0.9993753 ], "texture": "#anvil_3", "cullface": "east", "rotation": 270 },
				"north": { "uv": [ 15.00062, 5.000626, 15.99938, 12.49938 ], "texture": "#anvil_3", "cullface": "east" },
				"south": { "uv": [ 0.000625, 5.000626, 0.999375, 12.49938 ], "texture": "#anvil_3", "cullface": "east" },
				"east": { "uv": [ 0.000625, 5.000626, 0.999375, 12.49938 ], "texture": "#anvil_3", "cullface": "east" }
			}
		},
		{
			"__comment": "Box49",
			"from": [ 16, 6.2498, 0.5002 ],
			"to": [ 17, 7.4998, 1.5002 ],
			"faces": {
				"down": { "uv": [ 14.50062, 15.00062, 15.49938, 15.99938 ], "texture": "#anvil_3", "cullface": "east", "rotation": 90 },
				"up": { "uv": [ 14.50062, 0.000624657, 15.49938, 0.9993753 ], "texture": "#anvil_3", "cullface": "east", "rotation": 270 },
				"north": { "uv": [ 15.00062, 1.000625, 15.99938, 3.499375 ], "texture": "#anvil_3", "cullface": "east" },
				"south": { "uv": [ 0.000625, 1.000625, 0.999375, 3.499375 ], "texture": "#anvil_3", "cullface": "east" },
				"east": { "uv": [ 14.50062, 1.000625, 15.49938, 3.499375 ], "texture": "#anvil_3", "cullface": "east" }
			}
		},
		{
			"__comment": "Box40",
			"from": [ 16.0007, 1.4997, 12.0003 ],
			"to": [ 17.0007, 7.4997, 13.0003 ],
			"faces": {
				"down": { "uv": [ 3.000625, 15.00062, 3.999375, 15.99938 ], "texture": "#anvil_3", "cullface": "east", "rotation": 90 },
				"up": { "uv": [ 3.000625, 0.000624657, 3.999375, 0.9993753 ], "texture": "#anvil_3", "cullface": "east", "rotation": 270 },
				"north": { "uv": [ 15.00062, 1.000625, 15.99938, 12.99938 ], "texture": "#anvil_3", "cullface": "east" },
				"south": { "uv": [ 0.000625, 1.000625, 0.999375, 12.99938 ], "texture": "#anvil_3", "cullface": "east" },
				"east": { "uv": [ 3.000625, 1.000625, 3.999375, 12.99938 ], "texture": "#anvil_3", "cullface": "east" }
			}
		},
		{
			"__comment": "Box41",
			"from": [ 16.0009, -0.0009, 13.5007 ],
			"to": [ 17.0009, 1.2491, 14.5007 ],
			"faces": {
				"down": { "uv": [ 1.500625, 15.00062, 2.499375, 15.99938 ], "texture": "#anvil_3", "rotation": 90 },
				"up": { "uv": [ 1.500625, 0.000624657, 2.499375, 0.9993753 ], "texture": "#anvil_3", "rotation": 270 },
				"north": { "uv": [ 15.00062, 13.50062, 15.99938, 15.99938 ], "texture": "#anvil_3" },
				"south": { "uv": [ 0.000625, 13.50062, 0.999375, 15.99938 ], "texture": "#anvil_3" },
				"east": { "uv": [ 1.500625, 13.50062, 2.499375, 15.99938 ], "texture": "#anvil_3" }
			}
		},
		{
			"__comment": "Box42",
			"from": [ 16.0006, 5.0003, 9.500199 ],
			"to": [ 17.0006, 7.7503, 10.5002 ],
			"faces": {
				"down": { "uv": [ 5.500625, 15.00062, 6.499375, 15.99938 ], "texture": "#anvil_3", "cullface": "east", "rotation": 90 },
				"up": { "uv": [ 5.500625, 0.000624657, 6.499375, 0.9993753 ], "texture": "#anvil_3", "cullface": "east", "rotation": 270 },
				"north": { "uv": [ 15.00062, 0.5006247, 15.99938, 5.999374 ], "texture": "#anvil_3", "cullface": "east" },
				"south": { "uv": [ 0.000625, 0.5006247, 0.999375, 5.999374 ], "texture": "#anvil_3", "cullface": "east" },
				"east": { "uv": [ 5.500625, 0.5006247, 6.499375, 5.999374 ], "texture": "#anvil_3", "cullface": "east" }
			}
		},
		{
			"__comment": "Box43",
			"from": [ 15.9997, 0.4994, 8.5005 ],
			"to": [ 16.9997, 3.9994, 9.5005 ],
			"faces": {
				"down": { "uv": [ 6.500625, 15.00062, 7.499375, 15.99938 ], "texture": "#anvil_3", "cullface": "east", "rotation": 90 },
				"up": { "uv": [ 6.500625, 0.000624657, 7.499375, 0.9993753 ], "texture": "#anvil_3", "cullface": "east", "rotation": 270 },
				"north": { "uv": [ 15.00062, 8.000625, 15.99938, 14.99938 ], "texture": "#anvil_3", "cullface": "east" },
				"south": { "uv": [ 0.000625, 8.000625, 0.999375, 14.99938 ], "texture": "#anvil_3", "cullface": "east" },
				"east": { "uv": [ 6.500625, 8.000625, 7.499375, 14.99938 ], "texture": "#anvil_3", "cullface": "east" }
			}
		},
		{
			"__comment": "Box44",
			"from": [ 16.0008, 5.4994, 13.4998 ],
			"to": [ 17.0008, 6.9994, 14.4998 ],
			"faces": {
				"down": { "uv": [ 1.500625, 15.00062, 2.499375, 15.99938 ], "texture": "#anvil_3", "cullface": "east", "rotation": 90 },
				"up": { "uv": [ 1.500625, 0.000624657, 2.499375, 0.9993753 ], "texture": "#anvil_3", "cullface": "east", "rotation": 270 },
				"north": { "uv": [ 15.00062, 2.000625, 15.99938, 4.999374 ], "texture": "#anvil_3", "cullface": "east" },
				"south": { "uv": [ 0.000625, 2.000625, 0.999375, 4.999374 ], "texture": "#anvil_3", "cullface": "east" },
				"east": { "uv": [ 1.500625, 2.000625, 2.499375, 4.999374 ], "texture": "#anvil_3", "cullface": "east" }
			}
		},
		{
			"__comment": "Box45",
			"from": [ 15.9999, 0.4993, 6.0005 ],
			"to": [ 16.9999, 7.4993, 7.0005 ],
			"faces": {
				"down": { "uv": [ 9.000625, 15.00062, 9.999375, 15.99938 ], "texture": "#anvil_3", "cullface": "east", "rotation": 90 },
				"up": { "uv": [ 9.000625, 0.000624657, 9.999375, 0.9993753 ], "texture": "#anvil_3", "cullface": "east", "rotation": 270 },
				"north": { "uv": [ 15.00062, 1.000625, 15.99938, 14.99938 ], "texture": "#anvil_3", "cullface": "east" },
				"south": { "uv": [ 0.000625, 1.000625, 0.999375, 14.99938 ], "texture": "#anvil_3", "cullface": "east" },
				"east": { "uv": [ 9.000625, 1.000625, 9.999375, 14.99938 ], "texture": "#anvil_3", "cullface": "east" }
			}
		},
		{
			"__comment": "Box46",
			"from": [ 16.0009, 0.2497, 0.9997 ],
			"to": [ 17.0009, 1.2497, 1.9997 ],
			"faces": {
				"down": { "uv": [ 14.00062, 15.00062, 14.99938, 15.99938 ], "texture": "#anvil_3", "cullface": "east", "rotation": 90 },
				"up": { "uv": [ 14.00062, 0.000624657, 14.99938, 0.9993753 ], "texture": "#anvil_3", "cullface": "east", "rotation": 270 },
				"north": { "uv": [ 15.00062, 13.50062, 15.99938, 15.49938 ], "texture": "#anvil_3", "cullface": "east" },
				"south": { "uv": [ 0.000625, 13.50062, 0.999375, 15.49938 ], "texture": "#anvil_3", "cullface": "east" },
				"east": { "uv": [ 14.00062, 13.50062, 14.99938, 15.49938 ], "texture": "#anvil_3", "cullface": "east" }
			}
		},
		{
			"__comment": "Box47",
			"from": [ 15.9994, 6.7494, 3.4999 ],
			"to": [ 16.9994, 7.9994, 4.4999 ],
			"faces": {
				"down": { "uv": [ 11.50062, 15.00062, 12.49938, 15.99938 ], "texture": "#anvil_3", "cullface": "east", "rotation": 90 },
				"up": { "uv": [ 11.50062, 0.000624657, 12.49938, 0.9993753 ], "texture": "#anvil_3", "cullface": "east", "rotation": 270 },
				"north": { "uv": [ 15.00062, 0.000624657, 15.99938, 2.499375 ], "texture": "#anvil_3", "cullface": "east" },
				"south": { "uv": [ 0.000625, 0.000624657, 0.999375, 2.499375 ], "texture": "#anvil_3", "cullface": "east" },
				"east": { "uv": [ 11.50062, 0.000624657, 12.49938, 2.499375 ], "texture": "#anvil_3", "cullface": "east" }
			}
		},
		{
			"__comment": "Box48",
			"from": [ 15.9997, 2.7494, 2.4994 ],
			"to": [ 16.9997, 6.499399, 3.4994 ],
			"faces": {
				"down": { "uv": [ 12.50062, 15.00062, 13.49938, 15.99938 ], "texture": "#anvil_3", "cullface": "east", "rotation": 90 },
				"up": { "uv": [ 12.50062, 0.000624657, 13.49938, 0.9993753 ], "texture": "#anvil_3", "cullface": "east", "rotation": 270 },
				"north": { "uv": [ 15.00062, 3.000625, 15.99938, 10.49938 ], "texture": "#anvil_3", "cullface": "east" },
				"south": { "uv": [ 0.000625, 3.000625, 0.999375, 10.49938 ], "texture": "#anvil_3", "cullface": "east" },
				"east": { "uv": [ 12.50062, 3.000625, 13.49938, 10.49938 ], "texture": "#anvil_3", "cullface": "east" }
			}
		},
		{
			"__comment": "Box39",
			"from": [ 0.1258, 1.7508, 16.0002 ],
			"to": [ 1.1258, 5.5008, 17.0002 ],
			"faces": {
				"down": { "uv": [ 0.000625, 15.00062, 0.999375, 15.99938 ], "texture": "#anvil_3", "cullface": "south" },
				"up": { "uv": [ 0.000625, 0.000624657, 0.999375, 0.9993753 ], "texture": "#anvil_3", "cullface": "south" },
				"south": { "uv": [ 0.000625, 5.000626, 0.999375, 12.49938 ], "texture": "#anvil_3", "cullface": "south" },
				"west": { "uv": [ 0.000625, 5.000626, 0.999375, 12.49938 ], "texture": "#anvil_3", "cullface": "south" },
				"east": { "uv": [ 15.00062, 5.000626, 15.99938, 12.49938 ], "texture": "#anvil_3", "cullface": "south" }
			}
		},
		{
			"__comment": "Box49",
			"from": [ 14.4997, 6.2507, 16.0005 ],
			"to": [ 15.4997, 7.5007, 17.0005 ],
			"faces": {
				"down": { "uv": [ 14.50062, 15.00062, 15.49938, 15.99938 ], "texture": "#anvil_3", "cullface": "south" },
				"up": { "uv": [ 14.50062, 0.000624657, 15.49938, 0.9993753 ], "texture": "#anvil_3", "cullface": "south" },
				"south": { "uv": [ 14.50062, 1.000625, 15.49938, 3.499375 ], "texture": "#anvil_3", "cullface": "south" },
				"west": { "uv": [ 0.000625, 1.000625, 0.999375, 3.499375 ], "texture": "#anvil_3", "cullface": "south" },
				"east": { "uv": [ 15.00062, 1.000625, 15.99938, 3.499375 ], "texture": "#anvil_3", "cullface": "south" }
			}
		},
		{
			"__comment": "Box40",
			"from": [ 2.9995, 1.5006, 15.9996 ],
			"to": [ 3.9995, 7.500601, 16.9996 ],
			"faces": {
				"down": { "uv": [ 3.000625, 15.00062, 3.999375, 15.99938 ], "texture": "#anvil_3", "cullface": "south" },
				"up": { "uv": [ 3.000625, 0.000624657, 3.999375, 0.9993753 ], "texture": "#anvil_3", "cullface": "south" },
				"south": { "uv": [ 3.000625, 1.000625, 3.999375, 12.99938 ], "texture": "#anvil_3", "cullface": "south" },
				"west": { "uv": [ 0.000625, 1.000625, 0.999375, 12.99938 ], "texture": "#anvil_3", "cullface": "south" },
				"east": { "uv": [ 15.00062, 1.000625, 15.99938, 12.99938 ], "texture": "#anvil_3", "cullface": "south" }
			}
		},
		{
			"__comment": "Box41",
			"from": [ 1.5003, 0.0002, 15.9992 ],
			"to": [ 2.5003, 1.2502, 16.9992 ],
			"faces": {
				"down": { "uv": [ 1.500625, 15.00062, 2.499375, 15.99938 ], "texture": "#anvil_3", "cullface": "south" },
				"up": { "uv": [ 1.500625, 0.000624657, 2.499375, 0.9993753 ], "texture": "#anvil_3", "cullface": "south" },
				"south": { "uv": [ 1.500625, 13.50062, 2.499375, 15.99938 ], "texture": "#anvil_3", "cullface": "south" },
				"west": { "uv": [ 0.000625, 13.50062, 0.999375, 15.99938 ], "texture": "#anvil_3", "cullface": "south" },
				"east": { "uv": [ 15.00062, 13.50062, 15.99938, 15.99938 ], "texture": "#anvil_3", "cullface": "south" }
			}
		},
		{
			"__comment": "Box42",
			"from": [ 5.5006, 4.9999, 15.9993 ],
			"to": [ 6.5006, 7.7499, 16.9993 ],
			"faces": {
				"down": { "uv": [ 5.500625, 15.00062, 6.499375, 15.99938 ], "texture": "#anvil_3", "cullface": "south" },
				"up": { "uv": [ 5.500625, 0.000624657, 6.499375, 0.9993753 ], "texture": "#anvil_3", "cullface": "south" },
				"south": { "uv": [ 5.500625, 0.5006247, 6.499375, 5.999374 ], "texture": "#anvil_3", "cullface": "south" },
				"west": { "uv": [ 0.000625, 0.5006247, 0.999375, 5.999374 ], "texture": "#anvil_3", "cullface": "south" },
				"east": { "uv": [ 15.00062, 0.5006247, 15.99938, 5.999374 ], "texture": "#anvil_3", "cullface": "south" }
			}
		},
		{
			"__comment": "Box43",
			"from": [ 6.5008, 0.4994, 16.0008 ],
			"to": [ 7.5008, 3.9994, 17.0008 ],
			"faces": {
				"down": { "uv": [ 6.500625, 15.00062, 7.499375, 15.99938 ], "texture": "#anvil_3", "cullface": "south" },
				"up": { "uv": [ 6.500625, 0.000624657, 7.499375, 0.9993753 ], "texture": "#anvil_3", "cullface": "south" },
				"south": { "uv": [ 6.500625, 8.000625, 7.499375, 14.99938 ], "texture": "#anvil_3", "cullface": "south" },
				"west": { "uv": [ 0.000625, 8.000625, 0.999375, 14.99938 ], "texture": "#anvil_3", "cullface": "south" },
				"east": { "uv": [ 15.00062, 8.000625, 15.99938, 14.99938 ], "texture": "#anvil_3", "cullface": "south" }
			}
		},
		{
			"__comment": "Box44",
			"from": [ 1.5004, 5.5008, 16.0005 ],
			"to": [ 2.5004, 7.0008, 17.0005 ],
			"faces": {
				"down": { "uv": [ 1.500625, 15.00062, 2.499375, 15.99938 ], "texture": "#anvil_3", "cullface": "south" },
				"up": { "uv": [ 1.500625, 0.000624657, 2.499375, 0.9993753 ], "texture": "#anvil_3", "cullface": "south" },
				"south": { "uv": [ 1.500625, 2.000625, 2.499375, 4.999374 ], "texture": "#anvil_3", "cullface": "south" },
				"west": { "uv": [ 0.000625, 2.000625, 0.999375, 4.999374 ], "texture": "#anvil_3", "cullface": "south" },
				"east": { "uv": [ 15.00062, 2.000625, 15.99938, 4.999374 ], "texture": "#anvil_3", "cullface": "south" }
			}
		},
		{
			"__comment": "Box45",
			"from": [ 9.000299, 0.4992, 16.001 ],
			"to": [ 10.0003, 7.499199, 17.001 ],
			"faces": {
				"down": { "uv": [ 9.000625, 15.00062, 9.999375, 15.99938 ], "texture": "#anvil_3", "cullface": "south" },
				"up": { "uv": [ 9.000625, 0.000624657, 9.999375, 0.9993753 ], "texture": "#anvil_3", "cullface": "south" },
				"south": { "uv": [ 9.000625, 1.000625, 9.999375, 14.99938 ], "texture": "#anvil_3", "cullface": "south" },
				"west": { "uv": [ 0.000625, 1.000625, 0.999375, 14.99938 ], "texture": "#anvil_3", "cullface": "south" },
				"east": { "uv": [ 15.00062, 1.000625, 15.99938, 14.99938 ], "texture": "#anvil_3", "cullface": "south" }
			}
		},
		{
			"__comment": "Box46",
			"from": [ 13.9991, 0.2505, 16.0009 ],
			"to": [ 14.9991, 1.2505, 17.0009 ],
			"faces": {
				"down": { "uv": [ 14.00062, 15.00062, 14.99938, 15.99938 ], "texture": "#anvil_3", "cullface": "south" },
				"up": { "uv": [ 14.00062, 0.000624657, 14.99938, 0.9993753 ], "texture": "#anvil_3", "cullface": "south" },
				"south": { "uv": [ 14.00062, 13.50062, 14.99938, 15.49938 ], "texture": "#anvil_3", "cullface": "south" },
				"west": { "uv": [ 0.000625, 13.50062, 0.999375, 15.49938 ], "texture": "#anvil_3", "cullface": "south" },
				"east": { "uv": [ 15.00062, 13.50062, 15.99938, 15.49938 ], "texture": "#anvil_3", "cullface": "south" }
			}
		},
		{
			"__comment": "Box47",
			"from": [ 11.4998, 6.7492, 16.0006 ],
			"to": [ 12.4998, 7.9992, 17.0006 ],
			"faces": {
				"down": { "uv": [ 11.50062, 15.00062, 12.49938, 15.99938 ], "texture": "#anvil_3", "cullface": "south" },
				"up": { "uv": [ 11.50062, 0.000624657, 12.49938, 0.9993753 ], "texture": "#anvil_3", "cullface": "south" },
				"south": { "uv": [ 11.50062, 0.000624657, 12.49938, 2.499375 ], "texture": "#anvil_3", "cullface": "south" },
				"west": { "uv": [ 0.000625, 0.000624657, 0.999375, 2.499375 ], "texture": "#anvil_3", "cullface": "south" },
				"east": { "uv": [ 15.00062, 0.000624657, 15.99938, 2.499375 ], "texture": "#anvil_3", "cullface": "south" }
			}
		},
		{
			"__comment": "Box48",
			"from": [ 12.5008, 2.7493, 15.9996 ],
			"to": [ 13.5008, 6.4993, 16.9996 ],
			"faces": {
				"down": { "uv": [ 12.50062, 15.00062, 13.49938, 15.99938 ], "texture": "#anvil_3", "cullface": "south" },
				"up": { "uv": [ 12.50062, 0.000624657, 13.49938, 0.9993753 ], "texture": "#anvil_3", "cullface": "south" },
				"south": { "uv": [ 12.50062, 3.000625, 13.49938, 10.49938 ], "texture": "#anvil_3", "cullface": "south" },
				"west": { "uv": [ 0.000625, 3.000625, 0.999375, 10.49938 ], "texture": "#anvil_3", "cullface": "south" },
				"east": { "uv": [ 15.00062, 3.000625, 15.99938, 10.49938 ], "texture": "#anvil_3", "cullface": "south" }
			}
		},
		{
			"__comment": "Box39",
			"from": [ -1.0005, 1.7502, 0.1259 ],
			"to": [ -0.000500202, 5.500201, 1.125901 ],
			"faces": {
				"down": { "uv": [ 0.000625, 15.00062, 0.999375, 15.99938 ], "texture": "#anvil_3", "cullface": "west", "rotation": 270 },
				"up": { "uv": [ 0.000625, 0.000624657, 0.999375, 0.9993753 ], "texture": "#anvil_3", "cullface": "west", "rotation": 90 },
				"north": { "uv": [ 0.000625, 5.000626, 0.999375, 12.49938 ], "texture": "#anvil_3", "cullface": "west" },
				"south": { "uv": [ 15.00062, 5.000626, 15.99938, 12.49938 ], "texture": "#anvil_3", "cullface": "west" },
				"west": { "uv": [ 0.000625, 5.000626, 0.999375, 12.49938 ], "texture": "#anvil_3", "cullface": "west" }
			}
		},
		{
			"__comment": "Box49",
			"from": [ -1.0005, 6.2505, 14.5002 ],
			"to": [ -0.000499964, 7.5005, 15.5002 ],
			"faces": {
				"down": { "uv": [ 14.50062, 15.00062, 15.49938, 15.99938 ], "texture": "#anvil_3", "cullface": "west", "rotation": 270 },
				"up": { "uv": [ 14.50062, 0.000624657, 15.49938, 0.9993753 ], "texture": "#anvil_3", "cullface": "west", "rotation": 90 },
				"north": { "uv": [ 0.000625, 1.000625, 0.999375, 3.499375 ], "texture": "#anvil_3", "cullface": "west" },
				"south": { "uv": [ 15.00062, 1.000625, 15.99938, 3.499375 ], "texture": "#anvil_3", "cullface": "west" },
				"west": { "uv": [ 14.50062, 1.000625, 15.49938, 3.499375 ], "texture": "#anvil_3", "cullface": "west" }
			}
		},
		{
			"__comment": "Box40",
			"from": [ -1.0004, 1.5007, 2.9999 ],
			"to": [ -0.00039959, 7.5007, 3.9999 ],
			"faces": {
				"down": { "uv": [ 3.000625, 15.00062, 3.999375, 15.99938 ], "texture": "#anvil_3", "cullface": "west", "rotation": 270 },
				"up": { "uv": [ 3.000625, 0.000624657, 3.999375, 0.9993753 ], "texture": "#anvil_3", "cullface": "west", "rotation": 90 },
				"north": { "uv": [ 0.000625, 1.000625, 0.999375, 12.99938 ], "texture": "#anvil_3", "cullface": "west" },
				"south": { "uv": [ 15.00062, 1.000625, 15.99938, 12.99938 ], "texture": "#anvil_3", "cullface": "west" },
				"west": { "uv": [ 3.000625, 1.000625, 3.999375, 12.99938 ], "texture": "#anvil_3", "cullface": "west" }
			}
		},
		{
			"__comment": "Box41",
			"from": [ -1.0007, 0.0006, 1.5006 ],
			"to": [ -0.000700235, 1.2506, 2.5006 ],
			"faces": {
				"down": { "uv": [ 1.500625, 15.00062, 2.499375, 15.99938 ], "texture": "#anvil_3", "cullface": "west", "rotation": 270 },
				"up": { "uv": [ 1.500625, 0.000624657, 2.499375, 0.9993753 ], "texture": "#anvil_3", "cullface": "west", "rotation": 90 },
				"north": { "uv": [ 0.000625, 13.50062, 0.999375, 15.99938 ], "texture": "#anvil_3", "cullface": "west" },
				"south": { "uv": [ 15.00062, 13.50062, 15.99938, 15.99938 ], "texture": "#anvil_3", "cullface": "west" },
				"west": { "uv": [ 1.500625, 13.50062, 2.499375, 15.99938 ], "texture": "#anvil_3", "cullface": "west" }
			}
		},
		{
			"__comment": "Box42",
			"from": [ -1.0005, 5.0006, 5.4991 ],
			"to": [ -0.000499606, 7.7506, 6.4991 ],
			"faces": {
				"down": { "uv": [ 5.500625, 15.00062, 6.499375, 15.99938 ], "texture": "#anvil_3", "cullface": "west", "rotation": 270 },
				"up": { "uv": [ 5.500625, 0.000624657, 6.499375, 0.9993753 ], "texture": "#anvil_3", "cullface": "west", "rotation": 90 },
				"north": { "uv": [ 0.000625, 0.5006247, 0.999375, 5.999374 ], "texture": "#anvil_3", "cullface": "west" },
				"south": { "uv": [ 15.00062, 0.5006247, 15.99938, 5.999374 ], "texture": "#anvil_3", "cullface": "west" },
				"west": { "uv": [ 5.500625, 0.5006247, 6.499375, 5.999374 ], "texture": "#anvil_3", "cullface": "west" }
			}
		},
		{
			"__comment": "Box43",
			"from": [ -0.999, 0.5003, 6.5003 ],
			"to": [ 0.001000285, 4.000299, 7.5003 ],
			"faces": {
				"down": { "uv": [ 6.500625, 15.00062, 7.499375, 15.99938 ], "texture": "#anvil_3", "cullface": "west", "rotation": 270 },
				"up": { "uv": [ 6.500625, 0.000624657, 7.499375, 0.9993753 ], "texture": "#anvil_3", "cullface": "west", "rotation": 90 },
				"north": { "uv": [ 0.000625, 8.000625, 0.999375, 14.99938 ], "texture": "#anvil_3", "cullface": "west" },
				"south": { "uv": [ 15.00062, 8.000625, 15.99938, 14.99938 ], "texture": "#anvil_3", "cullface": "west" },
				"west": { "uv": [ 6.500625, 8.000625, 7.499375, 14.99938 ], "texture": "#anvil_3", "cullface": "west" }
			}
		},
		{
			"__comment": "Box44",
			"from": [ -0.9997, 5.5003, 1.5008 ],
			"to": [ 0.000300288, 7.0003, 2.5008 ],
			"faces": {
				"down": { "uv": [ 1.500625, 15.00062, 2.499375, 15.99938 ], "texture": "#anvil_3", "cullface": "west", "rotation": 270 },
				"up": { "uv": [ 1.500625, 0.000624657, 2.499375, 0.9993753 ], "texture": "#anvil_3", "cullface": "west", "rotation": 90 },
				"north": { "uv": [ 0.000625, 2.000625, 0.999375, 4.999374 ], "texture": "#anvil_3", "cullface": "west" },
				"south": { "uv": [ 15.00062, 2.000625, 15.99938, 4.999374 ], "texture": "#anvil_3", "cullface": "west" },
				"west": { "uv": [ 1.500625, 2.000625, 2.499375, 4.999374 ], "texture": "#anvil_3", "cullface": "west" }
			}
		},
		{
			"__comment": "Box45",
			"from": [ -1.0006, 0.4998, 8.9994 ],
			"to": [ -0.000599742, 7.499801, 9.9994 ],
			"faces": {
				"down": { "uv": [ 9.000625, 15.00062, 9.999375, 15.99938 ], "texture": "#anvil_3", "cullface": "west", "rotation": 270 },
				"up": { "uv": [ 9.000625, 0.000624657, 9.999375, 0.9993753 ], "texture": "#anvil_3", "cullface": "west", "rotation": 90 },
				"north": { "uv": [ 0.000625, 1.000625, 0.999375, 14.99938 ], "texture": "#anvil_3", "cullface": "west" },
				"south": { "uv": [ 15.00062, 1.000625, 15.99938, 14.99938 ], "texture": "#anvil_3", "cullface": "west" },
				"west": { "uv": [ 9.000625, 1.000625, 9.999375, 14.99938 ], "texture": "#anvil_3", "cullface": "west" }
			}
		},
		{
			"__comment": "Box46",
			"from": [ -0.9993, 0.2492, 13.9996 ],
			"to": [ 0.000699997, 1.2492, 14.9996 ],
			"faces": {
				"down": { "uv": [ 14.00062, 15.00062, 14.99938, 15.99938 ], "texture": "#anvil_3", "cullface": "west", "rotation": 270 },
				"up": { "uv": [ 14.00062, 0.000624657, 14.99938, 0.9993753 ], "texture": "#anvil_3", "cullface": "west", "rotation": 90 },
				"north": { "uv": [ 0.000625, 13.50062, 0.999375, 15.49938 ], "texture": "#anvil_3", "cullface": "west" },
				"south": { "uv": [ 15.00062, 13.50062, 15.99938, 15.49938 ], "texture": "#anvil_3", "cullface": "west" },
				"west": { "uv": [ 14.00062, 13.50062, 14.99938, 15.49938 ], "texture": "#anvil_3", "cullface": "west" }
			}
		},
		{
			"__comment": "Box47",
			"from": [ -1.0002, 6.7499, 11.4993 ],
			"to": [ -0.000200152, 7.9999, 12.4993 ],
			"faces": {
				"down": { "uv": [ 11.50062, 15.00062, 12.49938, 15.99938 ], "texture": "#anvil_3", "cullface": "west", "rotation": 270 },
				"up": { "uv": [ 11.50062, 0.000624657, 12.49938, 0.9993753 ], "texture": "#anvil_3", "cullface": "west", "rotation": 90 },
				"north": { "uv": [ 0.000625, 0.000624657, 0.999375, 2.499375 ], "texture": "#anvil_3", "cullface": "west" },
				"south": { "uv": [ 15.00062, 0.000624657, 15.99938, 2.499375 ], "texture": "#anvil_3", "cullface": "west" },
				"west": { "uv": [ 11.50062, 0.000624657, 12.49938, 2.499375 ], "texture": "#anvil_3", "cullface": "west" }
			}
		},
		{
			"__comment": "Box48",
			"from": [ -0.9999, 2.7506, 12.5003 ],
			"to": [ 0.000100017, 6.5006, 13.5003 ],
			"faces": {
				"down": { "uv": [ 12.50062, 15.00062, 13.49938, 15.99938 ], "texture": "#anvil_3", "cullface": "west", "rotation": 270 },
				"up": { "uv": [ 12.50062, 0.000624657, 13.49938, 0.9993753 ], "texture": "#anvil_3", "cullface": "west", "rotation": 90 },
				"north": { "uv": [ 0.000625, 3.000625, 0.999375, 10.49938 ], "texture": "#anvil_3", "cullface": "west" },
				"south": { "uv": [ 15.00062, 3.000625, 15.99938, 10.49938 ], "texture": "#anvil_3", "cullface": "west" },
				"west": { "uv": [ 12.50062, 3.000625, 13.49938, 10.49938 ], "texture": "#anvil_3", "cullface": "west" }
			}
		}
	],
	"display": {
		"thirdperson_righthand": {
			"rotation":  [ 75, 45, 0 ],
			"translation":  [ 0, 2.5, 0 ],
			"scale":  [ 0.375, 0.375, 0.375 ]
		},
		"thirdperson_lefthand": {
			"rotation":  [ 75, 45, 0 ],
			"translation":  [ 0, 2.5, 0 ],
			"scale":  [ 0.375, 0.375, 0.375 ]
		},
		"firstperson_righthand": {
			"rotation":  [ 0, 45, 0 ],
			"translation":  [ 0, 3, 0 ],
			"scale":  [ 0.4, 0.4, 0.4 ]
		},
		"firstperson_lefthand": {
			"rotation":  [ 0, 45, 0 ],
			"translation":  [ 0, 3, 0 ],
			"scale":  [ 0.4, 0.4, 0.4 ]
		},
		"gui": {
			"rotation":  [ 30, 225, 0 ],
			"scale":  [ 0.625, 0.625, 0.625 ]
		},
		"ground": {
			"translation":  [ 0, 3, 0 ],
			"scale":  [ 0.25, 0.25, 0.25 ]
		}
	}
}