{
	"__comment": "Designed by Interhell2000 with Cubik Studio - https://cubik.studio",
	"gui_light": "front",
	"ambientocclusion": false,
	"textures": {
		"particle": "block/a/azalea_leaves/azalea_leaves",
		"azalea_leaves_1": "block/a/azalea_leaves/azalea_leaves_1",
		"azalea_leaves_2": "block/a/azalea_leaves/azalea_leaves_2"
	},
	"elements": [ 	 
		{
			"__comment": "PlaneY2",
			"from": [ -6.0004, -5.9996, -6.0009 ],
			"to": [ 21.99961, -5.9986, 7.9991 ],
			"rotation": { "origin": [ -6, -6, -6 ], "axis": "z", "angle": 45 },
			"faces": {
				"down": { "uv": [ 0.00125, 8.001249, 15.99876, 15.99876 ], "texture": "#azalea_leaves_2", "cullface": "north" },
				"up": { "uv": [ 0.00125, 0.001249313, 15.99876, 7.998749 ], "texture": "#azalea_leaves_2", "cullface": "north" }
			}
		},
		{
			"__comment": "PlaneY2",
			"from": [ -5.9986, -5.4992, 8.0014 ],
			"to": [ 22.00141, -5.4982, 22.0014 ],
			"rotation": { "origin": [ -6, -5.5, 8 ], "axis": "z", "angle": 45 },
			"faces": {
				"down": { "uv": [ 0.00125, 0.001249313, 15.99876, 7.998749 ], "texture": "#azalea_leaves_2", "cullface": "south" },
				"up": { "uv": [ 0.00125, 8.001249, 15.99876, 15.99876 ], "texture": "#azalea_leaves_2", "cullface": "south" }
			}
		},
		{
			"__comment": "PlaneY2",
			"from": [ -6.0005, -6.0011, -6.0007 ],
			"to": [ 21.9995, -6.0001, 7.999301 ],
			"rotation": { "origin": [ 22, -6, -6 ], "axis": "z", "angle": -45 },
			"faces": {
				"down": { "uv": [ 0.00125, 8.001249, 15.99876, 15.99876 ], "texture": "#azalea_leaves_2", "cullface": "north" },
				"up": { "uv": [ 0.00125, 0.001249313, 15.99876, 7.998749 ], "texture": "#azalea_leaves_2", "cullface": "north" }
			}
		},
		{
			"__comment": "PlaneY2",
			"from": [ -6.0012, -5.5006, 8.0007 ],
			"to": [ 21.9988, -5.4996, 22.0007 ],
			"rotation": { "origin": [ 22, -5.5, 8 ], "axis": "z", "angle": -45 },
			"faces": {
				"down": { "uv": [ 0.00125, 0.001249313, 15.99876, 7.998749 ], "texture": "#azalea_leaves_2", "cullface": "south" },
				"up": { "uv": [ 0.00125, 8.001249, 15.99876, 15.99876 ], "texture": "#azalea_leaves_2", "cullface": "south" }
			}
		},
		{
			"__comment": "PlaneY7",
			"from": [ -5.9989, -5.9985, -5.9997 ],
			"to": [ 8.001099, -5.997499, 22.0003 ],
			"rotation": { "origin": [ -6, -6, -6 ], "axis": "x", "angle": -45 },
			"faces": {
				"down": { "uv": [ 0.00125, 0.001249313, 7.99875, 15.99876 ], "texture": "#azalea_leaves_2", "cullface": "west" },
				"up": { "uv": [ 0.00125, 0.001249313, 7.99875, 15.99876 ], "texture": "#azalea_leaves_2", "cullface": "west" }
			}
		},
		{
			"__comment": "PlaneY7",
			"from": [ 8.0014, -5.5009, -5.9985 ],
			"to": [ 22.0014, -5.4999, 22.00151 ],
			"rotation": { "origin": [ 8, -5.5, -6 ], "axis": "x", "angle": -45 },
			"faces": {
				"down": { "uv": [ 8.001249, 0.001249313, 15.99876, 15.99876 ], "texture": "#azalea_leaves_2", "cullface": "east" },
				"up": { "uv": [ 8.001249, 0.001249313, 15.99876, 15.99876 ], "texture": "#azalea_leaves_2", "cullface": "east" }
			}
		},
		{
			"__comment": "PlaneY7",
			"from": [ 8.0016, -5.5015, -5.9984 ],
			"to": [ 22.0016, -5.500494, 22.0016 ],
			"rotation": { "origin": [ 8, -5.5, 22 ], "axis": "x", "angle": 45 },
			"faces": {
				"down": { "uv": [ 8.001249, 0.001249313, 15.99876, 15.99876 ], "texture": "#azalea_leaves_2", "cullface": "east" },
				"up": { "uv": [ 8.001249, 0.001249313, 15.99876, 15.99876 ], "texture": "#azalea_leaves_2", "cullface": "east" }
			}
		},
		{
			"__comment": "PlaneY7",
			"from": [ -6.0006, -6.001, -5.9998 ],
			"to": [ 7.9994, -6, 22.0002 ],
			"rotation": { "origin": [ -6, -6, 22 ], "axis": "x", "angle": 45 },
			"faces": {
				"down": { "uv": [ 0.00125, 0.001249313, 7.99875, 15.99876 ], "texture": "#azalea_leaves_2", "cullface": "west" },
				"up": { "uv": [ 0.00125, 0.001249313, 7.99875, 15.99876 ], "texture": "#azalea_leaves_2", "cullface": "west" }
			}
		},
		{
			"__comment": "PlaneY2",
			"from": [ -6.0015, 2.001, -6.0002 ],
			"to": [ 16.4985, 2.002, 7.9998 ],
			"rotation": { "origin": [ -6, 2, -6 ], "axis": "z", "angle": 45 },
			"faces": {
				"down": { "uv": [ 0.00125, 8.001263, 15.99876, 15.99876 ], "texture": "#azalea_leaves_1" },
				"up": { "uv": [ 0.00125, 0.001249313, 15.99876, 7.998737 ], "texture": "#azalea_leaves_1" }
			}
		},
		{
			"__comment": "PlaneY2",
			"from": [ -6.0015, 2.5003, 8 ],
			"to": [ 16.4985, 2.5013, 21.99999 ],
			"rotation": { "origin": [ -6, 2.5, 8 ], "axis": "z", "angle": 45 },
			"faces": {
				"down": { "uv": [ 0.00125, 0.001249313, 15.99876, 7.998763 ], "texture": "#azalea_leaves_1" },
				"up": { "uv": [ 0.00125, 8.001236, 15.99876, 15.99876 ], "texture": "#azalea_leaves_1" }
			}
		},
		{
			"__comment": "PlaneY2",
			"from": [ -0.4994, 1.9981, 8 ],
			"to": [ 22.0006, 1.9991, 22.00001 ],
			"rotation": { "origin": [ 22, 2, 8 ], "axis": "z", "angle": -45 },
			"faces": {
				"down": { "uv": [ 0.00125, 0.001249313, 15.99876, 7.998749 ], "texture": "#azalea_leaves_1" },
				"up": { "uv": [ 0.00125, 8.001234, 15.99876, 15.99876 ], "texture": "#azalea_leaves_1" }
			}
		},
		{
			"__comment": "PlaneY2",
			"from": [ -0.5006, 2.4989, -6.0003 ],
			"to": [ 21.9994, 2.4999, 7.9997 ],
			"rotation": { "origin": [ 22, 2.5, -6 ], "axis": "z", "angle": -45 },
			"faces": {
				"down": { "uv": [ 0.00125, 8.001248, 15.99876, 15.99876 ], "texture": "#azalea_leaves_1" },
				"up": { "uv": [ 0.00125, 0.001249313, 15.99876, 7.998749 ], "texture": "#azalea_leaves_1" }
			}
		},
		{
			"__comment": "PlaneY7",
			"from": [ -5.9996, 1.9991, 0.0008 ],
			"to": [ 8.000399, 2.0001, 22.0008 ],
			"rotation": { "origin": [ -6, 2, 22 ], "axis": "x", "angle": 45 },
			"faces": {
				"down": { "uv": [ 0.00125, 0.001249313, 7.99875, 15.99876 ], "texture": "#azalea_leaves_1" },
				"up": { "uv": [ 0.00125, 0.001249313, 7.99875, 15.99876 ], "texture": "#azalea_leaves_1" }
			}
		},
		{
			"__comment": "PlaneY7",
			"from": [ 7.9991, 2.4991, -0.0006 ],
			"to": [ 21.99911, 2.5001, 21.9994 ],
			"rotation": { "origin": [ 8, 2.5, 22 ], "axis": "x", "angle": 45 },
			"faces": {
				"down": { "uv": [ 8.001249, 0.001249313, 15.99876, 15.99876 ], "texture": "#azalea_leaves_1" },
				"up": { "uv": [ 8.001249, 0.001249313, 15.99876, 15.99876 ], "texture": "#azalea_leaves_1" }
			}
		},
		{
			"__comment": "PlaneY7",
			"from": [ 7.9998, 2.4985, -0.0004 ],
			"to": [ 21.9998, 2.4995, 21.9996 ],
			"rotation": { "origin": [ 8, 2.5, 22 ], "axis": "x", "angle": 45 },
			"faces": {
				"down": { "uv": [ 8.001249, 0.001249313, 15.99876, 15.99876 ], "texture": "#azalea_leaves_1" },
				"up": { "uv": [ 8.001249, 0.001249313, 15.99876, 15.99876 ], "texture": "#azalea_leaves_1" }
			}
		},
		{
			"__comment": "PlaneY7",
			"from": [ 7.9994, 2.4997, -6.0003 ],
			"to": [ 21.9994, 24.4997, -5.9993 ],
			"rotation": { "origin": [ 8, 2.5, -6 ], "axis": "x", "angle": 45 },
			"faces": {
				"north": { "uv": [ 0.00125, 0.001249313, 7.99875, 15.99876 ], "texture": "#azalea_leaves_1" },
				"south": { "uv": [ 8.001249, 0.001249313, 15.99876, 15.99876 ], "texture": "#azalea_leaves_1" }
			}
		},
		{
			"__comment": "PlaneY7",
			"from": [ -5.9999, 2.0002, -6.0017 ],
			"to": [ 8.0001, 24.0002, -6.0007 ],
			"rotation": { "origin": [ -6, 2, -6 ], "axis": "x", "angle": 45 },
			"faces": {
				"north": { "uv": [ 8.001249, 0.001249313, 15.99876, 15.99876 ], "texture": "#azalea_leaves_1" },
				"south": { "uv": [ 0.00125, 0.001249313, 7.99875, 15.99876 ], "texture": "#azalea_leaves_1" }
			}
		}
	],
	"display": {
		"thirdperson_righthand": {
			"rotation":  [ 75, 45, 0 ],
			"translation":  [ 0, 2.5, 2 ],
			"scale":  [ 0.4, 0.4, 0.4 ]
		},
		"thirdperson_lefthand": {
			"rotation":  [ 75, 45, 0 ],
			"translation":  [ 0, 2.5, 2 ],
			"scale":  [ 0.4, 0.4, 0.4 ]
		},
		"firstperson_righthand": {
			"rotation":  [ 0, 45, 0 ],
			"translation":  [ 0, 4, 0 ],
			"scale":  [ 0.4, 0.4, 0.4 ]
		},
		"firstperson_lefthand": {
			"rotation":  [ 0, 45, 0 ],
			"translation":  [ 0, 4, 0 ],
			"scale":  [ 0.4, 0.4, 0.4 ]
		},
		"gui": {
			"rotation":  [ 90, 90, 0 ],
			"translation":  [ 0, 0, 4 ],
			"scale":  [ 0.625, 0.625, 0.625 ]
		},
		"ground": {
			"translation":  [ 0, 3, 0 ],
			"scale":  [ 0.25, 0.25, 0.25 ]
		},
		"fixed": {
			"rotation":  [ -90, 0, 0 ],
			"scale":  [ 0.8, 0.8, 0.8 ]
		}
	}
}