{
	"__comment": "Designed by Interhell2000 with Cubik Studio - https://cubik.studio",
	"gui_light": "front",
	"ambientocclusion": false,
	"textures": {
		"particle": "block/a/azure_bluet/azure_bluet",
		"azure_bluet_1": "block/a/azure_bluet/azure_bluet_1",
		"azure_bluet_2": "block/a/azure_bluet/azure_bluet_2",
		"azure_bluet_3": "block/a/azure_bluet/azure_bluet_3"
	},
	"elements": [ 	 
		{
			"__comment": "PlaneY1",
			"from": [ 7, 6, 4.5 ],
			"to": [ 9, 6.002, 6.5 ],
			"faces": {
				"down": { "uv": [ 5, 5, 11, 10.5 ], "texture": "#azure_bluet_1" },
				"up": { "uv": [ 5, 5, 11, 10.5 ], "texture": "#azure_bluet_1" }
			}
		},
		{
			"__comment": "Box7",
			"from": [ 7.5, 0, 8.625 ],
			"to": [ 8.5, 4, 9.625 ],
			"faces": {
				"down": { "uv": [ 7.5, 6.375, 8.5, 7.375 ], "texture": "#azure_bluet_2", "cullface": "down" },
				"up": { "uv": [ 7.5, 8.625, 8.5, 9.625 ], "texture": "#azure_bluet_2" },
				"north": { "uv": [ 7.5, 12, 8.5, 16 ], "texture": "#azure_bluet_2" },
				"south": { "uv": [ 7.5, 12, 8.5, 16 ], "texture": "#azure_bluet_2" },
				"west": { "uv": [ 8.625, 12, 9.625, 16 ], "texture": "#azure_bluet_2" },
				"east": { "uv": [ 6.375, 12, 7.375, 16 ], "texture": "#azure_bluet_2" }
			}
		},
		{
			"__comment": "Box7",
			"from": [ 8.5, 1, 8.625 ],
			"to": [ 9.5, 2, 9.625 ],
			"faces": {
				"down": { "uv": [ 8.5, 6.375, 9.5, 7.375 ], "texture": "#azure_bluet_2" },
				"up": { "uv": [ 8.5, 8.625, 9.5, 9.625 ], "texture": "#azure_bluet_2" },
				"north": { "uv": [ 6.5, 14, 7.5, 15 ], "texture": "#azure_bluet_2" },
				"south": { "uv": [ 8.5, 14, 9.5, 15 ], "texture": "#azure_bluet_2" },
				"east": { "uv": [ 6.375, 14, 7.375, 15 ], "texture": "#azure_bluet_2" }
			}
		},
		{
			"__comment": "Box7",
			"from": [ 8.5, 4, 8.625 ],
			"to": [ 9.5, 7, 9.625 ],
			"faces": {
				"down": { "uv": [ 8.5, 6.375, 9.5, 7.375 ], "texture": "#azure_bluet_2" },
				"north": { "uv": [ 6.5, 9, 7.5, 12 ], "texture": "#azure_bluet_2" },
				"south": { "uv": [ 8.5, 9, 9.5, 12 ], "texture": "#azure_bluet_2" },
				"west": { "uv": [ 8.625, 9, 9.625, 12 ], "texture": "#azure_bluet_2" },
				"east": { "uv": [ 6.375, 9, 7.375, 12 ], "texture": "#azure_bluet_2" }
			}
		},
		{
			"__comment": "Box7",
			"from": [ 9.5, 2, 8.625 ],
			"to": [ 10.5, 3, 9.625 ],
			"faces": {
				"down": { "uv": [ 9.5, 6.375, 10.5, 7.375 ], "texture": "#azure_bluet_2" },
				"up": { "uv": [ 9.5, 8.625, 10.5, 9.625 ], "texture": "#azure_bluet_2" },
				"north": { "uv": [ 5.5, 13, 6.5, 14 ], "texture": "#azure_bluet_2" },
				"south": { "uv": [ 9.5, 13, 10.5, 14 ], "texture": "#azure_bluet_2" },
				"west": { "uv": [ 8.625, 13, 9.625, 14 ], "texture": "#azure_bluet_2" },
				"east": { "uv": [ 6.375, 13, 7.375, 14 ], "texture": "#azure_bluet_2" }
			}
		},
		{
			"__comment": "Box7",
			"from": [ 10, 3, 8.5 ],
			"to": [ 11, 4, 9.5 ],
			"faces": {
				"down": { "uv": [ 10.5, 6.375, 11.5, 7.375 ], "texture": "#azure_bluet_2" },
				"north": { "uv": [ 4.5, 12, 5.5, 13 ], "texture": "#azure_bluet_2" },
				"south": { "uv": [ 10.5, 12, 11.5, 13 ], "texture": "#azure_bluet_2" },
				"west": { "uv": [ 8.625, 12, 9.625, 13 ], "texture": "#azure_bluet_2" },
				"east": { "uv": [ 6.375, 12, 7.375, 13 ], "texture": "#azure_bluet_2" }
			}
		},
		{
			"__comment": "Box7",
			"from": [ 6.5, 1.5, 8.625 ],
			"to": [ 7.5, 2.5, 9.625 ],
			"faces": {
				"down": { "uv": [ 6.5, 6.375, 7.5, 7.375 ], "texture": "#azure_bluet_2" },
				"up": { "uv": [ 6.5, 8.625, 7.5, 9.625 ], "texture": "#azure_bluet_2" },
				"north": { "uv": [ 8.5, 13.5, 9.5, 14.5 ], "texture": "#azure_bluet_2" },
				"south": { "uv": [ 6.5, 13.5, 7.5, 14.5 ], "texture": "#azure_bluet_2" },
				"west": { "uv": [ 8.625, 13.5, 9.625, 14.5 ], "texture": "#azure_bluet_2" }
			}
		},
		{
			"__comment": "Box7",
			"from": [ 4.5, 2.5, 8.625 ],
			"to": [ 6.5, 3.5, 9.625 ],
			"faces": {
				"down": { "uv": [ 4.5, 6.375, 6.5, 7.375 ], "texture": "#azure_bluet_2" },
				"up": { "uv": [ 4.5, 8.625, 6.5, 9.625 ], "texture": "#azure_bluet_2" },
				"north": { "uv": [ 9.5, 12.5, 11.5, 13.5 ], "texture": "#azure_bluet_2" },
				"south": { "uv": [ 4.5, 12.5, 6.5, 13.5 ], "texture": "#azure_bluet_2" },
				"west": { "uv": [ 8.625, 12.5, 9.625, 13.5 ], "texture": "#azure_bluet_2" },
				"east": { "uv": [ 6.375, 12.5, 7.375, 13.5 ], "texture": "#azure_bluet_2" }
			}
		},
		{
			"__comment": "Box7",
			"from": [ 4.5, 3.5, 8.625 ],
			"to": [ 5.5, 4.5, 9.625 ],
			"faces": {
				"north": { "uv": [ 10.5, 11.5, 11.5, 12.5 ], "texture": "#azure_bluet_2" },
				"south": { "uv": [ 4.5, 11.5, 5.5, 12.5 ], "texture": "#azure_bluet_2" },
				"west": { "uv": [ 8.625, 11.5, 9.625, 12.5 ], "texture": "#azure_bluet_2" },
				"east": { "uv": [ 6.375, 11.5, 7.375, 12.5 ], "texture": "#azure_bluet_2" }
			}
		},
		{
			"__comment": "PlaneY1",
			"from": [ 9.5, 4, 8 ],
			"to": [ 11.5, 4.002, 10 ],
			"faces": {
				"down": { "uv": [ 5, 5, 11, 10.5 ], "texture": "#azure_bluet_1" },
				"up": { "uv": [ 5, 5, 11, 10.5 ], "texture": "#azure_bluet_1" }
			}
		},
		{
			"__comment": "PlaneY1",
			"from": [ 4, 4.5, 8.125 ],
			"to": [ 6, 4.502, 10.125 ],
			"faces": {
				"down": { "uv": [ 5, 5, 11, 10.5 ], "texture": "#azure_bluet_1" },
				"up": { "uv": [ 5, 5, 11, 10.5 ], "texture": "#azure_bluet_1" }
			}
		},
		{
			"__comment": "Box7",
			"from": [ 7.5, 1, 9.625 ],
			"to": [ 8.5, 2, 10.625 ],
			"faces": {
				"down": { "uv": [ 7.5, 5.375, 8.5, 6.375 ], "texture": "#azure_bluet_2" },
				"up": { "uv": [ 7.5, 9.625, 8.5, 10.625 ], "texture": "#azure_bluet_2" },
				"south": { "uv": [ 7.5, 14, 8.5, 15 ], "texture": "#azure_bluet_2" },
				"west": { "uv": [ 9.625, 14, 10.625, 15 ], "texture": "#azure_bluet_2" },
				"east": { "uv": [ 5.375, 14, 6.375, 15 ], "texture": "#azure_bluet_2" }
			}
		},
		{
			"__comment": "Box7",
			"from": [ 7.5, 2, 10.625 ],
			"to": [ 8.5, 3, 12.625 ],
			"faces": {
				"down": { "uv": [ 7.5, 3.375, 8.5, 5.375 ], "texture": "#azure_bluet_2" },
				"up": { "uv": [ 7.5, 10.625, 8.5, 12.625 ], "texture": "#azure_bluet_2" },
				"north": { "uv": [ 7.5, 13, 8.5, 14 ], "texture": "#azure_bluet_2" },
				"south": { "uv": [ 7.5, 13, 8.5, 14 ], "texture": "#azure_bluet_2" },
				"west": { "uv": [ 10.625, 13, 12.625, 14 ], "texture": "#azure_bluet_2" },
				"east": { "uv": [ 3.375, 13, 5.375, 14 ], "texture": "#azure_bluet_2" }
			}
		},
		{
			"__comment": "Box7",
			"from": [ 7.5, 3, 12 ],
			"to": [ 8.5, 5, 13 ],
			"faces": {
				"down": { "uv": [ 7.5, 2.375, 8.5, 3.375 ], "texture": "#azure_bluet_2" },
				"north": { "uv": [ 7.5, 11, 8.5, 13 ], "texture": "#azure_bluet_2" },
				"south": { "uv": [ 7.5, 11, 8.5, 13 ], "texture": "#azure_bluet_2" },
				"west": { "uv": [ 12.625, 11, 13.625, 13 ], "texture": "#azure_bluet_2" },
				"east": { "uv": [ 2.375, 11, 3.375, 13 ], "texture": "#azure_bluet_2" }
			}
		},
		{
			"__comment": "PlaneY1",
			"from": [ 7, 5, 11.5 ],
			"to": [ 9, 5.002, 13.5 ],
			"faces": {
				"down": { "uv": [ 5, 5, 11, 10.5 ], "texture": "#azure_bluet_1" },
				"up": { "uv": [ 5, 5, 11, 10.5 ], "texture": "#azure_bluet_1" }
			}
		},
		{
			"__comment": "Box7",
			"from": [ 7.5, 2, 7.625 ],
			"to": [ 8.5, 3, 8.625 ],
			"faces": {
				"down": { "uv": [ 7.5, 7.375, 8.5, 8.375 ], "texture": "#azure_bluet_2" },
				"up": { "uv": [ 7.5, 7.625, 8.5, 8.625 ], "texture": "#azure_bluet_2" },
				"north": { "uv": [ 7.5, 13, 8.5, 14 ], "texture": "#azure_bluet_2" },
				"west": { "uv": [ 7.625, 13, 8.625, 14 ], "texture": "#azure_bluet_2" },
				"east": { "uv": [ 7.375, 13, 8.375, 14 ], "texture": "#azure_bluet_2" }
			}
		},
		{
			"__comment": "Box7",
			"from": [ 7.5, 3, 6.625 ],
			"to": [ 8.5, 4, 7.625 ],
			"faces": {
				"down": { "uv": [ 7.5, 8.375, 8.5, 9.375 ], "texture": "#azure_bluet_2" },
				"up": { "uv": [ 7.5, 6.625, 8.5, 7.625 ], "texture": "#azure_bluet_2" },
				"north": { "uv": [ 7.5, 12, 8.5, 13 ], "texture": "#azure_bluet_2" },
				"south": { "uv": [ 7.5, 12, 8.5, 13 ], "texture": "#azure_bluet_2" },
				"west": { "uv": [ 6.625, 12, 7.625, 13 ], "texture": "#azure_bluet_2" },
				"east": { "uv": [ 8.375, 12, 9.375, 13 ], "texture": "#azure_bluet_2" }
			}
		},
		{
			"__comment": "Box7",
			"from": [ 7.5, 4, 5.625 ],
			"to": [ 8.5, 5, 6.625 ],
			"faces": {
				"down": { "uv": [ 7.5, 9.375, 8.5, 10.375 ], "texture": "#azure_bluet_2" },
				"up": { "uv": [ 7.5, 5.625, 8.5, 6.625 ], "texture": "#azure_bluet_2" },
				"north": { "uv": [ 7.5, 11, 8.5, 12 ], "texture": "#azure_bluet_2" },
				"south": { "uv": [ 7.5, 11, 8.5, 12 ], "texture": "#azure_bluet_2" },
				"west": { "uv": [ 5.625, 11, 6.625, 12 ], "texture": "#azure_bluet_2" },
				"east": { "uv": [ 9.375, 11, 10.375, 12 ], "texture": "#azure_bluet_2" }
			}
		},
		{
			"__comment": "Box7",
			"from": [ 7.5, 5, 5 ],
			"to": [ 8.5, 6, 6 ],
			"faces": {
				"down": { "uv": [ 7.5, 10.375, 8.5, 11.375 ], "texture": "#azure_bluet_2" },
				"north": { "uv": [ 7.5, 10, 8.5, 11 ], "texture": "#azure_bluet_2" },
				"south": { "uv": [ 7.5, 10, 8.5, 11 ], "texture": "#azure_bluet_2" },
				"west": { "uv": [ 4.625, 10, 5.625, 11 ], "texture": "#azure_bluet_2" },
				"east": { "uv": [ 10.375, 10, 11.375, 11 ], "texture": "#azure_bluet_2" }
			}
		},
		{
			"__comment": "PlaneY1",
			"from": [ 8, 7, 8.125 ],
			"to": [ 10, 7.002, 10.125 ],
			"faces": {
				"down": { "uv": [ 5, 5, 11, 10.5 ], "texture": "#azure_bluet_1" },
				"up": { "uv": [ 5, 5, 11, 10.5 ], "texture": "#azure_bluet_1" }
			}
		},
		{
			"__comment": "Box7",
			"from": [ 7.5, 4.5, 8.625 ],
			"to": [ 8.5, 5.5, 9.625 ],
			"faces": {
				"down": { "uv": [ 7.5, 6.375, 8.5, 7.375 ], "texture": "#azure_bluet_2" },
				"up": { "uv": [ 7.5, 8.625, 8.5, 9.625 ], "texture": "#azure_bluet_2" },
				"north": { "uv": [ 7.5, 10.5, 8.5, 11.5 ], "texture": "#azure_bluet_2" },
				"south": { "uv": [ 7.5, 10.5, 8.5, 11.5 ], "texture": "#azure_bluet_2" },
				"west": { "uv": [ 8.625, 10.5, 9.625, 11.5 ], "texture": "#azure_bluet_2" }
			}
		},
		{
			"__comment": "Box7",
			"from": [ 6.5, 5, 8.625 ],
			"to": [ 7.5, 6, 9.625 ],
			"faces": {
				"down": { "uv": [ 6.5, 6.375, 7.5, 7.375 ], "texture": "#azure_bluet_2" },
				"up": { "uv": [ 6.5, 8.625, 7.5, 9.625 ], "texture": "#azure_bluet_2" },
				"north": { "uv": [ 8.5, 10, 9.5, 11 ], "texture": "#azure_bluet_2" },
				"south": { "uv": [ 6.5, 10, 7.5, 11 ], "texture": "#azure_bluet_2" },
				"west": { "uv": [ 8.625, 10, 9.625, 11 ], "texture": "#azure_bluet_2" },
				"east": { "uv": [ 6.375, 10, 7.375, 11 ], "texture": "#azure_bluet_2" }
			}
		},
		{
			"__comment": "Box7",
			"from": [ 5.5, 5.5, 7.625 ],
			"to": [ 6.5, 6.5, 9.125 ],
			"faces": {
				"down": { "uv": [ 5.5, 6.875, 6.5, 8.375 ], "texture": "#azure_bluet_2" },
				"up": { "uv": [ 5.5, 7.625, 6.5, 9.125 ], "texture": "#azure_bluet_2" },
				"north": { "uv": [ 9.5, 9.5, 10.5, 10.5 ], "texture": "#azure_bluet_2" },
				"south": { "uv": [ 5.5, 9.5, 6.5, 10.5 ], "texture": "#azure_bluet_2" },
				"west": { "uv": [ 7.625, 9.5, 9.125, 10.5 ], "texture": "#azure_bluet_2" },
				"east": { "uv": [ 6.875, 9.5, 8.375, 10.5 ], "texture": "#azure_bluet_2" }
			}
		},
		{
			"__comment": "Box7",
			"from": [ 5, 6, 6.625 ],
			"to": [ 6, 7, 7.625 ],
			"faces": {
				"down": { "uv": [ 5, 8.375, 6, 9.375 ], "texture": "#azure_bluet_2" },
				"north": { "uv": [ 10, 9, 11, 10 ], "texture": "#azure_bluet_2" },
				"south": { "uv": [ 5, 9, 6, 10 ], "texture": "#azure_bluet_2" },
				"west": { "uv": [ 6.625, 9, 7.625, 10 ], "texture": "#azure_bluet_2" },
				"east": { "uv": [ 8.375, 9, 9.375, 10 ], "texture": "#azure_bluet_2" }
			}
		},
		{
			"__comment": "PlaneY1",
			"from": [ 4.5, 7, 6.125 ],
			"to": [ 6.5, 7.002, 8.125 ],
			"faces": {
				"down": { "uv": [ 5, 5, 11, 10.5 ], "texture": "#azure_bluet_1" },
				"up": { "uv": [ 5, 5, 11, 10.5 ], "texture": "#azure_bluet_1" }
			}
		},
		{
			"__comment": "PlaneY1",
			"from": [ 6, 6.75, 2.75 ],
			"to": [ 10, 6.752, 4.75 ],
			"rotation": { "origin": [ 6, 6.75, 2.75 ], "axis": "x", "angle": 22.5 },
			"faces": {
				"down": { "uv": [ 0, 5, 16, 0 ], "texture": "#azure_bluet_1" },
				"up": { "uv": [ 0, 0, 16, 5 ], "texture": "#azure_bluet_1" }
			}
		},
		{
			"__comment": "PlaneY1",
			"from": [ 6, 6, 6.5 ],
			"to": [ 10, 6.002, 8.5 ],
			"rotation": { "origin": [ 6, 6, 6.5 ], "axis": "x", "angle": -22.5 },
			"faces": {
				"down": { "uv": [ 0, 16, 16, 10.5 ], "texture": "#azure_bluet_1" },
				"up": { "uv": [ 0, 10.5, 16, 16 ], "texture": "#azure_bluet_1" }
			}
		},
		{
			"__comment": "PlaneY5",
			"from": [ 5.25, 6.75, 3.5 ],
			"to": [ 7.25, 6.752, 7.5 ],
			"rotation": { "origin": [ 5.25, 6.75, 3.5 ], "axis": "z", "angle": -22.5 },
			"faces": {
				"down": { "uv": [ 0, 16, 5, 0 ], "texture": "#azure_bluet_1" },
				"up": { "uv": [ 0, 0, 5, 16 ], "texture": "#azure_bluet_1" }
			}
		},
		{
			"__comment": "PlaneY5",
			"from": [ 9, 6, 3.5 ],
			"to": [ 11, 6.002, 7.5 ],
			"rotation": { "origin": [ 9, 6, 3.5 ], "axis": "z", "angle": 22.5 },
			"faces": {
				"down": { "uv": [ 11, 16, 16, 0 ], "texture": "#azure_bluet_1" },
				"up": { "uv": [ 11, 0, 16, 16 ], "texture": "#azure_bluet_1" }
			}
		},
		{
			"__comment": "PlaneY5",
			"from": [ 11.5, 4, 7 ],
			"to": [ 13.5, 4.002, 11 ],
			"rotation": { "origin": [ 11.5, 4, 7 ], "axis": "z", "angle": 22.5 },
			"faces": {
				"down": { "uv": [ 11, 16, 16, 0 ], "texture": "#azure_bluet_1" },
				"up": { "uv": [ 11, 0, 16, 16 ], "texture": "#azure_bluet_1" }
			}
		},
		{
			"__comment": "PlaneY1",
			"from": [ 8.5, 4.75, 6.25 ],
			"to": [ 12.5, 4.752, 8.25 ],
			"rotation": { "origin": [ 8.5, 4.75, 6.25 ], "axis": "x", "angle": 22.5 },
			"faces": {
				"down": { "uv": [ 0, 5, 16, 0 ], "texture": "#azure_bluet_1" },
				"up": { "uv": [ 0, 0, 16, 5 ], "texture": "#azure_bluet_1" }
			}
		},
		{
			"__comment": "PlaneY1",
			"from": [ 8.5, 4, 10 ],
			"to": [ 12.5, 4.002, 12 ],
			"rotation": { "origin": [ 8.5, 4, 10 ], "axis": "x", "angle": -22.5 },
			"faces": {
				"down": { "uv": [ 0, 16, 16, 10.5 ], "texture": "#azure_bluet_1" },
				"up": { "uv": [ 0, 10.5, 16, 16 ], "texture": "#azure_bluet_1" }
			}
		},
		{
			"__comment": "PlaneY5",
			"from": [ 7.75, 4.75, 7 ],
			"to": [ 9.75, 4.752, 11 ],
			"rotation": { "origin": [ 7.75, 4.75, 7 ], "axis": "z", "angle": -22.5 },
			"faces": {
				"down": { "uv": [ 0, 16, 5, 0 ], "texture": "#azure_bluet_1" },
				"up": { "uv": [ 0, 0, 5, 16 ], "texture": "#azure_bluet_1" }
			}
		},
		{
			"__comment": "PlaneY5",
			"from": [ 6, 4.5, 7.125 ],
			"to": [ 8, 4.502, 11.125 ],
			"rotation": { "origin": [ 6, 4.5, 7.125 ], "axis": "z", "angle": 22.5 },
			"faces": {
				"down": { "uv": [ 11, 16, 16, 0 ], "texture": "#azure_bluet_1" },
				"up": { "uv": [ 11, 0, 16, 16 ], "texture": "#azure_bluet_1" }
			}
		},
		{
			"__comment": "PlaneY1",
			"from": [ 3, 5.25, 6.375 ],
			"to": [ 7, 5.252, 8.375 ],
			"rotation": { "origin": [ 3, 5.25, 6.375 ], "axis": "x", "angle": 22.5 },
			"faces": {
				"down": { "uv": [ 0, 5, 16, 0 ], "texture": "#azure_bluet_1" },
				"up": { "uv": [ 0, 0, 16, 5 ], "texture": "#azure_bluet_1" }
			}
		},
		{
			"__comment": "PlaneY1",
			"from": [ 3, 4.5, 10.125 ],
			"to": [ 7, 4.502, 12.125 ],
			"rotation": { "origin": [ 3, 4.5, 10.125 ], "axis": "x", "angle": -22.5 },
			"faces": {
				"down": { "uv": [ 0, 16, 16, 10.5 ], "texture": "#azure_bluet_1" },
				"up": { "uv": [ 0, 10.5, 16, 16 ], "texture": "#azure_bluet_1" }
			}
		},
		{
			"__comment": "PlaneY5",
			"from": [ 2.25, 5.25, 7.125 ],
			"to": [ 4.25, 5.252, 11.125 ],
			"rotation": { "origin": [ 2.25, 5.25, 7.125 ], "axis": "z", "angle": -22.5 },
			"faces": {
				"down": { "uv": [ 0, 16, 5, 0 ], "texture": "#azure_bluet_1" },
				"up": { "uv": [ 0, 0, 5, 16 ], "texture": "#azure_bluet_1" }
			}
		},
		{
			"__comment": "PlaneY1",
			"from": [ 6, 5.75, 9.75 ],
			"to": [ 10, 5.752, 11.75 ],
			"rotation": { "origin": [ 6, 5.75, 9.75 ], "axis": "x", "angle": 22.5 },
			"faces": {
				"down": { "uv": [ 0, 5, 16, 0 ], "texture": "#azure_bluet_1" },
				"up": { "uv": [ 0, 0, 16, 5 ], "texture": "#azure_bluet_1" }
			}
		},
		{
			"__comment": "PlaneY1",
			"from": [ 6, 5, 13.5 ],
			"to": [ 10, 5.002, 15.5 ],
			"rotation": { "origin": [ 6, 5, 13.5 ], "axis": "x", "angle": -22.5 },
			"faces": {
				"down": { "uv": [ 0, 16, 16, 10.5 ], "texture": "#azure_bluet_1" },
				"up": { "uv": [ 0, 10.5, 16, 16 ], "texture": "#azure_bluet_1" }
			}
		},
		{
			"__comment": "PlaneY5",
			"from": [ 5.25, 5.75, 10.5 ],
			"to": [ 7.25, 5.752, 14.5 ],
			"rotation": { "origin": [ 5.25, 5.75, 10.5 ], "axis": "z", "angle": -22.5 },
			"faces": {
				"down": { "uv": [ 0, 16, 5, 0 ], "texture": "#azure_bluet_1" },
				"up": { "uv": [ 0, 0, 5, 16 ], "texture": "#azure_bluet_1" }
			}
		},
		{
			"__comment": "PlaneY5",
			"from": [ 9, 5, 10.5 ],
			"to": [ 11, 5.002, 14.5 ],
			"rotation": { "origin": [ 9, 5, 10.5 ], "axis": "z", "angle": 22.5 },
			"faces": {
				"down": { "uv": [ 11, 16, 16, 0 ], "texture": "#azure_bluet_1" },
				"up": { "uv": [ 11, 0, 16, 16 ], "texture": "#azure_bluet_1" }
			}
		},
		{
			"__comment": "PlaneY1",
			"from": [ 7, 7.75, 6.375 ],
			"to": [ 11, 7.752, 8.375 ],
			"rotation": { "origin": [ 7, 7.75, 6.375 ], "axis": "x", "angle": 22.5 },
			"faces": {
				"down": { "uv": [ 0, 5, 16, 0 ], "texture": "#azure_bluet_1" },
				"up": { "uv": [ 0, 0, 16, 5 ], "texture": "#azure_bluet_1" }
			}
		},
		{
			"__comment": "PlaneY1",
			"from": [ 7, 7, 10.125 ],
			"to": [ 11, 7.002, 12.125 ],
			"rotation": { "origin": [ 7, 7, 10.125 ], "axis": "x", "angle": -22.5 },
			"faces": {
				"down": { "uv": [ 0, 16, 16, 10.5 ], "texture": "#azure_bluet_1" },
				"up": { "uv": [ 0, 10.5, 16, 16 ], "texture": "#azure_bluet_1" }
			}
		},
		{
			"__comment": "PlaneY5",
			"from": [ 6.25, 7.75, 7.125 ],
			"to": [ 8.25, 7.752, 11.125 ],
			"rotation": { "origin": [ 6.25, 7.75, 7.125 ], "axis": "z", "angle": -22.5 },
			"faces": {
				"down": { "uv": [ 0, 16, 5, 0 ], "texture": "#azure_bluet_1" },
				"up": { "uv": [ 0, 0, 5, 16 ], "texture": "#azure_bluet_1" }
			}
		},
		{
			"__comment": "PlaneY5",
			"from": [ 9.5, 7, 7 ],
			"to": [ 11.5, 7.002, 11 ],
			"rotation": { "origin": [ 9.5, 7, 7 ], "axis": "z", "angle": 22.5 },
			"faces": {
				"down": { "uv": [ 11, 16, 16, 0 ], "texture": "#azure_bluet_1" },
				"up": { "uv": [ 11, 0, 16, 16 ], "texture": "#azure_bluet_1" }
			}
		},
		{
			"__comment": "PlaneY1",
			"from": [ 3.5, 7.75, 4.375 ],
			"to": [ 7.5, 7.752, 6.375 ],
			"rotation": { "origin": [ 3.5, 7.75, 4.375 ], "axis": "x", "angle": 22.5 },
			"faces": {
				"down": { "uv": [ 0, 5, 16, 0 ], "texture": "#azure_bluet_1" },
				"up": { "uv": [ 0, 0, 16, 5 ], "texture": "#azure_bluet_1" }
			}
		},
		{
			"__comment": "PlaneY1",
			"from": [ 3.5, 7, 8.125 ],
			"to": [ 7.5, 7.002, 10.125 ],
			"rotation": { "origin": [ 3.5, 7, 8.125 ], "axis": "x", "angle": -22.5 },
			"faces": {
				"down": { "uv": [ 0, 16, 16, 10.5 ], "texture": "#azure_bluet_1" },
				"up": { "uv": [ 0, 10.5, 16, 16 ], "texture": "#azure_bluet_1" }
			}
		},
		{
			"__comment": "PlaneY5",
			"from": [ 2.75, 7.75, 5.125 ],
			"to": [ 4.75, 7.752, 9.125 ],
			"rotation": { "origin": [ 2.75, 7.75, 5.125 ], "axis": "z", "angle": -22.5 },
			"faces": {
				"down": { "uv": [ 0, 16, 5, 0 ], "texture": "#azure_bluet_1" },
				"up": { "uv": [ 0, 0, 5, 16 ], "texture": "#azure_bluet_1" }
			}
		},
		{
			"__comment": "PlaneY5",
			"from": [ 6.5, 7, 5.125 ],
			"to": [ 8.5, 7.002, 9.125 ],
			"rotation": { "origin": [ 6.5, 7, 5.125 ], "axis": "z", "angle": 22.5 },
			"faces": {
				"down": { "uv": [ 11, 16, 16, 0 ], "texture": "#azure_bluet_1" },
				"up": { "uv": [ 11, 0, 16, 16 ], "texture": "#azure_bluet_1" }
			}
		},
		{
			"__comment": "PlaneX78",
			"from": [ 12, 0, 4 ],
			"to": [ 12.001, 4, 14 ],
			"rotation": { "origin": [ 12, 0, 4 ], "axis": "y", "angle": -45 },
			"faces": {
				"west": { "uv": [ 0, 5.5, 16, 16 ], "texture": "#azure_bluet_3" },
				"east": { "uv": [ 0, 5.5, 16, 16 ], "texture": "#azure_bluet_3" }
			}
		},
		{
			"__comment": "PlaneX78",
			"from": [ 7.1161, 0, 9.8839 ],
			"to": [ 16.90501, 4, 9.8849 ],
			"rotation": { "origin": [ 12, 0, 4 ], "axis": "y", "angle": -45 },
			"faces": {
				"north": { "uv": [ 0, 5.5, 16, 16 ], "texture": "#azure_bluet_3" },
				"south": { "uv": [ 0, 5.5, 16, 16 ], "texture": "#azure_bluet_3" }
			}
		},
		{
			"__comment": "PlaneX78",
			"from": [ 8, 0, 3 ],
			"to": [ 8.001, 4, 13 ],
			"faces": {
				"west": { "uv": [ 0, 5.5, 16, 16 ], "texture": "#azure_bluet_3" },
				"east": { "uv": [ 0, 5.5, 16, 16 ], "texture": "#azure_bluet_3" }
			}
		},
		{
			"__comment": "PlaneX78",
			"from": [ 3.2111, 0, 9 ],
			"to": [ 13.00001, 4, 9.001 ],
			"faces": {
				"north": { "uv": [ 0, 5.5, 16, 16 ], "texture": "#azure_bluet_3" },
				"south": { "uv": [ 0, 5.5, 16, 16 ], "texture": "#azure_bluet_3" }
			}
		}
	],
	"display": {
		"thirdperson_righthand": {
			"rotation":  [ 45, 78, 0 ],
			"translation":  [ 0, 3.5, 4 ],
			"scale":  [ 0.575, 0.575, 0.575 ]
		},
		"thirdperson_lefthand": {
			"rotation":  [ 45, 78, 0 ],
			"translation":  [ 0, 3.5, 4 ],
			"scale":  [ 0.575, 0.575, 0.575 ]
		},
		"firstperson_righthand": {
			"rotation":  [ 0, 152, 0 ],
			"translation":  [ 0, 6, 0 ],
			"scale":  [ 0.7, 0.7, 0.7 ]
		},
		"firstperson_lefthand": {
			"rotation":  [ 0, 152, 0 ],
			"translation":  [ 0, 6, 0 ],
			"scale":  [ 0.7, 0.7, 0.7 ]
		},
		"gui": {
			"rotation":  [ 30, 225, 0 ],
			"scale":  [ 1.025, 1.025, 1.025 ]
		},
		"ground": {
			"translation":  [ 0, 3, 0 ],
			"scale":  [ 0.25, 0.25, 0.25 ]
		}
	}
}