{
	"__comment": "Designed by Interhell2000 with Cubik Studio - https://cubik.studio",
	"textures": {
		"particle": "block/b/bamboo_trapdoor/bamboo_trapdoor_top",
		"bamboo_trapdoor_1": "block/b/bamboo_trapdoor/bamboo_trapdoor_1",
		"bamboo_trapdoor_2": "block/b/bamboo_trapdoor/bamboo_trapdoor_2"
	},
	"elements": [ 	 
		{
			"__comment": "Box22",
			"from": [ -0.0008, 14.9993, 0.0003 ],
			"to": [ 0.9991999, 15.9993, 16.0003 ],
			"faces": {
				"down": { "uv": [ 0.000625, 0.000624657, 0.999375, 15.99938 ], "texture": "#bamboo_trapdoor_1" },
				"up": { "uv": [ 0.000625, 0.000624657, 0.999375, 15.99938 ], "texture": "#bamboo_trapdoor_1", "cullface": "up" },
				"north": { "uv": [ 15.00062, 0.000624657, 15.99938, 0.9993753 ], "texture": "#bamboo_trapdoor_1", "cullface": "north" },
				"south": { "uv": [ 0.000625, 0.000624657, 0.999375, 0.9993753 ], "texture": "#bamboo_trapdoor_1", "cullface": "south" },
				"west": { "uv": [ 0.000625, 0.000624657, 15.99938, 0.9993753 ], "texture": "#bamboo_trapdoor_1", "cullface": "west" },
				"east": { "uv": [ 0.000625, 0.000624657, 15.99938, 0.9993753 ], "texture": "#bamboo_trapdoor_1" }
			}
		},
		{
			"__comment": "Box23",
			"from": [ 0.9991, 15.0005, -0.0003 ],
			"to": [ 15.9991, 16.00049, 0.9997 ],
			"faces": {
				"down": { "uv": [ 1.000625, 15.00062, 15.99938, 15.99938 ], "texture": "#bamboo_trapdoor_1" },
				"up": { "uv": [ 1.000625, 0.000624657, 15.99938, 0.9993753 ], "texture": "#bamboo_trapdoor_1", "cullface": "up" },
				"north": { "uv": [ 0.000625, 0.000624657, 14.99938, 0.9993753 ], "texture": "#bamboo_trapdoor_1", "cullface": "north" },
				"south": { "uv": [ 1.000625, 0.000624657, 15.99938, 0.9993753 ], "texture": "#bamboo_trapdoor_1" },
				"east": { "uv": [ 15.00062, 0.000624657, 15.99938, 0.9993753 ], "texture": "#bamboo_trapdoor_1", "cullface": "east" }
			}
		},
		{
			"__comment": "Box22",
			"from": [ 15.0004, 14.9993, 0.9992 ],
			"to": [ 16.0004, 15.9993, 15.9992 ],
			"faces": {
				"down": { "uv": [ 15.00062, 0.000624657, 15.99938, 14.99938 ], "texture": "#bamboo_trapdoor_1" },
				"up": { "uv": [ 15.00062, 1.000625, 15.99938, 15.99938 ], "texture": "#bamboo_trapdoor_1", "cullface": "up" },
				"south": { "uv": [ 15.00062, 0.000624657, 15.99938, 0.9993753 ], "texture": "#bamboo_trapdoor_1", "cullface": "south" },
				"west": { "uv": [ 1.000625, 0.000624657, 15.99938, 0.9993753 ], "texture": "#bamboo_trapdoor_1" },
				"east": { "uv": [ 0.000625, 0.000624657, 14.99938, 0.9993753 ], "texture": "#bamboo_trapdoor_1", "cullface": "east" }
			}
		},
		{
			"__comment": "Box23",
			"from": [ 1.0001, 15.0004, 14.9998 ],
			"to": [ 15.0001, 16.0004, 15.9998 ],
			"faces": {
				"up": { "uv": [ 1.000625, 15.00062, 14.99938, 15.99938 ], "texture": "#bamboo_trapdoor_1", "cullface": "up" },
				"north": { "uv": [ 1.000625, 0.000624657, 14.99938, 0.9993753 ], "texture": "#bamboo_trapdoor_1" },
				"south": { "uv": [ 1.000625, 0.000624657, 14.99938, 0.9993753 ], "texture": "#bamboo_trapdoor_1", "cullface": "south" }
			}
		},
		{
			"__comment": "Box26",
			"from": [ 0.9993, 14.9994, 1.001 ],
			"to": [ 1.9993, 15.9994, 15.001 ],
			"faces": {
				"down": { "uv": [ 1.000625, 1.000625, 1.999375, 14.99938 ], "texture": "#bamboo_trapdoor_1" },
				"up": { "uv": [ 1.000625, 1.000625, 1.999375, 14.99938 ], "texture": "#bamboo_trapdoor_1", "cullface": "up" },
				"east": { "uv": [ 1.000625, 0.000624657, 14.99938, 0.9993753 ], "texture": "#bamboo_trapdoor_1" }
			}
		},
		{
			"__comment": "Box27",
			"from": [ 2, 14.9997, 13.999 ],
			"to": [ 14, 15.9997, 14.999 ],
			"faces": {
				"down": { "uv": [ 2.000625, 1.000625, 13.99938, 1.999375 ], "texture": "#bamboo_trapdoor_1" },
				"up": { "uv": [ 2.000625, 14.00062, 13.99938, 14.99938 ], "texture": "#bamboo_trapdoor_1", "cullface": "up" },
				"north": { "uv": [ 2.000625, 0.000624657, 13.99938, 0.9993753 ], "texture": "#bamboo_trapdoor_1" }
			}
		},
		{
			"__comment": "Box26",
			"from": [ 14.0009, 14.9992, 2.0005 ],
			"to": [ 15.0009, 15.9992, 15.0005 ],
			"faces": {
				"down": { "uv": [ 14.00062, 1.000625, 14.99938, 13.99938 ], "texture": "#bamboo_trapdoor_1" },
				"up": { "uv": [ 14.00062, 2.000625, 14.99938, 14.99938 ], "texture": "#bamboo_trapdoor_1", "cullface": "up" },
				"west": { "uv": [ 2.000625, 0.000624657, 14.99938, 0.9993753 ], "texture": "#bamboo_trapdoor_1" }
			}
		},
		{
			"__comment": "Box27",
			"from": [ 2.0008, 14.9996, 0.9998 ],
			"to": [ 15.0008, 15.9996, 1.9998 ],
			"faces": {
				"down": { "uv": [ 2.000625, 14.00062, 14.99938, 14.99938 ], "texture": "#bamboo_trapdoor_1" },
				"up": { "uv": [ 2.000625, 1.000625, 14.99938, 1.999375 ], "texture": "#bamboo_trapdoor_1", "cullface": "up" },
				"south": { "uv": [ 2.000625, 0.000624657, 14.99938, 0.9993753 ], "texture": "#bamboo_trapdoor_1" }
			}
		},
		{
			"__comment": "PlaneY114",
			"from": [ -0.0007, 15.9997, 7.5003 ],
			"to": [ 15.9993, 16.0007, 8.5003 ],
			"faces": {
				"down": { "uv": [ 0.000625, 7.500626, 15.99938, 8.499375 ], "texture": "#bamboo_trapdoor_2" },
				"up": { "uv": [ 0.000625, 7.500626, 15.99938, 8.499375 ], "texture": "#bamboo_trapdoor_2" }
			}
		},
		{
			"__comment": "PlaneY114",
			"from": [ 0.0007, 16.0005, 5.5001 ],
			"to": [ 16.0007, 16.0015, 6.5001 ],
			"faces": {
				"down": { "uv": [ 0.000625, 9.500625, 15.99938, 10.49938 ], "texture": "#bamboo_trapdoor_2" },
				"up": { "uv": [ 0.000625, 5.500626, 15.99938, 6.499374 ], "texture": "#bamboo_trapdoor_2" }
			}
		},
		{
			"__comment": "PlaneY114",
			"from": [ 0.0006, 16.0004, 3.501 ],
			"to": [ 16.0006, 16.00139, 4.500999 ],
			"faces": {
				"down": { "uv": [ 0.000625, 11.50062, 15.99938, 12.49938 ], "texture": "#bamboo_trapdoor_2" },
				"up": { "uv": [ 0.000625, 3.500625, 15.99938, 4.499374 ], "texture": "#bamboo_trapdoor_2" }
			}
		},
		{
			"__comment": "PlaneY114",
			"from": [ 0.0005, 16.001, 1.4991 ],
			"to": [ 16.0005, 16.002, 2.4991 ],
			"faces": {
				"down": { "uv": [ 0.000625, 13.50062, 15.99938, 14.49938 ], "texture": "#bamboo_trapdoor_2" },
				"up": { "uv": [ 0.000625, 1.500625, 15.99938, 2.499375 ], "texture": "#bamboo_trapdoor_2" }
			}
		},
		{
			"__comment": "PlaneY114",
			"from": [ 0.0006, 16.0006, 9.5004 ],
			"to": [ 16.0006, 16.0016, 10.5004 ],
			"faces": {
				"down": { "uv": [ 0.000625, 5.500626, 15.99938, 6.499374 ], "texture": "#bamboo_trapdoor_2" },
				"up": { "uv": [ 0.000625, 9.500625, 15.99938, 10.49938 ], "texture": "#bamboo_trapdoor_2" }
			}
		},
		{
			"__comment": "PlaneY114",
			"from": [ 0.0008, 15.9997, 11.5003 ],
			"to": [ 16.0008, 16.0007, 12.5003 ],
			"faces": {
				"down": { "uv": [ 0.000625, 3.500625, 15.99938, 4.499374 ], "texture": "#bamboo_trapdoor_2" },
				"up": { "uv": [ 0.000625, 11.50062, 15.99938, 12.49938 ], "texture": "#bamboo_trapdoor_2" }
			}
		},
		{
			"__comment": "PlaneY114",
			"from": [ -0.0004, 15.9991, 13.5009 ],
			"to": [ 15.9996, 16.0001, 14.5009 ],
			"faces": {
				"down": { "uv": [ 0.000625, 1.500625, 15.99938, 2.499375 ], "texture": "#bamboo_trapdoor_2" },
				"up": { "uv": [ 0.000625, 13.50062, 15.99938, 14.49938 ], "texture": "#bamboo_trapdoor_2" }
			}
		},
		{
			"__comment": "PlaneY121",
			"from": [ 7.4999, 16.1258, -0.0002 ],
			"to": [ 8.4999, 16.1268, 15.99979 ],
			"faces": {
				"down": { "uv": [ 7.500625, 0.000624657, 8.499375, 15.99938 ], "texture": "#bamboo_trapdoor_2" },
				"up": { "uv": [ 7.500625, 0.000624657, 8.499375, 15.99938 ], "texture": "#bamboo_trapdoor_2" }
			}
		},
		{
			"__comment": "PlaneY121",
			"from": [ 5.4996, 16.1256, -0.001 ],
			"to": [ 6.4996, 16.1266, 15.999 ],
			"faces": {
				"down": { "uv": [ 5.500625, 0.000624657, 6.499375, 15.99938 ], "texture": "#bamboo_trapdoor_2" },
				"up": { "uv": [ 5.500625, 0.000624657, 6.499375, 15.99938 ], "texture": "#bamboo_trapdoor_2" }
			}
		},
		{
			"__comment": "PlaneY121",
			"from": [ 3.4992, 16.1243, 0 ],
			"to": [ 4.4992, 16.1253, 16 ],
			"faces": {
				"down": { "uv": [ 3.500625, 0.000624657, 4.499375, 15.99938 ], "texture": "#bamboo_trapdoor_2" },
				"up": { "uv": [ 3.500625, 0.000624657, 4.499375, 15.99938 ], "texture": "#bamboo_trapdoor_2" }
			}
		},
		{
			"__comment": "PlaneY121",
			"from": [ 1.5007, 15.8745, 0 ],
			"to": [ 2.5007, 15.8755, 16 ],
			"faces": {
				"down": { "uv": [ 1.500625, 0.000624657, 2.499375, 15.99938 ], "texture": "#bamboo_trapdoor_2" },
				"up": { "uv": [ 1.500625, 0.000624657, 2.499375, 15.99938 ], "texture": "#bamboo_trapdoor_2" }
			}
		},
		{
			"__comment": "PlaneY121",
			"from": [ 1.5001, 16.1257, -0.0004 ],
			"to": [ 2.5001, 16.1267, 15.9996 ],
			"faces": {
				"down": { "uv": [ 1.500625, 0.000624657, 2.499375, 15.99938 ], "texture": "#bamboo_trapdoor_2" },
				"up": { "uv": [ 1.500625, 0.000624657, 2.499375, 15.99938 ], "texture": "#bamboo_trapdoor_2" }
			}
		},
		{
			"__comment": "PlaneY121",
			"from": [ 9.5, 16.1249, 0.0008 ],
			"to": [ 10.5, 16.1259, 16.0008 ],
			"faces": {
				"down": { "uv": [ 9.500625, 0.000624657, 10.49938, 15.99938 ], "texture": "#bamboo_trapdoor_2" },
				"up": { "uv": [ 9.500625, 0.000624657, 10.49938, 15.99938 ], "texture": "#bamboo_trapdoor_2" }
			}
		},
		{
			"__comment": "PlaneY121",
			"from": [ 11.4991, 16.1253, -0.0009 ],
			"to": [ 12.4991, 16.1263, 15.9991 ],
			"faces": {
				"down": { "uv": [ 11.50062, 0.000624657, 12.49938, 15.99938 ], "texture": "#bamboo_trapdoor_2" },
				"up": { "uv": [ 11.50062, 0.000624657, 12.49938, 15.99938 ], "texture": "#bamboo_trapdoor_2" }
			}
		},
		{
			"__comment": "PlaneY121",
			"from": [ 13.5009, 16.1241, 0.0002 ],
			"to": [ 14.5009, 16.1251, 16.0002 ],
			"faces": {
				"down": { "uv": [ 13.50062, 0.000624657, 14.49938, 15.99938 ], "texture": "#bamboo_trapdoor_2" },
				"up": { "uv": [ 13.50062, 0.000624657, 14.49938, 15.99938 ], "texture": "#bamboo_trapdoor_2" }
			}
		},
		{
			"__comment": "Box32",
			"from": [ 0.0002, 12.9997, 1.0008 ],
			"to": [ 1.0002, 14.9997, 16.0008 ],
			"faces": {
				"down": { "uv": [ 0.000625, 1.000625, 14.99938, 1.999375 ], "texture": "#bamboo_trapdoor_1", "rotation": 90 },
				"south": { "uv": [ 14.00062, 1.000625, 14.99938, 2.999375 ], "texture": "#bamboo_trapdoor_1", "cullface": "south" },
				"west": { "uv": [ 1.000625, 1.000625, 15.99938, 2.999375 ], "texture": "#bamboo_trapdoor_1", "cullface": "west" },
				"east": { "uv": [ 0.000625, 1.000625, 14.99938, 2.999375 ], "texture": "#bamboo_trapdoor_1" }
			}
		},
		{
			"__comment": "Box32",
			"from": [ 0.0009, 13.0003, -0.0007 ],
			"to": [ 15.0009, 15.0003, 0.9993 ],
			"faces": {
				"down": { "uv": [ 0.000625, 15.00062, 14.99938, 15.99938 ], "texture": "#bamboo_trapdoor_1" },
				"up": { "uv": [ 0.000625, 0.000624657, 14.99938, 0.9993753 ], "texture": "#bamboo_trapdoor_1" },
				"north": { "uv": [ 1.000625, 1.000625, 15.99938, 2.999375 ], "texture": "#bamboo_trapdoor_1", "cullface": "north" },
				"south": { "uv": [ 0.000625, 1.000625, 14.99938, 2.999375 ], "texture": "#bamboo_trapdoor_1" },
				"west": { "uv": [ 0.000625, 1.000625, 0.999375, 2.999375 ], "texture": "#bamboo_trapdoor_1", "cullface": "west" }
			}
		},
		{
			"__comment": "Box32",
			"from": [ 15.0009, 12.9999, -0.0009 ],
			"to": [ 16.0009, 14.9999, 14.9991 ],
			"faces": {
				"down": { "uv": [ 0.000625, 1.000625, 14.99938, 1.999375 ], "texture": "#bamboo_trapdoor_1", "rotation": 270 },
				"up": { "uv": [ 0.000625, 14.00062, 14.99938, 14.99938 ], "texture": "#bamboo_trapdoor_1", "rotation": 90 },
				"north": { "uv": [ 14.00062, 1.000625, 14.99938, 2.999375 ], "texture": "#bamboo_trapdoor_1", "cullface": "north" },
				"west": { "uv": [ 0.000625, 1.000625, 14.99938, 2.999375 ], "texture": "#bamboo_trapdoor_1" },
				"east": { "uv": [ 1.000625, 1.000625, 15.99938, 2.999375 ], "texture": "#bamboo_trapdoor_1", "cullface": "east" }
			}
		},
		{
			"__comment": "Box32",
			"from": [ 0.9996, 13.0003, 14.9998 ],
			"to": [ 15.9996, 15.0003, 15.9998 ],
			"faces": {
				"down": { "uv": [ 0.000625, 1.000625, 14.99938, 1.999375 ], "texture": "#bamboo_trapdoor_1", "rotation": 180 },
				"up": { "uv": [ 0.000625, 14.00062, 14.99938, 14.99938 ], "texture": "#bamboo_trapdoor_1", "rotation": 180 },
				"north": { "uv": [ 0.000625, 1.000625, 14.99938, 2.999375 ], "texture": "#bamboo_trapdoor_1" },
				"south": { "uv": [ 1.000625, 1.000625, 15.99938, 2.999375 ], "texture": "#bamboo_trapdoor_1", "cullface": "south" },
				"east": { "uv": [ 14.00062, 1.000625, 14.99938, 2.999375 ], "texture": "#bamboo_trapdoor_1", "cullface": "east" }
			}
		},
		{
			"__comment": "PlaneZ38",
			"from": [ 1.5001, 13.0008, -0.1245 ],
			"to": [ 2.500099, 16.0008, -0.1235 ],
			"faces": {
				"north": { "uv": [ 13.50062, 0.000624657, 14.49938, 2.999375 ], "texture": "#bamboo_trapdoor_2", "cullface": "north" },
				"south": { "uv": [ 1.500625, 0.000624657, 2.499375, 2.999375 ], "texture": "#bamboo_trapdoor_2", "cullface": "north" }
			}
		},
		{
			"__comment": "PlaneZ38",
			"from": [ 3.4992, 13.0001, -0.1247 ],
			"to": [ 4.4992, 16.0001, -0.1237 ],
			"faces": {
				"north": { "uv": [ 11.50062, 0.000624657, 12.49938, 2.999375 ], "texture": "#bamboo_trapdoor_2", "cullface": "north" },
				"south": { "uv": [ 3.500625, 0.000624657, 4.499375, 2.999375 ], "texture": "#bamboo_trapdoor_2", "cullface": "north" }
			}
		},
		{
			"__comment": "PlaneZ38",
			"from": [ 5.5009, 12.9996, -0.1246 ],
			"to": [ 6.5009, 15.9996, -0.1236 ],
			"faces": {
				"north": { "uv": [ 9.500625, 0.000624657, 10.49938, 2.999375 ], "texture": "#bamboo_trapdoor_2", "cullface": "north" },
				"south": { "uv": [ 5.500625, 0.000624657, 6.499375, 2.999375 ], "texture": "#bamboo_trapdoor_2", "cullface": "north" }
			}
		},
		{
			"__comment": "PlaneZ38",
			"from": [ 7.5004, 13.0004, -0.1248 ],
			"to": [ 8.500399, 16.0004, -0.1238 ],
			"faces": {
				"north": { "uv": [ 7.500625, 0.000624657, 8.499375, 2.999375 ], "texture": "#bamboo_trapdoor_2", "cullface": "north" },
				"south": { "uv": [ 7.500625, 0.000624657, 8.499375, 2.999375 ], "texture": "#bamboo_trapdoor_2", "cullface": "north" }
			}
		},
		{
			"__comment": "PlaneZ38",
			"from": [ 9.5, 13.001, -0.1244 ],
			"to": [ 10.5, 16.00101, -0.1234 ],
			"faces": {
				"north": { "uv": [ 5.500625, 0.000624657, 6.499375, 2.999375 ], "texture": "#bamboo_trapdoor_2", "cullface": "north" },
				"south": { "uv": [ 9.500625, 0.000624657, 10.49938, 2.999375 ], "texture": "#bamboo_trapdoor_2", "cullface": "north" }
			}
		},
		{
			"__comment": "PlaneZ38",
			"from": [ 11.4997, 12.9992, -0.1257 ],
			"to": [ 12.4997, 15.9992, -0.1247 ],
			"faces": {
				"north": { "uv": [ 3.500625, 0.000624657, 4.499375, 2.999375 ], "texture": "#bamboo_trapdoor_2", "cullface": "north" },
				"south": { "uv": [ 11.50062, 0.000624657, 12.49938, 2.999375 ], "texture": "#bamboo_trapdoor_2", "cullface": "north" }
			}
		},
		{
			"__comment": "PlaneZ38",
			"from": [ 13.5005, 12.9994, -0.125 ],
			"to": [ 14.5005, 15.9994, -0.124 ],
			"faces": {
				"north": { "uv": [ 1.500625, 0.000624657, 2.499375, 2.999375 ], "texture": "#bamboo_trapdoor_2", "cullface": "north" },
				"south": { "uv": [ 13.50062, 0.000624657, 14.49938, 2.999375 ], "texture": "#bamboo_trapdoor_2", "cullface": "north" }
			}
		},
		{
			"__comment": "PlaneZ46",
			"from": [ 1.5003, 13.0001, 16.1247 ],
			"to": [ 2.5003, 16.00011, 16.1257 ],
			"faces": {
				"north": { "uv": [ 13.50062, 0.000624657, 14.49938, 2.999375 ], "texture": "#bamboo_trapdoor_2", "cullface": "south" },
				"south": { "uv": [ 1.500625, 0.000624657, 2.499375, 2.999375 ], "texture": "#bamboo_trapdoor_2", "cullface": "south" }
			}
		},
		{
			"__comment": "PlaneZ46",
			"from": [ 3.5008, 13.0006, 16.1247 ],
			"to": [ 4.5008, 16.0006, 16.1257 ],
			"faces": {
				"north": { "uv": [ 11.50062, 0.000624657, 12.49938, 2.999375 ], "texture": "#bamboo_trapdoor_2", "cullface": "south" },
				"south": { "uv": [ 3.500625, 0.000624657, 4.499375, 2.999375 ], "texture": "#bamboo_trapdoor_2", "cullface": "south" }
			}
		},
		{
			"__comment": "PlaneZ46",
			"from": [ 5.4996, 12.9991, 16.1244 ],
			"to": [ 6.4996, 15.9991, 16.1254 ],
			"faces": {
				"north": { "uv": [ 9.500625, 0.000624657, 10.49938, 2.999375 ], "texture": "#bamboo_trapdoor_2", "cullface": "south" },
				"south": { "uv": [ 5.500625, 0.000624657, 6.499375, 2.999375 ], "texture": "#bamboo_trapdoor_2", "cullface": "south" }
			}
		},
		{
			"__comment": "PlaneZ46",
			"from": [ 7.4993, 12.999, 16.1243 ],
			"to": [ 8.4993, 15.999, 16.1253 ],
			"faces": {
				"north": { "uv": [ 7.500625, 0.000624657, 8.499375, 2.999375 ], "texture": "#bamboo_trapdoor_2", "cullface": "south" },
				"south": { "uv": [ 7.500625, 0.000624657, 8.499375, 2.999375 ], "texture": "#bamboo_trapdoor_2", "cullface": "south" }
			}
		},
		{
			"__comment": "PlaneZ46",
			"from": [ 9.5001, 12.9995, 16.1244 ],
			"to": [ 10.5001, 15.9995, 16.1254 ],
			"faces": {
				"north": { "uv": [ 5.500625, 0.000624657, 6.499375, 2.999375 ], "texture": "#bamboo_trapdoor_2", "cullface": "south" },
				"south": { "uv": [ 9.500625, 0.000624657, 10.49938, 2.999375 ], "texture": "#bamboo_trapdoor_2", "cullface": "south" }
			}
		},
		{
			"__comment": "PlaneZ46",
			"from": [ 11.5009, 13.0006, 16.1257 ],
			"to": [ 12.5009, 16.00059, 16.1267 ],
			"faces": {
				"north": { "uv": [ 3.500625, 0.000624657, 4.499375, 2.999375 ], "texture": "#bamboo_trapdoor_2", "cullface": "south" },
				"south": { "uv": [ 11.50062, 0.000624657, 12.49938, 2.999375 ], "texture": "#bamboo_trapdoor_2", "cullface": "south" }
			}
		},
		{
			"__comment": "PlaneZ46",
			"from": [ 13.5009, 12.9995, 16.1257 ],
			"to": [ 14.5009, 15.9995, 16.1267 ],
			"faces": {
				"north": { "uv": [ 1.500625, 0.000624657, 2.499375, 2.999375 ], "texture": "#bamboo_trapdoor_2", "cullface": "south" },
				"south": { "uv": [ 13.50062, 0.000624657, 14.49938, 2.999375 ], "texture": "#bamboo_trapdoor_2", "cullface": "south" }
			}
		},
		{
			"__comment": "PlaneX53",
			"from": [ -0.1252, 12.999, 1.4991 ],
			"to": [ -0.1242, 15.999, 2.4991 ],
			"faces": {
				"west": { "uv": [ 1.500625, 0.000624657, 2.499375, 2.999375 ], "texture": "#bamboo_trapdoor_2", "cullface": "west" },
				"east": { "uv": [ 13.50062, 0.000624657, 14.49938, 2.999375 ], "texture": "#bamboo_trapdoor_2", "cullface": "west" }
			}
		},
		{
			"__comment": "PlaneX53",
			"from": [ -0.1244, 12.9991, 3.4991 ],
			"to": [ -0.1234, 15.9991, 4.4991 ],
			"faces": {
				"west": { "uv": [ 3.500625, 0.000624657, 4.499375, 2.999375 ], "texture": "#bamboo_trapdoor_2", "cullface": "west" },
				"east": { "uv": [ 11.50062, 0.000624657, 12.49938, 2.999375 ], "texture": "#bamboo_trapdoor_2", "cullface": "west" }
			}
		},
		{
			"__comment": "PlaneX53",
			"from": [ -0.1243, 13.0004, 5.4993 ],
			"to": [ -0.1233, 16.0004, 6.4993 ],
			"faces": {
				"west": { "uv": [ 5.500625, 0.000624657, 6.499375, 2.999375 ], "texture": "#bamboo_trapdoor_2", "cullface": "west" },
				"east": { "uv": [ 9.500625, 0.000624657, 10.49938, 2.999375 ], "texture": "#bamboo_trapdoor_2", "cullface": "west" }
			}
		},
		{
			"__comment": "PlaneX53",
			"from": [ -0.1249, 13.0001, 7.499 ],
			"to": [ -0.1239, 16.0001, 8.499001 ],
			"faces": {
				"west": { "uv": [ 7.500625, 0.000624657, 8.499375, 2.999375 ], "texture": "#bamboo_trapdoor_2", "cullface": "west" },
				"east": { "uv": [ 7.500625, 0.000624657, 8.499375, 2.999375 ], "texture": "#bamboo_trapdoor_2", "cullface": "west" }
			}
		},
		{
			"__comment": "PlaneX53",
			"from": [ -0.1248, 12.9997, 9.4998 ],
			"to": [ -0.1238, 15.9997, 10.4998 ],
			"faces": {
				"west": { "uv": [ 9.500625, 0.000624657, 10.49938, 2.999375 ], "texture": "#bamboo_trapdoor_2", "cullface": "west" },
				"east": { "uv": [ 5.500625, 0.000624657, 6.499375, 2.999375 ], "texture": "#bamboo_trapdoor_2", "cullface": "west" }
			}
		},
		{
			"__comment": "PlaneX53",
			"from": [ -0.1248, 12.9993, 11.501 ],
			"to": [ -0.1238, 15.9993, 12.501 ],
			"faces": {
				"west": { "uv": [ 11.50062, 0.000624657, 12.49938, 2.999375 ], "texture": "#bamboo_trapdoor_2", "cullface": "west" },
				"east": { "uv": [ 3.500625, 0.000624657, 4.499375, 2.999375 ], "texture": "#bamboo_trapdoor_2", "cullface": "west" }
			}
		},
		{
			"__comment": "PlaneX53",
			"from": [ -0.1244, 12.9997, 13.501 ],
			"to": [ -0.1234, 15.9997, 14.501 ],
			"faces": {
				"west": { "uv": [ 13.50062, 0.000624657, 14.49938, 2.999375 ], "texture": "#bamboo_trapdoor_2", "cullface": "west" },
				"east": { "uv": [ 1.500625, 0.000624657, 2.499375, 2.999375 ], "texture": "#bamboo_trapdoor_2", "cullface": "west" }
			}
		},
		{
			"__comment": "PlaneX60",
			"from": [ 16.1248, 13.0007, 1.5002 ],
			"to": [ 16.1258, 16.0007, 2.5002 ],
			"faces": {
				"west": { "uv": [ 1.500625, 0.000624657, 2.499375, 2.999375 ], "texture": "#bamboo_trapdoor_2", "cullface": "east" },
				"east": { "uv": [ 13.50062, 0.000624657, 14.49938, 2.999375 ], "texture": "#bamboo_trapdoor_2", "cullface": "east" }
			}
		},
		{
			"__comment": "PlaneX60",
			"from": [ 16.1259, 12.9991, 3.4995 ],
			"to": [ 16.1269, 15.9991, 4.499497 ],
			"faces": {
				"west": { "uv": [ 3.500625, 0.000624657, 4.499375, 2.999375 ], "texture": "#bamboo_trapdoor_2", "cullface": "east" },
				"east": { "uv": [ 11.50062, 0.000624657, 12.49938, 2.999375 ], "texture": "#bamboo_trapdoor_2", "cullface": "east" }
			}
		},
		{
			"__comment": "PlaneX60",
			"from": [ 16.1246, 13.0007, 5.4993 ],
			"to": [ 16.1256, 16.0007, 6.4993 ],
			"faces": {
				"west": { "uv": [ 5.500625, 0.000624657, 6.499375, 2.999375 ], "texture": "#bamboo_trapdoor_2", "cullface": "east" },
				"east": { "uv": [ 9.500625, 0.000624657, 10.49938, 2.999375 ], "texture": "#bamboo_trapdoor_2", "cullface": "east" }
			}
		},
		{
			"__comment": "PlaneX60",
			"from": [ 16.1259, 12.9992, 7.5002 ],
			"to": [ 16.1269, 15.9992, 8.5002 ],
			"faces": {
				"west": { "uv": [ 7.500625, 0.000624657, 8.499375, 2.999375 ], "texture": "#bamboo_trapdoor_2", "cullface": "east" },
				"east": { "uv": [ 7.500625, 0.000624657, 8.499375, 2.999375 ], "texture": "#bamboo_trapdoor_2", "cullface": "east" }
			}
		},
		{
			"__comment": "PlaneX60",
			"from": [ 16.1245, 12.9997, 9.5005 ],
			"to": [ 16.1255, 15.9997, 10.5005 ],
			"faces": {
				"west": { "uv": [ 9.500625, 0.000624657, 10.49938, 2.999375 ], "texture": "#bamboo_trapdoor_2", "cullface": "east" },
				"east": { "uv": [ 5.500625, 0.000624657, 6.499375, 2.999375 ], "texture": "#bamboo_trapdoor_2", "cullface": "east" }
			}
		},
		{
			"__comment": "PlaneX60",
			"from": [ 16.125, 13.0009, 11.5007 ],
			"to": [ 16.126, 16.0009, 12.5007 ],
			"faces": {
				"west": { "uv": [ 11.50062, 0.000624657, 12.49938, 2.999375 ], "texture": "#bamboo_trapdoor_2", "cullface": "east" },
				"east": { "uv": [ 3.500625, 0.000624657, 4.499375, 2.999375 ], "texture": "#bamboo_trapdoor_2", "cullface": "east" }
			}
		},
		{
			"__comment": "PlaneX60",
			"from": [ 16.1259, 13.0007, 13.4995 ],
			"to": [ 16.1269, 16.0007, 14.4995 ],
			"faces": {
				"west": { "uv": [ 13.50062, 0.000624657, 14.49938, 2.999375 ], "texture": "#bamboo_trapdoor_2", "cullface": "east" },
				"east": { "uv": [ 1.500625, 0.000624657, 2.499375, 2.999375 ], "texture": "#bamboo_trapdoor_2", "cullface": "east" }
			}
		}
	],
	"display": {
		"thirdperson_righthand": {
			"rotation":  [ 75, 45, 0 ],
			"translation":  [ 0, 2.5, 0 ],
			"scale":  [ 0.375, 0.375, 0.375 ]
		},
		"thirdperson_lefthand": {
			"rotation":  [ 75, 45, 0 ],
			"translation":  [ 0, 2.5, 0 ],
			"scale":  [ 0.375, 0.375, 0.375 ]
		},
		"firstperson_righthand": {
			"rotation":  [ 0, 45, 0 ],
			"scale":  [ 0.4, 0.4, 0.4 ]
		},
		"firstperson_lefthand": {
			"rotation":  [ 0, 45, 0 ],
			"scale":  [ 0.4, 0.4, 0.4 ]
		},
		"gui": {
			"rotation":  [ 30, 225, 0 ],
			"scale":  [ 0.625, 0.625, 0.625 ]
		},
		"ground": {
			"translation":  [ 0, 3, 0 ],
			"scale":  [ 0.25, 0.25, 0.25 ]
		}
	}
}