{
	"__comment": "Designed by Interhell2000 with Cubik Studio - https://cubik.studio",
	"textures": {
		"particle": "block/b/bamboo_block/bamboo_block",
		"bamboo_block_1": "block/b/bamboo_block/bamboo_block_1",
		"bamboo_block_2": "block/b/bamboo_block/bamboo_block_2",
		"bamboo_block_3": "block/b/bamboo_block/bamboo_block_3",
		"bamboo_block_4": "block/b/bamboo_block/bamboo_block_4",
		"bamboo_block_5": "block/b/bamboo_block/bamboo_block_5"
	},
	"elements": [ 	 
		{
			"__comment": "Box22",
			"from": [ -0.0003, 0.0002, 15.0009 ],
			"to": [ 0.9997, 16.0002, 16.0009 ],
			"faces": {
				"down": { "uv": [ 0.000625, 15.00062, 0.999375, 15.99938 ], "texture": "#bamboo_block_1", "cullface": "north" },
				"up": { "uv": [ 15.99938, 15.99938, 15.00062, 15.00062 ], "texture": "#bamboo_block_1", "cullface": "south" },
				"north": { "uv": [ 0.999375, 15.99938, 0.000625014, 0.000624657 ], "texture": "#bamboo_block_1", "cullface": "down" },
				"south": { "uv": [ 0.000625, 0.000624657, 0.999375, 15.99938 ], "texture": "#bamboo_block_1", "cullface": "down" },
				"west": { "uv": [ 0.000625, 15.00062, 15.99938, 15.99938 ], "texture": "#bamboo_block_1", "cullface": "west", "rotation": 90 },
				"east": { "uv": [ 0.000625, 15.00062, 15.99938, 15.99938 ], "texture": "#bamboo_block_1", "rotation": 270 }
			}
		},
		{
			"__comment": "Box23",
			"from": [ 1.0001, 14.9997, 15.0005 ],
			"to": [ 16.0001, 15.9997, 16.0005 ],
			"faces": {
				"down": { "uv": [ 1.000625, 15.00062, 15.99938, 15.99938 ], "texture": "#bamboo_block_1" },
				"up": { "uv": [ 14.99938, 15.99938, 0.000624657, 15.00062 ], "texture": "#bamboo_block_1", "cullface": "south" },
				"north": { "uv": [ 15.99938, 15.99938, 1.000625, 15.00062 ], "texture": "#bamboo_block_1", "cullface": "down" },
				"south": { "uv": [ 1.000625, 0.000624657, 15.99938, 0.9993753 ], "texture": "#bamboo_block_1", "cullface": "down" },
				"east": { "uv": [ 15.00062, 15.00062, 15.99938, 15.99938 ], "texture": "#bamboo_block_1", "cullface": "east", "rotation": 270 }
			}
		},
		{
			"__comment": "Box22",
			"from": [ 14.9997, 0.0004, 15 ],
			"to": [ 15.9997, 15.0004, 16 ],
			"faces": {
				"down": { "uv": [ 15.00062, 15.00062, 15.99938, 15.99938 ], "texture": "#bamboo_block_1", "cullface": "north" },
				"north": { "uv": [ 15.99938, 14.99938, 15.00062, 0.000624657 ], "texture": "#bamboo_block_1", "cullface": "down" },
				"south": { "uv": [ 15.00062, 1.000625, 15.99938, 15.99938 ], "texture": "#bamboo_block_1", "cullface": "down" },
				"west": { "uv": [ 1.000625, 15.00062, 15.99938, 15.99938 ], "texture": "#bamboo_block_1", "rotation": 90 },
				"east": { "uv": [ 0.000625, 15.00062, 14.99938, 15.99938 ], "texture": "#bamboo_block_1", "cullface": "east", "rotation": 270 }
			}
		},
		{
			"__comment": "Box23",
			"from": [ 0.9998, -0.0004, 15.001 ],
			"to": [ 14.9998, 0.9996009, 16.001 ],
			"faces": {
				"down": { "uv": [ 1.000625, 15.00062, 14.99938, 15.99938 ], "texture": "#bamboo_block_1", "cullface": "north" },
				"up": { "uv": [ 14.99938, 15.99938, 1.000625, 15.00062 ], "texture": "#bamboo_block_1" },
				"north": { "uv": [ 14.99938, 0.9993753, 1.000625, 0.000624657 ], "texture": "#bamboo_block_1", "cullface": "down" },
				"south": { "uv": [ 1.000625, 15.00062, 14.99938, 15.99938 ], "texture": "#bamboo_block_1", "cullface": "down" }
			}
		},
		{
			"__comment": "Box26",
			"from": [ 1.0004, 0.9995, 15.0012 ],
			"to": [ 2.0004, 14.9995, 16.0012 ],
			"faces": {
				"north": { "uv": [ 1.999375, 14.99938, 1.000625, 1.000625 ], "texture": "#bamboo_block_1", "cullface": "down" },
				"south": { "uv": [ 1.000625, 1.000625, 1.999375, 14.99938 ], "texture": "#bamboo_block_1", "cullface": "down" },
				"east": { "uv": [ 1.000625, 15.00062, 14.99938, 15.99938 ], "texture": "#bamboo_block_1", "rotation": 270 }
			}
		},
		{
			"__comment": "Box27",
			"from": [ 1.9994, 0.9993, 15.0018 ],
			"to": [ 13.9994, 1.9993, 16.0018 ],
			"faces": {
				"up": { "uv": [ 13.99938, 15.99938, 2.000625, 15.00062 ], "texture": "#bamboo_block_1" },
				"north": { "uv": [ 13.99938, 1.999375, 2.000625, 1.000625 ], "texture": "#bamboo_block_1", "cullface": "down" },
				"south": { "uv": [ 2.000625, 14.00062, 13.99938, 14.99938 ], "texture": "#bamboo_block_1", "cullface": "down" }
			}
		},
		{
			"__comment": "Box26",
			"from": [ 13.9992, 1.0007, 15.0019 ],
			"to": [ 14.9992, 14.0007, 16.0019 ],
			"faces": {
				"north": { "uv": [ 14.99938, 13.99938, 14.00062, 1.000625 ], "texture": "#bamboo_block_1", "cullface": "down" },
				"south": { "uv": [ 14.00062, 2.000625, 14.99938, 14.99938 ], "texture": "#bamboo_block_1", "cullface": "down" },
				"west": { "uv": [ 2.000625, 15.00062, 14.99938, 15.99938 ], "texture": "#bamboo_block_1", "rotation": 90 }
			}
		},
		{
			"__comment": "Box27",
			"from": [ 1.9993, 13.9996, 15.0012 ],
			"to": [ 14.9993, 14.9996, 16.0012 ],
			"faces": {
				"down": { "uv": [ 2.000625, 15.00062, 14.99938, 15.99938 ], "texture": "#bamboo_block_1" },
				"north": { "uv": [ 14.99938, 14.99938, 2.000625, 14.00062 ], "texture": "#bamboo_block_1", "cullface": "down" },
				"south": { "uv": [ 2.000625, 1.000625, 14.99938, 1.999375 ], "texture": "#bamboo_block_1", "cullface": "down" }
			}
		},
		{
			"__comment": "Box22",
			"from": [ -0.0008, 0.0009, 0.0004 ],
			"to": [ 0.9992, 16.0009, 1.0004 ],
			"faces": {
				"down": { "uv": [ 15.99938, 0.9993753, 15.00062, 0.000624657 ], "texture": "#bamboo_block_1", "cullface": "north" },
				"up": { "uv": [ 0.000625, 0.000624657, 0.999375, 0.9993753 ], "texture": "#bamboo_block_1", "cullface": "south" },
				"north": { "uv": [ 0.999375, 15.99938, 0.000625014, 0.000624657 ], "texture": "#bamboo_block_1", "cullface": "up" },
				"south": { "uv": [ 0.000625, 0.000624657, 0.999375, 15.99938 ], "texture": "#bamboo_block_1" },
				"west": { "uv": [ 0.000625, 0.000624657, 15.99938, 0.9993753 ], "texture": "#bamboo_block_1", "cullface": "west", "rotation": 270 },
				"east": { "uv": [ 0.000625, 0.000624657, 15.99938, 0.9993753 ], "texture": "#bamboo_block_1", "rotation": 90 }
			}
		},
		{
			"__comment": "Box23",
			"from": [ 1.0005, -0.0007, 0.0001 ],
			"to": [ 16.0005, 0.9993, 1.0001 ],
			"faces": {
				"down": { "uv": [ 14.99938, 0.9993753, 0.000624657, 0.000624657 ], "texture": "#bamboo_block_1", "cullface": "north" },
				"up": { "uv": [ 1.000625, 0.000624657, 15.99938, 0.9993753 ], "texture": "#bamboo_block_1" },
				"north": { "uv": [ 15.99938, 0.9993753, 1.000625, 0.000624657 ], "texture": "#bamboo_block_1", "cullface": "up" },
				"south": { "uv": [ 1.000625, 15.00062, 15.99938, 15.99938 ], "texture": "#bamboo_block_1" },
				"east": { "uv": [ 15.00062, 0.000624657, 15.99938, 0.9993753 ], "texture": "#bamboo_block_1", "cullface": "east", "rotation": 90 }
			}
		},
		{
			"__comment": "Box22",
			"from": [ 14.9998, 0.9997, -0.0002 ],
			"to": [ 15.9998, 15.9997, 0.9998 ],
			"faces": {
				"up": { "uv": [ 15.00062, 0.000624657, 15.99938, 0.9993753 ], "texture": "#bamboo_block_1", "cullface": "south" },
				"north": { "uv": [ 15.99938, 15.99938, 15.00062, 1.000625 ], "texture": "#bamboo_block_1", "cullface": "up" },
				"south": { "uv": [ 15.00062, 0.000624657, 15.99938, 14.99938 ], "texture": "#bamboo_block_1" },
				"west": { "uv": [ 1.000625, 0.000624657, 15.99938, 0.9993753 ], "texture": "#bamboo_block_1", "rotation": 270 },
				"east": { "uv": [ 0.000625, 0.000624657, 14.99938, 0.9993753 ], "texture": "#bamboo_block_1", "cullface": "east", "rotation": 90 }
			}
		},
		{
			"__comment": "Box23",
			"from": [ 0.9998, 14.9997, -0.0005 ],
			"to": [ 14.9998, 15.9997, 0.9995 ],
			"faces": {
				"down": { "uv": [ 14.99938, 0.9993753, 1.000625, 0.000624657 ], "texture": "#bamboo_block_1" },
				"up": { "uv": [ 1.000625, 0.000624657, 14.99938, 0.9993753 ], "texture": "#bamboo_block_1", "cullface": "south" },
				"north": { "uv": [ 14.99938, 15.99938, 1.000625, 15.00062 ], "texture": "#bamboo_block_1", "cullface": "up" }
			}
		},
		{
			"__comment": "Box26",
			"from": [ 0.9995, 1, 0.0008 ],
			"to": [ 1.999501, 14.99999, 1.0008 ],
			"faces": {
				"north": { "uv": [ 1.999375, 14.99938, 1.000625, 1.000625 ], "texture": "#bamboo_block_1", "cullface": "up" },
				"south": { "uv": [ 1.000625, 1.000625, 1.999375, 14.99938 ], "texture": "#bamboo_block_1" },
				"east": { "uv": [ 1.000625, 0.000624657, 14.99938, 0.9993753 ], "texture": "#bamboo_block_1", "rotation": 90 }
			}
		},
		{
			"__comment": "Box27",
			"from": [ 1.9999, 14, 0.0002 ],
			"to": [ 13.9999, 15, 1.0002 ],
			"faces": {
				"down": { "uv": [ 13.99938, 0.9993753, 2.000625, 0.000624657 ], "texture": "#bamboo_block_1" },
				"north": { "uv": [ 13.99938, 14.99938, 2.000625, 14.00062 ], "texture": "#bamboo_block_1", "cullface": "up" },
				"south": { "uv": [ 2.000625, 1.000625, 13.99938, 1.999375 ], "texture": "#bamboo_block_1" }
			}
		},
		{
			"__comment": "Box26",
			"from": [ 13.9998, 1.9993, -0.0001 ],
			"to": [ 14.9998, 14.9993, 0.999899 ],
			"faces": {
				"north": { "uv": [ 14.99938, 14.99938, 14.00062, 2.000625 ], "texture": "#bamboo_block_1", "cullface": "up" },
				"south": { "uv": [ 14.00062, 1.000625, 14.99938, 13.99938 ], "texture": "#bamboo_block_1" },
				"west": { "uv": [ 2.000625, 0.000624657, 14.99938, 0.9993753 ], "texture": "#bamboo_block_1", "rotation": 270 }
			}
		},
		{
			"__comment": "Box27",
			"from": [ 1.9996, 0.9994, 0.0005 ],
			"to": [ 14.9996, 1.9994, 1.0005 ],
			"faces": {
				"up": { "uv": [ 2.000625, 0.000624657, 14.99938, 0.9993753 ], "texture": "#bamboo_block_1" },
				"north": { "uv": [ 14.99938, 1.999375, 2.000625, 1.000625 ], "texture": "#bamboo_block_1", "cullface": "up" },
				"south": { "uv": [ 2.000625, 14.00062, 14.99938, 14.99938 ], "texture": "#bamboo_block_1" }
			}
		},
		{
			"__comment": "PlaneY114",
			"from": [ 0.0002, 7.501, 16.1258 ],
			"to": [ 16.0002, 8.500999, 16.1268 ],
			"faces": {
				"north": { "uv": [ 15.99938, 8.499375, 0.000624657, 7.500626 ], "texture": "#bamboo_block_2", "cullface": "down" },
				"south": { "uv": [ 0.000625, 7.500626, 15.99938, 8.499375 ], "texture": "#bamboo_block_2", "cullface": "down" }
			}
		},
		{
			"__comment": "PlaneY114",
			"from": [ -0.0004, 9.500999, 16.1261 ],
			"to": [ 15.9996, 10.501, 16.1271 ],
			"faces": {
				"north": { "uv": [ 15.99938, 10.49938, 0.000624657, 9.500625 ], "texture": "#bamboo_block_2", "cullface": "down" },
				"south": { "uv": [ 0.000625, 5.500626, 15.99938, 6.499374 ], "texture": "#bamboo_block_2", "cullface": "down" }
			}
		},
		{
			"__comment": "PlaneY114",
			"from": [ -0.0007, 11.4996, 16.1259 ],
			"to": [ 15.9993, 12.4996, 16.1269 ],
			"faces": {
				"north": { "uv": [ 15.99938, 12.49938, 0.000624657, 11.50062 ], "texture": "#bamboo_block_2", "cullface": "down" },
				"south": { "uv": [ 0.000625, 3.500625, 15.99938, 4.499374 ], "texture": "#bamboo_block_2", "cullface": "down" }
			}
		},
		{
			"__comment": "PlaneY114",
			"from": [ 0.0001, 1.5007, 16.2494 ],
			"to": [ 16.0001, 2.5007, 16.2504 ],
			"faces": {
				"north": { "uv": [ 15.99938, 2.499375, 0.000624657, 1.500625 ], "texture": "#bamboo_block_2", "cullface": "down" },
				"south": { "uv": [ 0.000625, 13.50062, 15.99938, 14.49938 ], "texture": "#bamboo_block_2", "cullface": "down" }
			}
		},
		{
			"__comment": "PlaneY114",
			"from": [ -0.0009, 5.4994, 16.1267 ],
			"to": [ 15.9991, 6.4994, 16.1277 ],
			"faces": {
				"north": { "uv": [ 15.99938, 6.499374, 0.000624657, 5.500626 ], "texture": "#bamboo_block_2", "cullface": "down" },
				"south": { "uv": [ 0.000625, 9.500625, 15.99938, 10.49938 ], "texture": "#bamboo_block_2", "cullface": "down" }
			}
		},
		{
			"__comment": "PlaneY114",
			"from": [ 0.0004, 3.5011, 16.1249 ],
			"to": [ 16.0004, 4.5011, 16.1259 ],
			"faces": {
				"north": { "uv": [ 15.99938, 4.499374, 0.000624657, 3.500625 ], "texture": "#bamboo_block_2", "cullface": "down" },
				"south": { "uv": [ 0.000625, 11.50062, 15.99938, 12.49938 ], "texture": "#bamboo_block_2", "cullface": "down" }
			}
		},
		{
			"__comment": "PlaneY114",
			"from": [ -0.0002, 13.4994, 16.1233 ],
			"to": [ 15.9998, 14.4994, 16.1243 ],
			"faces": {
				"north": { "uv": [ 15.99938, 14.49938, 0.000624657, 13.50062 ], "texture": "#bamboo_block_2", "cullface": "down" },
				"south": { "uv": [ 0.000625, 1.500625, 15.99938, 2.499375 ], "texture": "#bamboo_block_2", "cullface": "down" }
			}
		},
		{
			"__comment": "PlaneY121",
			"from": [ 7.4988, 0.0004, 16.1261 ],
			"to": [ 8.498799, 16.0004, 16.1271 ],
			"faces": {
				"north": { "uv": [ 8.499375, 15.99938, 7.500625, 0.000624657 ], "texture": "#bamboo_block_2", "cullface": "down" },
				"south": { "uv": [ 7.500625, 0.000624657, 8.499375, 15.99938 ], "texture": "#bamboo_block_2", "cullface": "down" }
			}
		},
		{
			"__comment": "PlaneY121",
			"from": [ 5.5007, 0, 16.1254 ],
			"to": [ 6.5007, 16, 16.1264 ],
			"faces": {
				"north": { "uv": [ 6.499375, 15.99938, 5.500625, 0.000624657 ], "texture": "#bamboo_block_2", "cullface": "down" },
				"south": { "uv": [ 5.500625, 0.000624657, 6.499375, 15.99938 ], "texture": "#bamboo_block_2", "cullface": "down" }
			}
		},
		{
			"__comment": "PlaneY121",
			"from": [ 3.4988, 0.0006, 16.1265 ],
			"to": [ 4.4988, 16.0006, 16.1275 ],
			"faces": {
				"north": { "uv": [ 4.499375, 15.99938, 3.500625, 0.000624657 ], "texture": "#bamboo_block_2", "cullface": "down" },
				"south": { "uv": [ 3.500625, 0.000624657, 4.499375, 15.99938 ], "texture": "#bamboo_block_2", "cullface": "down" }
			}
		},
		{
			"__comment": "PlaneY121",
			"from": [ 9.499599, 0.0001, 16.1265 ],
			"to": [ 10.4996, 16.0001, 16.1275 ],
			"faces": {
				"north": { "uv": [ 10.49938, 15.99938, 9.500625, 0.000624657 ], "texture": "#bamboo_block_2", "cullface": "down" },
				"south": { "uv": [ 9.500625, 0.000624657, 10.49938, 15.99938 ], "texture": "#bamboo_block_2", "cullface": "down" }
			}
		},
		{
			"__comment": "PlaneY121",
			"from": [ 11.4995, 0.0008, 16.1243 ],
			"to": [ 12.4995, 16.0008, 16.1253 ],
			"faces": {
				"north": { "uv": [ 12.49938, 15.99938, 11.50062, 0.000624657 ], "texture": "#bamboo_block_2", "cullface": "down" },
				"south": { "uv": [ 11.50062, 0.000624657, 12.49938, 15.99938 ], "texture": "#bamboo_block_2", "cullface": "down" }
			}
		},
		{
			"__comment": "PlaneY121",
			"from": [ 13.5, 0, 16.124 ],
			"to": [ 14.5, 16, 16.125 ],
			"faces": {
				"north": { "uv": [ 14.49938, 15.99938, 13.50062, 0.000624657 ], "texture": "#bamboo_block_2" },
				"south": { "uv": [ 13.50062, 0.000624657, 14.49938, 15.99938 ], "texture": "#bamboo_block_2" }
			}
		},
		{
			"__comment": "Box67",
			"from": [ -0.0003, 0.0002, 1.0001 ],
			"to": [ 0.9997, 1.0002, 15.0001 ],
			"faces": {
				"down": { "uv": [ 15.99938, 14.99938, 15.00062, 3.000625 ], "texture": "#bamboo_block_1", "cullface": "north" },
				"west": { "uv": [ 0.000625, 3.000625, 0.999375, 14.99938 ], "texture": "#bamboo_block_1", "cullface": "west", "rotation": 270 }
			}
		},
		{
			"__comment": "Box67",
			"from": [ 14.9994, -0.0003, 0.9998 ],
			"to": [ 15.9994, 0.9997, 14.9998 ],
			"faces": {
				"down": { "uv": [ 0.999375, 14.99938, 0.000625014, 3.000625 ], "texture": "#bamboo_block_1", "cullface": "north" },
				"east": { "uv": [ 15.00062, 3.000625, 15.99938, 14.99938 ], "texture": "#bamboo_block_1", "cullface": "east", "rotation": 90 }
			}
		},
		{
			"__comment": "Box67",
			"from": [ 14.9999, 15.0002, 0.9993 ],
			"to": [ 15.9999, 16.0002, 14.9993 ],
			"faces": {
				"up": { "uv": [ 15.00062, 3.000625, 15.99938, 14.99938 ], "texture": "#bamboo_block_1", "cullface": "south" },
				"east": { "uv": [ 0.000625, 3.000625, 0.999375, 14.99938 ], "texture": "#bamboo_block_1", "cullface": "east", "rotation": 90 }
			}
		},
		{
			"__comment": "Box67",
			"from": [ 0.0003, 14.9996, 1.001 ],
			"to": [ 1.0003, 15.9996, 15.001 ],
			"faces": {
				"up": { "uv": [ 0.000625, 3.000625, 0.999375, 14.99938 ], "texture": "#bamboo_block_1", "cullface": "south" },
				"west": { "uv": [ 15.00062, 3.000625, 15.99938, 14.99938 ], "texture": "#bamboo_block_1", "cullface": "west", "rotation": 270 }
			}
		},
		{
			"__comment": "Box67",
			"from": [ 1.0001, 15.0004, 1.0007 ],
			"to": [ 2.0001, 16.0004, 15.0007 ],
			"faces": {
				"down": { "uv": [ 14.99938, 14.99938, 14.00062, 3.000625 ], "texture": "#bamboo_block_1" },
				"up": { "uv": [ 1.000625, 3.000625, 1.999375, 14.99938 ], "texture": "#bamboo_block_1", "cullface": "south" }
			}
		},
		{
			"__comment": "Box67",
			"from": [ 14.0004, 14.9992, 1.0004 ],
			"to": [ 15.0004, 15.9992, 15.0004 ],
			"faces": {
				"down": { "uv": [ 1.999375, 14.99938, 1.000625, 3.000625 ], "texture": "#bamboo_block_1" },
				"up": { "uv": [ 14.00062, 3.000625, 14.99938, 14.99938 ], "texture": "#bamboo_block_1", "cullface": "south" }
			}
		},
		{
			"__comment": "Box67",
			"from": [ 14.9992, 13.9997, 0.9997 ],
			"to": [ 15.9992, 14.9997, 14.99971 ],
			"faces": {
				"west": { "uv": [ 14.00062, 3.000625, 14.99938, 14.99938 ], "texture": "#bamboo_block_1", "rotation": 270 },
				"east": { "uv": [ 1.000625, 3.000625, 1.999375, 14.99938 ], "texture": "#bamboo_block_1", "cullface": "east", "rotation": 90 }
			}
		},
		{
			"__comment": "Box67",
			"from": [ 15.0004, 1.0006, 1.0009 ],
			"to": [ 16.0004, 2.0006, 15.0009 ],
			"faces": {
				"west": { "uv": [ 1.000625, 3.000625, 1.999375, 14.99938 ], "texture": "#bamboo_block_1", "rotation": 270 },
				"east": { "uv": [ 14.00062, 3.000625, 14.99938, 14.99938 ], "texture": "#bamboo_block_1", "cullface": "east", "rotation": 90 }
			}
		},
		{
			"__comment": "Box67",
			"from": [ 14.0008, -0.0008, 0.9998 ],
			"to": [ 15.0008, 0.9992, 14.9998 ],
			"faces": {
				"down": { "uv": [ 1.999375, 14.99938, 1.000625, 3.000625 ], "texture": "#bamboo_block_1", "cullface": "north" },
				"up": { "uv": [ 14.00062, 3.000625, 14.99938, 14.99938 ], "texture": "#bamboo_block_1" }
			}
		},
		{
			"__comment": "Box67",
			"from": [ 0.9996, -0.001, 1.0007 ],
			"to": [ 1.9996, 0.999, 15.0007 ],
			"faces": {
				"down": { "uv": [ 14.99938, 14.99938, 14.00062, 3.000625 ], "texture": "#bamboo_block_1", "cullface": "north" },
				"up": { "uv": [ 1.000625, 3.000625, 1.999375, 14.99938 ], "texture": "#bamboo_block_1" }
			}
		},
		{
			"__comment": "Box67",
			"from": [ 0.0005, 0.9999, 0.9997 ],
			"to": [ 1.000499, 1.9999, 14.9997 ],
			"faces": {
				"west": { "uv": [ 1.000625, 3.000625, 1.999375, 14.99938 ], "texture": "#bamboo_block_1", "cullface": "west", "rotation": 270 },
				"east": { "uv": [ 14.00062, 3.000625, 14.99938, 14.99938 ], "texture": "#bamboo_block_1", "rotation": 90 }
			}
		},
		{
			"__comment": "Box67",
			"from": [ -0.0005, 14.0005, 0.9994 ],
			"to": [ 0.9995, 15.0005, 14.9994 ],
			"faces": {
				"west": { "uv": [ 14.00062, 3.000625, 14.99938, 14.99938 ], "texture": "#bamboo_block_1", "cullface": "west", "rotation": 270 },
				"east": { "uv": [ 1.000625, 3.000625, 1.999375, 14.99938 ], "texture": "#bamboo_block_1", "rotation": 90 }
			}
		},
		{
			"__comment": "PlaneY114",
			"from": [ -0.0004, 7.4997, -0.126 ],
			"to": [ 15.9996, 8.499699, -0.1250006 ],
			"faces": {
				"north": { "uv": [ 15.99938, 8.499375, 0.000624657, 7.500626 ], "texture": "#bamboo_block_2", "cullface": "up" },
				"south": { "uv": [ 0.000625, 7.500626, 15.99938, 8.499375 ], "texture": "#bamboo_block_2", "cullface": "up" }
			}
		},
		{
			"__comment": "PlaneY114",
			"from": [ -0.001, 5.4998, -0.0013 ],
			"to": [ 15.99899, 6.4998, -0.000298642 ],
			"faces": {
				"north": { "uv": [ 15.99938, 6.499374, 0.000624657, 5.500626 ], "texture": "#bamboo_block_2", "cullface": "up" },
				"south": { "uv": [ 0.000625, 9.500625, 15.99938, 10.49938 ], "texture": "#bamboo_block_2" }
			}
		},
		{
			"__comment": "PlaneY114",
			"from": [ -0.0008, 3.5007, -0.0007 ],
			"to": [ 15.9992, 4.5007, 0.000300404 ],
			"faces": {
				"north": { "uv": [ 15.99938, 4.499374, 0.000624657, 3.500625 ], "texture": "#bamboo_block_2", "cullface": "up" },
				"south": { "uv": [ 0.000625, 11.50062, 15.99938, 12.49938 ], "texture": "#bamboo_block_2" }
			}
		},
		{
			"__comment": "PlaneY114",
			"from": [ -0.0007, 1.4993, -0.1265 ],
			"to": [ 15.9993, 2.4993, -0.1255005 ],
			"faces": {
				"north": { "uv": [ 15.99938, 2.499375, 0.000624657, 1.500625 ], "texture": "#bamboo_block_2", "cullface": "up" },
				"south": { "uv": [ 0.000625, 13.50062, 15.99938, 14.49938 ], "texture": "#bamboo_block_2", "cullface": "up" }
			}
		},
		{
			"__comment": "PlaneY114",
			"from": [ 0.0001, 9.5008, -0.1251 ],
			"to": [ 16.0001, 10.5008, -0.1241006 ],
			"faces": {
				"north": { "uv": [ 15.99938, 10.49938, 0.000624657, 9.500625 ], "texture": "#bamboo_block_2", "cullface": "up" },
				"south": { "uv": [ 0.000625, 5.500626, 15.99938, 6.499374 ], "texture": "#bamboo_block_2", "cullface": "up" }
			}
		},
		{
			"__comment": "PlaneY114",
			"from": [ 0.0003, 11.5006, -0.0012 ],
			"to": [ 16.0003, 12.5006, -0.000200549 ],
			"faces": {
				"north": { "uv": [ 15.99938, 12.49938, 0.000624657, 11.50062 ], "texture": "#bamboo_block_2", "cullface": "up" },
				"south": { "uv": [ 0.000625, 3.500625, 15.99938, 4.499374 ], "texture": "#bamboo_block_2" }
			}
		},
		{
			"__comment": "PlaneY114",
			"from": [ 0.0001, 13.5007, -0.0016 ],
			"to": [ 16.0001, 14.5007, -0.000600549 ],
			"faces": {
				"north": { "uv": [ 15.99938, 14.49938, 0.000624657, 13.50062 ], "texture": "#bamboo_block_2", "cullface": "up" },
				"south": { "uv": [ 0.000625, 1.500625, 15.99938, 2.499375 ], "texture": "#bamboo_block_2" }
			}
		},
		{
			"__comment": "PlaneY121",
			"from": [ 7.4997, 0.0003, -0.1263 ],
			"to": [ 8.499699, 16.0003, -0.1252986 ],
			"faces": {
				"north": { "uv": [ 8.499375, 15.99938, 7.500625, 0.000624657 ], "texture": "#bamboo_block_2", "cullface": "up" },
				"south": { "uv": [ 7.500625, 0.000624657, 8.499375, 15.99938 ], "texture": "#bamboo_block_2", "cullface": "up" }
			}
		},
		{
			"__comment": "PlaneY121",
			"from": [ 5.4998, 0.0004, -0.1269 ],
			"to": [ 6.4998, 16.0004, -0.1259006 ],
			"faces": {
				"north": { "uv": [ 6.499375, 15.99938, 5.500625, 0.000624657 ], "texture": "#bamboo_block_2", "cullface": "up" },
				"south": { "uv": [ 5.500625, 0.000624657, 6.499375, 15.99938 ], "texture": "#bamboo_block_2", "cullface": "up" }
			}
		},
		{
			"__comment": "PlaneY121",
			"from": [ 3.4994, -0.0004, -0.1262 ],
			"to": [ 4.4994, 15.9996, -0.1252005 ],
			"faces": {
				"north": { "uv": [ 4.499375, 15.99938, 3.500625, 0.000624657 ], "texture": "#bamboo_block_2", "cullface": "up" },
				"south": { "uv": [ 3.500625, 0.000624657, 4.499375, 15.99938 ], "texture": "#bamboo_block_2", "cullface": "up" }
			}
		},
		{
			"__comment": "PlaneY121",
			"from": [ 1.4997, -0.0002, 0.1231 ],
			"to": [ 2.499701, 15.9998, 0.1240994 ],
			"faces": {
				"north": { "uv": [ 2.499375, 15.99938, 1.500625, 0.000624657 ], "texture": "#bamboo_block_2" },
				"south": { "uv": [ 1.500625, 0.000624657, 2.499375, 15.99938 ], "texture": "#bamboo_block_2" }
			}
		},
		{
			"__comment": "PlaneY121",
			"from": [ 1.499, 0.0008, -0.1258 ],
			"to": [ 2.499, 16.0008, -0.1248005 ],
			"faces": {
				"north": { "uv": [ 2.499375, 15.99938, 1.500625, 0.000624657 ], "texture": "#bamboo_block_2", "cullface": "up" },
				"south": { "uv": [ 1.500625, 0.000624657, 2.499375, 15.99938 ], "texture": "#bamboo_block_2", "cullface": "up" }
			}
		},
		{
			"__comment": "PlaneY121",
			"from": [ 9.4998, -0.0009, -0.1269 ],
			"to": [ 10.4998, 15.9991, -0.1259006 ],
			"faces": {
				"north": { "uv": [ 10.49938, 15.99938, 9.500625, 0.000624657 ], "texture": "#bamboo_block_2", "cullface": "up" },
				"south": { "uv": [ 9.500625, 0.000624657, 10.49938, 15.99938 ], "texture": "#bamboo_block_2", "cullface": "up" }
			}
		},
		{
			"__comment": "PlaneY121",
			"from": [ 11.4996, -0.0007, -0.1258 ],
			"to": [ 12.4996, 15.9993, -0.1248005 ],
			"faces": {
				"north": { "uv": [ 12.49938, 15.99938, 11.50062, 0.000624657 ], "texture": "#bamboo_block_2", "cullface": "up" },
				"south": { "uv": [ 11.50062, 0.000624657, 12.49938, 15.99938 ], "texture": "#bamboo_block_2", "cullface": "up" }
			}
		},
		{
			"__comment": "PlaneY121",
			"from": [ 13.4999, 0.0008, -0.1257 ],
			"to": [ 14.4999, 16.0008, -0.1247005 ],
			"faces": {
				"north": { "uv": [ 14.49938, 15.99938, 13.50062, 0.000624657 ], "texture": "#bamboo_block_2", "cullface": "up" },
				"south": { "uv": [ 13.50062, 0.000624657, 14.49938, 15.99938 ], "texture": "#bamboo_block_2", "cullface": "up" }
			}
		},
		{
			"__comment": "Box115",
			"from": [ 3, -1, 1 ],
			"to": [ 5, 3, 15 ],
			"faces": {
				"down": { "uv": [ 13, 15, 11, 1 ], "texture": "#bamboo_block_4", "cullface": "north" },
				"north": { "uv": [ 5, 3, 3, 0 ], "texture": "#bamboo_block_5", "cullface": "north" },
				"south": { "uv": [ 3, 13, 5, 16 ], "texture": "#bamboo_block_5", "cullface": "north" },
				"west": { "uv": [ 0, 1, 3, 15 ], "texture": "#bamboo_block_4", "cullface": "north", "rotation": 270 },
				"east": { "uv": [ 13, 1, 16, 15 ], "texture": "#bamboo_block_4", "cullface": "north", "rotation": 90 }
			}
		},
		{
			"__comment": "Box115",
			"from": [ 2, 0, 1 ],
			"to": [ 3, 2, 15 ],
			"faces": {
				"down": { "uv": [ 14, 15, 13, 1 ], "texture": "#bamboo_block_4", "cullface": "north" },
				"up": { "uv": [ 2, 1, 3, 15 ], "texture": "#bamboo_block_4" },
				"north": { "uv": [ 3, 2, 2, 0 ], "texture": "#bamboo_block_5" },
				"south": { "uv": [ 2, 14, 3, 16 ], "texture": "#bamboo_block_5" },
				"west": { "uv": [ 0, 1, 2, 15 ], "texture": "#bamboo_block_4", "rotation": 270 }
			}
		},
		{
			"__comment": "Box115",
			"from": [ 5, 0, 1 ],
			"to": [ 6, 2, 15 ],
			"faces": {
				"down": { "uv": [ 11, 15, 10, 1 ], "texture": "#bamboo_block_4", "cullface": "north" },
				"up": { "uv": [ 5, 1, 6, 15 ], "texture": "#bamboo_block_4" },
				"north": { "uv": [ 6, 2, 5, 0 ], "texture": "#bamboo_block_5" },
				"south": { "uv": [ 5, 14, 6, 16 ], "texture": "#bamboo_block_5" }
			}
		},
		{
			"__comment": "Box115",
			"from": [ 5, -0.5, 1 ],
			"to": [ 5.5, 0, 15 ],
			"faces": {
				"down": { "uv": [ 11, 15, 10.5, 1 ], "texture": "#bamboo_block_4", "cullface": "north" },
				"north": { "uv": [ 5.5, 16, 5, 15.5 ], "texture": "#bamboo_block_5", "cullface": "north" },
				"south": { "uv": [ 5, 0, 5.5, 0.5 ], "texture": "#bamboo_block_5", "cullface": "north" },
				"east": { "uv": [ 0, 1, 0.5, 15 ], "texture": "#bamboo_block_4", "cullface": "north", "rotation": 90 }
			}
		},
		{
			"__comment": "Box115",
			"from": [ 2.5, -0.5, 1 ],
			"to": [ 3, 0, 15 ],
			"faces": {
				"down": { "uv": [ 13.5, 15, 13, 1 ], "texture": "#bamboo_block_4", "cullface": "north" },
				"north": { "uv": [ 3, 16, 2.5, 15.5 ], "texture": "#bamboo_block_5", "cullface": "north" },
				"south": { "uv": [ 2.5, 0, 3, 0.5 ], "texture": "#bamboo_block_5", "cullface": "north" },
				"west": { "uv": [ 15.5, 1, 16, 15 ], "texture": "#bamboo_block_4", "cullface": "north", "rotation": 270 }
			}
		},
		{
			"__comment": "Box115",
			"from": [ 2.5, 2, 1 ],
			"to": [ 3, 2.5, 15 ],
			"faces": {
				"north": { "uv": [ 3, 2.5, 2.5, 2 ], "texture": "#bamboo_block_5" },
				"south": { "uv": [ 2.5, 13.5, 3, 14 ], "texture": "#bamboo_block_5" },
				"west": { "uv": [ 2, 1, 2.5, 15 ], "texture": "#bamboo_block_4", "rotation": 270 }
			}
		},
		{
			"__comment": "Box115",
			"from": [ 5, 2, 1 ],
			"to": [ 5.5, 2.5, 15 ],
			"faces": {
				"north": { "uv": [ 5.5, 2.5, 5, 2 ], "texture": "#bamboo_block_5" },
				"south": { "uv": [ 5, 13.5, 5.5, 14 ], "texture": "#bamboo_block_5" },
				"east": { "uv": [ 13.5, 1, 14, 15 ], "texture": "#bamboo_block_4", "rotation": 90 }
			}
		},
		{
			"__comment": "Box115",
			"from": [ 7, -1, 1 ],
			"to": [ 9, 3, 15 ],
			"faces": {
				"down": { "uv": [ 9, 15, 7, 1 ], "texture": "#bamboo_block_4", "cullface": "north" },
				"north": { "uv": [ 9, 3, 7, 0 ], "texture": "#bamboo_block_5", "cullface": "north" },
				"south": { "uv": [ 7, 13, 9, 16 ], "texture": "#bamboo_block_5", "cullface": "north" },
				"west": { "uv": [ 0, 1, 3, 15 ], "texture": "#bamboo_block_4", "cullface": "north", "rotation": 270 },
				"east": { "uv": [ 13, 1, 16, 15 ], "texture": "#bamboo_block_4", "cullface": "north", "rotation": 90 }
			}
		},
		{
			"__comment": "Box115",
			"from": [ 6, 0, 1 ],
			"to": [ 7, 2, 15 ],
			"faces": {
				"down": { "uv": [ 10, 15, 9, 1 ], "texture": "#bamboo_block_4", "cullface": "north" },
				"up": { "uv": [ 6, 1, 7, 15 ], "texture": "#bamboo_block_4" },
				"north": { "uv": [ 7, 2, 6, 0 ], "texture": "#bamboo_block_5" },
				"south": { "uv": [ 6, 14, 7, 16 ], "texture": "#bamboo_block_5" }
			}
		},
		{
			"__comment": "Box115",
			"from": [ 9, 0, 1 ],
			"to": [ 10, 2, 15 ],
			"faces": {
				"down": { "uv": [ 7, 15, 6, 1 ], "texture": "#bamboo_block_4", "cullface": "north" },
				"up": { "uv": [ 9, 1, 10, 15 ], "texture": "#bamboo_block_4" },
				"north": { "uv": [ 10, 2, 9, 0 ], "texture": "#bamboo_block_5" },
				"south": { "uv": [ 9, 14, 10, 16 ], "texture": "#bamboo_block_5" }
			}
		},
		{
			"__comment": "Box115",
			"from": [ 9, -0.5, 1 ],
			"to": [ 9.5, 0, 15 ],
			"faces": {
				"down": { "uv": [ 7, 15, 6.5, 1 ], "texture": "#bamboo_block_4", "cullface": "north" },
				"north": { "uv": [ 9.5, 16, 9, 15.5 ], "texture": "#bamboo_block_5", "cullface": "north" },
				"south": { "uv": [ 9, 0, 9.5, 0.5 ], "texture": "#bamboo_block_5", "cullface": "north" },
				"east": { "uv": [ 0, 1, 0.5, 15 ], "texture": "#bamboo_block_4", "cullface": "north", "rotation": 90 }
			}
		},
		{
			"__comment": "Box115",
			"from": [ 6.5, -0.5, 1 ],
			"to": [ 7, 0, 15 ],
			"faces": {
				"down": { "uv": [ 9.5, 15, 9, 1 ], "texture": "#bamboo_block_4", "cullface": "north" },
				"north": { "uv": [ 7, 16, 6.5, 15.5 ], "texture": "#bamboo_block_5", "cullface": "north" },
				"south": { "uv": [ 6.5, 0, 7, 0.5 ], "texture": "#bamboo_block_5", "cullface": "north" },
				"west": { "uv": [ 15.5, 1, 16, 15 ], "texture": "#bamboo_block_4", "cullface": "north", "rotation": 270 }
			}
		},
		{
			"__comment": "Box115",
			"from": [ 6.5, 2, 1 ],
			"to": [ 7, 2.5, 15 ],
			"faces": {
				"north": { "uv": [ 7, 2.5, 6.5, 2 ], "texture": "#bamboo_block_5" },
				"south": { "uv": [ 6.5, 13.5, 7, 14 ], "texture": "#bamboo_block_5" },
				"west": { "uv": [ 2, 1, 2.5, 15 ], "texture": "#bamboo_block_4", "rotation": 270 }
			}
		},
		{
			"__comment": "Box115",
			"from": [ 9, 2, 1 ],
			"to": [ 9.5, 2.5, 15 ],
			"faces": {
				"north": { "uv": [ 9.5, 2.5, 9, 2 ], "texture": "#bamboo_block_5" },
				"south": { "uv": [ 9, 13.5, 9.5, 14 ], "texture": "#bamboo_block_5" },
				"east": { "uv": [ 13.5, 1, 14, 15 ], "texture": "#bamboo_block_4", "rotation": 90 }
			}
		},
		{
			"__comment": "Box115",
			"from": [ 11, -1, 1 ],
			"to": [ 13, 3, 15 ],
			"faces": {
				"down": { "uv": [ 5, 15, 3, 1 ], "texture": "#bamboo_block_4", "cullface": "north" },
				"north": { "uv": [ 13, 3, 11, 0 ], "texture": "#bamboo_block_5", "cullface": "north" },
				"south": { "uv": [ 11, 13, 13, 16 ], "texture": "#bamboo_block_5", "cullface": "north" },
				"west": { "uv": [ 0, 1, 3, 15 ], "texture": "#bamboo_block_4", "cullface": "north", "rotation": 270 },
				"east": { "uv": [ 13, 1, 16, 15 ], "texture": "#bamboo_block_4", "cullface": "north", "rotation": 90 }
			}
		},
		{
			"__comment": "Box115",
			"from": [ 10, 0, 1 ],
			"to": [ 11, 2, 15 ],
			"faces": {
				"down": { "uv": [ 6, 15, 5, 1 ], "texture": "#bamboo_block_4", "cullface": "north" },
				"up": { "uv": [ 10, 1, 11, 15 ], "texture": "#bamboo_block_4" },
				"north": { "uv": [ 11, 2, 10, 0 ], "texture": "#bamboo_block_5" },
				"south": { "uv": [ 10, 14, 11, 16 ], "texture": "#bamboo_block_5" }
			}
		},
		{
			"__comment": "Box115",
			"from": [ 13, 0, 1 ],
			"to": [ 14, 2, 15 ],
			"faces": {
				"down": { "uv": [ 3, 15, 2, 1 ], "texture": "#bamboo_block_4", "cullface": "north" },
				"up": { "uv": [ 13, 1, 14, 15 ], "texture": "#bamboo_block_4" },
				"north": { "uv": [ 14, 2, 13, 0 ], "texture": "#bamboo_block_5" },
				"south": { "uv": [ 13, 14, 14, 16 ], "texture": "#bamboo_block_5" },
				"east": { "uv": [ 14, 1, 16, 15 ], "texture": "#bamboo_block_4", "rotation": 90 }
			}
		},
		{
			"__comment": "Box115",
			"from": [ 13, -0.5, 1 ],
			"to": [ 13.5, 0, 15 ],
			"faces": {
				"down": { "uv": [ 3, 15, 2.5, 1 ], "texture": "#bamboo_block_4", "cullface": "north" },
				"north": { "uv": [ 13.5, 16, 13, 15.5 ], "texture": "#bamboo_block_5", "cullface": "north" },
				"south": { "uv": [ 13, 0, 13.5, 0.5 ], "texture": "#bamboo_block_5", "cullface": "north" },
				"east": { "uv": [ 0, 1, 0.5, 15 ], "texture": "#bamboo_block_4", "cullface": "north", "rotation": 90 }
			}
		},
		{
			"__comment": "Box115",
			"from": [ 10.5, -0.5, 1 ],
			"to": [ 11, 0, 15 ],
			"faces": {
				"down": { "uv": [ 5.5, 15, 5, 1 ], "texture": "#bamboo_block_4", "cullface": "north" },
				"north": { "uv": [ 11, 16, 10.5, 15.5 ], "texture": "#bamboo_block_5", "cullface": "north" },
				"south": { "uv": [ 10.5, 0, 11, 0.5 ], "texture": "#bamboo_block_5", "cullface": "north" },
				"west": { "uv": [ 15.5, 1, 16, 15 ], "texture": "#bamboo_block_4", "cullface": "north", "rotation": 270 }
			}
		},
		{
			"__comment": "Box115",
			"from": [ 10.5, 2, 1 ],
			"to": [ 11, 2.5, 15 ],
			"faces": {
				"north": { "uv": [ 11, 2.5, 10.5, 2 ], "texture": "#bamboo_block_5" },
				"south": { "uv": [ 10.5, 13.5, 11, 14 ], "texture": "#bamboo_block_5" },
				"west": { "uv": [ 2, 1, 2.5, 15 ], "texture": "#bamboo_block_4", "rotation": 270 }
			}
		},
		{
			"__comment": "Box115",
			"from": [ 13, 2, 1 ],
			"to": [ 13.5, 2.5, 15 ],
			"faces": {
				"north": { "uv": [ 13.5, 2.5, 13, 2 ], "texture": "#bamboo_block_5" },
				"south": { "uv": [ 13, 13.5, 13.5, 14 ], "texture": "#bamboo_block_5" },
				"east": { "uv": [ 13.5, 1, 14, 15 ], "texture": "#bamboo_block_4", "rotation": 90 }
			}
		},
		{
			"__comment": "Box115",
			"from": [ 11, 13, 1 ],
			"to": [ 13, 17, 15 ],
			"faces": {
				"up": { "uv": [ 11, 1, 13, 15 ], "texture": "#bamboo_block_4", "cullface": "south" },
				"north": { "uv": [ 13, 16, 11, 13 ], "texture": "#bamboo_block_5", "cullface": "south" },
				"south": { "uv": [ 11, 0, 13, 3 ], "texture": "#bamboo_block_5", "cullface": "south" },
				"west": { "uv": [ 13, 1, 16, 15 ], "texture": "#bamboo_block_4", "cullface": "south", "rotation": 270 },
				"east": { "uv": [ 0, 1, 3, 15 ], "texture": "#bamboo_block_4", "cullface": "south", "rotation": 90 }
			}
		},
		{
			"__comment": "Box115",
			"from": [ 10, 14, 1 ],
			"to": [ 11, 16, 15 ],
			"faces": {
				"down": { "uv": [ 6, 15, 5, 1 ], "texture": "#bamboo_block_4" },
				"up": { "uv": [ 10, 1, 11, 15 ], "texture": "#bamboo_block_4", "cullface": "south" },
				"north": { "uv": [ 11, 16, 10, 14 ], "texture": "#bamboo_block_5" },
				"south": { "uv": [ 10, 0, 11, 2 ], "texture": "#bamboo_block_5" }
			}
		},
		{
			"__comment": "Box115",
			"from": [ 13, 14, 1 ],
			"to": [ 14, 16, 15 ],
			"faces": {
				"down": { "uv": [ 3, 15, 2, 1 ], "texture": "#bamboo_block_4" },
				"up": { "uv": [ 13, 1, 14, 15 ], "texture": "#bamboo_block_4", "cullface": "south" },
				"north": { "uv": [ 14, 16, 13, 14 ], "texture": "#bamboo_block_5" },
				"south": { "uv": [ 13, 0, 14, 2 ], "texture": "#bamboo_block_5" },
				"east": { "uv": [ 0, 1, 2, 15 ], "texture": "#bamboo_block_4", "rotation": 90 }
			}
		},
		{
			"__comment": "Box115",
			"from": [ 13, 13.5, 1 ],
			"to": [ 13.5, 14, 15 ],
			"faces": {
				"north": { "uv": [ 13.5, 14, 13, 13.5 ], "texture": "#bamboo_block_5" },
				"south": { "uv": [ 13, 2, 13.5, 2.5 ], "texture": "#bamboo_block_5" },
				"east": { "uv": [ 2, 1, 2.5, 15 ], "texture": "#bamboo_block_4", "rotation": 90 }
			}
		},
		{
			"__comment": "Box115",
			"from": [ 10.5, 13.5, 1 ],
			"to": [ 11, 14, 15 ],
			"faces": {
				"north": { "uv": [ 11, 14, 10.5, 13.5 ], "texture": "#bamboo_block_5" },
				"south": { "uv": [ 10.5, 2, 11, 2.5 ], "texture": "#bamboo_block_5" },
				"west": { "uv": [ 13.5, 1, 14, 15 ], "texture": "#bamboo_block_4", "rotation": 270 }
			}
		},
		{
			"__comment": "Box115",
			"from": [ 10.5, 16, 1 ],
			"to": [ 11, 16.5, 15 ],
			"faces": {
				"up": { "uv": [ 10.5, 1, 11, 15 ], "texture": "#bamboo_block_4", "cullface": "south" },
				"north": { "uv": [ 11, 0.5, 10.5, 0 ], "texture": "#bamboo_block_5", "cullface": "south" },
				"south": { "uv": [ 10.5, 15.5, 11, 16 ], "texture": "#bamboo_block_5", "cullface": "south" },
				"west": { "uv": [ 0, 1, 0.5, 15 ], "texture": "#bamboo_block_4", "cullface": "south", "rotation": 270 }
			}
		},
		{
			"__comment": "Box115",
			"from": [ 13, 16, 1 ],
			"to": [ 13.5, 16.5, 15 ],
			"faces": {
				"up": { "uv": [ 13, 1, 13.5, 15 ], "texture": "#bamboo_block_4", "cullface": "south" },
				"north": { "uv": [ 13.5, 0.5, 13, 0 ], "texture": "#bamboo_block_5", "cullface": "south" },
				"south": { "uv": [ 13, 15.5, 13.5, 16 ], "texture": "#bamboo_block_5", "cullface": "south" },
				"east": { "uv": [ 15.5, 1, 16, 15 ], "texture": "#bamboo_block_4", "cullface": "south", "rotation": 90 }
			}
		},
		{
			"__comment": "Box115",
			"from": [ 7, 13, 1 ],
			"to": [ 9, 17, 15 ],
			"faces": {
				"up": { "uv": [ 7, 1, 9, 15 ], "texture": "#bamboo_block_4", "cullface": "south" },
				"north": { "uv": [ 9, 16, 7, 13 ], "texture": "#bamboo_block_5", "cullface": "south" },
				"south": { "uv": [ 7, 0, 9, 3 ], "texture": "#bamboo_block_5", "cullface": "south" },
				"west": { "uv": [ 13, 1, 16, 15 ], "texture": "#bamboo_block_4", "cullface": "south", "rotation": 270 },
				"east": { "uv": [ 0, 1, 3, 15 ], "texture": "#bamboo_block_4", "cullface": "south", "rotation": 90 }
			}
		},
		{
			"__comment": "Box115",
			"from": [ 6, 14, 1 ],
			"to": [ 7, 16, 15 ],
			"faces": {
				"down": { "uv": [ 10, 15, 9, 1 ], "texture": "#bamboo_block_4" },
				"up": { "uv": [ 6, 1, 7, 15 ], "texture": "#bamboo_block_4", "cullface": "south" },
				"north": { "uv": [ 7, 16, 6, 14 ], "texture": "#bamboo_block_5" },
				"south": { "uv": [ 6, 0, 7, 2 ], "texture": "#bamboo_block_5" }
			}
		},
		{
			"__comment": "Box115",
			"from": [ 9, 14, 1 ],
			"to": [ 10, 16, 15 ],
			"faces": {
				"down": { "uv": [ 7, 15, 6, 1 ], "texture": "#bamboo_block_4" },
				"up": { "uv": [ 9, 1, 10, 15 ], "texture": "#bamboo_block_4", "cullface": "south" },
				"north": { "uv": [ 10, 16, 9, 14 ], "texture": "#bamboo_block_5" },
				"south": { "uv": [ 9, 0, 10, 2 ], "texture": "#bamboo_block_5" }
			}
		},
		{
			"__comment": "Box115",
			"from": [ 9, 13.5, 1 ],
			"to": [ 9.5, 14, 15 ],
			"faces": {
				"north": { "uv": [ 9.5, 14, 9, 13.5 ], "texture": "#bamboo_block_5" },
				"south": { "uv": [ 9, 2, 9.5, 2.5 ], "texture": "#bamboo_block_5" },
				"east": { "uv": [ 2, 1, 2.5, 15 ], "texture": "#bamboo_block_4", "rotation": 90 }
			}
		},
		{
			"__comment": "Box115",
			"from": [ 6.5, 13.5, 1 ],
			"to": [ 7, 14, 15 ],
			"faces": {
				"north": { "uv": [ 7, 14, 6.5, 13.5 ], "texture": "#bamboo_block_5" },
				"south": { "uv": [ 6.5, 2, 7, 2.5 ], "texture": "#bamboo_block_5" },
				"west": { "uv": [ 13.5, 1, 14, 15 ], "texture": "#bamboo_block_4", "rotation": 270 }
			}
		},
		{
			"__comment": "Box115",
			"from": [ 6.5, 16, 1 ],
			"to": [ 7, 16.5, 15 ],
			"faces": {
				"up": { "uv": [ 6.5, 1, 7, 15 ], "texture": "#bamboo_block_4", "cullface": "south" },
				"north": { "uv": [ 7, 0.5, 6.5, 0 ], "texture": "#bamboo_block_5", "cullface": "south" },
				"south": { "uv": [ 6.5, 15.5, 7, 16 ], "texture": "#bamboo_block_5", "cullface": "south" },
				"west": { "uv": [ 0, 1, 0.5, 15 ], "texture": "#bamboo_block_4", "cullface": "south", "rotation": 270 }
			}
		},
		{
			"__comment": "Box115",
			"from": [ 9, 16, 1 ],
			"to": [ 9.5, 16.5, 15 ],
			"faces": {
				"up": { "uv": [ 9, 1, 9.5, 15 ], "texture": "#bamboo_block_4", "cullface": "south" },
				"north": { "uv": [ 9.5, 0.5, 9, 0 ], "texture": "#bamboo_block_5", "cullface": "south" },
				"south": { "uv": [ 9, 15.5, 9.5, 16 ], "texture": "#bamboo_block_5", "cullface": "south" },
				"east": { "uv": [ 15.5, 1, 16, 15 ], "texture": "#bamboo_block_4", "cullface": "south", "rotation": 90 }
			}
		},
		{
			"__comment": "Box115",
			"from": [ 3, 13, 1 ],
			"to": [ 5, 17, 15 ],
			"faces": {
				"up": { "uv": [ 3, 1, 5, 15 ], "texture": "#bamboo_block_4", "cullface": "south" },
				"north": { "uv": [ 5, 16, 3, 13 ], "texture": "#bamboo_block_5", "cullface": "south" },
				"south": { "uv": [ 3, 0, 5, 3 ], "texture": "#bamboo_block_5", "cullface": "south" },
				"west": { "uv": [ 13, 1, 16, 15 ], "texture": "#bamboo_block_4", "cullface": "south", "rotation": 270 },
				"east": { "uv": [ 0, 1, 3, 15 ], "texture": "#bamboo_block_4", "cullface": "south", "rotation": 90 }
			}
		},
		{
			"__comment": "Box115",
			"from": [ 2, 14, 1 ],
			"to": [ 3, 16, 15 ],
			"faces": {
				"down": { "uv": [ 14, 15, 13, 1 ], "texture": "#bamboo_block_4" },
				"up": { "uv": [ 2, 1, 3, 15 ], "texture": "#bamboo_block_4", "cullface": "south" },
				"north": { "uv": [ 3, 16, 2, 14 ], "texture": "#bamboo_block_5" },
				"south": { "uv": [ 2, 0, 3, 2 ], "texture": "#bamboo_block_5" },
				"west": { "uv": [ 14, 1, 16, 15 ], "texture": "#bamboo_block_4", "rotation": 270 }
			}
		},
		{
			"__comment": "Box115",
			"from": [ 5, 14, 1 ],
			"to": [ 6, 16, 15 ],
			"faces": {
				"down": { "uv": [ 11, 15, 10, 1 ], "texture": "#bamboo_block_4" },
				"up": { "uv": [ 5, 1, 6, 15 ], "texture": "#bamboo_block_4", "cullface": "south" },
				"north": { "uv": [ 6, 16, 5, 14 ], "texture": "#bamboo_block_5" },
				"south": { "uv": [ 5, 0, 6, 2 ], "texture": "#bamboo_block_5" }
			}
		},
		{
			"__comment": "Box115",
			"from": [ 5, 13.5, 1 ],
			"to": [ 5.5, 14, 15 ],
			"faces": {
				"north": { "uv": [ 5.5, 14, 5, 13.5 ], "texture": "#bamboo_block_5" },
				"south": { "uv": [ 5, 2, 5.5, 2.5 ], "texture": "#bamboo_block_5" },
				"east": { "uv": [ 2, 1, 2.5, 15 ], "texture": "#bamboo_block_4", "rotation": 90 }
			}
		},
		{
			"__comment": "Box115",
			"from": [ 2.5, 13.5, 1 ],
			"to": [ 3, 14, 15 ],
			"faces": {
				"north": { "uv": [ 3, 14, 2.5, 13.5 ], "texture": "#bamboo_block_5" },
				"south": { "uv": [ 2.5, 2, 3, 2.5 ], "texture": "#bamboo_block_5" },
				"west": { "uv": [ 13.5, 1, 14, 15 ], "texture": "#bamboo_block_4", "rotation": 270 }
			}
		},
		{
			"__comment": "Box115",
			"from": [ 2.5, 16, 1 ],
			"to": [ 3, 16.5, 15 ],
			"faces": {
				"up": { "uv": [ 2.5, 1, 3, 15 ], "texture": "#bamboo_block_4", "cullface": "south" },
				"north": { "uv": [ 3, 0.5, 2.5, 0 ], "texture": "#bamboo_block_5", "cullface": "south" },
				"south": { "uv": [ 2.5, 15.5, 3, 16 ], "texture": "#bamboo_block_5", "cullface": "south" },
				"west": { "uv": [ 0, 1, 0.5, 15 ], "texture": "#bamboo_block_4", "cullface": "south", "rotation": 270 }
			}
		},
		{
			"__comment": "Box115",
			"from": [ 5, 16, 1 ],
			"to": [ 5.5, 16.5, 15 ],
			"faces": {
				"up": { "uv": [ 5, 1, 5.5, 15 ], "texture": "#bamboo_block_4", "cullface": "south" },
				"north": { "uv": [ 5.5, 0.5, 5, 0 ], "texture": "#bamboo_block_5", "cullface": "south" },
				"south": { "uv": [ 5, 15.5, 5.5, 16 ], "texture": "#bamboo_block_5", "cullface": "south" },
				"east": { "uv": [ 15.5, 1, 16, 15 ], "texture": "#bamboo_block_4", "cullface": "south", "rotation": 90 }
			}
		},
		{
			"__comment": "Box115",
			"from": [ -1, 11, 1 ],
			"to": [ 0, 13, 15 ],
			"faces": {
				"down": { "uv": [ 1, 15, 0, 1 ], "texture": "#bamboo_block_4", "cullface": "west" },
				"up": { "uv": [ 15, 1, 16, 15 ], "texture": "#bamboo_block_4", "cullface": "west" },
				"north": { "uv": [ 16, 13, 15, 11 ], "texture": "#bamboo_block_5", "cullface": "west" },
				"south": { "uv": [ 15, 3, 16, 5 ], "texture": "#bamboo_block_5", "cullface": "west" },
				"west": { "uv": [ 11, 1, 13, 15 ], "texture": "#bamboo_block_4", "cullface": "west", "rotation": 270 }
			}
		},
		{
			"__comment": "Box115",
			"from": [ -0.5, 10.5, 1 ],
			"to": [ 0, 11, 15 ],
			"faces": {
				"down": { "uv": [ 0.5, 15, 0, 1 ], "texture": "#bamboo_block_4", "cullface": "west" },
				"north": { "uv": [ 16, 11, 15.5, 10.5 ], "texture": "#bamboo_block_5", "cullface": "west" },
				"south": { "uv": [ 15.5, 5, 16, 5.5 ], "texture": "#bamboo_block_5", "cullface": "west" },
				"west": { "uv": [ 10.5, 1, 11, 15 ], "texture": "#bamboo_block_4", "cullface": "west", "rotation": 270 }
			}
		},
		{
			"__comment": "Box115",
			"from": [ -0.5, 13, 1 ],
			"to": [ 0, 13.5, 15 ],
			"faces": {
				"up": { "uv": [ 15.5, 1, 16, 15 ], "texture": "#bamboo_block_4", "cullface": "west" },
				"north": { "uv": [ 16, 13.5, 15.5, 13 ], "texture": "#bamboo_block_5", "cullface": "west" },
				"south": { "uv": [ 15.5, 2.5, 16, 3 ], "texture": "#bamboo_block_5", "cullface": "west" },
				"west": { "uv": [ 13, 1, 13.5, 15 ], "texture": "#bamboo_block_4", "cullface": "west", "rotation": 270 }
			}
		},
		{
			"__comment": "Box115",
			"from": [ 16, 11, 1 ],
			"to": [ 17, 13, 15 ],
			"faces": {
				"down": { "uv": [ 16, 15, 15, 1 ], "texture": "#bamboo_block_4", "cullface": "east" },
				"up": { "uv": [ 0, 1, 1, 15 ], "texture": "#bamboo_block_4", "cullface": "east" },
				"north": { "uv": [ 1, 13, 0, 11 ], "texture": "#bamboo_block_5", "cullface": "east" },
				"south": { "uv": [ 0, 3, 1, 5 ], "texture": "#bamboo_block_5", "cullface": "east" },
				"east": { "uv": [ 3, 1, 5, 15 ], "texture": "#bamboo_block_4", "cullface": "east", "rotation": 90 }
			}
		},
		{
			"__comment": "Box115",
			"from": [ 16, 10.5, 1 ],
			"to": [ 16.5, 11, 15 ],
			"faces": {
				"down": { "uv": [ 16, 15, 15.5, 1 ], "texture": "#bamboo_block_4", "cullface": "east" },
				"north": { "uv": [ 0.5, 11, 0, 10.5 ], "texture": "#bamboo_block_5", "cullface": "east" },
				"south": { "uv": [ 0, 5, 0.5, 5.5 ], "texture": "#bamboo_block_5", "cullface": "east" },
				"east": { "uv": [ 5, 1, 5.5, 15 ], "texture": "#bamboo_block_4", "cullface": "east", "rotation": 90 }
			}
		},
		{
			"__comment": "Box115",
			"from": [ 16, 13, 1 ],
			"to": [ 16.5, 13.5, 15 ],
			"faces": {
				"up": { "uv": [ 0, 1, 0.5, 15 ], "texture": "#bamboo_block_4", "cullface": "east" },
				"north": { "uv": [ 0.5, 13.5, 0, 13 ], "texture": "#bamboo_block_5", "cullface": "east" },
				"south": { "uv": [ 0, 2.5, 0.5, 3 ], "texture": "#bamboo_block_5", "cullface": "east" },
				"east": { "uv": [ 2.5, 1, 3, 15 ], "texture": "#bamboo_block_4", "cullface": "east", "rotation": 90 }
			}
		},
		{
			"__comment": "Box115",
			"from": [ 16, 7, 1 ],
			"to": [ 17, 9, 15 ],
			"faces": {
				"down": { "uv": [ 16, 15, 15, 1 ], "texture": "#bamboo_block_4", "cullface": "east" },
				"up": { "uv": [ 0, 1, 1, 15 ], "texture": "#bamboo_block_4", "cullface": "east" },
				"north": { "uv": [ 1, 9, 0, 7 ], "texture": "#bamboo_block_5", "cullface": "east" },
				"south": { "uv": [ 0, 7, 1, 9 ], "texture": "#bamboo_block_5", "cullface": "east" },
				"east": { "uv": [ 7, 1, 9, 15 ], "texture": "#bamboo_block_4", "cullface": "east", "rotation": 90 }
			}
		},
		{
			"__comment": "Box115",
			"from": [ 16, 6.5, 1 ],
			"to": [ 16.5, 7, 15 ],
			"faces": {
				"down": { "uv": [ 16, 15, 15.5, 1 ], "texture": "#bamboo_block_4", "cullface": "east" },
				"north": { "uv": [ 0.5, 7, 0, 6.5 ], "texture": "#bamboo_block_5", "cullface": "east" },
				"south": { "uv": [ 0, 9, 0.5, 9.5 ], "texture": "#bamboo_block_5", "cullface": "east" },
				"east": { "uv": [ 9, 1, 9.5, 15 ], "texture": "#bamboo_block_4", "cullface": "east", "rotation": 90 }
			}
		},
		{
			"__comment": "Box115",
			"from": [ 16, 9, 1 ],
			"to": [ 16.5, 9.5, 15 ],
			"faces": {
				"up": { "uv": [ 0, 1, 0.5, 15 ], "texture": "#bamboo_block_4", "cullface": "east" },
				"north": { "uv": [ 0.5, 9.5, 0, 9 ], "texture": "#bamboo_block_5", "cullface": "east" },
				"south": { "uv": [ 0, 6.5, 0.5, 7 ], "texture": "#bamboo_block_5", "cullface": "east" },
				"east": { "uv": [ 6.5, 1, 7, 15 ], "texture": "#bamboo_block_4", "cullface": "east", "rotation": 90 }
			}
		},
		{
			"__comment": "Box115",
			"from": [ -1, 7, 1 ],
			"to": [ 0, 9, 15 ],
			"faces": {
				"down": { "uv": [ 1, 15, 0, 1 ], "texture": "#bamboo_block_4", "cullface": "west" },
				"up": { "uv": [ 15, 1, 16, 15 ], "texture": "#bamboo_block_4", "cullface": "west" },
				"north": { "uv": [ 16, 9, 15, 7 ], "texture": "#bamboo_block_5", "cullface": "west" },
				"south": { "uv": [ 15, 7, 16, 9 ], "texture": "#bamboo_block_5", "cullface": "west" },
				"west": { "uv": [ 7, 1, 9, 15 ], "texture": "#bamboo_block_4", "cullface": "west", "rotation": 270 }
			}
		},
		{
			"__comment": "Box115",
			"from": [ -0.5, 6.5, 1 ],
			"to": [ 0, 7, 15 ],
			"faces": {
				"down": { "uv": [ 0.5, 15, 0, 1 ], "texture": "#bamboo_block_4", "cullface": "west" },
				"north": { "uv": [ 16, 7, 15.5, 6.5 ], "texture": "#bamboo_block_5", "cullface": "west" },
				"south": { "uv": [ 15.5, 9, 16, 9.5 ], "texture": "#bamboo_block_5", "cullface": "west" },
				"west": { "uv": [ 6.5, 1, 7, 15 ], "texture": "#bamboo_block_4", "cullface": "west", "rotation": 270 }
			}
		},
		{
			"__comment": "Box115",
			"from": [ -0.5, 9, 1 ],
			"to": [ 0, 9.5, 15 ],
			"faces": {
				"up": { "uv": [ 15.5, 1, 16, 15 ], "texture": "#bamboo_block_4", "cullface": "west" },
				"north": { "uv": [ 16, 9.5, 15.5, 9 ], "texture": "#bamboo_block_5", "cullface": "west" },
				"south": { "uv": [ 15.5, 6.5, 16, 7 ], "texture": "#bamboo_block_5", "cullface": "west" },
				"west": { "uv": [ 9, 1, 9.5, 15 ], "texture": "#bamboo_block_4", "cullface": "west", "rotation": 270 }
			}
		},
		{
			"__comment": "Box115",
			"from": [ -1, 3, 1 ],
			"to": [ 0, 5, 15 ],
			"faces": {
				"down": { "uv": [ 1, 15, 0, 1 ], "texture": "#bamboo_block_4", "cullface": "west" },
				"up": { "uv": [ 15, 1, 16, 15 ], "texture": "#bamboo_block_4", "cullface": "west" },
				"north": { "uv": [ 16, 5, 15, 3 ], "texture": "#bamboo_block_5", "cullface": "west" },
				"south": { "uv": [ 15, 11, 16, 13 ], "texture": "#bamboo_block_5", "cullface": "west" },
				"west": { "uv": [ 3, 1, 5, 15 ], "texture": "#bamboo_block_4", "cullface": "west", "rotation": 270 }
			}
		},
		{
			"__comment": "Box115",
			"from": [ -0.5, 2.5, 1 ],
			"to": [ 0, 3, 15 ],
			"faces": {
				"down": { "uv": [ 0.5, 15, 0, 1 ], "texture": "#bamboo_block_4", "cullface": "west" },
				"north": { "uv": [ 16, 3, 15.5, 2.5 ], "texture": "#bamboo_block_5", "cullface": "west" },
				"south": { "uv": [ 15.5, 13, 16, 13.5 ], "texture": "#bamboo_block_5", "cullface": "west" },
				"west": { "uv": [ 2.5, 1, 3, 15 ], "texture": "#bamboo_block_4", "cullface": "west", "rotation": 270 }
			}
		},
		{
			"__comment": "Box115",
			"from": [ -0.5, 5, 1 ],
			"to": [ 0, 5.5, 15 ],
			"faces": {
				"up": { "uv": [ 15.5, 1, 16, 15 ], "texture": "#bamboo_block_4", "cullface": "west" },
				"north": { "uv": [ 16, 5.5, 15.5, 5 ], "texture": "#bamboo_block_5", "cullface": "west" },
				"south": { "uv": [ 15.5, 10.5, 16, 11 ], "texture": "#bamboo_block_5", "cullface": "west" },
				"west": { "uv": [ 5, 1, 5.5, 15 ], "texture": "#bamboo_block_4", "cullface": "west", "rotation": 270 }
			}
		},
		{
			"__comment": "Box115",
			"from": [ 16, 3, 1 ],
			"to": [ 17, 5, 15 ],
			"faces": {
				"down": { "uv": [ 16, 15, 15, 1 ], "texture": "#bamboo_block_4", "cullface": "east" },
				"up": { "uv": [ 0, 1, 1, 15 ], "texture": "#bamboo_block_4", "cullface": "east" },
				"north": { "uv": [ 1, 5, 0, 3 ], "texture": "#bamboo_block_5", "cullface": "east" },
				"south": { "uv": [ 0, 11, 1, 13 ], "texture": "#bamboo_block_5", "cullface": "east" },
				"east": { "uv": [ 11, 1, 13, 15 ], "texture": "#bamboo_block_4", "cullface": "east", "rotation": 90 }
			}
		},
		{
			"__comment": "Box115",
			"from": [ 16, 2.5, 1 ],
			"to": [ 16.5, 3, 15 ],
			"faces": {
				"down": { "uv": [ 16, 15, 15.5, 1 ], "texture": "#bamboo_block_4", "cullface": "east" },
				"north": { "uv": [ 0.5, 3, 0, 2.5 ], "texture": "#bamboo_block_5", "cullface": "east" },
				"south": { "uv": [ 0, 13, 0.5, 13.5 ], "texture": "#bamboo_block_5", "cullface": "east" },
				"east": { "uv": [ 13, 1, 13.5, 15 ], "texture": "#bamboo_block_4", "cullface": "east", "rotation": 90 }
			}
		},
		{
			"__comment": "Box115",
			"from": [ 16, 5, 1 ],
			"to": [ 16.5, 5.5, 15 ],
			"faces": {
				"up": { "uv": [ 0, 1, 0.5, 15 ], "texture": "#bamboo_block_4", "cullface": "east" },
				"north": { "uv": [ 0.5, 5.5, 0, 5 ], "texture": "#bamboo_block_5", "cullface": "east" },
				"south": { "uv": [ 0, 10.5, 0.5, 11 ], "texture": "#bamboo_block_5", "cullface": "east" },
				"east": { "uv": [ 10.5, 1, 11, 15 ], "texture": "#bamboo_block_4", "cullface": "east", "rotation": 90 }
			}
		},
		{
			"__comment": "Box143",
			"from": [ 2, 2.5, 1 ],
			"to": [ 14, 13.5, 15 ],
			"faces": {
				"down": { "uv": [ 14, 15, 2, 1 ], "texture": "#bamboo_block_4" },
				"up": { "uv": [ 2, 1, 14, 15 ], "texture": "#bamboo_block_4" },
				"north": { "uv": [ 14, 13.5, 2, 2.5 ], "texture": "#bamboo_block_5" },
				"south": { "uv": [ 2, 2.5, 14, 13.5 ], "texture": "#bamboo_block_5" },
				"west": { "uv": [ 2.5, 1, 13.5, 15 ], "texture": "#bamboo_block_4", "rotation": 270 },
				"east": { "uv": [ 2.5, 1, 13.5, 15 ], "texture": "#bamboo_block_4", "rotation": 90 }
			}
		},
		{
			"__comment": "Box115",
			"from": [ 0, 10, 1 ],
			"to": [ 2, 14, 15 ],
			"faces": {
				"up": { "uv": [ 0, 1, 2, 15 ], "texture": "#bamboo_block_4" },
				"north": { "uv": [ 2, 14, 0, 10 ], "texture": "#bamboo_block_5" },
				"south": { "uv": [ 0, 2, 2, 6 ], "texture": "#bamboo_block_5" },
				"west": { "uv": [ 10, 1, 14, 15 ], "texture": "#bamboo_block_4", "cullface": "west", "rotation": 270 },
				"east": { "uv": [ 2, 1, 6, 15 ], "texture": "#bamboo_block_4", "rotation": 90 }
			}
		},
		{
			"__comment": "Box115",
			"from": [ 14, 10, 1 ],
			"to": [ 16, 14, 15 ],
			"faces": {
				"up": { "uv": [ 14, 1, 16, 15 ], "texture": "#bamboo_block_4" },
				"north": { "uv": [ 16, 14, 14, 10 ], "texture": "#bamboo_block_5" },
				"south": { "uv": [ 14, 2, 16, 6 ], "texture": "#bamboo_block_5" },
				"west": { "uv": [ 10, 1, 14, 15 ], "texture": "#bamboo_block_4", "rotation": 270 },
				"east": { "uv": [ 2, 1, 6, 15 ], "texture": "#bamboo_block_4", "cullface": "east", "rotation": 90 }
			}
		},
		{
			"__comment": "Box115",
			"from": [ 14, 6, 1 ],
			"to": [ 16, 10, 15 ],
			"faces": {
				"north": { "uv": [ 16, 10, 14, 6 ], "texture": "#bamboo_block_5" },
				"south": { "uv": [ 14, 6, 16, 10 ], "texture": "#bamboo_block_5" },
				"east": { "uv": [ 6, 1, 10, 15 ], "texture": "#bamboo_block_4", "cullface": "east", "rotation": 90 }
			}
		},
		{
			"__comment": "Box115",
			"from": [ 0, 6, 1 ],
			"to": [ 2, 10, 15 ],
			"faces": {
				"north": { "uv": [ 2, 10, 0, 6 ], "texture": "#bamboo_block_5" },
				"south": { "uv": [ 0, 6, 2, 10 ], "texture": "#bamboo_block_5" },
				"west": { "uv": [ 6, 1, 10, 15 ], "texture": "#bamboo_block_4", "cullface": "west", "rotation": 270 }
			}
		},
		{
			"__comment": "Box115",
			"from": [ 0, 2, 1 ],
			"to": [ 2, 6, 15 ],
			"faces": {
				"down": { "uv": [ 16, 15, 14, 1 ], "texture": "#bamboo_block_4" },
				"north": { "uv": [ 2, 6, 0, 2 ], "texture": "#bamboo_block_5" },
				"south": { "uv": [ 0, 10, 2, 14 ], "texture": "#bamboo_block_5" },
				"west": { "uv": [ 2, 1, 6, 15 ], "texture": "#bamboo_block_4", "cullface": "west", "rotation": 270 },
				"east": { "uv": [ 10, 1, 14, 15 ], "texture": "#bamboo_block_4", "rotation": 90 }
			}
		},
		{
			"__comment": "Box115",
			"from": [ 14, 2, 1 ],
			"to": [ 16, 6, 15 ],
			"faces": {
				"down": { "uv": [ 2, 15, 0, 1 ], "texture": "#bamboo_block_4" },
				"north": { "uv": [ 16, 6, 14, 2 ], "texture": "#bamboo_block_5" },
				"south": { "uv": [ 14, 10, 16, 14 ], "texture": "#bamboo_block_5" },
				"west": { "uv": [ 2, 1, 6, 15 ], "texture": "#bamboo_block_4", "rotation": 270 },
				"east": { "uv": [ 10, 1, 14, 15 ], "texture": "#bamboo_block_4", "cullface": "east", "rotation": 90 }
			}
		}
	],
	"display": {
		"thirdperson_righthand": {
			"rotation":  [ 75, 45, 0 ],
			"translation":  [ 0, 2.5, 0 ],
			"scale":  [ 0.375, 0.375, 0.375 ]
		},
		"thirdperson_lefthand": {
			"rotation":  [ 75, 45, 0 ],
			"translation":  [ 0, 2.5, 0 ],
			"scale":  [ 0.375, 0.375, 0.375 ]
		},
		"firstperson_righthand": {
			"rotation":  [ 0, 45, 0 ],
			"scale":  [ 0.4, 0.4, 0.4 ]
		},
		"firstperson_lefthand": {
			"rotation":  [ 0, 45, 0 ],
			"scale":  [ 0.4, 0.4, 0.4 ]
		},
		"gui": {
			"rotation":  [ 30, 225, 0 ],
			"scale":  [ 0.625, 0.625, 0.625 ]
		},
		"ground": {
			"translation":  [ 0, 2, 0 ],
			"scale":  [ 0.5, 0.5, 0.5 ]
		}
	}
}