{
	"__comment": "Designed by Interhell2000 with Cubik Studio - https://cubik.studio",
	"textures": {
		"particle": "block/b/bamboo_fence/bamboo_fence_1",
		"bamboo_fence_3": "block/b/bamboo_fence/bamboo_fence_3",
		"bamboo_fence_2": "block/b/bamboo_fence/bamboo_fence_2",
		"bamboo_fence_4": "block/b/bamboo_fence/bamboo_fence_4"
	},
	"elements": [ 	 
		{
			"__comment": "Box1",
			"from": [ 6.5, 1, 7.5 ],
			"to": [ 7, 16, 8.5 ],
			"faces": {
				"down": { "uv": [ 6.5, 7.5, 7, 8.5 ], "texture": "#bamboo_fence_3" },
				"up": { "uv": [ 6.5, 7.5, 7, 8.5 ], "texture": "#bamboo_fence_4" },
				"north": { "uv": [ 9, 0, 9.5, 15 ], "texture": "#bamboo_fence_3" },
				"south": { "uv": [ 6.5, 0, 7, 15 ], "texture": "#bamboo_fence_3" },
				"west": { "uv": [ 7.5, 0, 8.5, 15 ], "texture": "#bamboo_fence_3" },
				"east": { "uv": [ 7.5, 0, 8.5, 15 ], "texture": "#bamboo_fence_3" }
			}
		},
		{
			"__comment": "Box3",
			"from": [ 5.5, 0, 5.5 ],
			"to": [ 10.5, 0.5, 10.5 ],
			"faces": {
				"down": { "uv": [ 5.5, 5.5, 10.5, 10.5 ], "texture": "#bamboo_fence_2" },
				"up": { "uv": [ 5.5, 5.5, 10.5, 10.5 ], "texture": "#bamboo_fence_2" },
				"north": { "uv": [ 5.5, 15.5, 10.5, 16 ], "texture": "#bamboo_fence_2" },
				"south": { "uv": [ 5.5, 15.5, 10.5, 16 ], "texture": "#bamboo_fence_2" },
				"west": { "uv": [ 5.5, 15.5, 10.5, 16 ], "texture": "#bamboo_fence_2" },
				"east": { "uv": [ 5.5, 15.5, 10.5, 16 ], "texture": "#bamboo_fence_2" }
			}
		},
		{
			"__comment": "Box1",
			"from": [ 7, 1, 7 ],
			"to": [ 7.5, 16, 9 ],
			"faces": {
				"down": { "uv": [ 7, 7, 7.5, 9 ], "texture": "#bamboo_fence_3" },
				"up": { "uv": [ 7, 7, 7.5, 9 ], "texture": "#bamboo_fence_4" },
				"north": { "uv": [ 8.5, 0, 9, 15 ], "texture": "#bamboo_fence_3" },
				"south": { "uv": [ 7, 0, 7.5, 15 ], "texture": "#bamboo_fence_3" },
				"west": { "uv": [ 7, 0, 9, 15 ], "texture": "#bamboo_fence_3" },
				"east": { "uv": [ 7, 0, 9, 15 ], "texture": "#bamboo_fence_3" }
			}
		},
		{
			"__comment": "Box1",
			"from": [ 7.5, 1, 6.5 ],
			"to": [ 8.5, 16, 9.5 ],
			"faces": {
				"down": { "uv": [ 7.5, 6.5, 8.5, 9.5 ], "texture": "#bamboo_fence_3" },
				"up": { "uv": [ 7.5, 6.5, 8.5, 9.5 ], "texture": "#bamboo_fence_4" },
				"north": { "uv": [ 7.5, 0, 8.5, 15 ], "texture": "#bamboo_fence_3" },
				"south": { "uv": [ 7.5, 0, 8.5, 15 ], "texture": "#bamboo_fence_3" },
				"west": { "uv": [ 6.5, 0, 9.5, 15 ], "texture": "#bamboo_fence_3" },
				"east": { "uv": [ 6.5, 0, 9.5, 15 ], "texture": "#bamboo_fence_3" }
			}
		},
		{
			"__comment": "Box1",
			"from": [ 8.5, 1, 7 ],
			"to": [ 9, 16, 9 ],
			"faces": {
				"down": { "uv": [ 8.5, 7, 9, 9 ], "texture": "#bamboo_fence_3" },
				"up": { "uv": [ 8.5, 7, 9, 9 ], "texture": "#bamboo_fence_4" },
				"north": { "uv": [ 7, 0, 7.5, 15 ], "texture": "#bamboo_fence_3" },
				"south": { "uv": [ 8.5, 0, 9, 15 ], "texture": "#bamboo_fence_3" },
				"west": { "uv": [ 7, 0, 9, 15 ], "texture": "#bamboo_fence_3" },
				"east": { "uv": [ 7, 0, 9, 15 ], "texture": "#bamboo_fence_3" }
			}
		},
		{
			"__comment": "Box1",
			"from": [ 9, 1, 7.5 ],
			"to": [ 9.5, 16, 8.5 ],
			"faces": {
				"down": { "uv": [ 9, 7.5, 9.5, 8.5 ], "texture": "#bamboo_fence_3" },
				"up": { "uv": [ 9, 7.5, 9.5, 8.5 ], "texture": "#bamboo_fence_4" },
				"north": { "uv": [ 6.5, 0, 7, 15 ], "texture": "#bamboo_fence_3" },
				"south": { "uv": [ 9, 0, 9.5, 15 ], "texture": "#bamboo_fence_3" },
				"west": { "uv": [ 7.5, 0, 8.5, 15 ], "texture": "#bamboo_fence_3" },
				"east": { "uv": [ 7.5, 0, 8.5, 15 ], "texture": "#bamboo_fence_3" }
			}
		},
		{
			"__comment": "Box3",
			"from": [ 6, 0.5, 6 ],
			"to": [ 10, 1, 10 ],
			"faces": {
				"down": { "uv": [ 6, 6, 10, 10 ], "texture": "#bamboo_fence_3" },
				"up": { "uv": [ 6, 6, 10, 10 ], "texture": "#bamboo_fence_2" },
				"north": { "uv": [ 6, 15, 10, 15.5 ], "texture": "#bamboo_fence_2" },
				"south": { "uv": [ 6, 15, 10, 15.5 ], "texture": "#bamboo_fence_2" },
				"west": { "uv": [ 6, 15, 10, 15.5 ], "texture": "#bamboo_fence_2" },
				"east": { "uv": [ 6, 15, 10, 15.5 ], "texture": "#bamboo_fence_2" }
			}
		}
	],
	"display": {
		"gui": {
			"rotation":  [ 30, 225, 0 ],
			"scale":  [ 0.9, 0.9, 0.9 ]
		},
		"ground": {
			"translation":  [ 0, 2, 0 ],
			"scale":  [ 0.5, 0.5, 0.5 ]
		}
	}
}