{
	"__comment": "Designed by Interhell2000 with Cubik Studio - https://cubik.studio",
	"textures": {
		"particle": "block/b/bamboo_trapdoor/bamboo_trapdoor_bottom",
		"bamboo_trapdoor_1": "block/b/bamboo_trapdoor/bamboo_trapdoor_1",
		"bamboo_trapdoor_2": "block/b/bamboo_trapdoor/bamboo_trapdoor_2"
	},
	"elements": [ 	 
		{
			"__comment": "Box22",
			"from": [ 0, 2, 0 ],
			"to": [ 0.9999999, 3, 16 ],
			"faces": {
				"down": { "uv": [ 0.000625, 0.000624657, 0.999375, 15.99938 ], "texture": "#bamboo_trapdoor_1" },
				"up": { "uv": [ 0.000625, 0.000624657, 0.999375, 15.99938 ], "texture": "#bamboo_trapdoor_1", "cullface": "up" },
				"north": { "uv": [ 15.00062, 0.000624657, 15.99938, 0.9993753 ], "texture": "#bamboo_trapdoor_1", "cullface": "north" },
				"south": { "uv": [ 0.000625, 0.000624657, 0.999375, 0.9993753 ], "texture": "#bamboo_trapdoor_1", "cullface": "south" },
				"west": { "uv": [ 0.000625, 0.000624657, 15.99938, 0.9993753 ], "texture": "#bamboo_trapdoor_1", "cullface": "west" },
				"east": { "uv": [ 0.000625, 0.000624657, 15.99938, 0.9993753 ], "texture": "#bamboo_trapdoor_1" }
			}
		},
		{
			"__comment": "Box23",
			"from": [ 0.9999, 2.0012, -0.0006 ],
			"to": [ 15.9999, 3.00119, 0.9994 ],
			"faces": {
				"down": { "uv": [ 1.000625, 15.00062, 15.99938, 15.99938 ], "texture": "#bamboo_trapdoor_1" },
				"up": { "uv": [ 1.000625, 0.000624657, 15.99938, 0.9993753 ], "texture": "#bamboo_trapdoor_1", "cullface": "up" },
				"north": { "uv": [ 0.000625, 0.000624657, 14.99938, 0.9993753 ], "texture": "#bamboo_trapdoor_1", "cullface": "north" },
				"south": { "uv": [ 1.000625, 0.000624657, 15.99938, 0.9993753 ], "texture": "#bamboo_trapdoor_1" },
				"east": { "uv": [ 15.00062, 0.000624657, 15.99938, 0.9993753 ], "texture": "#bamboo_trapdoor_1", "cullface": "east" }
			}
		},
		{
			"__comment": "Box22",
			"from": [ 15.0012, 2, 0.9989 ],
			"to": [ 16.0012, 3, 15.9989 ],
			"faces": {
				"down": { "uv": [ 15.00062, 0.000624657, 15.99938, 14.99938 ], "texture": "#bamboo_trapdoor_1" },
				"up": { "uv": [ 15.00062, 1.000625, 15.99938, 15.99938 ], "texture": "#bamboo_trapdoor_1", "cullface": "up" },
				"south": { "uv": [ 15.00062, 0.000624657, 15.99938, 0.9993753 ], "texture": "#bamboo_trapdoor_1", "cullface": "south" },
				"west": { "uv": [ 1.000625, 0.000624657, 15.99938, 0.9993753 ], "texture": "#bamboo_trapdoor_1" },
				"east": { "uv": [ 0.000625, 0.000624657, 14.99938, 0.9993753 ], "texture": "#bamboo_trapdoor_1", "cullface": "east" }
			}
		},
		{
			"__comment": "Box23",
			"from": [ 1.0009, 2.0011, 14.9995 ],
			"to": [ 15.0009, 3.001101, 15.9995 ],
			"faces": {
				"up": { "uv": [ 1.000625, 15.00062, 14.99938, 15.99938 ], "texture": "#bamboo_trapdoor_1", "cullface": "up" },
				"north": { "uv": [ 1.000625, 0.000624657, 14.99938, 0.9993753 ], "texture": "#bamboo_trapdoor_1" },
				"south": { "uv": [ 1.000625, 0.000624657, 14.99938, 0.9993753 ], "texture": "#bamboo_trapdoor_1", "cullface": "south" }
			}
		},
		{
			"__comment": "Box26",
			"from": [ 1.0001, 2.0001, 1.0007 ],
			"to": [ 2.0001, 3.0001, 15.0007 ],
			"faces": {
				"down": { "uv": [ 1.000625, 1.000625, 1.999375, 14.99938 ], "texture": "#bamboo_trapdoor_1" },
				"up": { "uv": [ 1.000625, 1.000625, 1.999375, 14.99938 ], "texture": "#bamboo_trapdoor_1", "cullface": "up" },
				"east": { "uv": [ 1.000625, 0.000624657, 14.99938, 0.9993753 ], "texture": "#bamboo_trapdoor_1" }
			}
		},
		{
			"__comment": "Box27",
			"from": [ 2.0008, 2.0004, 13.9987 ],
			"to": [ 14.0008, 3.0004, 14.9987 ],
			"faces": {
				"down": { "uv": [ 2.000625, 1.000625, 13.99938, 1.999375 ], "texture": "#bamboo_trapdoor_1" },
				"up": { "uv": [ 2.000625, 14.00062, 13.99938, 14.99938 ], "texture": "#bamboo_trapdoor_1", "cullface": "up" },
				"north": { "uv": [ 2.000625, 0.000624657, 13.99938, 0.9993753 ], "texture": "#bamboo_trapdoor_1" }
			}
		},
		{
			"__comment": "Box26",
			"from": [ 14.0017, 1.9999, 2.0002 ],
			"to": [ 15.0017, 2.9999, 15.0002 ],
			"faces": {
				"down": { "uv": [ 14.00062, 1.000625, 14.99938, 13.99938 ], "texture": "#bamboo_trapdoor_1" },
				"up": { "uv": [ 14.00062, 2.000625, 14.99938, 14.99938 ], "texture": "#bamboo_trapdoor_1", "cullface": "up" },
				"west": { "uv": [ 2.000625, 0.000624657, 14.99938, 0.9993753 ], "texture": "#bamboo_trapdoor_1" }
			}
		},
		{
			"__comment": "Box27",
			"from": [ 2.0016, 2.0003, 0.9995 ],
			"to": [ 15.0016, 3.0003, 1.9995 ],
			"faces": {
				"down": { "uv": [ 2.000625, 14.00062, 14.99938, 14.99938 ], "texture": "#bamboo_trapdoor_1" },
				"up": { "uv": [ 2.000625, 1.000625, 14.99938, 1.999375 ], "texture": "#bamboo_trapdoor_1", "cullface": "up" },
				"south": { "uv": [ 2.000625, 0.000624657, 14.99938, 0.9993753 ], "texture": "#bamboo_trapdoor_1" }
			}
		},
		{
			"__comment": "PlaneY114",
			"from": [ 0.0001, 3.0004, 7.5 ],
			"to": [ 16.0001, 3.0014, 8.5 ],
			"faces": {
				"down": { "uv": [ 0.000625, 7.500626, 15.99938, 8.499375 ], "texture": "#bamboo_trapdoor_2" },
				"up": { "uv": [ 0.000625, 7.500626, 15.99938, 8.499375 ], "texture": "#bamboo_trapdoor_2" }
			}
		},
		{
			"__comment": "PlaneY114",
			"from": [ 0.0015, 3.0012, 5.4998 ],
			"to": [ 16.0015, 3.002199, 6.4998 ],
			"faces": {
				"down": { "uv": [ 0.000625, 9.500625, 15.99938, 10.49938 ], "texture": "#bamboo_trapdoor_2" },
				"up": { "uv": [ 0.000625, 5.500626, 15.99938, 6.499374 ], "texture": "#bamboo_trapdoor_2" }
			}
		},
		{
			"__comment": "PlaneY114",
			"from": [ 0.0014, 3.0011, 3.5007 ],
			"to": [ 16.0014, 3.00209, 4.500699 ],
			"faces": {
				"down": { "uv": [ 0.000625, 11.50062, 15.99938, 12.49938 ], "texture": "#bamboo_trapdoor_2" },
				"up": { "uv": [ 0.000625, 3.500625, 15.99938, 4.499374 ], "texture": "#bamboo_trapdoor_2" }
			}
		},
		{
			"__comment": "PlaneY114",
			"from": [ 0.0013, 3.0017, 1.4988 ],
			"to": [ 16.0013, 3.002701, 2.4988 ],
			"faces": {
				"down": { "uv": [ 0.000625, 13.50062, 15.99938, 14.49938 ], "texture": "#bamboo_trapdoor_2" },
				"up": { "uv": [ 0.000625, 1.500625, 15.99938, 2.499375 ], "texture": "#bamboo_trapdoor_2" }
			}
		},
		{
			"__comment": "PlaneY114",
			"from": [ 0.0014, 3.0013, 9.5001 ],
			"to": [ 16.0014, 3.002299, 10.5001 ],
			"faces": {
				"down": { "uv": [ 0.000625, 5.500626, 15.99938, 6.499374 ], "texture": "#bamboo_trapdoor_2" },
				"up": { "uv": [ 0.000625, 9.500625, 15.99938, 10.49938 ], "texture": "#bamboo_trapdoor_2" }
			}
		},
		{
			"__comment": "PlaneY114",
			"from": [ 0.0016, 3.0004, 11.5 ],
			"to": [ 16.0016, 3.0014, 12.5 ],
			"faces": {
				"down": { "uv": [ 0.000625, 3.500625, 15.99938, 4.499374 ], "texture": "#bamboo_trapdoor_2" },
				"up": { "uv": [ 0.000625, 11.50062, 15.99938, 12.49938 ], "texture": "#bamboo_trapdoor_2" }
			}
		},
		{
			"__comment": "PlaneY114",
			"from": [ 0.0004, 2.9998, 13.5006 ],
			"to": [ 16.0004, 3.000799, 14.5006 ],
			"faces": {
				"down": { "uv": [ 0.000625, 1.500625, 15.99938, 2.499375 ], "texture": "#bamboo_trapdoor_2" },
				"up": { "uv": [ 0.000625, 13.50062, 15.99938, 14.49938 ], "texture": "#bamboo_trapdoor_2" }
			}
		},
		{
			"__comment": "PlaneY121",
			"from": [ 7.5007, 3.1265, -0.0005 ],
			"to": [ 8.5007, 3.127501, 15.99949 ],
			"faces": {
				"down": { "uv": [ 7.500625, 0.000624657, 8.499375, 15.99938 ], "texture": "#bamboo_trapdoor_2" },
				"up": { "uv": [ 7.500625, 0.000624657, 8.499375, 15.99938 ], "texture": "#bamboo_trapdoor_2" }
			}
		},
		{
			"__comment": "PlaneY121",
			"from": [ 5.5004, 3.1263, -0.0013 ],
			"to": [ 6.5004, 3.127299, 15.9987 ],
			"faces": {
				"down": { "uv": [ 5.500625, 0.000624657, 6.499375, 15.99938 ], "texture": "#bamboo_trapdoor_2" },
				"up": { "uv": [ 5.500625, 0.000624657, 6.499375, 15.99938 ], "texture": "#bamboo_trapdoor_2" }
			}
		},
		{
			"__comment": "PlaneY121",
			"from": [ 3.5, 3.125, -0.0003 ],
			"to": [ 4.5, 3.125999, 15.9997 ],
			"faces": {
				"down": { "uv": [ 3.500625, 0.000624657, 4.499375, 15.99938 ], "texture": "#bamboo_trapdoor_2" },
				"up": { "uv": [ 3.500625, 0.000624657, 4.499375, 15.99938 ], "texture": "#bamboo_trapdoor_2" }
			}
		},
		{
			"__comment": "PlaneY121",
			"from": [ 1.5015, 2.8752, -0.0003 ],
			"to": [ 2.5015, 2.876199, 15.9997 ],
			"faces": {
				"down": { "uv": [ 1.500625, 0.000624657, 2.499375, 15.99938 ], "texture": "#bamboo_trapdoor_2" },
				"up": { "uv": [ 1.500625, 0.000624657, 2.499375, 15.99938 ], "texture": "#bamboo_trapdoor_2" }
			}
		},
		{
			"__comment": "PlaneY121",
			"from": [ 1.5009, 3.1264, -0.0007 ],
			"to": [ 2.5009, 3.127399, 15.9993 ],
			"faces": {
				"down": { "uv": [ 1.500625, 0.000624657, 2.499375, 15.99938 ], "texture": "#bamboo_trapdoor_2" },
				"up": { "uv": [ 1.500625, 0.000624657, 2.499375, 15.99938 ], "texture": "#bamboo_trapdoor_2" }
			}
		},
		{
			"__comment": "PlaneY121",
			"from": [ 9.5008, 3.1256, 0.0005 ],
			"to": [ 10.5008, 3.126599, 16.0005 ],
			"faces": {
				"down": { "uv": [ 9.500625, 0.000624657, 10.49938, 15.99938 ], "texture": "#bamboo_trapdoor_2" },
				"up": { "uv": [ 9.500625, 0.000624657, 10.49938, 15.99938 ], "texture": "#bamboo_trapdoor_2" }
			}
		},
		{
			"__comment": "PlaneY121",
			"from": [ 11.4999, 3.126, -0.0012 ],
			"to": [ 12.4999, 3.127001, 15.9988 ],
			"faces": {
				"down": { "uv": [ 11.50062, 0.000624657, 12.49938, 15.99938 ], "texture": "#bamboo_trapdoor_2" },
				"up": { "uv": [ 11.50062, 0.000624657, 12.49938, 15.99938 ], "texture": "#bamboo_trapdoor_2" }
			}
		},
		{
			"__comment": "PlaneY121",
			"from": [ 13.5017, 3.1248, -0.0001 ],
			"to": [ 14.5017, 3.125799, 15.9999 ],
			"faces": {
				"down": { "uv": [ 13.50062, 0.000624657, 14.49938, 15.99938 ], "texture": "#bamboo_trapdoor_2" },
				"up": { "uv": [ 13.50062, 0.000624657, 14.49938, 15.99938 ], "texture": "#bamboo_trapdoor_2" }
			}
		},
		{
			"__comment": "Box32",
			"from": [ 0.001, 0.0004, 1.0005 ],
			"to": [ 1.001, 2.0004, 16.0005 ],
			"faces": {
				"down": { "uv": [ 0.000625, 1.000625, 14.99938, 1.999375 ], "texture": "#bamboo_trapdoor_1", "rotation": 90 },
				"south": { "uv": [ 14.00062, 1.000625, 14.99938, 2.999375 ], "texture": "#bamboo_trapdoor_1", "cullface": "south" },
				"west": { "uv": [ 1.000625, 1.000625, 15.99938, 2.999375 ], "texture": "#bamboo_trapdoor_1", "cullface": "west" },
				"east": { "uv": [ 0.000625, 1.000625, 14.99938, 2.999375 ], "texture": "#bamboo_trapdoor_1" }
			}
		},
		{
			"__comment": "Box32",
			"from": [ 0.0017, 0.001, -0.001 ],
			"to": [ 15.0017, 2.001, 0.999 ],
			"faces": {
				"down": { "uv": [ 0.000625, 15.00062, 14.99938, 15.99938 ], "texture": "#bamboo_trapdoor_1" },
				"up": { "uv": [ 0.000625, 0.000624657, 14.99938, 0.9993753 ], "texture": "#bamboo_trapdoor_1" },
				"north": { "uv": [ 1.000625, 1.000625, 15.99938, 2.999375 ], "texture": "#bamboo_trapdoor_1", "cullface": "north" },
				"south": { "uv": [ 0.000625, 1.000625, 14.99938, 2.999375 ], "texture": "#bamboo_trapdoor_1" },
				"west": { "uv": [ 0.000625, 1.000625, 0.999375, 2.999375 ], "texture": "#bamboo_trapdoor_1", "cullface": "west" }
			}
		},
		{
			"__comment": "Box32",
			"from": [ 15.0017, 0.0006, -0.0012 ],
			"to": [ 16.0017, 2.0006, 14.9988 ],
			"faces": {
				"down": { "uv": [ 0.000625, 1.000625, 14.99938, 1.999375 ], "texture": "#bamboo_trapdoor_1", "rotation": 270 },
				"up": { "uv": [ 0.000625, 14.00062, 14.99938, 14.99938 ], "texture": "#bamboo_trapdoor_1", "rotation": 90 },
				"north": { "uv": [ 14.00062, 1.000625, 14.99938, 2.999375 ], "texture": "#bamboo_trapdoor_1", "cullface": "north" },
				"west": { "uv": [ 0.000625, 1.000625, 14.99938, 2.999375 ], "texture": "#bamboo_trapdoor_1" },
				"east": { "uv": [ 1.000625, 1.000625, 15.99938, 2.999375 ], "texture": "#bamboo_trapdoor_1", "cullface": "east" }
			}
		},
		{
			"__comment": "Box32",
			"from": [ 1.0004, 0.001, 14.9995 ],
			"to": [ 16.0004, 2.001, 15.9995 ],
			"faces": {
				"down": { "uv": [ 0.000625, 1.000625, 14.99938, 1.999375 ], "texture": "#bamboo_trapdoor_1", "rotation": 180 },
				"up": { "uv": [ 0.000625, 14.00062, 14.99938, 14.99938 ], "texture": "#bamboo_trapdoor_1", "rotation": 180 },
				"north": { "uv": [ 0.000625, 1.000625, 14.99938, 2.999375 ], "texture": "#bamboo_trapdoor_1" },
				"south": { "uv": [ 1.000625, 1.000625, 15.99938, 2.999375 ], "texture": "#bamboo_trapdoor_1", "cullface": "south" },
				"east": { "uv": [ 14.00062, 1.000625, 14.99938, 2.999375 ], "texture": "#bamboo_trapdoor_1", "cullface": "east" }
			}
		},
		{
			"__comment": "PlaneZ38",
			"from": [ 1.5009, 0.0015, -0.1248 ],
			"to": [ 2.500899, 3.001499, -0.1238 ],
			"faces": {
				"north": { "uv": [ 13.50062, 0.000624657, 14.49938, 2.999375 ], "texture": "#bamboo_trapdoor_2", "cullface": "north" },
				"south": { "uv": [ 1.500625, 0.000624657, 2.499375, 2.999375 ], "texture": "#bamboo_trapdoor_2", "cullface": "north" }
			}
		},
		{
			"__comment": "PlaneZ38",
			"from": [ 3.5, 0.0008, -0.125 ],
			"to": [ 4.5, 3.000799, -0.124 ],
			"faces": {
				"north": { "uv": [ 11.50062, 0.000624657, 12.49938, 2.999375 ], "texture": "#bamboo_trapdoor_2", "cullface": "north" },
				"south": { "uv": [ 3.500625, 0.000624657, 4.499375, 2.999375 ], "texture": "#bamboo_trapdoor_2", "cullface": "north" }
			}
		},
		{
			"__comment": "PlaneZ38",
			"from": [ 5.5017, 0.0003, -0.1249 ],
			"to": [ 6.5017, 3.0003, -0.1239 ],
			"faces": {
				"north": { "uv": [ 9.500625, 0.000624657, 10.49938, 2.999375 ], "texture": "#bamboo_trapdoor_2", "cullface": "north" },
				"south": { "uv": [ 5.500625, 0.000624657, 6.499375, 2.999375 ], "texture": "#bamboo_trapdoor_2", "cullface": "north" }
			}
		},
		{
			"__comment": "PlaneZ38",
			"from": [ 7.5012, 0.0011, -0.1251 ],
			"to": [ 8.501198, 3.001101, -0.1241 ],
			"faces": {
				"north": { "uv": [ 7.500625, 0.000624657, 8.499375, 2.999375 ], "texture": "#bamboo_trapdoor_2", "cullface": "north" },
				"south": { "uv": [ 7.500625, 0.000624657, 8.499375, 2.999375 ], "texture": "#bamboo_trapdoor_2", "cullface": "north" }
			}
		},
		{
			"__comment": "PlaneZ38",
			"from": [ 9.5008, 0.0017, -0.1247 ],
			"to": [ 10.5008, 3.00171, -0.1237 ],
			"faces": {
				"north": { "uv": [ 5.500625, 0.000624657, 6.499375, 2.999375 ], "texture": "#bamboo_trapdoor_2", "cullface": "north" },
				"south": { "uv": [ 9.500625, 0.000624657, 10.49938, 2.999375 ], "texture": "#bamboo_trapdoor_2", "cullface": "north" }
			}
		},
		{
			"__comment": "PlaneZ38",
			"from": [ 11.5005, -0.0001, -0.126 ],
			"to": [ 12.5005, 2.9999, -0.125 ],
			"faces": {
				"north": { "uv": [ 3.500625, 0.000624657, 4.499375, 2.999375 ], "texture": "#bamboo_trapdoor_2", "cullface": "north" },
				"south": { "uv": [ 11.50062, 0.000624657, 12.49938, 2.999375 ], "texture": "#bamboo_trapdoor_2", "cullface": "north" }
			}
		},
		{
			"__comment": "PlaneZ38",
			"from": [ 13.5013, 0.0001, -0.1253 ],
			"to": [ 14.5013, 3.0001, -0.1243 ],
			"faces": {
				"north": { "uv": [ 1.500625, 0.000624657, 2.499375, 2.999375 ], "texture": "#bamboo_trapdoor_2", "cullface": "north" },
				"south": { "uv": [ 13.50062, 0.000624657, 14.49938, 2.999375 ], "texture": "#bamboo_trapdoor_2", "cullface": "north" }
			}
		},
		{
			"__comment": "PlaneZ46",
			"from": [ 1.5011, 0.0008, 16.1244 ],
			"to": [ 2.5011, 3.00081, 16.1254 ],
			"faces": {
				"north": { "uv": [ 13.50062, 0.000624657, 14.49938, 2.999375 ], "texture": "#bamboo_trapdoor_2", "cullface": "south" },
				"south": { "uv": [ 1.500625, 0.000624657, 2.499375, 2.999375 ], "texture": "#bamboo_trapdoor_2", "cullface": "south" }
			}
		},
		{
			"__comment": "PlaneZ46",
			"from": [ 3.5016, 0.0013, 16.1244 ],
			"to": [ 4.5016, 3.001301, 16.1254 ],
			"faces": {
				"north": { "uv": [ 11.50062, 0.000624657, 12.49938, 2.999375 ], "texture": "#bamboo_trapdoor_2", "cullface": "south" },
				"south": { "uv": [ 3.500625, 0.000624657, 4.499375, 2.999375 ], "texture": "#bamboo_trapdoor_2", "cullface": "south" }
			}
		},
		{
			"__comment": "PlaneZ46",
			"from": [ 5.5004, -0.0002, 16.1241 ],
			"to": [ 6.5004, 2.9998, 16.1251 ],
			"faces": {
				"north": { "uv": [ 9.500625, 0.000624657, 10.49938, 2.999375 ], "texture": "#bamboo_trapdoor_2", "cullface": "south" },
				"south": { "uv": [ 5.500625, 0.000624657, 6.499375, 2.999375 ], "texture": "#bamboo_trapdoor_2", "cullface": "south" }
			}
		},
		{
			"__comment": "PlaneZ46",
			"from": [ 7.5001, -0.0003, 16.124 ],
			"to": [ 8.500099, 2.9997, 16.125 ],
			"faces": {
				"north": { "uv": [ 7.500625, 0.000624657, 8.499375, 2.999375 ], "texture": "#bamboo_trapdoor_2", "cullface": "south" },
				"south": { "uv": [ 7.500625, 0.000624657, 8.499375, 2.999375 ], "texture": "#bamboo_trapdoor_2", "cullface": "south" }
			}
		},
		{
			"__comment": "PlaneZ46",
			"from": [ 9.500899, 0.0002, 16.1241 ],
			"to": [ 10.5009, 3.0002, 16.1251 ],
			"faces": {
				"north": { "uv": [ 5.500625, 0.000624657, 6.499375, 2.999375 ], "texture": "#bamboo_trapdoor_2", "cullface": "south" },
				"south": { "uv": [ 9.500625, 0.000624657, 10.49938, 2.999375 ], "texture": "#bamboo_trapdoor_2", "cullface": "south" }
			}
		},
		{
			"__comment": "PlaneZ46",
			"from": [ 11.5017, 0.0013, 16.1254 ],
			"to": [ 12.5017, 3.00129, 16.1264 ],
			"faces": {
				"north": { "uv": [ 3.500625, 0.000624657, 4.499375, 2.999375 ], "texture": "#bamboo_trapdoor_2", "cullface": "south" },
				"south": { "uv": [ 11.50062, 0.000624657, 12.49938, 2.999375 ], "texture": "#bamboo_trapdoor_2", "cullface": "south" }
			}
		},
		{
			"__comment": "PlaneZ46",
			"from": [ 13.5017, 0.0002, 16.1254 ],
			"to": [ 14.5017, 3.0002, 16.1264 ],
			"faces": {
				"north": { "uv": [ 1.500625, 0.000624657, 2.499375, 2.999375 ], "texture": "#bamboo_trapdoor_2", "cullface": "south" },
				"south": { "uv": [ 13.50062, 0.000624657, 14.49938, 2.999375 ], "texture": "#bamboo_trapdoor_2", "cullface": "south" }
			}
		},
		{
			"__comment": "PlaneX53",
			"from": [ -0.1244, -0.0003, 1.4988 ],
			"to": [ -0.1234, 2.9997, 2.4988 ],
			"faces": {
				"west": { "uv": [ 1.500625, 0.000624657, 2.499375, 2.999375 ], "texture": "#bamboo_trapdoor_2", "cullface": "west" },
				"east": { "uv": [ 13.50062, 0.000624657, 14.49938, 2.999375 ], "texture": "#bamboo_trapdoor_2", "cullface": "west" }
			}
		},
		{
			"__comment": "PlaneX53",
			"from": [ -0.1236, -0.0002, 3.4988 ],
			"to": [ -0.1226, 2.9998, 4.4988 ],
			"faces": {
				"west": { "uv": [ 3.500625, 0.000624657, 4.499375, 2.999375 ], "texture": "#bamboo_trapdoor_2", "cullface": "west" },
				"east": { "uv": [ 11.50062, 0.000624657, 12.49938, 2.999375 ], "texture": "#bamboo_trapdoor_2", "cullface": "west" }
			}
		},
		{
			"__comment": "PlaneX53",
			"from": [ -0.1235, 0.0011, 5.499 ],
			"to": [ -0.1225, 3.001101, 6.499 ],
			"faces": {
				"west": { "uv": [ 5.500625, 0.000624657, 6.499375, 2.999375 ], "texture": "#bamboo_trapdoor_2", "cullface": "west" },
				"east": { "uv": [ 9.500625, 0.000624657, 10.49938, 2.999375 ], "texture": "#bamboo_trapdoor_2", "cullface": "west" }
			}
		},
		{
			"__comment": "PlaneX53",
			"from": [ -0.1241, 0.0008, 7.4987 ],
			"to": [ -0.1231, 3.000799, 8.4987 ],
			"faces": {
				"west": { "uv": [ 7.500625, 0.000624657, 8.499375, 2.999375 ], "texture": "#bamboo_trapdoor_2", "cullface": "west" },
				"east": { "uv": [ 7.500625, 0.000624657, 8.499375, 2.999375 ], "texture": "#bamboo_trapdoor_2", "cullface": "west" }
			}
		},
		{
			"__comment": "PlaneX53",
			"from": [ -0.124, 0.0004, 9.499499 ],
			"to": [ -0.123, 3.0004, 10.4995 ],
			"faces": {
				"west": { "uv": [ 9.500625, 0.000624657, 10.49938, 2.999375 ], "texture": "#bamboo_trapdoor_2", "cullface": "west" },
				"east": { "uv": [ 5.500625, 0.000624657, 6.499375, 2.999375 ], "texture": "#bamboo_trapdoor_2", "cullface": "west" }
			}
		},
		{
			"__comment": "PlaneX53",
			"from": [ -0.124, 0, 11.5007 ],
			"to": [ -0.123, 3, 12.5007 ],
			"faces": {
				"west": { "uv": [ 11.50062, 0.000624657, 12.49938, 2.999375 ], "texture": "#bamboo_trapdoor_2", "cullface": "west" },
				"east": { "uv": [ 3.500625, 0.000624657, 4.499375, 2.999375 ], "texture": "#bamboo_trapdoor_2", "cullface": "west" }
			}
		},
		{
			"__comment": "PlaneX53",
			"from": [ -0.1236, 0.0004, 13.5007 ],
			"to": [ -0.1226, 3.0004, 14.5007 ],
			"faces": {
				"west": { "uv": [ 13.50062, 0.000624657, 14.49938, 2.999375 ], "texture": "#bamboo_trapdoor_2", "cullface": "west" },
				"east": { "uv": [ 1.500625, 0.000624657, 2.499375, 2.999375 ], "texture": "#bamboo_trapdoor_2", "cullface": "west" }
			}
		},
		{
			"__comment": "PlaneX60",
			"from": [ 16.1256, 0.0014, 1.4999 ],
			"to": [ 16.1266, 3.0014, 2.4999 ],
			"faces": {
				"west": { "uv": [ 1.500625, 0.000624657, 2.499375, 2.999375 ], "texture": "#bamboo_trapdoor_2", "cullface": "east" },
				"east": { "uv": [ 13.50062, 0.000624657, 14.49938, 2.999375 ], "texture": "#bamboo_trapdoor_2", "cullface": "east" }
			}
		},
		{
			"__comment": "PlaneX60",
			"from": [ 16.1267, -0.0002, 3.4992 ],
			"to": [ 16.1277, 2.9998, 4.499198 ],
			"faces": {
				"west": { "uv": [ 3.500625, 0.000624657, 4.499375, 2.999375 ], "texture": "#bamboo_trapdoor_2", "cullface": "east" },
				"east": { "uv": [ 11.50062, 0.000624657, 12.49938, 2.999375 ], "texture": "#bamboo_trapdoor_2", "cullface": "east" }
			}
		},
		{
			"__comment": "PlaneX60",
			"from": [ 16.1254, 0.0014, 5.499 ],
			"to": [ 16.1264, 3.0014, 6.499 ],
			"faces": {
				"west": { "uv": [ 5.500625, 0.000624657, 6.499375, 2.999375 ], "texture": "#bamboo_trapdoor_2", "cullface": "east" },
				"east": { "uv": [ 9.500625, 0.000624657, 10.49938, 2.999375 ], "texture": "#bamboo_trapdoor_2", "cullface": "east" }
			}
		},
		{
			"__comment": "PlaneX60",
			"from": [ 16.1267, -0.0001, 7.4999 ],
			"to": [ 16.1277, 2.9999, 8.499901 ],
			"faces": {
				"west": { "uv": [ 7.500625, 0.000624657, 8.499375, 2.999375 ], "texture": "#bamboo_trapdoor_2", "cullface": "east" },
				"east": { "uv": [ 7.500625, 0.000624657, 8.499375, 2.999375 ], "texture": "#bamboo_trapdoor_2", "cullface": "east" }
			}
		},
		{
			"__comment": "PlaneX60",
			"from": [ 16.1253, 0.0004, 9.500199 ],
			"to": [ 16.1263, 3.0004, 10.5002 ],
			"faces": {
				"west": { "uv": [ 9.500625, 0.000624657, 10.49938, 2.999375 ], "texture": "#bamboo_trapdoor_2", "cullface": "east" },
				"east": { "uv": [ 5.500625, 0.000624657, 6.499375, 2.999375 ], "texture": "#bamboo_trapdoor_2", "cullface": "east" }
			}
		},
		{
			"__comment": "PlaneX60",
			"from": [ 16.1258, 0.0016, 11.5004 ],
			"to": [ 16.1268, 3.0016, 12.5004 ],
			"faces": {
				"west": { "uv": [ 11.50062, 0.000624657, 12.49938, 2.999375 ], "texture": "#bamboo_trapdoor_2", "cullface": "east" },
				"east": { "uv": [ 3.500625, 0.000624657, 4.499375, 2.999375 ], "texture": "#bamboo_trapdoor_2", "cullface": "east" }
			}
		},
		{
			"__comment": "PlaneX60",
			"from": [ 16.1267, 0.0014, 13.4992 ],
			"to": [ 16.1277, 3.0014, 14.4992 ],
			"faces": {
				"west": { "uv": [ 13.50062, 0.000624657, 14.49938, 2.999375 ], "texture": "#bamboo_trapdoor_2", "cullface": "east" },
				"east": { "uv": [ 1.500625, 0.000624657, 2.499375, 2.999375 ], "texture": "#bamboo_trapdoor_2", "cullface": "east" }
			}
		}
	],
	"display": {
		"thirdperson_righthand": {
			"rotation":  [ 75, 45, 0 ],
			"translation":  [ 0, 2.5, 0 ],
			"scale":  [ 0.375, 0.375, 0.375 ]
		},
		"thirdperson_lefthand": {
			"rotation":  [ 75, 45, 0 ],
			"translation":  [ 0, 2.5, 0 ],
			"scale":  [ 0.375, 0.375, 0.375 ]
		},
		"firstperson_righthand": {
			"rotation":  [ 0, 45, 0 ],
			"scale":  [ 0.4, 0.4, 0.4 ]
		},
		"firstperson_lefthand": {
			"rotation":  [ 0, 45, 0 ],
			"scale":  [ 0.4, 0.4, 0.4 ]
		},
		"gui": {
			"rotation":  [ 30, 225, 0 ],
			"scale":  [ 0.625, 0.625, 0.625 ]
		},
		"ground": {
			"translation":  [ 0, 3, 0 ],
			"scale":  [ 0.25, 0.25, 0.25 ]
		}
	}
}