{
	"__comment": "Designed by Interhell2000 with Cubik Studio - https://cubik.studio",
	"gui_light": "front",
	"ambientocclusion": false,
	"textures": {
		"particle": "block/b/bamboo_sapling/bamboo_sapling",
		"bamboo_sapling_1": "block/b/bamboo_sapling/bamboo_sapling_1",
		"bamboo_sapling_2": "block/b/bamboo_sapling/bamboo_sapling_2"
	},
	"elements": [ 	 
		{
			"__comment": "Voxels",
			"from": [ 7.0006, 0.0003, 7.5006 ],
			"to": [ 9.0006, 8.0003, 8.5006 ],
			"faces": {
				"down": { "uv": [ 7.000625, 7.500626, 8.999375, 8.499375 ], "texture": "#bamboo_sapling_1", "cullface": "down" },
				"up": { "uv": [ 7.000625, 7.500626, 8.999375, 8.499375 ], "texture": "#bamboo_sapling_1" },
				"north": { "uv": [ 7.000625, 8.000625, 8.999375, 15.99938 ], "texture": "#bamboo_sapling_1" },
				"south": { "uv": [ 7.000625, 8.000625, 8.999375, 15.99938 ], "texture": "#bamboo_sapling_1" },
				"west": { "uv": [ 7.500625, 8.000625, 8.499375, 15.99938 ], "texture": "#bamboo_sapling_1" },
				"east": { "uv": [ 7.500625, 8.000625, 8.499375, 15.99938 ], "texture": "#bamboo_sapling_1" }
			}
		},
		{
			"__comment": "Voxels",
			"from": [ 7.001, 8.0006, 7.6257 ],
			"to": [ 9.000999, 8.1256, 8.3757 ],
			"faces": {
				"up": { "uv": [ 7.000625, 7.625626, 8.999375, 8.374375 ], "texture": "#bamboo_sapling_1" },
				"north": { "uv": [ 7.000625, 7.875626, 8.999375, 7.999374 ], "texture": "#bamboo_sapling_1" },
				"south": { "uv": [ 7.000625, 7.875626, 8.999375, 7.999374 ], "texture": "#bamboo_sapling_1" },
				"west": { "uv": [ 7.625625, 7.875626, 8.374375, 7.999374 ], "texture": "#bamboo_sapling_1" },
				"east": { "uv": [ 7.625625, 7.875626, 8.374375, 7.999374 ], "texture": "#bamboo_sapling_1" }
			}
		},
		{
			"__comment": "Voxels",
			"from": [ 7.1258, 0.0002, 7.2505 ],
			"to": [ 8.875799, 8.0002, 7.5005 ],
			"faces": {
				"down": { "uv": [ 7.125625, 8.500625, 8.874375, 8.749375 ], "texture": "#bamboo_sapling_1", "cullface": "down" },
				"up": { "uv": [ 7.125625, 7.250626, 8.874375, 7.499374 ], "texture": "#bamboo_sapling_1" },
				"north": { "uv": [ 7.125625, 8.000625, 8.874375, 15.99938 ], "texture": "#bamboo_sapling_1" },
				"west": { "uv": [ 7.250625, 8.000625, 7.499375, 15.99938 ], "texture": "#bamboo_sapling_1" },
				"east": { "uv": [ 8.500625, 8.000625, 8.749375, 15.99938 ], "texture": "#bamboo_sapling_1" }
			}
		},
		{
			"__comment": "Voxels",
			"from": [ 7.1252, 0.0008, 8.5004 ],
			"to": [ 8.8752, 8.1258, 8.6254 ],
			"faces": {
				"down": { "uv": [ 7.125625, 7.375626, 8.874375, 7.499374 ], "texture": "#bamboo_sapling_1", "cullface": "down" },
				"up": { "uv": [ 7.125625, 8.500625, 8.874375, 8.624375 ], "texture": "#bamboo_sapling_1" },
				"north": { "uv": [ 7.125625, 7.875626, 8.874375, 15.99938 ], "texture": "#bamboo_sapling_1" },
				"south": { "uv": [ 7.125625, 7.875626, 8.874375, 15.99938 ], "texture": "#bamboo_sapling_1" },
				"west": { "uv": [ 8.500625, 7.875626, 8.624375, 15.99938 ], "texture": "#bamboo_sapling_1" },
				"east": { "uv": [ 7.375625, 7.875626, 7.499375, 15.99938 ], "texture": "#bamboo_sapling_1" }
			}
		},
		{
			"__comment": "Voxels",
			"from": [ 7.1249, -0.0003, 8.6242 ],
			"to": [ 8.874899, 7.9997, 8.7492 ],
			"faces": {
				"down": { "uv": [ 7.125625, 7.250626, 8.874375, 7.374374 ], "texture": "#bamboo_sapling_1", "cullface": "down" },
				"up": { "uv": [ 7.125625, 8.625625, 8.874375, 8.749375 ], "texture": "#bamboo_sapling_1" },
				"south": { "uv": [ 7.125625, 8.000625, 8.874375, 15.99938 ], "texture": "#bamboo_sapling_1" },
				"west": { "uv": [ 8.625625, 8.000625, 8.749375, 15.99938 ], "texture": "#bamboo_sapling_1" },
				"east": { "uv": [ 7.250625, 8.000625, 7.374375, 15.99938 ], "texture": "#bamboo_sapling_1" }
			}
		},
		{
			"__comment": "Voxels",
			"from": [ 7.1252, 7.9997, 7.3759 ],
			"to": [ 8.875199, 8.124701, 7.6259 ],
			"faces": {
				"down": { "uv": [ 7.125625, 8.375625, 8.874375, 8.624375 ], "texture": "#bamboo_sapling_1" },
				"up": { "uv": [ 7.125625, 7.375626, 8.874375, 7.624374 ], "texture": "#bamboo_sapling_1" },
				"north": { "uv": [ 7.125625, 7.875626, 8.874375, 7.999374 ], "texture": "#bamboo_sapling_1" },
				"west": { "uv": [ 7.375625, 7.875626, 7.624375, 7.999374 ], "texture": "#bamboo_sapling_1" },
				"east": { "uv": [ 8.375625, 7.875626, 8.624375, 7.999374 ], "texture": "#bamboo_sapling_1" }
			}
		},
		{
			"__comment": "Voxels",
			"from": [ 7.1251, 8.0004, 8.3756 ],
			"to": [ 8.875099, 8.1254, 8.5006 ],
			"faces": {
				"up": { "uv": [ 7.125625, 8.375625, 8.874375, 8.499375 ], "texture": "#bamboo_sapling_1" },
				"west": { "uv": [ 8.375625, 7.875626, 8.499375, 7.999374 ], "texture": "#bamboo_sapling_1" },
				"east": { "uv": [ 7.500625, 7.875626, 7.624375, 7.999374 ], "texture": "#bamboo_sapling_1" }
			}
		},
		{
			"__comment": "Voxels",
			"from": [ 7.2499, -0.0005, 7.1246 ],
			"to": [ 8.7499, 7.999499, 7.2496 ],
			"faces": {
				"down": { "uv": [ 7.250625, 8.750625, 8.749375, 8.874375 ], "texture": "#bamboo_sapling_1", "cullface": "down" },
				"up": { "uv": [ 7.250625, 7.125626, 8.749375, 7.249374 ], "texture": "#bamboo_sapling_1" },
				"north": { "uv": [ 7.250625, 8.000625, 8.749375, 15.99938 ], "texture": "#bamboo_sapling_1" },
				"west": { "uv": [ 7.125625, 8.000625, 7.249375, 15.99938 ], "texture": "#bamboo_sapling_1" },
				"east": { "uv": [ 8.750625, 8.000625, 8.874375, 15.99938 ], "texture": "#bamboo_sapling_1" }
			}
		},
		{
			"__comment": "Voxels",
			"from": [ 7.2505, 0.0009, 8.7505 ],
			"to": [ 8.7505, 8.0009, 8.8755 ],
			"faces": {
				"down": { "uv": [ 7.250625, 7.125626, 8.749375, 7.249374 ], "texture": "#bamboo_sapling_1", "cullface": "down" },
				"up": { "uv": [ 7.250625, 8.750625, 8.749375, 8.874375 ], "texture": "#bamboo_sapling_1" },
				"south": { "uv": [ 7.250625, 8.000625, 8.749375, 15.99938 ], "texture": "#bamboo_sapling_1" },
				"west": { "uv": [ 8.750625, 8.000625, 8.874375, 15.99938 ], "texture": "#bamboo_sapling_1" },
				"east": { "uv": [ 7.125625, 8.000625, 7.249375, 15.99938 ], "texture": "#bamboo_sapling_1" }
			}
		},
		{
			"__comment": "Voxels",
			"from": [ 7.249, 7.9996, 7.2502 ],
			"to": [ 8.748999, 8.1246, 7.3752 ],
			"faces": {
				"up": { "uv": [ 7.250625, 7.250626, 8.749375, 7.374374 ], "texture": "#bamboo_sapling_1" },
				"north": { "uv": [ 7.250625, 7.875626, 8.749375, 7.999374 ], "texture": "#bamboo_sapling_1" },
				"west": { "uv": [ 7.250625, 7.875626, 7.374375, 7.999374 ], "texture": "#bamboo_sapling_1" },
				"east": { "uv": [ 8.625625, 7.875626, 8.749375, 7.999374 ], "texture": "#bamboo_sapling_1" }
			}
		},
		{
			"__comment": "Voxels",
			"from": [ 7.2497, 8, 8.6243 ],
			"to": [ 8.749699, 8.124999, 8.7493 ],
			"faces": {
				"up": { "uv": [ 7.250625, 8.625625, 8.749375, 8.749375 ], "texture": "#bamboo_sapling_1" },
				"south": { "uv": [ 7.250625, 7.875626, 8.749375, 7.999374 ], "texture": "#bamboo_sapling_1" },
				"west": { "uv": [ 8.625625, 7.875626, 8.749375, 7.999374 ], "texture": "#bamboo_sapling_1" },
				"east": { "uv": [ 7.250625, 7.875626, 7.374375, 7.999374 ], "texture": "#bamboo_sapling_1" }
			}
		},
		{
			"__comment": "Voxels",
			"from": [ 7.3755, 7.9999, 7.1241 ],
			"to": [ 8.6255, 8.1249, 7.2491 ],
			"faces": {
				"up": { "uv": [ 7.375625, 7.125626, 8.624375, 7.249374 ], "texture": "#bamboo_sapling_1" },
				"north": { "uv": [ 7.375625, 7.875626, 8.624375, 7.999374 ], "texture": "#bamboo_sapling_1" },
				"west": { "uv": [ 7.125625, 7.875626, 7.249375, 7.999374 ], "texture": "#bamboo_sapling_1" },
				"east": { "uv": [ 8.750625, 7.875626, 8.874375, 7.999374 ], "texture": "#bamboo_sapling_1" }
			}
		},
		{
			"__comment": "Voxels",
			"from": [ 7.3744, 7.9998, 8.7498 ],
			"to": [ 8.624399, 8.1248, 8.8748 ],
			"faces": {
				"up": { "uv": [ 7.375625, 8.750625, 8.624375, 8.874375 ], "texture": "#bamboo_sapling_1" },
				"south": { "uv": [ 7.375625, 7.875626, 8.624375, 7.999374 ], "texture": "#bamboo_sapling_1" },
				"west": { "uv": [ 8.750625, 7.875626, 8.874375, 7.999374 ], "texture": "#bamboo_sapling_1" },
				"east": { "uv": [ 7.125625, 7.875626, 7.249375, 7.999374 ], "texture": "#bamboo_sapling_1" }
			}
		},
		{
			"__comment": "Voxels",
			"from": [ 7.5002, 0.0007, 6.9999 ],
			"to": [ 8.5002, 8.0007, 7.1249 ],
			"faces": {
				"down": { "uv": [ 7.500625, 8.875625, 8.499375, 8.999375 ], "texture": "#bamboo_sapling_1", "cullface": "down" },
				"up": { "uv": [ 7.500625, 7.000626, 8.499375, 7.124374 ], "texture": "#bamboo_sapling_1" },
				"north": { "uv": [ 7.500625, 8.000625, 8.499375, 15.99938 ], "texture": "#bamboo_sapling_1" },
				"west": { "uv": [ 7.000625, 8.000625, 7.124375, 15.99938 ], "texture": "#bamboo_sapling_1" },
				"east": { "uv": [ 8.875625, 8.000625, 8.999375, 15.99938 ], "texture": "#bamboo_sapling_1" }
			}
		},
		{
			"__comment": "Voxels",
			"from": [ 7.5002, -0.0004, 8.875299 ],
			"to": [ 8.5002, 7.9996, 9.000299 ],
			"faces": {
				"down": { "uv": [ 7.500625, 7.000626, 8.499375, 7.124374 ], "texture": "#bamboo_sapling_1", "cullface": "down" },
				"up": { "uv": [ 7.500625, 8.875625, 8.499375, 8.999375 ], "texture": "#bamboo_sapling_1" },
				"south": { "uv": [ 7.500625, 8.000625, 8.499375, 15.99938 ], "texture": "#bamboo_sapling_1" },
				"west": { "uv": [ 8.875625, 8.000625, 8.999375, 15.99938 ], "texture": "#bamboo_sapling_1" },
				"east": { "uv": [ 7.000625, 8.000625, 7.124375, 15.99938 ], "texture": "#bamboo_sapling_1" }
			}
		},
		{
			"__comment": "Voxels",
			"from": [ 7.6242, 7.9993, 6.9991 ],
			"to": [ 8.374199, 8.1243, 7.1241 ],
			"faces": {
				"up": { "uv": [ 7.625625, 7.000626, 8.374375, 7.124374 ], "texture": "#bamboo_sapling_1" },
				"north": { "uv": [ 7.625625, 7.875626, 8.374375, 7.999374 ], "texture": "#bamboo_sapling_1" },
				"west": { "uv": [ 7.000625, 7.875626, 7.124375, 7.999374 ], "texture": "#bamboo_sapling_1" },
				"east": { "uv": [ 8.875625, 7.875626, 8.999375, 7.999374 ], "texture": "#bamboo_sapling_1" }
			}
		},
		{
			"__comment": "Voxels",
			"from": [ 7.6247, 8.0005, 8.8751 ],
			"to": [ 8.374699, 8.1255, 9.0001 ],
			"faces": {
				"up": { "uv": [ 7.625625, 8.875625, 8.374375, 8.999375 ], "texture": "#bamboo_sapling_1" },
				"south": { "uv": [ 7.625625, 7.875626, 8.374375, 7.999374 ], "texture": "#bamboo_sapling_1" },
				"west": { "uv": [ 8.875625, 7.875626, 8.999375, 7.999374 ], "texture": "#bamboo_sapling_1" },
				"east": { "uv": [ 7.000625, 7.875626, 7.124375, 7.999374 ], "texture": "#bamboo_sapling_1" }
			}
		},
		{
			"__comment": "Voxels",
			"from": [ 7.874, 0, 6.874 ],
			"to": [ 7.999, 8, 6.999 ],
			"faces": {
				"down": { "uv": [ 7.875625, 9.000625, 7.999375, 9.124375 ], "texture": "#bamboo_sapling_1", "cullface": "down" },
				"up": { "uv": [ 7.875625, 6.875626, 7.999375, 6.999374 ], "texture": "#bamboo_sapling_1" },
				"north": { "uv": [ 8.000625, 8.000625, 8.124375, 15.99938 ], "texture": "#bamboo_sapling_1" },
				"west": { "uv": [ 6.875625, 8.000625, 6.999375, 15.99938 ], "texture": "#bamboo_sapling_1" }
			}
		},
		{
			"__comment": "Voxels",
			"from": [ 7.8751, -0.0001, 8.9999 ],
			"to": [ 8.000099, 7.999899, 9.1249 ],
			"faces": {
				"down": { "uv": [ 7.875625, 6.875626, 7.999375, 6.999374 ], "texture": "#bamboo_sapling_1", "cullface": "down" },
				"up": { "uv": [ 7.875625, 9.000625, 7.999375, 9.124375 ], "texture": "#bamboo_sapling_1" },
				"south": { "uv": [ 7.875625, 8.000625, 7.999375, 15.99938 ], "texture": "#bamboo_sapling_1" },
				"west": { "uv": [ 9.000625, 8.000625, 9.124375, 15.99938 ], "texture": "#bamboo_sapling_1" }
			}
		},
		{
			"__comment": "Voxels",
			"from": [ 9, -0.0001, 7.8751 ],
			"to": [ 9.125, 7.999899, 8.000099 ],
			"faces": {
				"down": { "uv": [ 9.000625, 8.000625, 9.124375, 8.124375 ], "texture": "#bamboo_sapling_1", "cullface": "down" },
				"up": { "uv": [ 9.000625, 7.875626, 9.124375, 7.999374 ], "texture": "#bamboo_sapling_1" },
				"north": { "uv": [ 6.875625, 8.000625, 6.999375, 15.99938 ], "texture": "#bamboo_sapling_1" },
				"east": { "uv": [ 8.000625, 8.000625, 8.124375, 15.99938 ], "texture": "#bamboo_sapling_1" }
			}
		},
		{
			"__comment": "PlaneX21",
			"from": [ 3.001, -0.0006, 3.0005 ],
			"to": [ 3.001999, 13.4994, 17.0005 ],
			"rotation": { "origin": [ 3, 0, 3 ], "axis": "y", "angle": 45 },
			"faces": {
				"west": { "uv": [ 0, 3, 16, 16 ], "texture": "#bamboo_sapling_2" },
				"east": { "uv": [ 0, 3, 16, 16 ], "texture": "#bamboo_sapling_2" }
			}
		},
		{
			"__comment": "PlaneZ22",
			"from": [ 3.0008, 0.0006, 13.0004 ],
			"to": [ 17.0008, 13.5006, 13.0014 ],
			"rotation": { "origin": [ 3, 0, 13 ], "axis": "y", "angle": 45 },
			"faces": {
				"north": { "uv": [ 0, 3, 16, 16 ], "texture": "#bamboo_sapling_2" },
				"south": { "uv": [ 0, 3, 16, 16 ], "texture": "#bamboo_sapling_2" }
			}
		},
		{
			"__comment": "PlaneX23",
			"from": [ 7.9997, 0.0006, 2.0009 ],
			"to": [ 8.0007, 14.0006, 14.00091 ],
			"faces": {
				"west": { "uv": [ 0, 3, 16, 16 ], "texture": "#bamboo_sapling_2" },
				"east": { "uv": [ 0, 3, 16, 16 ], "texture": "#bamboo_sapling_2" }
			}
		},
		{
			"__comment": "PlaneZ24",
			"from": [ 2.0008, 0.0007, 7.9999 ],
			"to": [ 14.0008, 13.0007, 8.0009 ],
			"faces": {
				"north": { "uv": [ 0, 3, 16, 16 ], "texture": "#bamboo_sapling_2" },
				"south": { "uv": [ 0, 3, 16, 16 ], "texture": "#bamboo_sapling_2" }
			}
		}
	],
	"display": {
		"thirdperson_righthand": {
			"rotation":  [ 45, 0, 0 ],
			"translation":  [ 0, 5, 7 ],
			"scale":  [ 0.85, 0.85, 0.85 ]
		},
		"thirdperson_lefthand": {
			"rotation":  [ 45, 0, 0 ],
			"translation":  [ 0, 5, 7 ],
			"scale":  [ 0.85, 0.85, 0.85 ]
		},
		"firstperson_righthand": {
			"rotation":  [ 0, 45, 0 ],
			"translation":  [ 0, 4, 0 ],
			"scale":  [ 0.4, 0.4, 0.4 ]
		},
		"firstperson_lefthand": {
			"rotation":  [ 0, 45, 0 ],
			"translation":  [ 0, 4, 0 ],
			"scale":  [ 0.4, 0.4, 0.4 ]
		},
		"gui": {
			"rotation":  [ 30, 225, 0 ],
			"translation":  [ 0, 1, 0 ],
			"scale":  [ 1.025, 1.025, 1.025 ]
		},
		"ground": {
			"translation":  [ 0, 3, 0 ],
			"scale":  [ 0.25, 0.25, 0.25 ]
		}
	}
}