{
	"__comment": "Designed by Interhell2000 with Cubik Studio - https://cubik.studio",
	"textures": {
		"particle": "block/b/bamboo_block/bamboo_block",
		"bamboo_block_1": "block/b/bamboo_block/bamboo_block_1",
		"bamboo_block_2": "block/b/bamboo_block/bamboo_block_2",
		"bamboo_block_3": "block/b/bamboo_block/bamboo_block_3",
		"bamboo_block_4": "block/b/bamboo_block/bamboo_block_4",
		"bamboo_block_5": "block/b/bamboo_block/bamboo_block_5"
	},
	"elements": [ 	 
		{
			"__comment": "Box22",
			"from": [ -0.0009, 15.0003, 0.0002 ],
			"to": [ 0.9991, 16.0003, 16.0002 ],
			"faces": {
				"down": { "uv": [ 0.000625, 15.00062, 15.99938, 15.99938 ], "texture": "#bamboo_block_1", "rotation": 270 },
				"up": { "uv": [ 15.99938, 15.99938, 0.000624657, 15.00062 ], "texture": "#bamboo_block_1", "cullface": "west", "rotation": 90 },
				"north": { "uv": [ 0.999375, 15.99938, 0.000625014, 15.00062 ], "texture": "#bamboo_block_1", "cullface": "north", "rotation": 270 },
				"south": { "uv": [ 15.99938, 15.99938, 15.00062, 15.00062 ], "texture": "#bamboo_block_1", "cullface": "south", "rotation": 90 },
				"west": { "uv": [ 0.000625, 0.000624657, 0.999375, 15.99938 ], "texture": "#bamboo_block_1", "cullface": "down", "rotation": 90 },
				"east": { "uv": [ 0.999375, 15.99938, 0.000625014, 0.000624657 ], "texture": "#bamboo_block_1", "cullface": "down", "rotation": 270 }
			}
		},
		{
			"__comment": "Box23",
			"from": [ -0.0005, -0.0001, 14.9997 ],
			"to": [ 0.9995, 14.9999, 15.9997 ],
			"faces": {
				"down": { "uv": [ 15.00062, 15.00062, 15.99938, 15.99938 ], "texture": "#bamboo_block_1", "cullface": "east", "rotation": 270 },
				"north": { "uv": [ 15.99938, 15.99938, 1.000625, 15.00062 ], "texture": "#bamboo_block_1", "rotation": 270 },
				"south": { "uv": [ 14.99938, 15.99938, 0.000624657, 15.00062 ], "texture": "#bamboo_block_1", "cullface": "south", "rotation": 90 },
				"west": { "uv": [ 1.000625, 0.000624657, 15.99938, 0.9993753 ], "texture": "#bamboo_block_1", "cullface": "down", "rotation": 90 },
				"east": { "uv": [ 15.99938, 15.99938, 1.000625, 15.00062 ], "texture": "#bamboo_block_1", "cullface": "down", "rotation": 270 }
			}
		},
		{
			"__comment": "Box22",
			"from": [ 0, 0.0003, 0.0004 ],
			"to": [ 1, 1.0003, 15.0004 ],
			"faces": {
				"down": { "uv": [ 0.000625, 15.00062, 14.99938, 15.99938 ], "texture": "#bamboo_block_1", "cullface": "east", "rotation": 270 },
				"up": { "uv": [ 15.99938, 15.99938, 1.000625, 15.00062 ], "texture": "#bamboo_block_1", "rotation": 90 },
				"north": { "uv": [ 15.99938, 15.99938, 15.00062, 15.00062 ], "texture": "#bamboo_block_1", "cullface": "north", "rotation": 270 },
				"west": { "uv": [ 15.00062, 1.000625, 15.99938, 15.99938 ], "texture": "#bamboo_block_1", "cullface": "down", "rotation": 90 },
				"east": { "uv": [ 15.99938, 14.99938, 15.00062, 0.000624657 ], "texture": "#bamboo_block_1", "cullface": "down", "rotation": 270 }
			}
		},
		{
			"__comment": "Box23",
			"from": [ -0.001, 1.0002, -0.0004 ],
			"to": [ 0.999, 15.0002, 0.9996009 ],
			"faces": {
				"north": { "uv": [ 14.99938, 15.99938, 1.000625, 15.00062 ], "texture": "#bamboo_block_1", "cullface": "north", "rotation": 270 },
				"south": { "uv": [ 14.99938, 15.99938, 1.000625, 15.00062 ], "texture": "#bamboo_block_1", "rotation": 90 },
				"west": { "uv": [ 1.000625, 15.00062, 14.99938, 15.99938 ], "texture": "#bamboo_block_1", "cullface": "down", "rotation": 90 },
				"east": { "uv": [ 14.99938, 0.9993753, 1.000625, 0.000624657 ], "texture": "#bamboo_block_1", "cullface": "down", "rotation": 270 }
			}
		},
		{
			"__comment": "Box26",
			"from": [ -0.0012, 13.9996, 0.9995 ],
			"to": [ 0.9988, 14.9996, 14.9995 ],
			"faces": {
				"down": { "uv": [ 1.000625, 15.00062, 14.99938, 15.99938 ], "texture": "#bamboo_block_1", "rotation": 270 },
				"west": { "uv": [ 1.000625, 1.000625, 1.999375, 14.99938 ], "texture": "#bamboo_block_1", "cullface": "down", "rotation": 90 },
				"east": { "uv": [ 1.999375, 14.99938, 1.000625, 1.000625 ], "texture": "#bamboo_block_1", "cullface": "down", "rotation": 270 }
			}
		},
		{
			"__comment": "Box27",
			"from": [ -0.0018, 2.0006, 0.9993 ],
			"to": [ 0.9982, 14.0006, 1.9993 ],
			"faces": {
				"south": { "uv": [ 13.99938, 15.99938, 2.000625, 15.00062 ], "texture": "#bamboo_block_1", "rotation": 90 },
				"west": { "uv": [ 2.000625, 14.00062, 13.99938, 14.99938 ], "texture": "#bamboo_block_1", "cullface": "down", "rotation": 90 },
				"east": { "uv": [ 13.99938, 1.999375, 2.000625, 1.000625 ], "texture": "#bamboo_block_1", "cullface": "down", "rotation": 270 }
			}
		},
		{
			"__comment": "Box26",
			"from": [ -0.0019, 1.0008, 1.0007 ],
			"to": [ 0.9981, 2.0008, 14.0007 ],
			"faces": {
				"up": { "uv": [ 14.99938, 15.99938, 2.000625, 15.00062 ], "texture": "#bamboo_block_1", "rotation": 90 },
				"west": { "uv": [ 14.00062, 2.000625, 14.99938, 14.99938 ], "texture": "#bamboo_block_1", "cullface": "down", "rotation": 90 },
				"east": { "uv": [ 14.99938, 13.99938, 14.00062, 1.000625 ], "texture": "#bamboo_block_1", "cullface": "down", "rotation": 270 }
			}
		},
		{
			"__comment": "Box27",
			"from": [ -0.0012, 1.0007, 13.9996 ],
			"to": [ 0.9988, 14.0007, 14.9996 ],
			"faces": {
				"north": { "uv": [ 14.99938, 15.99938, 2.000625, 15.00062 ], "texture": "#bamboo_block_1", "rotation": 270 },
				"west": { "uv": [ 2.000625, 1.000625, 14.99938, 1.999375 ], "texture": "#bamboo_block_1", "cullface": "down", "rotation": 90 },
				"east": { "uv": [ 14.99938, 14.99938, 2.000625, 14.00062 ], "texture": "#bamboo_block_1", "cullface": "down", "rotation": 270 }
			}
		},
		{
			"__comment": "Box22",
			"from": [ 14.9996, 15.0008, 0.0009 ],
			"to": [ 15.9996, 16.0008, 16.0009 ],
			"faces": {
				"down": { "uv": [ 0.000625, 0.000624657, 15.99938, 0.9993753 ], "texture": "#bamboo_block_1", "rotation": 90 },
				"up": { "uv": [ 15.99938, 0.9993753, 0.000624657, 0.000624657 ], "texture": "#bamboo_block_1", "cullface": "west", "rotation": 270 },
				"north": { "uv": [ 15.00062, 0.000624657, 15.99938, 0.9993753 ], "texture": "#bamboo_block_1", "cullface": "north", "rotation": 270 },
				"south": { "uv": [ 0.000625, 0.000624657, 0.999375, 0.9993753 ], "texture": "#bamboo_block_1", "cullface": "south", "rotation": 90 },
				"west": { "uv": [ 0.000625, 0.000624657, 0.999375, 15.99938 ], "texture": "#bamboo_block_1", "rotation": 90 },
				"east": { "uv": [ 0.999375, 15.99938, 0.000625014, 0.000624657 ], "texture": "#bamboo_block_1", "cullface": "up", "rotation": 270 }
			}
		},
		{
			"__comment": "Box23",
			"from": [ 14.9999, -0.0005, -0.0007 ],
			"to": [ 15.9999, 14.9995, 0.9993 ],
			"faces": {
				"down": { "uv": [ 15.00062, 0.000624657, 15.99938, 0.9993753 ], "texture": "#bamboo_block_1", "cullface": "east", "rotation": 90 },
				"north": { "uv": [ 0.000625, 0.000624657, 14.99938, 0.9993753 ], "texture": "#bamboo_block_1", "cullface": "north", "rotation": 270 },
				"south": { "uv": [ 1.000625, 0.000624657, 15.99938, 0.9993753 ], "texture": "#bamboo_block_1", "rotation": 90 },
				"west": { "uv": [ 1.000625, 15.00062, 15.99938, 15.99938 ], "texture": "#bamboo_block_1", "rotation": 90 },
				"east": { "uv": [ 15.99938, 0.9993753, 1.000625, 0.000624657 ], "texture": "#bamboo_block_1", "cullface": "up", "rotation": 270 }
			}
		},
		{
			"__comment": "Box22",
			"from": [ 15.0002, 0.0002, 0.9997 ],
			"to": [ 16.0002, 1.0002, 15.9997 ],
			"faces": {
				"down": { "uv": [ 0.000625, 0.000624657, 14.99938, 0.9993753 ], "texture": "#bamboo_block_1", "cullface": "east", "rotation": 90 },
				"up": { "uv": [ 15.99938, 0.9993753, 1.000625, 0.000624657 ], "texture": "#bamboo_block_1", "rotation": 270 },
				"south": { "uv": [ 15.00062, 0.000624657, 15.99938, 0.9993753 ], "texture": "#bamboo_block_1", "cullface": "south", "rotation": 90 },
				"west": { "uv": [ 15.00062, 0.000624657, 15.99938, 14.99938 ], "texture": "#bamboo_block_1", "rotation": 90 },
				"east": { "uv": [ 15.99938, 15.99938, 15.00062, 1.000625 ], "texture": "#bamboo_block_1", "cullface": "up", "rotation": 270 }
			}
		},
		{
			"__comment": "Box23",
			"from": [ 15.0005, 1.0002, 14.9997 ],
			"to": [ 16.0005, 15.0002, 15.9997 ],
			"faces": {
				"north": { "uv": [ 1.000625, 0.000624657, 14.99938, 0.9993753 ], "texture": "#bamboo_block_1", "rotation": 270 },
				"south": { "uv": [ 1.000625, 0.000624657, 14.99938, 0.9993753 ], "texture": "#bamboo_block_1", "cullface": "south", "rotation": 90 },
				"east": { "uv": [ 14.99938, 15.99938, 1.000625, 15.00062 ], "texture": "#bamboo_block_1", "cullface": "up", "rotation": 270 }
			}
		},
		{
			"__comment": "Box26",
			"from": [ 14.9992, 14.0005, 1 ],
			"to": [ 15.9992, 15.0005, 14.99999 ],
			"faces": {
				"down": { "uv": [ 1.000625, 0.000624657, 14.99938, 0.9993753 ], "texture": "#bamboo_block_1", "rotation": 90 },
				"west": { "uv": [ 1.000625, 1.000625, 1.999375, 14.99938 ], "texture": "#bamboo_block_1", "rotation": 90 },
				"east": { "uv": [ 1.999375, 14.99938, 1.000625, 1.000625 ], "texture": "#bamboo_block_1", "cullface": "up", "rotation": 270 }
			}
		},
		{
			"__comment": "Box27",
			"from": [ 14.9998, 2.0001, 14 ],
			"to": [ 15.9998, 14.0001, 15 ],
			"faces": {
				"north": { "uv": [ 2.000625, 0.000624657, 13.99938, 0.9993753 ], "texture": "#bamboo_block_1", "rotation": 270 },
				"west": { "uv": [ 2.000625, 1.000625, 13.99938, 1.999375 ], "texture": "#bamboo_block_1", "rotation": 90 },
				"east": { "uv": [ 13.99938, 14.99938, 2.000625, 14.00062 ], "texture": "#bamboo_block_1", "cullface": "up", "rotation": 270 }
			}
		},
		{
			"__comment": "Box26",
			"from": [ 15.0001, 1.0002, 1.9993 ],
			"to": [ 16.0001, 2.0002, 14.9993 ],
			"faces": {
				"up": { "uv": [ 14.99938, 0.9993753, 2.000625, 0.000624657 ], "texture": "#bamboo_block_1", "rotation": 270 },
				"west": { "uv": [ 14.00062, 1.000625, 14.99938, 13.99938 ], "texture": "#bamboo_block_1", "rotation": 90 },
				"east": { "uv": [ 14.99938, 14.99938, 14.00062, 2.000625 ], "texture": "#bamboo_block_1", "cullface": "up", "rotation": 270 }
			}
		},
		{
			"__comment": "Box27",
			"from": [ 14.9995, 1.0004, 0.9994 ],
			"to": [ 15.9995, 14.0004, 1.9994 ],
			"faces": {
				"south": { "uv": [ 2.000625, 0.000624657, 14.99938, 0.9993753 ], "texture": "#bamboo_block_1", "rotation": 90 },
				"west": { "uv": [ 2.000625, 14.00062, 14.99938, 14.99938 ], "texture": "#bamboo_block_1", "rotation": 90 },
				"east": { "uv": [ 14.99938, 1.999375, 2.000625, 1.000625 ], "texture": "#bamboo_block_1", "cullface": "up", "rotation": 270 }
			}
		},
		{
			"__comment": "PlaneY114",
			"from": [ -0.1268, -0.0002, 7.501 ],
			"to": [ -0.125801, 15.9998, 8.500999 ],
			"faces": {
				"west": { "uv": [ 0.000625, 7.500626, 15.99938, 8.499375 ], "texture": "#bamboo_block_2", "cullface": "down", "rotation": 90 },
				"east": { "uv": [ 15.99938, 8.499375, 0.000624657, 7.500626 ], "texture": "#bamboo_block_2", "cullface": "down", "rotation": 270 }
			}
		},
		{
			"__comment": "PlaneY114",
			"from": [ -0.1271, 0.0004, 9.500999 ],
			"to": [ -0.126101, 16.0004, 10.501 ],
			"faces": {
				"west": { "uv": [ 0.000625, 5.500626, 15.99938, 6.499374 ], "texture": "#bamboo_block_2", "cullface": "down", "rotation": 90 },
				"east": { "uv": [ 15.99938, 10.49938, 0.000624657, 9.500625 ], "texture": "#bamboo_block_2", "cullface": "down", "rotation": 270 }
			}
		},
		{
			"__comment": "PlaneY114",
			"from": [ -0.1269, 0.0007, 11.4996 ],
			"to": [ -0.125901, 16.0007, 12.4996 ],
			"faces": {
				"west": { "uv": [ 0.000625, 3.500625, 15.99938, 4.499374 ], "texture": "#bamboo_block_2", "cullface": "down", "rotation": 90 },
				"east": { "uv": [ 15.99938, 12.49938, 0.000624657, 11.50062 ], "texture": "#bamboo_block_2", "cullface": "down", "rotation": 270 }
			}
		},
		{
			"__comment": "PlaneY114",
			"from": [ -0.2504, -0.0001, 1.5007 ],
			"to": [ -0.249401, 15.9999, 2.5007 ],
			"faces": {
				"west": { "uv": [ 0.000625, 13.50062, 15.99938, 14.49938 ], "texture": "#bamboo_block_2", "cullface": "down", "rotation": 90 },
				"east": { "uv": [ 15.99938, 2.499375, 0.000624657, 1.500625 ], "texture": "#bamboo_block_2", "cullface": "down", "rotation": 270 }
			}
		},
		{
			"__comment": "PlaneY114",
			"from": [ -0.1277, 0.0009, 5.4994 ],
			"to": [ -0.126701, 16.0009, 6.4994 ],
			"faces": {
				"west": { "uv": [ 0.000625, 9.500625, 15.99938, 10.49938 ], "texture": "#bamboo_block_2", "cullface": "down", "rotation": 90 },
				"east": { "uv": [ 15.99938, 6.499374, 0.000624657, 5.500626 ], "texture": "#bamboo_block_2", "cullface": "down", "rotation": 270 }
			}
		},
		{
			"__comment": "PlaneY114",
			"from": [ -0.1259, -0.0004, 3.5011 ],
			"to": [ -0.1249005, 15.9996, 4.5011 ],
			"faces": {
				"west": { "uv": [ 0.000625, 11.50062, 15.99938, 12.49938 ], "texture": "#bamboo_block_2", "cullface": "down", "rotation": 90 },
				"east": { "uv": [ 15.99938, 4.499374, 0.000624657, 3.500625 ], "texture": "#bamboo_block_2", "cullface": "down", "rotation": 270 }
			}
		},
		{
			"__comment": "PlaneY114",
			"from": [ -0.1243, 0.0002, 13.4994 ],
			"to": [ -0.123301, 16.0002, 14.4994 ],
			"faces": {
				"west": { "uv": [ 0.000625, 1.500625, 15.99938, 2.499375 ], "texture": "#bamboo_block_2", "cullface": "down", "rotation": 90 },
				"east": { "uv": [ 15.99938, 14.49938, 0.000624657, 13.50062 ], "texture": "#bamboo_block_2", "cullface": "down", "rotation": 270 }
			}
		},
		{
			"__comment": "PlaneY121",
			"from": [ -0.1271, 7.5012, 0.0004 ],
			"to": [ -0.126101, 8.5012, 16.0004 ],
			"faces": {
				"west": { "uv": [ 7.500625, 0.000624657, 8.499375, 15.99938 ], "texture": "#bamboo_block_2", "cullface": "down", "rotation": 90 },
				"east": { "uv": [ 8.499375, 15.99938, 7.500625, 0.000624657 ], "texture": "#bamboo_block_2", "cullface": "down", "rotation": 270 }
			}
		},
		{
			"__comment": "PlaneY121",
			"from": [ -0.1264, 9.4993, 0 ],
			"to": [ -0.125401, 10.4993, 16 ],
			"faces": {
				"west": { "uv": [ 5.500625, 0.000624657, 6.499375, 15.99938 ], "texture": "#bamboo_block_2", "cullface": "down", "rotation": 90 },
				"east": { "uv": [ 6.499375, 15.99938, 5.500625, 0.000624657 ], "texture": "#bamboo_block_2", "cullface": "down", "rotation": 270 }
			}
		},
		{
			"__comment": "PlaneY121",
			"from": [ -0.1275, 11.5012, 0.0006 ],
			"to": [ -0.126501, 12.5012, 16.0006 ],
			"faces": {
				"west": { "uv": [ 3.500625, 0.000624657, 4.499375, 15.99938 ], "texture": "#bamboo_block_2", "cullface": "down", "rotation": 90 },
				"east": { "uv": [ 4.499375, 15.99938, 3.500625, 0.000624657 ], "texture": "#bamboo_block_2", "cullface": "down", "rotation": 270 }
			}
		},
		{
			"__comment": "PlaneY121",
			"from": [ -0.1275, 5.5004, 0.0001 ],
			"to": [ -0.126501, 6.5004, 16.0001 ],
			"faces": {
				"west": { "uv": [ 9.500625, 0.000624657, 10.49938, 15.99938 ], "texture": "#bamboo_block_2", "cullface": "down", "rotation": 90 },
				"east": { "uv": [ 10.49938, 15.99938, 9.500625, 0.000624657 ], "texture": "#bamboo_block_2", "cullface": "down", "rotation": 270 }
			}
		},
		{
			"__comment": "PlaneY121",
			"from": [ -0.1253, 3.5005, 0.0008 ],
			"to": [ -0.1243009, 4.5005, 16.0008 ],
			"faces": {
				"west": { "uv": [ 11.50062, 0.000624657, 12.49938, 15.99938 ], "texture": "#bamboo_block_2", "cullface": "down", "rotation": 90 },
				"east": { "uv": [ 12.49938, 15.99938, 11.50062, 0.000624657 ], "texture": "#bamboo_block_2", "cullface": "down", "rotation": 270 }
			}
		},
		{
			"__comment": "PlaneY121",
			"from": [ -0.125, 1.5, 0 ],
			"to": [ -0.124001, 2.5, 16 ],
			"faces": {
				"west": { "uv": [ 13.50062, 0.000624657, 14.49938, 15.99938 ], "texture": "#bamboo_block_2", "rotation": 90 },
				"east": { "uv": [ 14.49938, 15.99938, 13.50062, 0.000624657 ], "texture": "#bamboo_block_2", "rotation": 270 }
			}
		},
		{
			"__comment": "Box67",
			"from": [ 0.9999, 15.0003, 0.0002 ],
			"to": [ 14.9999, 16.0003, 1.0002 ],
			"faces": {
				"up": { "uv": [ 0.999375, 14.99938, 0.000625014, 3.000625 ], "texture": "#bamboo_block_1", "cullface": "west", "rotation": 270 },
				"north": { "uv": [ 15.00062, 3.000625, 15.99938, 14.99938 ], "texture": "#bamboo_block_1", "cullface": "north", "rotation": 270 }
			}
		},
		{
			"__comment": "Box67",
			"from": [ 1.0002, 0.0006, -0.0003 ],
			"to": [ 15.0002, 1.0006, 0.9997 ],
			"faces": {
				"down": { "uv": [ 15.00062, 3.000625, 15.99938, 14.99938 ], "texture": "#bamboo_block_1", "cullface": "east", "rotation": 90 },
				"north": { "uv": [ 0.000625, 3.000625, 0.999375, 14.99938 ], "texture": "#bamboo_block_1", "cullface": "north", "rotation": 270 }
			}
		},
		{
			"__comment": "Box67",
			"from": [ 1.0007, 0.0001, 15.0002 ],
			"to": [ 15.0007, 1.0001, 16.0002 ],
			"faces": {
				"down": { "uv": [ 0.000625, 3.000625, 0.999375, 14.99938 ], "texture": "#bamboo_block_1", "cullface": "east", "rotation": 90 },
				"south": { "uv": [ 15.00062, 3.000625, 15.99938, 14.99938 ], "texture": "#bamboo_block_1", "cullface": "south", "rotation": 90 }
			}
		},
		{
			"__comment": "Box67",
			"from": [ 0.999, 14.9997, 14.9996 ],
			"to": [ 14.999, 15.9997, 15.9996 ],
			"faces": {
				"up": { "uv": [ 15.99938, 14.99938, 15.00062, 3.000625 ], "texture": "#bamboo_block_1", "cullface": "west", "rotation": 270 },
				"south": { "uv": [ 0.000625, 3.000625, 0.999375, 14.99938 ], "texture": "#bamboo_block_1", "cullface": "south", "rotation": 90 }
			}
		},
		{
			"__comment": "Box67",
			"from": [ 0.9993, 13.9999, 15.0004 ],
			"to": [ 14.9993, 14.9999, 16.0004 ],
			"faces": {
				"north": { "uv": [ 14.00062, 3.000625, 14.99938, 14.99938 ], "texture": "#bamboo_block_1", "rotation": 270 },
				"south": { "uv": [ 1.000625, 3.000625, 1.999375, 14.99938 ], "texture": "#bamboo_block_1", "cullface": "south", "rotation": 90 }
			}
		},
		{
			"__comment": "Box67",
			"from": [ 0.9996, 0.9996, 14.9992 ],
			"to": [ 14.9996, 1.9996, 15.9992 ],
			"faces": {
				"north": { "uv": [ 1.000625, 3.000625, 1.999375, 14.99938 ], "texture": "#bamboo_block_1", "rotation": 270 },
				"south": { "uv": [ 14.00062, 3.000625, 14.99938, 14.99938 ], "texture": "#bamboo_block_1", "cullface": "south", "rotation": 90 }
			}
		},
		{
			"__comment": "Box67",
			"from": [ 1.0003, 0.0008, 13.9997 ],
			"to": [ 15.00031, 1.000799, 14.9997 ],
			"faces": {
				"down": { "uv": [ 1.000625, 3.000625, 1.999375, 14.99938 ], "texture": "#bamboo_block_1", "cullface": "east", "rotation": 90 },
				"up": { "uv": [ 14.99938, 14.99938, 14.00062, 3.000625 ], "texture": "#bamboo_block_1", "rotation": 270 }
			}
		},
		{
			"__comment": "Box67",
			"from": [ 0.9991, -0.0004, 1.0006 ],
			"to": [ 14.9991, 0.9996, 2.0006 ],
			"faces": {
				"down": { "uv": [ 14.00062, 3.000625, 14.99938, 14.99938 ], "texture": "#bamboo_block_1", "cullface": "east", "rotation": 90 },
				"up": { "uv": [ 1.999375, 14.99938, 1.000625, 3.000625 ], "texture": "#bamboo_block_1", "rotation": 270 }
			}
		},
		{
			"__comment": "Box67",
			"from": [ 1.0002, 0.9992, -0.0008 ],
			"to": [ 15.0002, 1.9992, 0.9992 ],
			"faces": {
				"north": { "uv": [ 1.000625, 3.000625, 1.999375, 14.99938 ], "texture": "#bamboo_block_1", "cullface": "north", "rotation": 270 },
				"south": { "uv": [ 14.00062, 3.000625, 14.99938, 14.99938 ], "texture": "#bamboo_block_1", "rotation": 90 }
			}
		},
		{
			"__comment": "Box67",
			"from": [ 0.9993, 14.0004, -0.001 ],
			"to": [ 14.9993, 15.0004, 0.999 ],
			"faces": {
				"north": { "uv": [ 14.00062, 3.000625, 14.99938, 14.99938 ], "texture": "#bamboo_block_1", "cullface": "north", "rotation": 270 },
				"south": { "uv": [ 1.000625, 3.000625, 1.999375, 14.99938 ], "texture": "#bamboo_block_1", "rotation": 90 }
			}
		},
		{
			"__comment": "Box67",
			"from": [ 1.0003, 14.9995, 0.9999 ],
			"to": [ 15.0003, 15.9995, 1.9999 ],
			"faces": {
				"down": { "uv": [ 14.00062, 3.000625, 14.99938, 14.99938 ], "texture": "#bamboo_block_1", "rotation": 90 },
				"up": { "uv": [ 1.999375, 14.99938, 1.000625, 3.000625 ], "texture": "#bamboo_block_1", "cullface": "west", "rotation": 270 }
			}
		},
		{
			"__comment": "Box67",
			"from": [ 1.0006, 15.0005, 14.0005 ],
			"to": [ 15.0006, 16.0005, 15.0005 ],
			"faces": {
				"down": { "uv": [ 1.000625, 3.000625, 1.999375, 14.99938 ], "texture": "#bamboo_block_1", "rotation": 90 },
				"up": { "uv": [ 14.99938, 14.99938, 14.00062, 3.000625 ], "texture": "#bamboo_block_1", "cullface": "west", "rotation": 270 }
			}
		},
		{
			"__comment": "PlaneY114",
			"from": [ 16.125, 0.0004, 7.4997 ],
			"to": [ 16.126, 16.0004, 8.499699 ],
			"faces": {
				"west": { "uv": [ 0.000625, 7.500626, 15.99938, 8.499375 ], "texture": "#bamboo_block_2", "cullface": "up", "rotation": 90 },
				"east": { "uv": [ 15.99938, 8.499375, 0.000624657, 7.500626 ], "texture": "#bamboo_block_2", "cullface": "up", "rotation": 270 }
			}
		},
		{
			"__comment": "PlaneY114",
			"from": [ 16.0003, 0.001, 5.4998 ],
			"to": [ 16.0013, 16.00099, 6.4998 ],
			"faces": {
				"west": { "uv": [ 0.000625, 9.500625, 15.99938, 10.49938 ], "texture": "#bamboo_block_2", "rotation": 90 },
				"east": { "uv": [ 15.99938, 6.499374, 0.000624657, 5.500626 ], "texture": "#bamboo_block_2", "cullface": "up", "rotation": 270 }
			}
		},
		{
			"__comment": "PlaneY114",
			"from": [ 15.9997, 0.0008, 3.5007 ],
			"to": [ 16.0007, 16.0008, 4.5007 ],
			"faces": {
				"west": { "uv": [ 0.000625, 11.50062, 15.99938, 12.49938 ], "texture": "#bamboo_block_2", "rotation": 90 },
				"east": { "uv": [ 15.99938, 4.499374, 0.000624657, 3.500625 ], "texture": "#bamboo_block_2", "cullface": "up", "rotation": 270 }
			}
		},
		{
			"__comment": "PlaneY114",
			"from": [ 16.1255, 0.0007, 1.4993 ],
			"to": [ 16.1265, 16.0007, 2.4993 ],
			"faces": {
				"west": { "uv": [ 0.000625, 13.50062, 15.99938, 14.49938 ], "texture": "#bamboo_block_2", "cullface": "up", "rotation": 90 },
				"east": { "uv": [ 15.99938, 2.499375, 0.000624657, 1.500625 ], "texture": "#bamboo_block_2", "cullface": "up", "rotation": 270 }
			}
		},
		{
			"__comment": "PlaneY114",
			"from": [ 16.1241, -0.0001, 9.5008 ],
			"to": [ 16.1251, 15.9999, 10.5008 ],
			"faces": {
				"west": { "uv": [ 0.000625, 5.500626, 15.99938, 6.499374 ], "texture": "#bamboo_block_2", "cullface": "up", "rotation": 90 },
				"east": { "uv": [ 15.99938, 10.49938, 0.000624657, 9.500625 ], "texture": "#bamboo_block_2", "cullface": "up", "rotation": 270 }
			}
		},
		{
			"__comment": "PlaneY114",
			"from": [ 16.0002, -0.0003, 11.5006 ],
			"to": [ 16.0012, 15.9997, 12.5006 ],
			"faces": {
				"west": { "uv": [ 0.000625, 3.500625, 15.99938, 4.499374 ], "texture": "#bamboo_block_2", "rotation": 90 },
				"east": { "uv": [ 15.99938, 12.49938, 0.000624657, 11.50062 ], "texture": "#bamboo_block_2", "cullface": "up", "rotation": 270 }
			}
		},
		{
			"__comment": "PlaneY114",
			"from": [ 16.0006, -0.0001, 13.5007 ],
			"to": [ 16.0016, 15.9999, 14.5007 ],
			"faces": {
				"west": { "uv": [ 0.000625, 1.500625, 15.99938, 2.499375 ], "texture": "#bamboo_block_2", "rotation": 90 },
				"east": { "uv": [ 15.99938, 14.49938, 0.000624657, 13.50062 ], "texture": "#bamboo_block_2", "cullface": "up", "rotation": 270 }
			}
		},
		{
			"__comment": "PlaneY121",
			"from": [ 16.1253, 7.5003, 0.0003 ],
			"to": [ 16.1263, 8.500299, 16.0003 ],
			"faces": {
				"west": { "uv": [ 7.500625, 0.000624657, 8.499375, 15.99938 ], "texture": "#bamboo_block_2", "cullface": "up", "rotation": 90 },
				"east": { "uv": [ 8.499375, 15.99938, 7.500625, 0.000624657 ], "texture": "#bamboo_block_2", "cullface": "up", "rotation": 270 }
			}
		},
		{
			"__comment": "PlaneY121",
			"from": [ 16.1259, 9.500199, 0.0004 ],
			"to": [ 16.1269, 10.5002, 16.0004 ],
			"faces": {
				"west": { "uv": [ 5.500625, 0.000624657, 6.499375, 15.99938 ], "texture": "#bamboo_block_2", "cullface": "up", "rotation": 90 },
				"east": { "uv": [ 6.499375, 15.99938, 5.500625, 0.000624657 ], "texture": "#bamboo_block_2", "cullface": "up", "rotation": 270 }
			}
		},
		{
			"__comment": "PlaneY121",
			"from": [ 16.1252, 11.5006, -0.0004 ],
			"to": [ 16.1262, 12.5006, 15.9996 ],
			"faces": {
				"west": { "uv": [ 3.500625, 0.000624657, 4.499375, 15.99938 ], "texture": "#bamboo_block_2", "cullface": "up", "rotation": 90 },
				"east": { "uv": [ 4.499375, 15.99938, 3.500625, 0.000624657 ], "texture": "#bamboo_block_2", "cullface": "up", "rotation": 270 }
			}
		},
		{
			"__comment": "PlaneY121",
			"from": [ 15.8759, 13.5003, -0.0002 ],
			"to": [ 15.8769, 14.5003, 15.9998 ],
			"faces": {
				"west": { "uv": [ 1.500625, 0.000624657, 2.499375, 15.99938 ], "texture": "#bamboo_block_2", "rotation": 90 },
				"east": { "uv": [ 2.499375, 15.99938, 1.500625, 0.000624657 ], "texture": "#bamboo_block_2", "rotation": 270 }
			}
		},
		{
			"__comment": "PlaneY121",
			"from": [ 16.1248, 13.501, 0.0008 ],
			"to": [ 16.1258, 14.501, 16.0008 ],
			"faces": {
				"west": { "uv": [ 1.500625, 0.000624657, 2.499375, 15.99938 ], "texture": "#bamboo_block_2", "cullface": "up", "rotation": 90 },
				"east": { "uv": [ 2.499375, 15.99938, 1.500625, 0.000624657 ], "texture": "#bamboo_block_2", "cullface": "up", "rotation": 270 }
			}
		},
		{
			"__comment": "PlaneY121",
			"from": [ 16.1259, 5.5002, -0.0009 ],
			"to": [ 16.1269, 6.5002, 15.9991 ],
			"faces": {
				"west": { "uv": [ 9.500625, 0.000624657, 10.49938, 15.99938 ], "texture": "#bamboo_block_2", "cullface": "up", "rotation": 90 },
				"east": { "uv": [ 10.49938, 15.99938, 9.500625, 0.000624657 ], "texture": "#bamboo_block_2", "cullface": "up", "rotation": 270 }
			}
		},
		{
			"__comment": "PlaneY121",
			"from": [ 16.1248, 3.5004, -0.0007 ],
			"to": [ 16.1258, 4.5004, 15.9993 ],
			"faces": {
				"west": { "uv": [ 11.50062, 0.000624657, 12.49938, 15.99938 ], "texture": "#bamboo_block_2", "cullface": "up", "rotation": 90 },
				"east": { "uv": [ 12.49938, 15.99938, 11.50062, 0.000624657 ], "texture": "#bamboo_block_2", "cullface": "up", "rotation": 270 }
			}
		},
		{
			"__comment": "PlaneY121",
			"from": [ 16.1247, 1.5001, 0.0008 ],
			"to": [ 16.1257, 2.5001, 16.0008 ],
			"faces": {
				"west": { "uv": [ 13.50062, 0.000624657, 14.49938, 15.99938 ], "texture": "#bamboo_block_2", "cullface": "up", "rotation": 90 },
				"east": { "uv": [ 14.49938, 15.99938, 13.50062, 0.000624657 ], "texture": "#bamboo_block_2", "cullface": "up", "rotation": 270 }
			}
		},
		{
			"__comment": "Box115",
			"from": [ 1, 11, -1 ],
			"to": [ 15, 13, 3 ],
			"faces": {
				"down": { "uv": [ 13, 1, 16, 15 ], "texture": "#bamboo_block_4", "cullface": "north", "rotation": 90 },
				"up": { "uv": [ 3, 15, 0, 1 ], "texture": "#bamboo_block_4", "cullface": "north", "rotation": 270 },
				"north": { "uv": [ 11, 1, 13, 15 ], "texture": "#bamboo_block_4", "cullface": "north", "rotation": 270 },
				"west": { "uv": [ 3, 13, 5, 16 ], "texture": "#bamboo_block_5", "cullface": "north", "rotation": 90 },
				"east": { "uv": [ 5, 3, 3, 0 ], "texture": "#bamboo_block_5", "cullface": "north", "rotation": 270 }
			}
		},
		{
			"__comment": "Box115",
			"from": [ 1, 13, 0 ],
			"to": [ 15, 14, 2 ],
			"faces": {
				"up": { "uv": [ 2, 15, 0, 1 ], "texture": "#bamboo_block_4", "rotation": 270 },
				"north": { "uv": [ 13, 1, 14, 15 ], "texture": "#bamboo_block_4", "cullface": "north", "rotation": 270 },
				"south": { "uv": [ 2, 1, 3, 15 ], "texture": "#bamboo_block_4", "rotation": 90 },
				"west": { "uv": [ 2, 14, 3, 16 ], "texture": "#bamboo_block_5", "rotation": 90 },
				"east": { "uv": [ 3, 2, 2, 0 ], "texture": "#bamboo_block_5", "rotation": 270 }
			}
		},
		{
			"__comment": "Box115",
			"from": [ 1, 10, 0 ],
			"to": [ 15, 11, 2 ],
			"faces": {
				"north": { "uv": [ 10, 1, 11, 15 ], "texture": "#bamboo_block_4", "cullface": "north", "rotation": 270 },
				"south": { "uv": [ 5, 1, 6, 15 ], "texture": "#bamboo_block_4", "rotation": 90 },
				"west": { "uv": [ 5, 14, 6, 16 ], "texture": "#bamboo_block_5", "rotation": 90 },
				"east": { "uv": [ 6, 2, 5, 0 ], "texture": "#bamboo_block_5", "rotation": 270 }
			}
		},
		{
			"__comment": "Box115",
			"from": [ 1, 10.5, -0.5 ],
			"to": [ 15, 11, 0 ],
			"faces": {
				"down": { "uv": [ 0, 1, 0.5, 15 ], "texture": "#bamboo_block_4", "cullface": "north", "rotation": 90 },
				"north": { "uv": [ 10.5, 1, 11, 15 ], "texture": "#bamboo_block_4", "cullface": "north", "rotation": 270 },
				"west": { "uv": [ 5, 0, 5.5, 0.5 ], "texture": "#bamboo_block_5", "cullface": "north", "rotation": 90 },
				"east": { "uv": [ 5.5, 16, 5, 15.5 ], "texture": "#bamboo_block_5", "cullface": "north", "rotation": 270 }
			}
		},
		{
			"__comment": "Box115",
			"from": [ 1, 13, -0.5 ],
			"to": [ 15, 13.5, 0 ],
			"faces": {
				"up": { "uv": [ 16, 15, 15.5, 1 ], "texture": "#bamboo_block_4", "cullface": "north", "rotation": 270 },
				"north": { "uv": [ 13, 1, 13.5, 15 ], "texture": "#bamboo_block_4", "cullface": "north", "rotation": 270 },
				"west": { "uv": [ 2.5, 0, 3, 0.5 ], "texture": "#bamboo_block_5", "cullface": "north", "rotation": 90 },
				"east": { "uv": [ 3, 16, 2.5, 15.5 ], "texture": "#bamboo_block_5", "cullface": "north", "rotation": 270 }
			}
		},
		{
			"__comment": "Box115",
			"from": [ 1, 13, 2 ],
			"to": [ 15, 13.5, 2.5 ],
			"faces": {
				"up": { "uv": [ 2.5, 15, 2, 1 ], "texture": "#bamboo_block_4", "rotation": 270 },
				"west": { "uv": [ 2.5, 13.5, 3, 14 ], "texture": "#bamboo_block_5", "rotation": 90 },
				"east": { "uv": [ 3, 2.5, 2.5, 2 ], "texture": "#bamboo_block_5", "rotation": 270 }
			}
		},
		{
			"__comment": "Box115",
			"from": [ 1, 10.5, 2 ],
			"to": [ 15, 11, 2.5 ],
			"faces": {
				"down": { "uv": [ 13.5, 1, 14, 15 ], "texture": "#bamboo_block_4", "rotation": 90 },
				"west": { "uv": [ 5, 13.5, 5.5, 14 ], "texture": "#bamboo_block_5", "rotation": 90 },
				"east": { "uv": [ 5.5, 2.5, 5, 2 ], "texture": "#bamboo_block_5", "rotation": 270 }
			}
		},
		{
			"__comment": "Box115",
			"from": [ 1, 7, -1 ],
			"to": [ 15, 9, 3 ],
			"faces": {
				"down": { "uv": [ 13, 1, 16, 15 ], "texture": "#bamboo_block_4", "cullface": "north", "rotation": 90 },
				"up": { "uv": [ 3, 15, 0, 1 ], "texture": "#bamboo_block_4", "cullface": "north", "rotation": 270 },
				"north": { "uv": [ 7, 1, 9, 15 ], "texture": "#bamboo_block_4", "cullface": "north", "rotation": 270 },
				"west": { "uv": [ 7, 13, 9, 16 ], "texture": "#bamboo_block_5", "cullface": "north", "rotation": 90 },
				"east": { "uv": [ 9, 3, 7, 0 ], "texture": "#bamboo_block_5", "cullface": "north", "rotation": 270 }
			}
		},
		{
			"__comment": "Box115",
			"from": [ 1, 9, 0 ],
			"to": [ 15, 10, 2 ],
			"faces": {
				"north": { "uv": [ 9, 1, 10, 15 ], "texture": "#bamboo_block_4", "cullface": "north", "rotation": 270 },
				"south": { "uv": [ 6, 1, 7, 15 ], "texture": "#bamboo_block_4", "rotation": 90 },
				"west": { "uv": [ 6, 14, 7, 16 ], "texture": "#bamboo_block_5", "rotation": 90 },
				"east": { "uv": [ 7, 2, 6, 0 ], "texture": "#bamboo_block_5", "rotation": 270 }
			}
		},
		{
			"__comment": "Box115",
			"from": [ 1, 6, 0 ],
			"to": [ 15, 7, 2 ],
			"faces": {
				"north": { "uv": [ 6, 1, 7, 15 ], "texture": "#bamboo_block_4", "cullface": "north", "rotation": 270 },
				"south": { "uv": [ 9, 1, 10, 15 ], "texture": "#bamboo_block_4", "rotation": 90 },
				"west": { "uv": [ 9, 14, 10, 16 ], "texture": "#bamboo_block_5", "rotation": 90 },
				"east": { "uv": [ 10, 2, 9, 0 ], "texture": "#bamboo_block_5", "rotation": 270 }
			}
		},
		{
			"__comment": "Box115",
			"from": [ 1, 6.5, -0.5 ],
			"to": [ 15, 7, 0 ],
			"faces": {
				"down": { "uv": [ 0, 1, 0.5, 15 ], "texture": "#bamboo_block_4", "cullface": "north", "rotation": 90 },
				"north": { "uv": [ 6.5, 1, 7, 15 ], "texture": "#bamboo_block_4", "cullface": "north", "rotation": 270 },
				"west": { "uv": [ 9, 0, 9.5, 0.5 ], "texture": "#bamboo_block_5", "cullface": "north", "rotation": 90 },
				"east": { "uv": [ 9.5, 16, 9, 15.5 ], "texture": "#bamboo_block_5", "cullface": "north", "rotation": 270 }
			}
		},
		{
			"__comment": "Box115",
			"from": [ 1, 9, -0.5 ],
			"to": [ 15, 9.5, 0 ],
			"faces": {
				"up": { "uv": [ 16, 15, 15.5, 1 ], "texture": "#bamboo_block_4", "cullface": "north", "rotation": 270 },
				"north": { "uv": [ 9, 1, 9.5, 15 ], "texture": "#bamboo_block_4", "cullface": "north", "rotation": 270 },
				"west": { "uv": [ 6.5, 0, 7, 0.5 ], "texture": "#bamboo_block_5", "cullface": "north", "rotation": 90 },
				"east": { "uv": [ 7, 16, 6.5, 15.5 ], "texture": "#bamboo_block_5", "cullface": "north", "rotation": 270 }
			}
		},
		{
			"__comment": "Box115",
			"from": [ 1, 9, 2 ],
			"to": [ 15, 9.5, 2.5 ],
			"faces": {
				"up": { "uv": [ 2.5, 15, 2, 1 ], "texture": "#bamboo_block_4", "rotation": 270 },
				"west": { "uv": [ 6.5, 13.5, 7, 14 ], "texture": "#bamboo_block_5", "rotation": 90 },
				"east": { "uv": [ 7, 2.5, 6.5, 2 ], "texture": "#bamboo_block_5", "rotation": 270 }
			}
		},
		{
			"__comment": "Box115",
			"from": [ 1, 6.5, 2 ],
			"to": [ 15, 7, 2.5 ],
			"faces": {
				"down": { "uv": [ 13.5, 1, 14, 15 ], "texture": "#bamboo_block_4", "rotation": 90 },
				"west": { "uv": [ 9, 13.5, 9.5, 14 ], "texture": "#bamboo_block_5", "rotation": 90 },
				"east": { "uv": [ 9.5, 2.5, 9, 2 ], "texture": "#bamboo_block_5", "rotation": 270 }
			}
		},
		{
			"__comment": "Box115",
			"from": [ 1, 3, -1 ],
			"to": [ 15, 5, 3 ],
			"faces": {
				"down": { "uv": [ 13, 1, 16, 15 ], "texture": "#bamboo_block_4", "cullface": "north", "rotation": 90 },
				"up": { "uv": [ 3, 15, 0, 1 ], "texture": "#bamboo_block_4", "cullface": "north", "rotation": 270 },
				"north": { "uv": [ 3, 1, 5, 15 ], "texture": "#bamboo_block_4", "cullface": "north", "rotation": 270 },
				"west": { "uv": [ 11, 13, 13, 16 ], "texture": "#bamboo_block_5", "cullface": "north", "rotation": 90 },
				"east": { "uv": [ 13, 3, 11, 0 ], "texture": "#bamboo_block_5", "cullface": "north", "rotation": 270 }
			}
		},
		{
			"__comment": "Box115",
			"from": [ 1, 5, 0 ],
			"to": [ 15, 6, 2 ],
			"faces": {
				"north": { "uv": [ 5, 1, 6, 15 ], "texture": "#bamboo_block_4", "cullface": "north", "rotation": 270 },
				"south": { "uv": [ 10, 1, 11, 15 ], "texture": "#bamboo_block_4", "rotation": 90 },
				"west": { "uv": [ 10, 14, 11, 16 ], "texture": "#bamboo_block_5", "rotation": 90 },
				"east": { "uv": [ 11, 2, 10, 0 ], "texture": "#bamboo_block_5", "rotation": 270 }
			}
		},
		{
			"__comment": "Box115",
			"from": [ 1, 2, 0 ],
			"to": [ 15, 3, 2 ],
			"faces": {
				"down": { "uv": [ 14, 1, 16, 15 ], "texture": "#bamboo_block_4", "rotation": 90 },
				"north": { "uv": [ 2, 1, 3, 15 ], "texture": "#bamboo_block_4", "cullface": "north", "rotation": 270 },
				"south": { "uv": [ 13, 1, 14, 15 ], "texture": "#bamboo_block_4", "rotation": 90 },
				"west": { "uv": [ 13, 14, 14, 16 ], "texture": "#bamboo_block_5", "rotation": 90 },
				"east": { "uv": [ 14, 2, 13, 0 ], "texture": "#bamboo_block_5", "rotation": 270 }
			}
		},
		{
			"__comment": "Box115",
			"from": [ 1, 2.5, -0.5 ],
			"to": [ 15, 3, 0 ],
			"faces": {
				"down": { "uv": [ 0, 1, 0.5, 15 ], "texture": "#bamboo_block_4", "cullface": "north", "rotation": 90 },
				"north": { "uv": [ 2.5, 1, 3, 15 ], "texture": "#bamboo_block_4", "cullface": "north", "rotation": 270 },
				"west": { "uv": [ 13, 0, 13.5, 0.5 ], "texture": "#bamboo_block_5", "cullface": "north", "rotation": 90 },
				"east": { "uv": [ 13.5, 16, 13, 15.5 ], "texture": "#bamboo_block_5", "cullface": "north", "rotation": 270 }
			}
		},
		{
			"__comment": "Box115",
			"from": [ 1, 5, -0.5 ],
			"to": [ 15, 5.5, 0 ],
			"faces": {
				"up": { "uv": [ 16, 15, 15.5, 1 ], "texture": "#bamboo_block_4", "cullface": "north", "rotation": 270 },
				"north": { "uv": [ 5, 1, 5.5, 15 ], "texture": "#bamboo_block_4", "cullface": "north", "rotation": 270 },
				"west": { "uv": [ 10.5, 0, 11, 0.5 ], "texture": "#bamboo_block_5", "cullface": "north", "rotation": 90 },
				"east": { "uv": [ 11, 16, 10.5, 15.5 ], "texture": "#bamboo_block_5", "cullface": "north", "rotation": 270 }
			}
		},
		{
			"__comment": "Box115",
			"from": [ 1, 5, 2 ],
			"to": [ 15, 5.5, 2.5 ],
			"faces": {
				"up": { "uv": [ 2.5, 15, 2, 1 ], "texture": "#bamboo_block_4", "rotation": 270 },
				"west": { "uv": [ 10.5, 13.5, 11, 14 ], "texture": "#bamboo_block_5", "rotation": 90 },
				"east": { "uv": [ 11, 2.5, 10.5, 2 ], "texture": "#bamboo_block_5", "rotation": 270 }
			}
		},
		{
			"__comment": "Box115",
			"from": [ 1, 2.5, 2 ],
			"to": [ 15, 3, 2.5 ],
			"faces": {
				"down": { "uv": [ 13.5, 1, 14, 15 ], "texture": "#bamboo_block_4", "rotation": 90 },
				"west": { "uv": [ 13, 13.5, 13.5, 14 ], "texture": "#bamboo_block_5", "rotation": 90 },
				"east": { "uv": [ 13.5, 2.5, 13, 2 ], "texture": "#bamboo_block_5", "rotation": 270 }
			}
		},
		{
			"__comment": "Box115",
			"from": [ 1, 3, 13 ],
			"to": [ 15, 5, 17 ],
			"faces": {
				"down": { "uv": [ 0, 1, 3, 15 ], "texture": "#bamboo_block_4", "cullface": "south", "rotation": 90 },
				"up": { "uv": [ 16, 15, 13, 1 ], "texture": "#bamboo_block_4", "cullface": "south", "rotation": 270 },
				"south": { "uv": [ 11, 1, 13, 15 ], "texture": "#bamboo_block_4", "cullface": "south", "rotation": 90 },
				"west": { "uv": [ 11, 0, 13, 3 ], "texture": "#bamboo_block_5", "cullface": "south", "rotation": 90 },
				"east": { "uv": [ 13, 16, 11, 13 ], "texture": "#bamboo_block_5", "cullface": "south", "rotation": 270 }
			}
		},
		{
			"__comment": "Box115",
			"from": [ 1, 5, 14 ],
			"to": [ 15, 6, 16 ],
			"faces": {
				"north": { "uv": [ 5, 1, 6, 15 ], "texture": "#bamboo_block_4", "rotation": 270 },
				"south": { "uv": [ 10, 1, 11, 15 ], "texture": "#bamboo_block_4", "cullface": "south", "rotation": 90 },
				"west": { "uv": [ 10, 0, 11, 2 ], "texture": "#bamboo_block_5", "rotation": 90 },
				"east": { "uv": [ 11, 16, 10, 14 ], "texture": "#bamboo_block_5", "rotation": 270 }
			}
		},
		{
			"__comment": "Box115",
			"from": [ 1, 2, 14 ],
			"to": [ 15, 3, 16 ],
			"faces": {
				"down": { "uv": [ 0, 1, 2, 15 ], "texture": "#bamboo_block_4", "rotation": 90 },
				"north": { "uv": [ 2, 1, 3, 15 ], "texture": "#bamboo_block_4", "rotation": 270 },
				"south": { "uv": [ 13, 1, 14, 15 ], "texture": "#bamboo_block_4", "cullface": "south", "rotation": 90 },
				"west": { "uv": [ 13, 0, 14, 2 ], "texture": "#bamboo_block_5", "rotation": 90 },
				"east": { "uv": [ 14, 16, 13, 14 ], "texture": "#bamboo_block_5", "rotation": 270 }
			}
		},
		{
			"__comment": "Box115",
			"from": [ 1, 2.5, 13.5 ],
			"to": [ 15, 3, 14 ],
			"faces": {
				"down": { "uv": [ 2, 1, 2.5, 15 ], "texture": "#bamboo_block_4", "rotation": 90 },
				"west": { "uv": [ 13, 2, 13.5, 2.5 ], "texture": "#bamboo_block_5", "rotation": 90 },
				"east": { "uv": [ 13.5, 14, 13, 13.5 ], "texture": "#bamboo_block_5", "rotation": 270 }
			}
		},
		{
			"__comment": "Box115",
			"from": [ 1, 5, 13.5 ],
			"to": [ 15, 5.5, 14 ],
			"faces": {
				"up": { "uv": [ 14, 15, 13.5, 1 ], "texture": "#bamboo_block_4", "rotation": 270 },
				"west": { "uv": [ 10.5, 2, 11, 2.5 ], "texture": "#bamboo_block_5", "rotation": 90 },
				"east": { "uv": [ 11, 14, 10.5, 13.5 ], "texture": "#bamboo_block_5", "rotation": 270 }
			}
		},
		{
			"__comment": "Box115",
			"from": [ 1, 5, 16 ],
			"to": [ 15, 5.5, 16.5 ],
			"faces": {
				"up": { "uv": [ 0.5, 15, 0, 1 ], "texture": "#bamboo_block_4", "cullface": "south", "rotation": 270 },
				"south": { "uv": [ 10.5, 1, 11, 15 ], "texture": "#bamboo_block_4", "cullface": "south", "rotation": 90 },
				"west": { "uv": [ 10.5, 15.5, 11, 16 ], "texture": "#bamboo_block_5", "cullface": "south", "rotation": 90 },
				"east": { "uv": [ 11, 0.5, 10.5, 0 ], "texture": "#bamboo_block_5", "cullface": "south", "rotation": 270 }
			}
		},
		{
			"__comment": "Box115",
			"from": [ 1, 2.5, 16 ],
			"to": [ 15, 3, 16.5 ],
			"faces": {
				"down": { "uv": [ 15.5, 1, 16, 15 ], "texture": "#bamboo_block_4", "cullface": "south", "rotation": 90 },
				"south": { "uv": [ 13, 1, 13.5, 15 ], "texture": "#bamboo_block_4", "cullface": "south", "rotation": 90 },
				"west": { "uv": [ 13, 15.5, 13.5, 16 ], "texture": "#bamboo_block_5", "cullface": "south", "rotation": 90 },
				"east": { "uv": [ 13.5, 0.5, 13, 0 ], "texture": "#bamboo_block_5", "cullface": "south", "rotation": 270 }
			}
		},
		{
			"__comment": "Box115",
			"from": [ 1, 7, 13 ],
			"to": [ 15, 9, 17 ],
			"faces": {
				"down": { "uv": [ 0, 1, 3, 15 ], "texture": "#bamboo_block_4", "cullface": "south", "rotation": 90 },
				"up": { "uv": [ 16, 15, 13, 1 ], "texture": "#bamboo_block_4", "cullface": "south", "rotation": 270 },
				"south": { "uv": [ 7, 1, 9, 15 ], "texture": "#bamboo_block_4", "cullface": "south", "rotation": 90 },
				"west": { "uv": [ 7, 0, 9, 3 ], "texture": "#bamboo_block_5", "cullface": "south", "rotation": 90 },
				"east": { "uv": [ 9, 16, 7, 13 ], "texture": "#bamboo_block_5", "cullface": "south", "rotation": 270 }
			}
		},
		{
			"__comment": "Box115",
			"from": [ 1, 9, 14 ],
			"to": [ 15, 10, 16 ],
			"faces": {
				"north": { "uv": [ 9, 1, 10, 15 ], "texture": "#bamboo_block_4", "rotation": 270 },
				"south": { "uv": [ 6, 1, 7, 15 ], "texture": "#bamboo_block_4", "cullface": "south", "rotation": 90 },
				"west": { "uv": [ 6, 0, 7, 2 ], "texture": "#bamboo_block_5", "rotation": 90 },
				"east": { "uv": [ 7, 16, 6, 14 ], "texture": "#bamboo_block_5", "rotation": 270 }
			}
		},
		{
			"__comment": "Box115",
			"from": [ 1, 6, 14 ],
			"to": [ 15, 7, 16 ],
			"faces": {
				"north": { "uv": [ 6, 1, 7, 15 ], "texture": "#bamboo_block_4", "rotation": 270 },
				"south": { "uv": [ 9, 1, 10, 15 ], "texture": "#bamboo_block_4", "cullface": "south", "rotation": 90 },
				"west": { "uv": [ 9, 0, 10, 2 ], "texture": "#bamboo_block_5", "rotation": 90 },
				"east": { "uv": [ 10, 16, 9, 14 ], "texture": "#bamboo_block_5", "rotation": 270 }
			}
		},
		{
			"__comment": "Box115",
			"from": [ 1, 6.5, 13.5 ],
			"to": [ 15, 7, 14 ],
			"faces": {
				"down": { "uv": [ 2, 1, 2.5, 15 ], "texture": "#bamboo_block_4", "rotation": 90 },
				"west": { "uv": [ 9, 2, 9.5, 2.5 ], "texture": "#bamboo_block_5", "rotation": 90 },
				"east": { "uv": [ 9.5, 14, 9, 13.5 ], "texture": "#bamboo_block_5", "rotation": 270 }
			}
		},
		{
			"__comment": "Box115",
			"from": [ 1, 9, 13.5 ],
			"to": [ 15, 9.5, 14 ],
			"faces": {
				"up": { "uv": [ 14, 15, 13.5, 1 ], "texture": "#bamboo_block_4", "rotation": 270 },
				"west": { "uv": [ 6.5, 2, 7, 2.5 ], "texture": "#bamboo_block_5", "rotation": 90 },
				"east": { "uv": [ 7, 14, 6.5, 13.5 ], "texture": "#bamboo_block_5", "rotation": 270 }
			}
		},
		{
			"__comment": "Box115",
			"from": [ 1, 9, 16 ],
			"to": [ 15, 9.5, 16.5 ],
			"faces": {
				"up": { "uv": [ 0.5, 15, 0, 1 ], "texture": "#bamboo_block_4", "cullface": "south", "rotation": 270 },
				"south": { "uv": [ 6.5, 1, 7, 15 ], "texture": "#bamboo_block_4", "cullface": "south", "rotation": 90 },
				"west": { "uv": [ 6.5, 15.5, 7, 16 ], "texture": "#bamboo_block_5", "cullface": "south", "rotation": 90 },
				"east": { "uv": [ 7, 0.5, 6.5, 0 ], "texture": "#bamboo_block_5", "cullface": "south", "rotation": 270 }
			}
		},
		{
			"__comment": "Box115",
			"from": [ 1, 6.5, 16 ],
			"to": [ 15, 7, 16.5 ],
			"faces": {
				"down": { "uv": [ 15.5, 1, 16, 15 ], "texture": "#bamboo_block_4", "cullface": "south", "rotation": 90 },
				"south": { "uv": [ 9, 1, 9.5, 15 ], "texture": "#bamboo_block_4", "cullface": "south", "rotation": 90 },
				"west": { "uv": [ 9, 15.5, 9.5, 16 ], "texture": "#bamboo_block_5", "cullface": "south", "rotation": 90 },
				"east": { "uv": [ 9.5, 0.5, 9, 0 ], "texture": "#bamboo_block_5", "cullface": "south", "rotation": 270 }
			}
		},
		{
			"__comment": "Box115",
			"from": [ 1, 11, 13 ],
			"to": [ 15, 13, 17 ],
			"faces": {
				"down": { "uv": [ 0, 1, 3, 15 ], "texture": "#bamboo_block_4", "cullface": "south", "rotation": 90 },
				"up": { "uv": [ 16, 15, 13, 1 ], "texture": "#bamboo_block_4", "cullface": "south", "rotation": 270 },
				"south": { "uv": [ 3, 1, 5, 15 ], "texture": "#bamboo_block_4", "cullface": "south", "rotation": 90 },
				"west": { "uv": [ 3, 0, 5, 3 ], "texture": "#bamboo_block_5", "cullface": "south", "rotation": 90 },
				"east": { "uv": [ 5, 16, 3, 13 ], "texture": "#bamboo_block_5", "cullface": "south", "rotation": 270 }
			}
		},
		{
			"__comment": "Box115",
			"from": [ 1, 13, 14 ],
			"to": [ 15, 14, 16 ],
			"faces": {
				"up": { "uv": [ 16, 15, 14, 1 ], "texture": "#bamboo_block_4", "rotation": 270 },
				"north": { "uv": [ 13, 1, 14, 15 ], "texture": "#bamboo_block_4", "rotation": 270 },
				"south": { "uv": [ 2, 1, 3, 15 ], "texture": "#bamboo_block_4", "cullface": "south", "rotation": 90 },
				"west": { "uv": [ 2, 0, 3, 2 ], "texture": "#bamboo_block_5", "rotation": 90 },
				"east": { "uv": [ 3, 16, 2, 14 ], "texture": "#bamboo_block_5", "rotation": 270 }
			}
		},
		{
			"__comment": "Box115",
			"from": [ 1, 10, 14 ],
			"to": [ 15, 11, 16 ],
			"faces": {
				"north": { "uv": [ 10, 1, 11, 15 ], "texture": "#bamboo_block_4", "rotation": 270 },
				"south": { "uv": [ 5, 1, 6, 15 ], "texture": "#bamboo_block_4", "cullface": "south", "rotation": 90 },
				"west": { "uv": [ 5, 0, 6, 2 ], "texture": "#bamboo_block_5", "rotation": 90 },
				"east": { "uv": [ 6, 16, 5, 14 ], "texture": "#bamboo_block_5", "rotation": 270 }
			}
		},
		{
			"__comment": "Box115",
			"from": [ 1, 10.5, 13.5 ],
			"to": [ 15, 11, 14 ],
			"faces": {
				"down": { "uv": [ 2, 1, 2.5, 15 ], "texture": "#bamboo_block_4", "rotation": 90 },
				"west": { "uv": [ 5, 2, 5.5, 2.5 ], "texture": "#bamboo_block_5", "rotation": 90 },
				"east": { "uv": [ 5.5, 14, 5, 13.5 ], "texture": "#bamboo_block_5", "rotation": 270 }
			}
		},
		{
			"__comment": "Box115",
			"from": [ 1, 13, 13.5 ],
			"to": [ 15, 13.5, 14 ],
			"faces": {
				"up": { "uv": [ 14, 15, 13.5, 1 ], "texture": "#bamboo_block_4", "rotation": 270 },
				"west": { "uv": [ 2.5, 2, 3, 2.5 ], "texture": "#bamboo_block_5", "rotation": 90 },
				"east": { "uv": [ 3, 14, 2.5, 13.5 ], "texture": "#bamboo_block_5", "rotation": 270 }
			}
		},
		{
			"__comment": "Box115",
			"from": [ 1, 13, 16 ],
			"to": [ 15, 13.5, 16.5 ],
			"faces": {
				"up": { "uv": [ 0.5, 15, 0, 1 ], "texture": "#bamboo_block_4", "cullface": "south", "rotation": 270 },
				"south": { "uv": [ 2.5, 1, 3, 15 ], "texture": "#bamboo_block_4", "cullface": "south", "rotation": 90 },
				"west": { "uv": [ 2.5, 15.5, 3, 16 ], "texture": "#bamboo_block_5", "cullface": "south", "rotation": 90 },
				"east": { "uv": [ 3, 0.5, 2.5, 0 ], "texture": "#bamboo_block_5", "cullface": "south", "rotation": 270 }
			}
		},
		{
			"__comment": "Box115",
			"from": [ 1, 10.5, 16 ],
			"to": [ 15, 11, 16.5 ],
			"faces": {
				"down": { "uv": [ 15.5, 1, 16, 15 ], "texture": "#bamboo_block_4", "cullface": "south", "rotation": 90 },
				"south": { "uv": [ 5, 1, 5.5, 15 ], "texture": "#bamboo_block_4", "cullface": "south", "rotation": 90 },
				"west": { "uv": [ 5, 15.5, 5.5, 16 ], "texture": "#bamboo_block_5", "cullface": "south", "rotation": 90 },
				"east": { "uv": [ 5.5, 0.5, 5, 0 ], "texture": "#bamboo_block_5", "cullface": "south", "rotation": 270 }
			}
		},
		{
			"__comment": "Box115",
			"from": [ 1, 16, 11 ],
			"to": [ 15, 17, 13 ],
			"faces": {
				"up": { "uv": [ 13, 15, 11, 1 ], "texture": "#bamboo_block_4", "cullface": "west", "rotation": 270 },
				"north": { "uv": [ 0, 1, 1, 15 ], "texture": "#bamboo_block_4", "cullface": "west", "rotation": 270 },
				"south": { "uv": [ 15, 1, 16, 15 ], "texture": "#bamboo_block_4", "cullface": "west", "rotation": 90 },
				"west": { "uv": [ 15, 3, 16, 5 ], "texture": "#bamboo_block_5", "cullface": "west", "rotation": 90 },
				"east": { "uv": [ 16, 13, 15, 11 ], "texture": "#bamboo_block_5", "cullface": "west", "rotation": 270 }
			}
		},
		{
			"__comment": "Box115",
			"from": [ 1, 16, 10.5 ],
			"to": [ 15, 16.5, 11 ],
			"faces": {
				"up": { "uv": [ 11, 15, 10.5, 1 ], "texture": "#bamboo_block_4", "cullface": "west", "rotation": 270 },
				"north": { "uv": [ 0, 1, 0.5, 15 ], "texture": "#bamboo_block_4", "cullface": "west", "rotation": 270 },
				"west": { "uv": [ 15.5, 5, 16, 5.5 ], "texture": "#bamboo_block_5", "cullface": "west", "rotation": 90 },
				"east": { "uv": [ 16, 11, 15.5, 10.5 ], "texture": "#bamboo_block_5", "cullface": "west", "rotation": 270 }
			}
		},
		{
			"__comment": "Box115",
			"from": [ 1, 16, 13 ],
			"to": [ 15, 16.5, 13.5 ],
			"faces": {
				"up": { "uv": [ 13.5, 15, 13, 1 ], "texture": "#bamboo_block_4", "cullface": "west", "rotation": 270 },
				"south": { "uv": [ 15.5, 1, 16, 15 ], "texture": "#bamboo_block_4", "cullface": "west", "rotation": 90 },
				"west": { "uv": [ 15.5, 2.5, 16, 3 ], "texture": "#bamboo_block_5", "cullface": "west", "rotation": 90 },
				"east": { "uv": [ 16, 13.5, 15.5, 13 ], "texture": "#bamboo_block_5", "cullface": "west", "rotation": 270 }
			}
		},
		{
			"__comment": "Box115",
			"from": [ 1, -1, 11 ],
			"to": [ 15, 0, 13 ],
			"faces": {
				"down": { "uv": [ 3, 1, 5, 15 ], "texture": "#bamboo_block_4", "cullface": "east", "rotation": 90 },
				"north": { "uv": [ 15, 1, 16, 15 ], "texture": "#bamboo_block_4", "cullface": "east", "rotation": 270 },
				"south": { "uv": [ 0, 1, 1, 15 ], "texture": "#bamboo_block_4", "cullface": "east", "rotation": 90 },
				"west": { "uv": [ 0, 3, 1, 5 ], "texture": "#bamboo_block_5", "cullface": "east", "rotation": 90 },
				"east": { "uv": [ 1, 13, 0, 11 ], "texture": "#bamboo_block_5", "cullface": "east", "rotation": 270 }
			}
		},
		{
			"__comment": "Box115",
			"from": [ 1, -0.5, 10.5 ],
			"to": [ 15, 0, 11 ],
			"faces": {
				"down": { "uv": [ 5, 1, 5.5, 15 ], "texture": "#bamboo_block_4", "cullface": "east", "rotation": 90 },
				"north": { "uv": [ 15.5, 1, 16, 15 ], "texture": "#bamboo_block_4", "cullface": "east", "rotation": 270 },
				"west": { "uv": [ 0, 5, 0.5, 5.5 ], "texture": "#bamboo_block_5", "cullface": "east", "rotation": 90 },
				"east": { "uv": [ 0.5, 11, 0, 10.5 ], "texture": "#bamboo_block_5", "cullface": "east", "rotation": 270 }
			}
		},
		{
			"__comment": "Box115",
			"from": [ 1, -0.5, 13 ],
			"to": [ 15, 0, 13.5 ],
			"faces": {
				"down": { "uv": [ 2.5, 1, 3, 15 ], "texture": "#bamboo_block_4", "cullface": "east", "rotation": 90 },
				"south": { "uv": [ 0, 1, 0.5, 15 ], "texture": "#bamboo_block_4", "cullface": "east", "rotation": 90 },
				"west": { "uv": [ 0, 2.5, 0.5, 3 ], "texture": "#bamboo_block_5", "cullface": "east", "rotation": 90 },
				"east": { "uv": [ 0.5, 13.5, 0, 13 ], "texture": "#bamboo_block_5", "cullface": "east", "rotation": 270 }
			}
		},
		{
			"__comment": "Box115",
			"from": [ 1, -1, 7 ],
			"to": [ 15, 0, 9 ],
			"faces": {
				"down": { "uv": [ 7, 1, 9, 15 ], "texture": "#bamboo_block_4", "cullface": "east", "rotation": 90 },
				"north": { "uv": [ 15, 1, 16, 15 ], "texture": "#bamboo_block_4", "cullface": "east", "rotation": 270 },
				"south": { "uv": [ 0, 1, 1, 15 ], "texture": "#bamboo_block_4", "cullface": "east", "rotation": 90 },
				"west": { "uv": [ 0, 7, 1, 9 ], "texture": "#bamboo_block_5", "cullface": "east", "rotation": 90 },
				"east": { "uv": [ 1, 9, 0, 7 ], "texture": "#bamboo_block_5", "cullface": "east", "rotation": 270 }
			}
		},
		{
			"__comment": "Box115",
			"from": [ 1, -0.5, 6.5 ],
			"to": [ 15, 0, 7 ],
			"faces": {
				"down": { "uv": [ 9, 1, 9.5, 15 ], "texture": "#bamboo_block_4", "cullface": "east", "rotation": 90 },
				"north": { "uv": [ 15.5, 1, 16, 15 ], "texture": "#bamboo_block_4", "cullface": "east", "rotation": 270 },
				"west": { "uv": [ 0, 9, 0.5, 9.5 ], "texture": "#bamboo_block_5", "cullface": "east", "rotation": 90 },
				"east": { "uv": [ 0.5, 7, 0, 6.5 ], "texture": "#bamboo_block_5", "cullface": "east", "rotation": 270 }
			}
		},
		{
			"__comment": "Box115",
			"from": [ 1, -0.5, 9 ],
			"to": [ 15, 0, 9.5 ],
			"faces": {
				"down": { "uv": [ 6.5, 1, 7, 15 ], "texture": "#bamboo_block_4", "cullface": "east", "rotation": 90 },
				"south": { "uv": [ 0, 1, 0.5, 15 ], "texture": "#bamboo_block_4", "cullface": "east", "rotation": 90 },
				"west": { "uv": [ 0, 6.5, 0.5, 7 ], "texture": "#bamboo_block_5", "cullface": "east", "rotation": 90 },
				"east": { "uv": [ 0.5, 9.5, 0, 9 ], "texture": "#bamboo_block_5", "cullface": "east", "rotation": 270 }
			}
		},
		{
			"__comment": "Box115",
			"from": [ 1, 16, 7 ],
			"to": [ 15, 17, 9 ],
			"faces": {
				"up": { "uv": [ 9, 15, 7, 1 ], "texture": "#bamboo_block_4", "cullface": "west", "rotation": 270 },
				"north": { "uv": [ 0, 1, 1, 15 ], "texture": "#bamboo_block_4", "cullface": "west", "rotation": 270 },
				"south": { "uv": [ 15, 1, 16, 15 ], "texture": "#bamboo_block_4", "cullface": "west", "rotation": 90 },
				"west": { "uv": [ 15, 7, 16, 9 ], "texture": "#bamboo_block_5", "cullface": "west", "rotation": 90 },
				"east": { "uv": [ 16, 9, 15, 7 ], "texture": "#bamboo_block_5", "cullface": "west", "rotation": 270 }
			}
		},
		{
			"__comment": "Box115",
			"from": [ 1, 16, 6.5 ],
			"to": [ 15, 16.5, 7 ],
			"faces": {
				"up": { "uv": [ 7, 15, 6.5, 1 ], "texture": "#bamboo_block_4", "cullface": "west", "rotation": 270 },
				"north": { "uv": [ 0, 1, 0.5, 15 ], "texture": "#bamboo_block_4", "cullface": "west", "rotation": 270 },
				"west": { "uv": [ 15.5, 9, 16, 9.5 ], "texture": "#bamboo_block_5", "cullface": "west", "rotation": 90 },
				"east": { "uv": [ 16, 7, 15.5, 6.5 ], "texture": "#bamboo_block_5", "cullface": "west", "rotation": 270 }
			}
		},
		{
			"__comment": "Box115",
			"from": [ 1, 16, 9 ],
			"to": [ 15, 16.5, 9.5 ],
			"faces": {
				"up": { "uv": [ 9.5, 15, 9, 1 ], "texture": "#bamboo_block_4", "cullface": "west", "rotation": 270 },
				"south": { "uv": [ 15.5, 1, 16, 15 ], "texture": "#bamboo_block_4", "cullface": "west", "rotation": 90 },
				"west": { "uv": [ 15.5, 6.5, 16, 7 ], "texture": "#bamboo_block_5", "cullface": "west", "rotation": 90 },
				"east": { "uv": [ 16, 9.5, 15.5, 9 ], "texture": "#bamboo_block_5", "cullface": "west", "rotation": 270 }
			}
		},
		{
			"__comment": "Box115",
			"from": [ 1, 16, 3 ],
			"to": [ 15, 17, 5 ],
			"faces": {
				"up": { "uv": [ 5, 15, 3, 1 ], "texture": "#bamboo_block_4", "cullface": "west", "rotation": 270 },
				"north": { "uv": [ 0, 1, 1, 15 ], "texture": "#bamboo_block_4", "cullface": "west", "rotation": 270 },
				"south": { "uv": [ 15, 1, 16, 15 ], "texture": "#bamboo_block_4", "cullface": "west", "rotation": 90 },
				"west": { "uv": [ 15, 11, 16, 13 ], "texture": "#bamboo_block_5", "cullface": "west", "rotation": 90 },
				"east": { "uv": [ 16, 5, 15, 3 ], "texture": "#bamboo_block_5", "cullface": "west", "rotation": 270 }
			}
		},
		{
			"__comment": "Box115",
			"from": [ 1, 16, 2.5 ],
			"to": [ 15, 16.5, 3 ],
			"faces": {
				"up": { "uv": [ 3, 15, 2.5, 1 ], "texture": "#bamboo_block_4", "cullface": "west", "rotation": 270 },
				"north": { "uv": [ 0, 1, 0.5, 15 ], "texture": "#bamboo_block_4", "cullface": "west", "rotation": 270 },
				"west": { "uv": [ 15.5, 13, 16, 13.5 ], "texture": "#bamboo_block_5", "cullface": "west", "rotation": 90 },
				"east": { "uv": [ 16, 3, 15.5, 2.5 ], "texture": "#bamboo_block_5", "cullface": "west", "rotation": 270 }
			}
		},
		{
			"__comment": "Box115",
			"from": [ 1, 16, 5 ],
			"to": [ 15, 16.5, 5.5 ],
			"faces": {
				"up": { "uv": [ 5.5, 15, 5, 1 ], "texture": "#bamboo_block_4", "cullface": "west", "rotation": 270 },
				"south": { "uv": [ 15.5, 1, 16, 15 ], "texture": "#bamboo_block_4", "cullface": "west", "rotation": 90 },
				"west": { "uv": [ 15.5, 10.5, 16, 11 ], "texture": "#bamboo_block_5", "cullface": "west", "rotation": 90 },
				"east": { "uv": [ 16, 5.5, 15.5, 5 ], "texture": "#bamboo_block_5", "cullface": "west", "rotation": 270 }
			}
		},
		{
			"__comment": "Box115",
			"from": [ 1, -1, 3 ],
			"to": [ 15, 0, 5 ],
			"faces": {
				"down": { "uv": [ 11, 1, 13, 15 ], "texture": "#bamboo_block_4", "cullface": "east", "rotation": 90 },
				"north": { "uv": [ 15, 1, 16, 15 ], "texture": "#bamboo_block_4", "cullface": "east", "rotation": 270 },
				"south": { "uv": [ 0, 1, 1, 15 ], "texture": "#bamboo_block_4", "cullface": "east", "rotation": 90 },
				"west": { "uv": [ 0, 11, 1, 13 ], "texture": "#bamboo_block_5", "cullface": "east", "rotation": 90 },
				"east": { "uv": [ 1, 5, 0, 3 ], "texture": "#bamboo_block_5", "cullface": "east", "rotation": 270 }
			}
		},
		{
			"__comment": "Box115",
			"from": [ 1, -0.5, 2.5 ],
			"to": [ 15, 0, 3 ],
			"faces": {
				"down": { "uv": [ 13, 1, 13.5, 15 ], "texture": "#bamboo_block_4", "cullface": "east", "rotation": 90 },
				"north": { "uv": [ 15.5, 1, 16, 15 ], "texture": "#bamboo_block_4", "cullface": "east", "rotation": 270 },
				"west": { "uv": [ 0, 13, 0.5, 13.5 ], "texture": "#bamboo_block_5", "cullface": "east", "rotation": 90 },
				"east": { "uv": [ 0.5, 3, 0, 2.5 ], "texture": "#bamboo_block_5", "cullface": "east", "rotation": 270 }
			}
		},
		{
			"__comment": "Box115",
			"from": [ 1, -0.5, 5 ],
			"to": [ 15, 0, 5.5 ],
			"faces": {
				"down": { "uv": [ 10.5, 1, 11, 15 ], "texture": "#bamboo_block_4", "cullface": "east", "rotation": 90 },
				"south": { "uv": [ 0, 1, 0.5, 15 ], "texture": "#bamboo_block_4", "cullface": "east", "rotation": 90 },
				"west": { "uv": [ 0, 10.5, 0.5, 11 ], "texture": "#bamboo_block_5", "cullface": "east", "rotation": 90 },
				"east": { "uv": [ 0.5, 5.5, 0, 5 ], "texture": "#bamboo_block_5", "cullface": "east", "rotation": 270 }
			}
		},
		{
			"__comment": "Box143",
			"from": [ 1, 2, 2.5 ],
			"to": [ 15, 14, 13.5 ],
			"faces": {
				"down": { "uv": [ 2.5, 1, 13.5, 15 ], "texture": "#bamboo_block_4", "rotation": 90 },
				"up": { "uv": [ 13.5, 15, 2.5, 1 ], "texture": "#bamboo_block_4", "rotation": 270 },
				"north": { "uv": [ 2, 1, 14, 15 ], "texture": "#bamboo_block_4", "rotation": 270 },
				"south": { "uv": [ 2, 1, 14, 15 ], "texture": "#bamboo_block_4", "rotation": 90 },
				"west": { "uv": [ 2, 2.5, 14, 13.5 ], "texture": "#bamboo_block_5", "rotation": 90 },
				"east": { "uv": [ 14, 13.5, 2, 2.5 ], "texture": "#bamboo_block_5", "rotation": 270 }
			}
		},
		{
			"__comment": "Box115",
			"from": [ 1, 14, 10 ],
			"to": [ 15, 16, 14 ],
			"faces": {
				"down": { "uv": [ 2, 1, 6, 15 ], "texture": "#bamboo_block_4", "rotation": 90 },
				"up": { "uv": [ 14, 15, 10, 1 ], "texture": "#bamboo_block_4", "cullface": "west", "rotation": 270 },
				"south": { "uv": [ 0, 1, 2, 15 ], "texture": "#bamboo_block_4", "rotation": 90 },
				"west": { "uv": [ 0, 2, 2, 6 ], "texture": "#bamboo_block_5", "rotation": 90 },
				"east": { "uv": [ 2, 14, 0, 10 ], "texture": "#bamboo_block_5", "rotation": 270 }
			}
		},
		{
			"__comment": "Box115",
			"from": [ 1, 0, 10 ],
			"to": [ 15, 2, 14 ],
			"faces": {
				"down": { "uv": [ 2, 1, 6, 15 ], "texture": "#bamboo_block_4", "cullface": "east", "rotation": 90 },
				"up": { "uv": [ 14, 15, 10, 1 ], "texture": "#bamboo_block_4", "rotation": 270 },
				"south": { "uv": [ 14, 1, 16, 15 ], "texture": "#bamboo_block_4", "rotation": 90 },
				"west": { "uv": [ 14, 2, 16, 6 ], "texture": "#bamboo_block_5", "rotation": 90 },
				"east": { "uv": [ 16, 14, 14, 10 ], "texture": "#bamboo_block_5", "rotation": 270 }
			}
		},
		{
			"__comment": "Box115",
			"from": [ 1, 0, 6 ],
			"to": [ 15, 2, 10 ],
			"faces": {
				"down": { "uv": [ 6, 1, 10, 15 ], "texture": "#bamboo_block_4", "cullface": "east", "rotation": 90 },
				"west": { "uv": [ 14, 6, 16, 10 ], "texture": "#bamboo_block_5", "rotation": 90 },
				"east": { "uv": [ 16, 10, 14, 6 ], "texture": "#bamboo_block_5", "rotation": 270 }
			}
		},
		{
			"__comment": "Box115",
			"from": [ 1, 14, 6 ],
			"to": [ 15, 16, 10 ],
			"faces": {
				"up": { "uv": [ 10, 15, 6, 1 ], "texture": "#bamboo_block_4", "cullface": "west", "rotation": 270 },
				"west": { "uv": [ 0, 6, 2, 10 ], "texture": "#bamboo_block_5", "rotation": 90 },
				"east": { "uv": [ 2, 10, 0, 6 ], "texture": "#bamboo_block_5", "rotation": 270 }
			}
		},
		{
			"__comment": "Box115",
			"from": [ 1, 14, 2 ],
			"to": [ 15, 16, 6 ],
			"faces": {
				"down": { "uv": [ 10, 1, 14, 15 ], "texture": "#bamboo_block_4", "rotation": 90 },
				"up": { "uv": [ 6, 15, 2, 1 ], "texture": "#bamboo_block_4", "cullface": "west", "rotation": 270 },
				"north": { "uv": [ 14, 1, 16, 15 ], "texture": "#bamboo_block_4", "rotation": 270 },
				"west": { "uv": [ 0, 10, 2, 14 ], "texture": "#bamboo_block_5", "rotation": 90 },
				"east": { "uv": [ 2, 6, 0, 2 ], "texture": "#bamboo_block_5", "rotation": 270 }
			}
		},
		{
			"__comment": "Box115",
			"from": [ 1, 0, 2 ],
			"to": [ 15, 2, 6 ],
			"faces": {
				"down": { "uv": [ 10, 1, 14, 15 ], "texture": "#bamboo_block_4", "cullface": "east", "rotation": 90 },
				"up": { "uv": [ 6, 15, 2, 1 ], "texture": "#bamboo_block_4", "rotation": 270 },
				"north": { "uv": [ 0, 1, 2, 15 ], "texture": "#bamboo_block_4", "rotation": 270 },
				"west": { "uv": [ 14, 10, 16, 14 ], "texture": "#bamboo_block_5", "rotation": 90 },
				"east": { "uv": [ 16, 6, 14, 2 ], "texture": "#bamboo_block_5", "rotation": 270 }
			}
		}
	],
	"display": {
		"thirdperson_righthand": {
			"rotation":  [ 75, 45, 0 ],
			"translation":  [ 0, 2.5, 0 ],
			"scale":  [ 0.375, 0.375, 0.375 ]
		},
		"thirdperson_lefthand": {
			"rotation":  [ 75, 45, 0 ],
			"translation":  [ 0, 2.5, 0 ],
			"scale":  [ 0.375, 0.375, 0.375 ]
		},
		"firstperson_righthand": {
			"rotation":  [ 0, 45, 0 ],
			"scale":  [ 0.4, 0.4, 0.4 ]
		},
		"firstperson_lefthand": {
			"rotation":  [ 0, 45, 0 ],
			"scale":  [ 0.4, 0.4, 0.4 ]
		},
		"gui": {
			"rotation":  [ 30, 225, 0 ],
			"scale":  [ 0.625, 0.625, 0.625 ]
		},
		"ground": {
			"translation":  [ 0, 2, 0 ],
			"scale":  [ 0.5, 0.5, 0.5 ]
		}
	}
}