{
	"__comment": "Designed by Interhell2000 with Cubik Studio - https://cubik.studio",
	"textures": {
		"particle": "block/b/bamboo_mosaic_slab/bamboo_mosaic_slab_top",
		"bamboo_mosaic_slab_1": "block/b/bamboo_mosaic_slab/bamboo_mosaic_slab_1"
	},
	"elements": [ 	 
		{
			"__comment": "Box1",
			"from": [ 0, 8, 0 ],
			"to": [ 16, 16, 16 ],
			"faces": {
				"down": { "uv": [ 0, 0, 16, 16 ], "texture": "#bamboo_mosaic_slab_1" },
				"up": { "uv": [ 0, 0, 16, 16 ], "texture": "#bamboo_mosaic_slab_1" },
				"north": { "uv": [ 0, 0, 16, 8 ], "texture": "#bamboo_mosaic_slab_1" },
				"south": { "uv": [ 0, 0, 16, 8 ], "texture": "#bamboo_mosaic_slab_1" },
				"west": { "uv": [ 0, 0, 16, 8 ], "texture": "#bamboo_mosaic_slab_1" },
				"east": { "uv": [ 0, 0, 16, 8 ], "texture": "#bamboo_mosaic_slab_1" }
			}
		}
	],
	"display": {
		"thirdperson_righthand": {
			"rotation":  [ 75, 45, 0 ],
			"translation":  [ 0, 2.5, 0 ],
			"scale":  [ 0.375, 0.375, 0.375 ]
		},
		"thirdperson_lefthand": {
			"rotation":  [ 75, 45, 0 ],
			"translation":  [ 0, 2.5, 0 ],
			"scale":  [ 0.375, 0.375, 0.375 ]
		},
		"firstperson_lefthand": {
			"rotation":  [ 0, 45, 0 ],
			"scale":  [ 0.4, 0.4, 0.4 ]
		},
		"gui": {
			"rotation":  [ 30, 225, 0 ],
			"scale":  [ 0.625, 0.625, 0.625 ]
		},
		"ground": {
			"translation":  [ 0, 2, 0 ],
			"scale":  [ 0.5, 0.5, 0.5 ]
		}
	}
}