{
	"__comment": "Designed by Interhell2000 with Cubik Studio - https://cubik.studio",
	"textures": {
		"particle": "block/b/bamboo_stairs/bamboo_stairs",
		"bamboo_stairs_1": "block/b/bamboo_stairs/bamboo_stairs_1"
	},
	"elements": [ 	 
		{
			"__comment": "Box1",
			"from": [ 0, 0, 0 ],
			"to": [ 16, 4, 16 ],
			"faces": {
				"down": { "uv": [ 0.00125, 0.001249313, 15.99876, 15.99876 ], "texture": "#bamboo_stairs_1", "cullface": "down" },
				"up": { "uv": [ 0.00125, 0.001249313, 15.99876, 15.99876 ], "texture": "#bamboo_stairs_1" },
				"north": { "uv": [ 0.00125, 12.00124, 15.99876, 15.99876 ], "texture": "#bamboo_stairs_1", "cullface": "north" },
				"south": { "uv": [ 0.00125, 12.00124, 15.99876, 15.99876 ], "texture": "#bamboo_stairs_1", "cullface": "south" },
				"west": { "uv": [ 0.00125, 12.00124, 15.99876, 15.99876 ], "texture": "#bamboo_stairs_1", "cullface": "west" },
				"east": { "uv": [ 0.00125, 12.00124, 15.99876, 15.99876 ], "texture": "#bamboo_stairs_1", "cullface": "east" }
			}
		},
		{
			"__comment": "Box2",
			"from": [ 4.0014, 3.9995, -0.0001 ],
			"to": [ 16.00139, 7.999496, 15.9999 ],
			"faces": {
				"up": { "uv": [ 4.00125, 0.001249313, 15.99876, 15.99876 ], "texture": "#bamboo_stairs_1" },
				"north": { "uv": [ 0.00125, 8.001249, 11.99876, 11.99876 ], "texture": "#bamboo_stairs_1", "cullface": "north" },
				"south": { "uv": [ 4.00125, 8.001249, 15.99876, 11.99876 ], "texture": "#bamboo_stairs_1", "cullface": "south" },
				"west": { "uv": [ 0.00125, 8.001249, 15.99876, 11.99876 ], "texture": "#bamboo_stairs_1" },
				"east": { "uv": [ 0.00125, 8.001249, 15.99876, 11.99876 ], "texture": "#bamboo_stairs_1", "cullface": "east" }
			}
		},
		{
			"__comment": "Box3",
			"from": [ 8, 8.0005, -0.0007 ],
			"to": [ 16, 12.00049, 15.9993 ],
			"faces": {
				"up": { "uv": [ 8.001249, 0.001249313, 15.99876, 15.99876 ], "texture": "#bamboo_stairs_1" },
				"north": { "uv": [ 0.00125, 4.001251, 7.99875, 7.998749 ], "texture": "#bamboo_stairs_1", "cullface": "north" },
				"south": { "uv": [ 8.001249, 4.001251, 15.99876, 7.998749 ], "texture": "#bamboo_stairs_1", "cullface": "south" },
				"west": { "uv": [ 0.00125, 4.001251, 15.99876, 7.998749 ], "texture": "#bamboo_stairs_1" },
				"east": { "uv": [ 0.00125, 4.001251, 15.99876, 7.998749 ], "texture": "#bamboo_stairs_1", "cullface": "east" }
			}
		},
		{
			"__comment": "Box4",
			"from": [ 12.0013, 11.9994, 0.0001 ],
			"to": [ 16.0013, 15.9994, 16.0001 ],
			"faces": {
				"up": { "uv": [ 12.00124, 0.001249313, 15.99876, 15.99876 ], "texture": "#bamboo_stairs_1", "cullface": "up" },
				"north": { "uv": [ 0.00125, 0.001249313, 3.99875, 3.99875 ], "texture": "#bamboo_stairs_1", "cullface": "north" },
				"south": { "uv": [ 12.00124, 0.001249313, 15.99876, 3.99875 ], "texture": "#bamboo_stairs_1", "cullface": "south" },
				"west": { "uv": [ 0.00125, 0.001249313, 15.99876, 3.99875 ], "texture": "#bamboo_stairs_1" },
				"east": { "uv": [ 0.00125, 0.001249313, 15.99876, 3.99875 ], "texture": "#bamboo_stairs_1", "cullface": "east" }
			}
		}
	],
	"display": {
		"thirdperson_righthand": {
			"rotation":  [ 75, 45, 0 ],
			"translation":  [ 0, 2.5, 0 ],
			"scale":  [ 0.375, 0.375, 0.375 ]
		},
		"thirdperson_lefthand": {
			"rotation":  [ 75, -144, 0 ],
			"translation":  [ 0, 2.5, 0 ],
			"scale":  [ 0.375, 0.375, 0.375 ]
		},
		"firstperson_righthand": {
			"rotation":  [ 0, 45, 0 ],
			"scale":  [ 0.4, 0.4, 0.4 ]
		},
		"firstperson_lefthand": {
			"rotation":  [ 0, 45, 0 ],
			"scale":  [ 0.4, 0.4, 0.4 ]
		},
		"gui": {
			"rotation":  [ 30, 135, 0 ],
			"scale":  [ 0.625, 0.625, 0.625 ]
		},
		"ground": {
			"translation":  [ 0, 3, 0 ],
			"scale":  [ 0.25, 0.25, 0.25 ]
		}
	}
}