{
	"__comment": "Designed by Interhell2000 with Cubik Studio - https://cubik.studio",
	"gui_light": "front",
	"ambientocclusion": false,
	"textures": {
		"particle": "block/b/bamboo_stalk/bamboo1",
		"bamboo_1": "block/b/bamboo_stalk/bamboo_1",
		"bamboo_3": "block/b/bamboo_stalk/bamboo_3"
	},
	"elements": [ 	 
		{
			"__comment": "Voxels",
			"from": [ 7.0002, -0.0009, 7.5007 ],
			"to": [ 9.000201, 15.9991, 8.5007 ],
			"faces": {
				"down": { "uv": [ 7.000236, 7.499292, 9.000237, 8.499292 ], "texture": "#bamboo_3" },
				"up": { "uv": [ 7.000236, 7.500708, 9.000237, 8.500707 ], "texture": "#bamboo_3" },
				"north": { "uv": [ 6.999763, 0.000930786, 8.999763, 16 ], "texture": "#bamboo_1" },
				"south": { "uv": [ 7.000236, 0.000930786, 9.000237, 16 ], "texture": "#bamboo_1" },
				"west": { "uv": [ 7.500707, 0.000930786, 8.500707, 16 ], "texture": "#bamboo_1" },
				"east": { "uv": [ 7.499293, 0.000930786, 8.499292, 16 ], "texture": "#bamboo_1" }
			}
		},
		{
			"__comment": "Voxels",
			"from": [ 7.0003, 8, 7.6245 ],
			"to": [ 9.0003, 16.125, 8.3745 ],
			"faces": {
				"up": { "uv": [ 7.000323, 7.624548, 9.000323, 8.374548 ], "texture": "#bamboo_3" },
				"north": { "uv": [ 6.999677, 0, 8.999678, 7.999989 ], "texture": "#bamboo_1" },
				"south": { "uv": [ 7.000323, 0, 9.000323, 7.999989 ], "texture": "#bamboo_1" },
				"west": { "uv": [ 7.624548, 0, 8.374548, 7.999989 ], "texture": "#bamboo_1" },
				"east": { "uv": [ 7.625452, 0, 8.375452, 7.999989 ], "texture": "#bamboo_1" }
			}
		},
		{
			"__comment": "Voxels",
			"from": [ 7.126, 0.0007, 7.2509 ],
			"to": [ 8.875999, 16.0007, 7.5009 ],
			"faces": {
				"down": { "uv": [ 7.125966, 8.499088, 8.875966, 8.749088 ], "texture": "#bamboo_3" },
				"up": { "uv": [ 7.125966, 7.250912, 8.875966, 7.500912 ], "texture": "#bamboo_3" },
				"north": { "uv": [ 7.124034, 0, 8.874034, 15.9993 ], "texture": "#bamboo_1" },
				"west": { "uv": [ 7.250912, 0, 7.500912, 15.9993 ], "texture": "#bamboo_1" },
				"east": { "uv": [ 8.499088, 0, 8.749088, 15.9993 ], "texture": "#bamboo_1" }
			}
		},
		{
			"__comment": "Voxels",
			"from": [ 7.1245, 0.001, 8.500199 ],
			"to": [ 8.8745, 16.126, 8.625199 ],
			"faces": {
				"down": { "uv": [ 7.124502, 7.374849, 8.874502, 7.499849 ], "texture": "#bamboo_3" },
				"up": { "uv": [ 7.124502, 8.500151, 8.874502, 8.625151 ], "texture": "#bamboo_3" },
				"north": { "uv": [ 7.125498, 0, 8.875498, 15.99904 ], "texture": "#bamboo_1" },
				"south": { "uv": [ 7.124502, 0, 8.874502, 15.99904 ], "texture": "#bamboo_1" },
				"west": { "uv": [ 8.500151, 0, 8.625151, 15.99904 ], "texture": "#bamboo_1" },
				"east": { "uv": [ 7.374849, 0, 7.499849, 15.99904 ], "texture": "#bamboo_1" }
			}
		},
		{
			"__comment": "Voxels",
			"from": [ 7.1258, -0.0006, 8.625899 ],
			"to": [ 8.875799, 15.9994, 8.750899 ],
			"faces": {
				"down": { "uv": [ 7.125821, 7.249055, 8.87582, 7.374055 ], "texture": "#bamboo_3" },
				"up": { "uv": [ 7.125821, 8.625945, 8.87582, 8.750945 ], "texture": "#bamboo_3" },
				"south": { "uv": [ 7.125821, 0.000619888, 8.87582, 16 ], "texture": "#bamboo_1" },
				"west": { "uv": [ 8.625945, 0.000619888, 8.750945, 16 ], "texture": "#bamboo_1" },
				"east": { "uv": [ 7.249055, 0.000619888, 7.374055, 16 ], "texture": "#bamboo_1" }
			}
		},
		{
			"__comment": "Voxels",
			"from": [ 7.1251, 7.9997, 7.376 ],
			"to": [ 8.875099, 16.1247, 7.626 ],
			"faces": {
				"down": { "uv": [ 7.125144, 8.374001, 8.875144, 8.624001 ], "texture": "#bamboo_3" },
				"up": { "uv": [ 7.125144, 7.375999, 8.875144, 7.625999 ], "texture": "#bamboo_3" },
				"north": { "uv": [ 7.124856, 0, 8.874856, 8.00027 ], "texture": "#bamboo_1" },
				"west": { "uv": [ 7.376, 0, 7.626, 8.00027 ], "texture": "#bamboo_1" },
				"east": { "uv": [ 8.374001, 0, 8.624001, 8.00027 ], "texture": "#bamboo_1" }
			}
		},
		{
			"__comment": "Voxels",
			"from": [ 7.1246, 7.9996, 8.3756 ],
			"to": [ 8.874599, 16.1246, 8.5006 ],
			"faces": {
				"up": { "uv": [ 7.124625, 8.375562, 8.874625, 8.500562 ], "texture": "#bamboo_3" },
				"west": { "uv": [ 8.375562, 0, 8.500562, 8.000425 ], "texture": "#bamboo_1" },
				"east": { "uv": [ 7.499438, 0, 7.624438, 8.000425 ], "texture": "#bamboo_1" }
			}
		},
		{
			"__comment": "Voxels",
			"from": [ 7.2494, 0.0003, 8.750899 ],
			"to": [ 8.749399, 16.0003, 8.875899 ],
			"faces": {
				"down": { "uv": [ 7.249442, 7.124081, 8.749442, 7.249081 ], "texture": "#bamboo_3" },
				"up": { "uv": [ 7.249442, 8.750919, 8.749442, 8.875919 ], "texture": "#bamboo_3" },
				"south": { "uv": [ 7.249442, 0, 8.749442, 15.99969 ], "texture": "#bamboo_1" },
				"west": { "uv": [ 8.750919, 0, 8.875919, 15.99969 ], "texture": "#bamboo_1" },
				"east": { "uv": [ 7.124081, 0, 7.249081, 15.99969 ], "texture": "#bamboo_1" }
			}
		},
		{
			"__comment": "Voxels",
			"from": [ 7.25, 8, 7.2505 ],
			"to": [ 8.75, 16.125, 7.3755 ],
			"faces": {
				"up": { "uv": [ 7.250013, 7.250476, 8.750013, 7.375476 ], "texture": "#bamboo_3" },
				"north": { "uv": [ 7.249987, 0, 8.749987, 8.000023 ], "texture": "#bamboo_1" },
				"west": { "uv": [ 7.250476, 0, 7.375476, 8.000023 ], "texture": "#bamboo_1" },
				"east": { "uv": [ 8.624524, 0, 8.749524, 8.000023 ], "texture": "#bamboo_1" }
			}
		},
		{
			"__comment": "Voxels",
			"from": [ 7.2507, 7.9991, 8.624 ],
			"to": [ 8.7507, 16.1241, 8.749 ],
			"faces": {
				"up": { "uv": [ 7.250687, 8.62405, 8.750687, 8.74905 ], "texture": "#bamboo_3" },
				"south": { "uv": [ 7.250687, 0, 8.750687, 8.000947 ], "texture": "#bamboo_1" },
				"west": { "uv": [ 8.62405, 0, 8.74905, 8.000947 ], "texture": "#bamboo_1" },
				"east": { "uv": [ 7.25095, 0, 7.37595, 8.000947 ], "texture": "#bamboo_1" }
			}
		},
		{
			"__comment": "Voxels",
			"from": [ 7.3755, 8.0004, 7.1245 ],
			"to": [ 8.6255, 16.1254, 7.2495 ],
			"faces": {
				"down": { "uv": [ 7.37546, 8.750526, 8.62546, 8.875526 ], "texture": "#bamboo_3" },
				"up": { "uv": [ 7.37546, 7.124474, 8.62546, 7.249474 ], "texture": "#bamboo_3" },
				"north": { "uv": [ 7.37454, 0, 8.62454, 7.999638 ], "texture": "#bamboo_1" },
				"west": { "uv": [ 7.124473, 0, 7.249473, 7.999638 ], "texture": "#bamboo_1" },
				"east": { "uv": [ 8.750526, 0, 8.875526, 7.999638 ], "texture": "#bamboo_1" }
			}
		},
		{
			"__comment": "Voxels",
			"from": [ 7.3742, 8.0005, 8.7499 ],
			"to": [ 8.6242, 16.1255, 8.8749 ],
			"faces": {
				"up": { "uv": [ 7.374175, 8.749897, 8.624175, 8.874897 ], "texture": "#bamboo_3" },
				"south": { "uv": [ 7.374175, 0, 8.624175, 7.999454 ], "texture": "#bamboo_1" },
				"west": { "uv": [ 8.749897, 0, 8.874897, 7.999454 ], "texture": "#bamboo_1" },
				"east": { "uv": [ 7.125103, 0, 7.250103, 7.999454 ], "texture": "#bamboo_1" }
			}
		},
		{
			"__comment": "Voxels",
			"from": [ 7.5002, -0.0002, 7.0009 ],
			"to": [ 8.500199, 15.9998, 7.1259 ],
			"faces": {
				"down": { "uv": [ 7.500173, 8.874137, 8.500173, 8.999137 ], "texture": "#bamboo_3" },
				"up": { "uv": [ 7.500173, 7.000863, 8.500173, 7.125863 ], "texture": "#bamboo_3" },
				"north": { "uv": [ 7.499827, 0.000209808, 8.499826, 16 ], "texture": "#bamboo_1" },
				"south": { "uv": [ 7.500173, 0.000209808, 8.500173, 16 ], "texture": "#bamboo_1" },
				"west": { "uv": [ 7.000863, 0.000209808, 7.125863, 16 ], "texture": "#bamboo_1" },
				"east": { "uv": [ 8.874137, 0.000209808, 8.999137, 16 ], "texture": "#bamboo_1" }
			}
		},
		{
			"__comment": "Voxels",
			"from": [ 7.5, 0.0005, 8.8744 ],
			"to": [ 8.5, 16.0005, 8.9994 ],
			"faces": {
				"down": { "uv": [ 7.499959, 7.000615, 8.499959, 7.125615 ], "texture": "#bamboo_3" },
				"up": { "uv": [ 7.499959, 8.874385, 8.499959, 8.999385 ], "texture": "#bamboo_3" },
				"south": { "uv": [ 7.499959, 0, 8.499959, 15.99949 ], "texture": "#bamboo_1" },
				"west": { "uv": [ 8.874385, 0, 8.999385, 15.99949 ], "texture": "#bamboo_1" },
				"east": { "uv": [ 7.000615, 0, 7.125615, 15.99949 ], "texture": "#bamboo_1" }
			}
		},
		{
			"__comment": "Voxels",
			"from": [ 7.6246, 7.9997, 7.0009 ],
			"to": [ 8.374601, 16.12469, 7.1259 ],
			"faces": {
				"up": { "uv": [ 7.62457, 7.000929, 8.374571, 7.125929 ], "texture": "#bamboo_3" },
				"north": { "uv": [ 7.625429, 0, 8.37543, 8.000304 ], "texture": "#bamboo_1" },
				"west": { "uv": [ 7.000929, 0, 7.125929, 8.000304 ], "texture": "#bamboo_1" },
				"east": { "uv": [ 8.874071, 0, 8.999071, 8.000304 ], "texture": "#bamboo_1" }
			}
		},
		{
			"__comment": "Voxels",
			"from": [ 7.6241, 8.000299, 8.8751 ],
			"to": [ 8.3741, 16.1253, 9.0001 ],
			"faces": {
				"up": { "uv": [ 7.624139, 8.875121, 8.37414, 9.000121 ], "texture": "#bamboo_3" },
				"south": { "uv": [ 7.624139, 0, 8.37414, 7.99969 ], "texture": "#bamboo_1" },
				"west": { "uv": [ 8.875121, 0, 9.000121, 7.99969 ], "texture": "#bamboo_1" },
				"east": { "uv": [ 6.999879, 0, 7.124879, 7.99969 ], "texture": "#bamboo_1" }
			}
		},
		{
			"__comment": "Voxels",
			"from": [ 7.8759, -0.0001, 6.8744 ],
			"to": [ 8.0009, 15.9999, 6.9994 ],
			"faces": {
				"down": { "uv": [ 7.875889, 9.000647, 8.000889, 9.125647 ], "texture": "#bamboo_3" },
				"up": { "uv": [ 7.875889, 6.874353, 8.000889, 6.999353 ], "texture": "#bamboo_3" },
				"north": { "uv": [ 7.999111, 0.000110626, 8.124111, 16 ], "texture": "#bamboo_1" },
				"west": { "uv": [ 6.874354, 0.000110626, 6.999354, 16 ], "texture": "#bamboo_1" },
				"east": { "uv": [ 9.000647, 0.000110626, 9.125647, 16 ], "texture": "#bamboo_1" }
			}
		},
		{
			"__comment": "Voxels",
			"from": [ 7.8748, 0.0004, 8.9993 ],
			"to": [ 7.9998, 16.0004, 9.1243 ],
			"faces": {
				"down": { "uv": [ 7.87481, 6.875671, 7.99981, 7.000671 ], "texture": "#bamboo_3" },
				"up": { "uv": [ 7.87481, 8.999329, 7.99981, 9.124329 ], "texture": "#bamboo_3" },
				"south": { "uv": [ 7.87481, 0, 7.99981, 15.99957 ], "texture": "#bamboo_1" },
				"west": { "uv": [ 8.999329, 0, 9.124329, 15.99957 ], "texture": "#bamboo_1" },
				"east": { "uv": [ 6.875671, 0, 7.000671, 15.99957 ], "texture": "#bamboo_1" }
			}
		},
		{
			"__comment": "Voxels",
			"from": [ 8.999499, 0, 7.8741 ],
			"to": [ 9.124499, 16, 7.9991 ],
			"faces": {
				"down": { "uv": [ 8.99951, 8.000866, 9.12451, 8.125866 ], "texture": "#bamboo_3" },
				"up": { "uv": [ 8.99951, 7.874134, 9.12451, 7.999134 ], "texture": "#bamboo_3" },
				"north": { "uv": [ 6.87549, 0, 7.00049, 15.99995 ], "texture": "#bamboo_1" },
				"south": { "uv": [ 8.99951, 0, 9.12451, 15.99995 ], "texture": "#bamboo_1" },
				"east": { "uv": [ 8.000866, 0, 8.125866, 15.99995 ], "texture": "#bamboo_1" }
			}
		}
	],
	"display": {
		"thirdperson_righthand": {
			"rotation":  [ 75, 45, 0 ],
			"translation":  [ 0, 2.5, 0 ],
			"scale":  [ 0.375, 0.375, 0.375 ]
		},
		"thirdperson_lefthand": {
			"rotation":  [ 75, 45, 0 ],
			"translation":  [ 0, 2.5, 0 ],
			"scale":  [ 0.375, 0.375, 0.375 ]
		},
		"firstperson_righthand": {
			"rotation":  [ 0, 45, 0 ],
			"translation":  [ 0, 3, 0 ],
			"scale":  [ 0.4, 0.4, 0.4 ]
		},
		"firstperson_lefthand": {
			"rotation":  [ 0, 45, 0 ],
			"translation":  [ 0, 3, 0 ],
			"scale":  [ 0.4, 0.4, 0.4 ]
		},
		"gui": {
			"rotation":  [ 30, 225, 0 ],
			"scale":  [ 1.025, 1.025, 1.025 ]
		},
		"ground": {
			"translation":  [ 0, 2, 0 ],
			"scale":  [ 0.5, 0.5, 0.5 ]
		}
	}
}