{
	"__comment": "Designed by Interhell2000 with Cubik Studio - https://cubik.studio",
	"gui_light": "front",
	"ambientocclusion": false,
	"textures": {
		"particle": "block/b/beehive/beehive",
		"beehive_1": "block/b/beehive/beehive_1",
		"beehive_2": "block/b/beehive/beehive_2",
		"beehive_3": "block/b/beehive/beehive_3"
	},
	"elements": [ 	 
		{
			"__comment": "Box1",
			"from": [ 0, 0, 0 ],
			"to": [ 16, 1, 1 ],
			"faces": {
				"down": { "uv": [ 0, 15, 16, 16 ], "texture": "#beehive_1", "cullface": "down" },
				"up": { "uv": [ 0, 0, 16, 1 ], "texture": "#beehive_1" },
				"north": { "uv": [ 0, 15, 16, 16 ], "texture": "#beehive_1", "cullface": "north" },
				"south": { "uv": [ 0, 15, 16, 16 ], "texture": "#beehive_1" },
				"west": { "uv": [ 0, 15, 1, 16 ], "texture": "#beehive_1", "cullface": "west" },
				"east": { "uv": [ 15, 15, 16, 16 ], "texture": "#beehive_1", "cullface": "east" }
			}
		},
		{
			"__comment": "Box1",
			"from": [ 0, 0, 15 ],
			"to": [ 16, 1, 16 ],
			"faces": {
				"down": { "uv": [ 0, 0, 16, 1 ], "texture": "#beehive_1", "cullface": "down" },
				"up": { "uv": [ 0, 15, 16, 16 ], "texture": "#beehive_1" },
				"north": { "uv": [ 0, 15, 16, 16 ], "texture": "#beehive_1" },
				"south": { "uv": [ 0, 15, 16, 16 ], "texture": "#beehive_1", "cullface": "south" },
				"west": { "uv": [ 15, 15, 16, 16 ], "texture": "#beehive_1", "cullface": "west" },
				"east": { "uv": [ 0, 15, 1, 16 ], "texture": "#beehive_1", "cullface": "east" }
			}
		},
		{
			"__comment": "Box1",
			"from": [ 0, 15, 15 ],
			"to": [ 16, 16, 16 ],
			"faces": {
				"down": { "uv": [ 0, 0, 16, 1 ], "texture": "#beehive_1" },
				"up": { "uv": [ 0, 15, 16, 16 ], "texture": "#beehive_3", "cullface": "up" },
				"north": { "uv": [ 0, 0, 16, 1 ], "texture": "#beehive_1" },
				"south": { "uv": [ 0, 0, 16, 1 ], "texture": "#beehive_1", "cullface": "south" },
				"west": { "uv": [ 15, 0, 16, 1 ], "texture": "#beehive_1", "cullface": "west" },
				"east": { "uv": [ 0, 0, 1, 1 ], "texture": "#beehive_1", "cullface": "east" }
			}
		},
		{
			"__comment": "Box1",
			"from": [ 0, 15, -0.5 ],
			"to": [ 16, 16, 1 ],
			"faces": {
				"down": { "uv": [ 0, 15, 16, 16 ], "texture": "#beehive_1" },
				"up": { "uv": [ 0, 0, 16, 1 ], "texture": "#beehive_1" },
				"north": { "uv": [ 0, 0, 16, 1 ], "texture": "#beehive_1" },
				"south": { "uv": [ 0, 0, 16, 1 ], "texture": "#beehive_1" },
				"west": { "uv": [ 0, 0, 1, 1 ], "texture": "#beehive_1" },
				"east": { "uv": [ 15, 0, 16, 1 ], "texture": "#beehive_1" }
			}
		},
		{
			"__comment": "Box5",
			"from": [ 0, 0, 1 ],
			"to": [ 1, 1, 15 ],
			"faces": {
				"down": { "uv": [ 0, 1, 1, 15 ], "texture": "#beehive_1", "cullface": "down" },
				"up": { "uv": [ 0, 1, 1, 15 ], "texture": "#beehive_1" },
				"west": { "uv": [ 1, 15, 15, 16 ], "texture": "#beehive_1", "cullface": "west" },
				"east": { "uv": [ 1, 15, 15, 16 ], "texture": "#beehive_1" }
			}
		},
		{
			"__comment": "Box5",
			"from": [ 15, 0, 1 ],
			"to": [ 16, 1, 15 ],
			"faces": {
				"down": { "uv": [ 15, 1, 16, 15 ], "texture": "#beehive_1", "cullface": "down" },
				"up": { "uv": [ 15, 1, 16, 15 ], "texture": "#beehive_1" },
				"west": { "uv": [ 1, 15, 15, 16 ], "texture": "#beehive_1" },
				"east": { "uv": [ 1, 15, 15, 16 ], "texture": "#beehive_1", "cullface": "east" }
			}
		},
		{
			"__comment": "Box5",
			"from": [ 15, 15, 1 ],
			"to": [ 16, 16, 15 ],
			"faces": {
				"up": { "uv": [ 15, 1, 16, 15 ], "texture": "#beehive_3", "cullface": "up" },
				"west": { "uv": [ 1, 0, 15, 1 ], "texture": "#beehive_2" },
				"east": { "uv": [ 1, 0, 15, 1 ], "texture": "#beehive_2", "cullface": "east" }
			}
		},
		{
			"__comment": "Box5",
			"from": [ 0, 15, 1 ],
			"to": [ 1, 16, 15 ],
			"faces": {
				"up": { "uv": [ 0, 1, 1, 15 ], "texture": "#beehive_3", "cullface": "up" },
				"west": { "uv": [ 1, 0, 15, 1 ], "texture": "#beehive_2", "cullface": "west" },
				"east": { "uv": [ 1, 0, 15, 1 ], "texture": "#beehive_2" }
			}
		},
		{
			"__comment": "Box9",
			"from": [ 0, 1, 0 ],
			"to": [ 1, 15, 1 ],
			"faces": {
				"north": { "uv": [ 15, 1, 16, 15 ], "texture": "#beehive_1", "cullface": "north" },
				"south": { "uv": [ 0, 1, 1, 15 ], "texture": "#beehive_3" },
				"west": { "uv": [ 0, 1, 1, 15 ], "texture": "#beehive_2", "cullface": "west" },
				"east": { "uv": [ 15, 1, 16, 15 ], "texture": "#beehive_2" }
			}
		},
		{
			"__comment": "Box9",
			"from": [ 15, 1, 0 ],
			"to": [ 16, 15, 1 ],
			"faces": {
				"north": { "uv": [ 0, 1, 1, 15 ], "texture": "#beehive_1", "cullface": "north" },
				"south": { "uv": [ 15, 1, 16, 15 ], "texture": "#beehive_1" },
				"west": { "uv": [ 0, 1, 1, 15 ], "texture": "#beehive_1" },
				"east": { "uv": [ 15, 1, 16, 15 ], "texture": "#beehive_1", "cullface": "east" }
			}
		},
		{
			"__comment": "Box9",
			"from": [ 15, 1, 15 ],
			"to": [ 16, 15, 16 ],
			"faces": {
				"north": { "uv": [ 0, 1, 1, 15 ], "texture": "#beehive_1" },
				"south": { "uv": [ 15, 1, 16, 15 ], "texture": "#beehive_1", "cullface": "south" },
				"west": { "uv": [ 15, 1, 16, 15 ], "texture": "#beehive_1" },
				"east": { "uv": [ 0, 1, 1, 15 ], "texture": "#beehive_1", "cullface": "east" }
			}
		},
		{
			"__comment": "Box9",
			"from": [ 0, 1, 15 ],
			"to": [ 1, 15, 16 ],
			"faces": {
				"north": { "uv": [ 15, 1, 16, 15 ], "texture": "#beehive_1" },
				"south": { "uv": [ 0, 1, 1, 15 ], "texture": "#beehive_1", "cullface": "south" },
				"west": { "uv": [ 15, 1, 16, 15 ], "texture": "#beehive_1", "cullface": "west" },
				"east": { "uv": [ 0, 1, 1, 15 ], "texture": "#beehive_1" }
			}
		},
		{
			"__comment": "Box13",
			"from": [ 1, 12, 0.5 ],
			"to": [ 15, 13, 1 ],
			"faces": {
				"down": { "uv": [ 1, 15, 15, 15.5 ], "texture": "#beehive_1" },
				"north": { "uv": [ 1, 3, 15, 4 ], "texture": "#beehive_1" }
			}
		},
		{
			"__comment": "Box13",
			"from": [ 9, 1, 0 ],
			"to": [ 14, 4, 0.5 ],
			"faces": {
				"up": { "uv": [ 9, 0, 14, 0.5 ], "texture": "#beehive_1" },
				"north": { "uv": [ 2, 12, 7, 15 ], "texture": "#beehive_1", "cullface": "north" },
				"west": { "uv": [ 0, 12, 0.5, 15 ], "texture": "#beehive_1" },
				"east": { "uv": [ 15.5, 12, 16, 15 ], "texture": "#beehive_1" }
			}
		},
		{
			"__comment": "Box13",
			"from": [ 2, 1, 0 ],
			"to": [ 8, 4, 0.5 ],
			"faces": {
				"up": { "uv": [ 2, 0, 8, 0.5 ], "texture": "#beehive_1" },
				"north": { "uv": [ 8, 12, 14, 15 ], "texture": "#beehive_1", "cullface": "north" },
				"west": { "uv": [ 0, 12, 0.5, 15 ], "texture": "#beehive_1" },
				"east": { "uv": [ 15.5, 12, 16, 15 ], "texture": "#beehive_1" }
			}
		},
		{
			"__comment": "Box13",
			"from": [ 10, 5, 0 ],
			"to": [ 15, 6, 0.5 ],
			"faces": {
				"down": { "uv": [ 10, 15.5, 15, 16 ], "texture": "#beehive_1" },
				"up": { "uv": [ 10, 0, 15, 0.5 ], "texture": "#beehive_1" },
				"north": { "uv": [ 1, 10, 6, 11 ], "texture": "#beehive_1", "cullface": "north" },
				"south": { "uv": [ 10, 10, 15, 11 ], "texture": "#beehive_1" },
				"west": { "uv": [ 0, 10, 0.5, 11 ], "texture": "#beehive_1" }
			}
		},
		{
			"__comment": "Box13",
			"from": [ 1, 5, 0 ],
			"to": [ 6, 6, 0.5 ],
			"faces": {
				"down": { "uv": [ 1, 15.5, 6, 16 ], "texture": "#beehive_1" },
				"up": { "uv": [ 1, 0, 6, 0.5 ], "texture": "#beehive_1" },
				"north": { "uv": [ 10, 10, 15, 11 ], "texture": "#beehive_1", "cullface": "north" },
				"south": { "uv": [ 1, 10, 6, 11 ], "texture": "#beehive_1" },
				"east": { "uv": [ 15.5, 10, 16, 11 ], "texture": "#beehive_1" }
			}
		},
		{
			"__comment": "Box13",
			"from": [ 4, 7, 0 ],
			"to": [ 12, 10, 0.5 ],
			"faces": {
				"down": { "uv": [ 4, 15.5, 12, 16 ], "texture": "#beehive_1" },
				"up": { "uv": [ 4, 0, 12, 0.5 ], "texture": "#beehive_1" },
				"north": { "uv": [ 4, 6, 12, 9 ], "texture": "#beehive_1", "cullface": "north" },
				"west": { "uv": [ 0, 6, 0.5, 9 ], "texture": "#beehive_1" },
				"east": { "uv": [ 15.5, 6, 16, 9 ], "texture": "#beehive_1" }
			}
		},
		{
			"__comment": "Box13",
			"from": [ 13, 7, 0 ],
			"to": [ 14, 10, 0.5 ],
			"faces": {
				"down": { "uv": [ 13, 15.5, 14, 16 ], "texture": "#beehive_1" },
				"up": { "uv": [ 13, 0, 14, 0.5 ], "texture": "#beehive_1" },
				"north": { "uv": [ 2, 6, 3, 9 ], "texture": "#beehive_1", "cullface": "north" },
				"west": { "uv": [ 0, 6, 0.5, 9 ], "texture": "#beehive_1" },
				"east": { "uv": [ 15.5, 6, 16, 9 ], "texture": "#beehive_1" }
			}
		},
		{
			"__comment": "Box13",
			"from": [ 2, 7, 0 ],
			"to": [ 3, 10, 0.5 ],
			"faces": {
				"down": { "uv": [ 2, 15.5, 3, 16 ], "texture": "#beehive_1" },
				"up": { "uv": [ 2, 0, 3, 0.5 ], "texture": "#beehive_1" },
				"north": { "uv": [ 13, 6, 14, 9 ], "texture": "#beehive_1", "cullface": "north" },
				"west": { "uv": [ 0, 6, 0.5, 9 ], "texture": "#beehive_1" },
				"east": { "uv": [ 15.5, 6, 16, 9 ], "texture": "#beehive_1" }
			}
		},
		{
			"__comment": "Box13",
			"from": [ 1, 9, 0 ],
			"to": [ 2, 10, 0.5 ],
			"faces": {
				"down": { "uv": [ 1, 15.5, 2, 16 ], "texture": "#beehive_1" },
				"up": { "uv": [ 1, 0, 2, 0.5 ], "texture": "#beehive_1" },
				"north": { "uv": [ 14, 6, 15, 7 ], "texture": "#beehive_1", "cullface": "north" }
			}
		},
		{
			"__comment": "Box13",
			"from": [ 1, 7, 0 ],
			"to": [ 2, 8, 0.5 ],
			"faces": {
				"down": { "uv": [ 1, 15.5, 2, 16 ], "texture": "#beehive_1" },
				"up": { "uv": [ 1, 0, 2, 0.5 ], "texture": "#beehive_1" },
				"north": { "uv": [ 14, 8, 15, 9 ], "texture": "#beehive_1", "cullface": "north" }
			}
		},
		{
			"__comment": "Box13",
			"from": [ 14, 7, 0 ],
			"to": [ 15, 8, 0.5 ],
			"faces": {
				"down": { "uv": [ 14, 15.5, 15, 16 ], "texture": "#beehive_1" },
				"up": { "uv": [ 14, 0, 15, 0.5 ], "texture": "#beehive_1" },
				"north": { "uv": [ 1, 8, 2, 9 ], "texture": "#beehive_1", "cullface": "north" }
			}
		},
		{
			"__comment": "Box13",
			"from": [ 14, 9, 0 ],
			"to": [ 15, 10, 0.5 ],
			"faces": {
				"down": { "uv": [ 14, 15.5, 15, 16 ], "texture": "#beehive_1" },
				"up": { "uv": [ 14, 0, 15, 0.5 ], "texture": "#beehive_1" },
				"north": { "uv": [ 1, 6, 2, 7 ], "texture": "#beehive_1", "cullface": "north" }
			}
		},
		{
			"__comment": "Box13",
			"from": [ 14, 3, 0 ],
			"to": [ 15, 4, 0.5 ],
			"faces": {
				"down": { "uv": [ 14, 15.5, 15, 16 ], "texture": "#beehive_1" },
				"up": { "uv": [ 14, 0, 15, 0.5 ], "texture": "#beehive_1" },
				"north": { "uv": [ 1, 12, 2, 13 ], "texture": "#beehive_1", "cullface": "north" }
			}
		},
		{
			"__comment": "Box13",
			"from": [ 14, 1, 0 ],
			"to": [ 15, 2, 0.5 ],
			"faces": {
				"up": { "uv": [ 14, 0, 15, 0.5 ], "texture": "#beehive_1" },
				"north": { "uv": [ 1, 14, 2, 15 ], "texture": "#beehive_1", "cullface": "north" }
			}
		},
		{
			"__comment": "Box13",
			"from": [ 1, 1, 0 ],
			"to": [ 2, 2, 0.5 ],
			"faces": {
				"up": { "uv": [ 1, 0, 2, 0.5 ], "texture": "#beehive_1" },
				"north": { "uv": [ 14, 14, 15, 15 ], "texture": "#beehive_1", "cullface": "north" }
			}
		},
		{
			"__comment": "Box13",
			"from": [ 1, 3, 0 ],
			"to": [ 2, 4, 0.5 ],
			"faces": {
				"down": { "uv": [ 1, 15.5, 2, 16 ], "texture": "#beehive_1" },
				"up": { "uv": [ 1, 0, 2, 0.5 ], "texture": "#beehive_1" },
				"north": { "uv": [ 14, 12, 15, 13 ], "texture": "#beehive_1", "cullface": "north" }
			}
		},
		{
			"__comment": "Box13",
			"from": [ 1, 13, 0 ],
			"to": [ 15, 15, 1 ],
			"faces": {
				"down": { "uv": [ 1, 15, 15, 16 ], "texture": "#beehive_1" },
				"north": { "uv": [ 1, 1, 15, 3 ], "texture": "#beehive_1", "cullface": "north" }
			}
		},
		{
			"__comment": "Box30",
			"from": [ 1, 6, 0.5 ],
			"to": [ 15, 11, 1 ],
			"faces": {
				"down": { "uv": [ 1, 15, 15, 15.5 ], "texture": "#beehive_1" },
				"up": { "uv": [ 1, 0.5, 15, 1 ], "texture": "#beehive_1" },
				"north": { "uv": [ 1, 5, 15, 10 ], "texture": "#beehive_1" }
			}
		},
		{
			"__comment": "Box30",
			"from": [ 1, 1, 0.5 ],
			"to": [ 15, 5, 1 ],
			"faces": {
				"up": { "uv": [ 1, 0.5, 15, 1 ], "texture": "#beehive_1" },
				"north": { "uv": [ 1, 11, 15, 15 ], "texture": "#beehive_1" }
			}
		},
		{
			"__comment": "Box35",
			"from": [ 0, 13, 1 ],
			"to": [ 1, 15, 15 ],
			"faces": {
				"down": { "uv": [ 0, 1, 1, 15 ], "texture": "#beehive_2" },
				"west": { "uv": [ 1, 1, 15, 3 ], "texture": "#beehive_2", "cullface": "west" }
			}
		},
		{
			"__comment": "Box35",
			"from": [ 0.5, 12, 1 ],
			"to": [ 1, 13, 15 ],
			"faces": {
				"down": { "uv": [ 0.5, 1, 1, 15 ], "texture": "#beehive_1" },
				"west": { "uv": [ 1, 3, 15, 4 ], "texture": "#beehive_2" }
			}
		},
		{
			"__comment": "Box35",
			"from": [ 0, 1, 2 ],
			"to": [ 0.5, 4, 7 ],
			"faces": {
				"up": { "uv": [ 0, 2, 0.5, 7 ], "texture": "#beehive_2" },
				"north": { "uv": [ 15.5, 12, 16, 15 ], "texture": "#beehive_2" },
				"south": { "uv": [ 0, 12, 0.5, 15 ], "texture": "#beehive_2" },
				"west": { "uv": [ 2, 12, 7, 15 ], "texture": "#beehive_2", "cullface": "west" }
			}
		},
		{
			"__comment": "Box35",
			"from": [ 0, 1, 8 ],
			"to": [ 0.5, 4, 14 ],
			"faces": {
				"up": { "uv": [ 0, 8, 0.5, 14 ], "texture": "#beehive_2" },
				"north": { "uv": [ 15.5, 12, 16, 15 ], "texture": "#beehive_2" },
				"south": { "uv": [ 0, 12, 0.5, 15 ], "texture": "#beehive_2" },
				"west": { "uv": [ 8, 12, 14, 15 ], "texture": "#beehive_2", "cullface": "west" }
			}
		},
		{
			"__comment": "Box35",
			"from": [ 0, 5, 13 ],
			"to": [ 0.5, 8, 14 ],
			"faces": {
				"down": { "uv": [ 0, 2, 0.5, 3 ], "texture": "#beehive_2" },
				"up": { "uv": [ 0, 13, 0.5, 14 ], "texture": "#beehive_2" },
				"north": { "uv": [ 15.5, 8, 16, 11 ], "texture": "#beehive_2" },
				"south": { "uv": [ 0, 8, 0.5, 11 ], "texture": "#beehive_2" },
				"west": { "uv": [ 13, 8, 14, 11 ], "texture": "#beehive_2", "cullface": "west" }
			}
		},
		{
			"__comment": "Box35",
			"from": [ 0, 9, 1 ],
			"to": [ 0.5, 10, 7 ],
			"faces": {
				"down": { "uv": [ 0, 9, 0.5, 15 ], "texture": "#beehive_2" },
				"up": { "uv": [ 0, 1, 0.5, 7 ], "texture": "#beehive_2" },
				"south": { "uv": [ 0, 6, 0.5, 7 ], "texture": "#beehive_2" },
				"west": { "uv": [ 1, 6, 7, 7 ], "texture": "#beehive_2", "cullface": "west" }
			}
		},
		{
			"__comment": "Box35",
			"from": [ 0, 7, 1 ],
			"to": [ 0.5, 8, 2 ],
			"faces": {
				"down": { "uv": [ 0, 14, 0.5, 15 ], "texture": "#beehive_2" },
				"up": { "uv": [ 0, 1, 0.5, 2 ], "texture": "#beehive_2" },
				"west": { "uv": [ 1, 8, 2, 9 ], "texture": "#beehive_2", "cullface": "west" }
			}
		},
		{
			"__comment": "Box35",
			"from": [ 0, 7, 14 ],
			"to": [ 0.5, 8, 15 ],
			"faces": {
				"down": { "uv": [ 0, 1, 0.5, 2 ], "texture": "#beehive_2" },
				"up": { "uv": [ 0, 14, 0.5, 15 ], "texture": "#beehive_2" },
				"west": { "uv": [ 14, 8, 15, 9 ], "texture": "#beehive_2", "cullface": "west" }
			}
		},
		{
			"__comment": "Box35",
			"from": [ 0, 5, 14 ],
			"to": [ 0.5, 6, 15 ],
			"faces": {
				"down": { "uv": [ 0, 1, 0.5, 2 ], "texture": "#beehive_2" },
				"up": { "uv": [ 0, 14, 0.5, 15 ], "texture": "#beehive_2" },
				"west": { "uv": [ 14, 10, 15, 11 ], "texture": "#beehive_2", "cullface": "west" }
			}
		},
		{
			"__comment": "Box35",
			"from": [ 0, 3, 14 ],
			"to": [ 0.5, 4, 15 ],
			"faces": {
				"down": { "uv": [ 0, 1, 0.5, 2 ], "texture": "#beehive_2" },
				"up": { "uv": [ 0, 14, 0.5, 15 ], "texture": "#beehive_2" },
				"west": { "uv": [ 14, 12, 15, 13 ], "texture": "#beehive_2", "cullface": "west" }
			}
		},
		{
			"__comment": "Box35",
			"from": [ 0, 1, 14 ],
			"to": [ 0.5, 2, 15 ],
			"faces": {
				"up": { "uv": [ 0, 14, 0.5, 15 ], "texture": "#beehive_2" },
				"west": { "uv": [ 14, 14, 15, 15 ], "texture": "#beehive_2", "cullface": "west" }
			}
		},
		{
			"__comment": "Box35",
			"from": [ 0, 1, 1 ],
			"to": [ 0.5, 2, 2 ],
			"faces": {
				"up": { "uv": [ 0, 1, 0.5, 2 ], "texture": "#beehive_2" },
				"west": { "uv": [ 1, 14, 2, 15 ], "texture": "#beehive_2", "cullface": "west" }
			}
		},
		{
			"__comment": "Box35",
			"from": [ 0, 3, 1 ],
			"to": [ 0.5, 4, 2 ],
			"faces": {
				"down": { "uv": [ 0, 14, 0.5, 15 ], "texture": "#beehive_2" },
				"up": { "uv": [ 0, 1, 0.5, 2 ], "texture": "#beehive_2" },
				"west": { "uv": [ 1, 12, 2, 13 ], "texture": "#beehive_2", "cullface": "west" }
			}
		},
		{
			"__comment": "Box52",
			"from": [ 0.5, 1, 1 ],
			"to": [ 1, 11, 15 ],
			"faces": {
				"up": { "uv": [ 0.5, 1, 1, 15 ], "texture": "#beehive_1" },
				"west": { "uv": [ 1, 5, 15, 15 ], "texture": "#beehive_2" }
			}
		},
		{
			"__comment": "Box52",
			"from": [ 15, 1, 1 ],
			"to": [ 15.5, 11, 15 ],
			"faces": {
				"up": { "uv": [ 15, 1, 15.5, 15 ], "texture": "#beehive_1" },
				"east": { "uv": [ 1, 5, 15, 15 ], "texture": "#beehive_2" }
			}
		},
		{
			"__comment": "Box35",
			"from": [ 15, 12, 1 ],
			"to": [ 15.5, 13, 15 ],
			"faces": {
				"down": { "uv": [ 15, 1, 15.5, 15 ], "texture": "#beehive_1" },
				"east": { "uv": [ 1, 3, 15, 4 ], "texture": "#beehive_1" }
			}
		},
		{
			"__comment": "Box35",
			"from": [ 15, 13, 1 ],
			"to": [ 16, 15, 15 ],
			"faces": {
				"down": { "uv": [ 15, 1, 16, 15 ], "texture": "#beehive_2" },
				"east": { "uv": [ 1, 1, 15, 3 ], "texture": "#beehive_2", "cullface": "east" }
			}
		},
		{
			"__comment": "Box35",
			"from": [ 15.5, 9, 9 ],
			"to": [ 16, 10, 15 ],
			"faces": {
				"down": { "uv": [ 15.5, 1, 16, 7 ], "texture": "#beehive_2" },
				"up": { "uv": [ 15.5, 9, 16, 15 ], "texture": "#beehive_2" },
				"north": { "uv": [ 0, 6, 0.5, 7 ], "texture": "#beehive_2" },
				"east": { "uv": [ 1, 6, 7, 7 ], "texture": "#beehive_2", "cullface": "east" }
			}
		},
		{
			"__comment": "Box35",
			"from": [ 15.5, 9, 1 ],
			"to": [ 16, 10, 8 ],
			"faces": {
				"down": { "uv": [ 15.5, 8, 16, 15 ], "texture": "#beehive_2" },
				"up": { "uv": [ 15.5, 1, 16, 8 ], "texture": "#beehive_2" },
				"south": { "uv": [ 15.5, 6, 16, 7 ], "texture": "#beehive_2" },
				"east": { "uv": [ 8, 6, 15, 7 ], "texture": "#beehive_2", "cullface": "east" }
			}
		},
		{
			"__comment": "Box35",
			"from": [ 15.5, 5, 4 ],
			"to": [ 16, 8, 12 ],
			"faces": {
				"down": { "uv": [ 15.5, 4, 16, 12 ], "texture": "#beehive_2" },
				"up": { "uv": [ 15.5, 4, 16, 12 ], "texture": "#beehive_2" },
				"north": { "uv": [ 0, 8, 0.5, 11 ], "texture": "#beehive_2" },
				"south": { "uv": [ 15.5, 8, 16, 11 ], "texture": "#beehive_2" },
				"east": { "uv": [ 4, 8, 12, 11 ], "texture": "#beehive_2", "cullface": "east" }
			}
		},
		{
			"__comment": "Box35",
			"from": [ 15.5, 5, 2 ],
			"to": [ 16, 8, 3 ],
			"faces": {
				"down": { "uv": [ 15.5, 13, 16, 14 ], "texture": "#beehive_2" },
				"up": { "uv": [ 15.5, 2, 16, 3 ], "texture": "#beehive_2" },
				"north": { "uv": [ 0, 8, 0.5, 11 ], "texture": "#beehive_2" },
				"south": { "uv": [ 15.5, 8, 16, 11 ], "texture": "#beehive_2" },
				"east": { "uv": [ 13, 8, 14, 11 ], "texture": "#beehive_2", "cullface": "east" }
			}
		},
		{
			"__comment": "Box35",
			"from": [ 15.5, 7, 1 ],
			"to": [ 16, 8, 2 ],
			"faces": {
				"down": { "uv": [ 15.5, 14, 16, 15 ], "texture": "#beehive_2" },
				"up": { "uv": [ 15.5, 1, 16, 2 ], "texture": "#beehive_2" },
				"east": { "uv": [ 14, 8, 15, 9 ], "texture": "#beehive_2", "cullface": "east" }
			}
		},
		{
			"__comment": "Box35",
			"from": [ 15.5, 5, 1 ],
			"to": [ 16, 6, 2 ],
			"faces": {
				"down": { "uv": [ 15.5, 14, 16, 15 ], "texture": "#beehive_2" },
				"up": { "uv": [ 15.5, 1, 16, 2 ], "texture": "#beehive_2" },
				"east": { "uv": [ 14, 10, 15, 11 ], "texture": "#beehive_2", "cullface": "east" }
			}
		},
		{
			"__comment": "Box35",
			"from": [ 15.5, 5, 13 ],
			"to": [ 16, 8, 14 ],
			"faces": {
				"down": { "uv": [ 15.5, 2, 16, 3 ], "texture": "#beehive_2" },
				"up": { "uv": [ 15.5, 13, 16, 14 ], "texture": "#beehive_2" },
				"north": { "uv": [ 0, 8, 0.5, 11 ], "texture": "#beehive_2" },
				"south": { "uv": [ 15.5, 8, 16, 11 ], "texture": "#beehive_2" },
				"east": { "uv": [ 2, 8, 3, 11 ], "texture": "#beehive_2", "cullface": "east" }
			}
		},
		{
			"__comment": "Box35",
			"from": [ 15.5, 7, 14 ],
			"to": [ 16, 8, 15 ],
			"faces": {
				"down": { "uv": [ 15.5, 1, 16, 2 ], "texture": "#beehive_2" },
				"up": { "uv": [ 15.5, 14, 16, 15 ], "texture": "#beehive_2" },
				"east": { "uv": [ 1, 8, 2, 9 ], "texture": "#beehive_2", "cullface": "east" }
			}
		},
		{
			"__comment": "Box35",
			"from": [ 15.5, 5, 14 ],
			"to": [ 16, 6, 15 ],
			"faces": {
				"down": { "uv": [ 15.5, 1, 16, 2 ], "texture": "#beehive_2" },
				"up": { "uv": [ 15.5, 14, 16, 15 ], "texture": "#beehive_2" },
				"east": { "uv": [ 1, 10, 2, 11 ], "texture": "#beehive_2", "cullface": "east" }
			}
		},
		{
			"__comment": "Box35",
			"from": [ 15.5, 1, 9 ],
			"to": [ 16, 4, 14 ],
			"faces": {
				"up": { "uv": [ 15.5, 9, 16, 14 ], "texture": "#beehive_2" },
				"north": { "uv": [ 0, 12, 0.5, 15 ], "texture": "#beehive_2" },
				"south": { "uv": [ 15.5, 12, 16, 15 ], "texture": "#beehive_2" },
				"east": { "uv": [ 2, 12, 7, 15 ], "texture": "#beehive_2", "cullface": "east" }
			}
		},
		{
			"__comment": "Box35",
			"from": [ 15.5, 1, 1 ],
			"to": [ 16, 2, 2 ],
			"faces": {
				"up": { "uv": [ 15.5, 1, 16, 2 ], "texture": "#beehive_2" },
				"east": { "uv": [ 14, 14, 15, 15 ], "texture": "#beehive_2", "cullface": "east" }
			}
		},
		{
			"__comment": "Box35",
			"from": [ 15.5, 3, 1 ],
			"to": [ 16, 4, 2 ],
			"faces": {
				"down": { "uv": [ 15.5, 14, 16, 15 ], "texture": "#beehive_2" },
				"up": { "uv": [ 15.5, 1, 16, 2 ], "texture": "#beehive_2" },
				"east": { "uv": [ 14, 12, 15, 13 ], "texture": "#beehive_2", "cullface": "east" }
			}
		},
		{
			"__comment": "Box35",
			"from": [ 15.5, 1, 2 ],
			"to": [ 16, 4, 8 ],
			"faces": {
				"up": { "uv": [ 15.5, 2, 16, 8 ], "texture": "#beehive_2" },
				"north": { "uv": [ 0, 12, 0.5, 15 ], "texture": "#beehive_2" },
				"south": { "uv": [ 15.5, 12, 16, 15 ], "texture": "#beehive_2" },
				"east": { "uv": [ 8, 12, 14, 15 ], "texture": "#beehive_2", "cullface": "east" }
			}
		},
		{
			"__comment": "Box35",
			"from": [ 15.5, 3, 14 ],
			"to": [ 16, 4, 15 ],
			"faces": {
				"down": { "uv": [ 15.5, 1, 16, 2 ], "texture": "#beehive_2" },
				"up": { "uv": [ 15.5, 14, 16, 15 ], "texture": "#beehive_2" },
				"east": { "uv": [ 1, 12, 2, 13 ], "texture": "#beehive_2", "cullface": "east" }
			}
		},
		{
			"__comment": "Box35",
			"from": [ 15.5, 1, 14 ],
			"to": [ 16, 2, 15 ],
			"faces": {
				"up": { "uv": [ 15.5, 14, 16, 15 ], "texture": "#beehive_2" },
				"east": { "uv": [ 1, 14, 2, 15 ], "texture": "#beehive_2", "cullface": "east" }
			}
		},
		{
			"__comment": "Box72",
			"from": [ 1, 1, 15 ],
			"to": [ 15, 5, 15.5 ],
			"faces": {
				"up": { "uv": [ 1, 15, 15, 15.5 ], "texture": "#beehive_3" },
				"south": { "uv": [ 1, 11, 15, 15 ], "texture": "#beehive_3" }
			}
		},
		{
			"__comment": "Box72",
			"from": [ 1, 6, 15 ],
			"to": [ 15, 10, 15.5 ],
			"faces": {
				"down": { "uv": [ 1, 0.5, 15, 1 ], "texture": "#beehive_3" },
				"up": { "uv": [ 1, 15, 15, 15.5 ], "texture": "#beehive_3" },
				"south": { "uv": [ 1, 6, 15, 10 ], "texture": "#beehive_3" }
			}
		},
		{
			"__comment": "Box72",
			"from": [ 1, 11, 15 ],
			"to": [ 15, 15, 15.5 ],
			"faces": {
				"down": { "uv": [ 1, 0.5, 15, 1 ], "texture": "#beehive_3" },
				"south": { "uv": [ 1, 1, 15, 5 ], "texture": "#beehive_3" }
			}
		},
		{
			"__comment": "Box75",
			"from": [ 1, 15, 11 ],
			"to": [ 15, 15.5, 15 ],
			"faces": {
				"up": { "uv": [ 1, 11, 15, 15 ], "texture": "#beehive_3" },
				"north": { "uv": [ 1, 0.5, 15, 1 ], "texture": "#beehive_3" }
			}
		},
		{
			"__comment": "Box75",
			"from": [ 1, 15, 6 ],
			"to": [ 15, 15.5, 10 ],
			"faces": {
				"up": { "uv": [ 1, 6, 15, 10 ], "texture": "#beehive_3" },
				"north": { "uv": [ 1, 0.5, 15, 1 ], "texture": "#beehive_3" },
				"south": { "uv": [ 1, 0.5, 15, 1 ], "texture": "#beehive_3" }
			}
		},
		{
			"__comment": "Box75",
			"from": [ 1, 15, 1 ],
			"to": [ 15, 15.5, 5 ],
			"faces": {
				"up": { "uv": [ 1, 1, 15, 5 ], "texture": "#beehive_3" },
				"south": { "uv": [ 1, 0.5, 15, 1 ], "texture": "#beehive_3" }
			}
		},
		{
			"__comment": "Box75",
			"from": [ 1, 0.5, 11 ],
			"to": [ 15, 1, 15 ],
			"faces": {
				"down": { "uv": [ 1, 1, 15, 5 ], "texture": "#beehive_3" },
				"north": { "uv": [ 1, 15, 15, 15.5 ], "texture": "#beehive_3" }
			}
		},
		{
			"__comment": "Box75",
			"from": [ 1, 0.5, 6 ],
			"to": [ 15, 1, 10 ],
			"faces": {
				"down": { "uv": [ 1, 6, 15, 10 ], "texture": "#beehive_3" },
				"north": { "uv": [ 1, 15, 15, 15.5 ], "texture": "#beehive_3" },
				"south": { "uv": [ 1, 15, 15, 15.5 ], "texture": "#beehive_3" }
			}
		},
		{
			"__comment": "Box75",
			"from": [ 1, 0.5, 1 ],
			"to": [ 15, 1, 5 ],
			"faces": {
				"down": { "uv": [ 1, 11, 15, 15 ], "texture": "#beehive_3" },
				"south": { "uv": [ 1, 15, 15, 15.5 ], "texture": "#beehive_3" }
			}
		},
		{
			"__comment": "Box81",
			"from": [ 1, 1, 1 ],
			"to": [ 15, 15, 15 ],
			"faces": {
				"down": { "uv": [ 1, 1, 15, 15 ], "texture": "#beehive_3" },
				"up": { "uv": [ 1, 1, 15, 15 ], "texture": "#beehive_3" },
				"north": { "uv": [ 1, 1, 15, 15 ], "texture": "#beehive_1" },
				"south": { "uv": [ 1, 1, 15, 15 ], "texture": "#beehive_3" },
				"west": { "uv": [ 1, 1, 15, 15 ], "texture": "#beehive_2" },
				"east": { "uv": [ 1, 1, 15, 15 ], "texture": "#beehive_2" }
			}
		},
		{
			"__comment": "Box35",
			"from": [ 0, 5, 2 ],
			"to": [ 0.5, 8, 3 ],
			"faces": {
				"down": { "uv": [ 0, 13, 0.5, 14 ], "texture": "#beehive_2" },
				"up": { "uv": [ 0, 2, 0.5, 3 ], "texture": "#beehive_2" },
				"north": { "uv": [ 15.5, 8, 16, 11 ], "texture": "#beehive_2" },
				"south": { "uv": [ 0, 8, 0.5, 11 ], "texture": "#beehive_2" },
				"west": { "uv": [ 2, 8, 3, 11 ], "texture": "#beehive_2", "cullface": "west" }
			}
		},
		{
			"__comment": "Box35",
			"from": [ 0, 9, 8 ],
			"to": [ 0.5, 10, 15 ],
			"faces": {
				"down": { "uv": [ 0, 1, 0.5, 8 ], "texture": "#beehive_2" },
				"up": { "uv": [ 0, 8, 0.5, 15 ], "texture": "#beehive_2" },
				"north": { "uv": [ 15.5, 6, 16, 7 ], "texture": "#beehive_2" },
				"west": { "uv": [ 8, 6, 15, 7 ], "texture": "#beehive_2", "cullface": "west" }
			}
		},
		{
			"__comment": "Box35",
			"from": [ 0, 5, 1 ],
			"to": [ 0.5, 6, 2 ],
			"faces": {
				"down": { "uv": [ 0, 14, 0.5, 15 ], "texture": "#beehive_2" },
				"up": { "uv": [ 0, 1, 0.5, 2 ], "texture": "#beehive_2" },
				"west": { "uv": [ 1, 10, 2, 11 ], "texture": "#beehive_2", "cullface": "west" }
			}
		},
		{
			"__comment": "Box35",
			"from": [ 0, 5, 4 ],
			"to": [ 0.5, 8, 12 ],
			"faces": {
				"down": { "uv": [ 0, 4, 0.5, 12 ], "texture": "#beehive_2" },
				"up": { "uv": [ 0, 4, 0.5, 12 ], "texture": "#beehive_2" },
				"north": { "uv": [ 15.5, 8, 16, 11 ], "texture": "#beehive_2" },
				"south": { "uv": [ 0, 8, 0.5, 11 ], "texture": "#beehive_2" },
				"west": { "uv": [ 4, 8, 12, 11 ], "texture": "#beehive_2", "cullface": "west" }
			}
		}
	],
	"display": {
		"thirdperson_righthand": {
			"rotation":  [ 75, 45, 0 ],
			"translation":  [ 0, 2.5, 0 ],
			"scale":  [ 0.375, 0.375, 0.375 ]
		},
		"thirdperson_lefthand": {
			"rotation":  [ 75, 45, 0 ],
			"translation":  [ 0, 2.5, 0 ],
			"scale":  [ 0.375, 0.375, 0.375 ]
		},
		"firstperson_righthand": {
			"rotation":  [ 0, 45, 0 ],
			"scale":  [ 0.4, 0.4, 0.4 ]
		},
		"firstperson_lefthand": {
			"rotation":  [ 0, 45, 0 ],
			"scale":  [ 0.4, 0.4, 0.4 ]
		},
		"gui": {
			"rotation":  [ 30, 225, 0 ],
			"scale":  [ 0.625, 0.625, 0.625 ]
		},
		"ground": {
			"translation":  [ 0, 3, 0 ],
			"scale":  [ 0.25, 0.25, 0.25 ]
		}
	}
}