{
	"__comment": "Designed by Intermacgod with BDcraft Cubik PRO 0.95 Beta - http://bdcraft.net",
	"gui_light": "front",
	"ambientocclusion": false,
	"textures": {
		"particle": "block/b/beetroots/beetroots_stage0",
		"beetroots_1": "block/b/beetroots/beetroots_1",
		"beetroots_10": "block/b/beetroots/beetroots_10",
		"beetroots_2": "block/b/beetroots/beetroots_2",
		"beetroots_3": "block/b/beetroots/beetroots_3",
		"beetroots_4": "block/b/beetroots/beetroots_4",
		"beetroots_5": "block/b/beetroots/beetroots_5",
		"beetroots_6": "block/b/beetroots/beetroots_6",
		"beetroots_7": "block/b/beetroots/beetroots_7"
	},
	"elements": [ 	 
		{
			"__comment": "pot",
			"from": [ 2.0009, 0.9993, 2.001 ],
			"to": [ 5.0009, 1.9993, 5.000999 ],
			"faces": {
				"down": { "uv": [ 0.000625, 0.000624657, 15.99938, 15.99938 ], "texture": "#beetroots_2" },
				"north": { "uv": [ 0.000625, 0.000624657, 15.99938, 15.99938 ], "texture": "#beetroots_2" },
				"south": { "uv": [ 0.000625, 0.000624657, 15.99938, 15.99938 ], "texture": "#beetroots_2" },
				"west": { "uv": [ 0.000625, 0.000624657, 15.99938, 15.99938 ], "texture": "#beetroots_2" },
				"east": { "uv": [ 0.000625, 0.000624657, 15.99938, 15.99938 ], "texture": "#beetroots_2" }
			}
		},
		{
			"__comment": "pot*",
			"from": [ 1.0002, 2.0005, 10 ],
			"to": [ 6.0002, 3.0005, 15 ],
			"faces": {
				"down": { "uv": [ 0.000625, 0.000624657, 15.99938, 15.99938 ], "texture": "#beetroots_2" },
				"north": { "uv": [ 0.000625, 0.000624657, 15.99938, 15.99938 ], "texture": "#beetroots_2" },
				"south": { "uv": [ 0.000625, 0.000624657, 15.99938, 15.99938 ], "texture": "#beetroots_2" },
				"west": { "uv": [ 0.000625, 0.000624657, 15.99938, 15.99938 ], "texture": "#beetroots_2" },
				"east": { "uv": [ 0.000625, 0.000624657, 15.99938, 15.99938 ], "texture": "#beetroots_2" }
			}
		},
		{
			"__comment": "Element",
			"from": [ -0.0006, 4.0002, -0.0008 ],
			"to": [ 0.9994, 5.0002, 6.9992 ],
			"faces": {
				"up": { "uv": [ 1.500625, 1.500625, 2.999375, 14.49938 ], "texture": "#beetroots_2" },
				"north": { "uv": [ 1.500625, 11.50062, 4.499375, 14.49938 ], "texture": "#beetroots_2", "cullface": "north" },
				"south": { "uv": [ 1.500625, 11.50062, 4.499375, 14.49938 ], "texture": "#beetroots_2" },
				"west": { "uv": [ 1.500625, 13.00062, 14.49938, 14.49938 ], "texture": "#beetroots_2", "cullface": "west" },
				"east": { "uv": [ 1.500625, 13.00062, 14.49938, 14.49938 ], "texture": "#beetroots_2" }
			}
		},
		{
			"__comment": "Element",
			"from": [ 6.0009, 3.9991, 0.0006 ],
			"to": [ 7.0009, 4.9991, 7.0006 ],
			"faces": {
				"up": { "uv": [ 1.500625, 1.500625, 2.999375, 14.49938 ], "texture": "#beetroots_2" },
				"north": { "uv": [ 1.500625, 11.50062, 4.499375, 14.49938 ], "texture": "#beetroots_2", "cullface": "north" },
				"south": { "uv": [ 1.500625, 11.50062, 4.499375, 14.49938 ], "texture": "#beetroots_2" },
				"west": { "uv": [ 1.500625, 13.00062, 14.49938, 14.49938 ], "texture": "#beetroots_2" },
				"east": { "uv": [ 1.500625, 13.00062, 14.49938, 14.49938 ], "texture": "#beetroots_2" }
			}
		},
		{
			"__comment": "Element",
			"from": [ 1.0008, 4.0001, -0.0007 ],
			"to": [ 6.000799, 5.0001, 0.9993001 ],
			"faces": {
				"up": { "uv": [ 1.500625, 13.00062, 14.49938, 14.49938 ], "texture": "#beetroots_2" },
				"north": { "uv": [ 1.500625, 13.00062, 14.49938, 14.49938 ], "texture": "#beetroots_2", "cullface": "north" },
				"south": { "uv": [ 1.500625, 13.00062, 14.49938, 14.49938 ], "texture": "#beetroots_2" }
			}
		},
		{
			"__comment": "Element",
			"from": [ 0.9994, 4.0003, 5.9994 ],
			"to": [ 5.999401, 5.0003, 6.9994 ],
			"faces": {
				"up": { "uv": [ 1.500625, 13.00062, 14.49938, 14.49938 ], "texture": "#beetroots_2" },
				"north": { "uv": [ 1.500625, 13.00062, 14.49938, 14.49938 ], "texture": "#beetroots_2" },
				"south": { "uv": [ 1.500625, 13.00062, 14.49938, 14.49938 ], "texture": "#beetroots_2" }
			}
		},
		{
			"__comment": "pot*",
			"from": [ 10.9997, 0.9999, 1.9999 ],
			"to": [ 13.9997, 1.9999, 4.9999 ],
			"faces": {
				"down": { "uv": [ 0.000625, 0.000624657, 15.99938, 15.99938 ], "texture": "#beetroots_2" },
				"north": { "uv": [ 0.000625, 0.000624657, 15.99938, 15.99938 ], "texture": "#beetroots_2" },
				"south": { "uv": [ 0.000625, 0.000624657, 15.99938, 15.99938 ], "texture": "#beetroots_2" },
				"west": { "uv": [ 0.000625, 0.000624657, 15.99938, 15.99938 ], "texture": "#beetroots_2" },
				"east": { "uv": [ 0.000625, 0.000624657, 15.99938, 15.99938 ], "texture": "#beetroots_2" }
			}
		},
		{
			"__comment": "pot*",
			"from": [ 11.0002, 1.0005, 10.9992 ],
			"to": [ 14.0002, 2.0005, 13.9992 ],
			"faces": {
				"down": { "uv": [ 0.000625, 0.000624657, 15.99938, 15.99938 ], "texture": "#beetroots_2" },
				"north": { "uv": [ 0.000625, 0.000624657, 15.99938, 15.99938 ], "texture": "#beetroots_2" },
				"south": { "uv": [ 0.000625, 0.000624657, 15.99938, 15.99938 ], "texture": "#beetroots_2" },
				"west": { "uv": [ 0.000625, 0.000624657, 15.99938, 15.99938 ], "texture": "#beetroots_2" },
				"east": { "uv": [ 0.000625, 0.000624657, 15.99938, 15.99938 ], "texture": "#beetroots_2" }
			}
		},
		{
			"__comment": "pot*",
			"from": [ 2.0004, 0.9996, 10.9991 ],
			"to": [ 5.000401, 1.9996, 13.9991 ],
			"faces": {
				"down": { "uv": [ 0.000625, 0.000624657, 15.99938, 15.99938 ], "texture": "#beetroots_2" },
				"north": { "uv": [ 0.000625, 0.000624657, 15.99938, 15.99938 ], "texture": "#beetroots_2" },
				"south": { "uv": [ 0.000625, 0.000624657, 15.99938, 15.99938 ], "texture": "#beetroots_2" },
				"west": { "uv": [ 0.000625, 0.000624657, 15.99938, 15.99938 ], "texture": "#beetroots_2" },
				"east": { "uv": [ 0.000625, 0.000624657, 15.99938, 15.99938 ], "texture": "#beetroots_2" }
			}
		},
		{
			"__comment": "pot*",
			"from": [ 0.9991, 2.0003, 0.9999 ],
			"to": [ 5.9991, 3.0003, 5.9999 ],
			"faces": {
				"down": { "uv": [ 0.000625, 0.000624657, 15.99938, 15.99938 ], "texture": "#beetroots_2" },
				"north": { "uv": [ 0.000625, 0.000624657, 15.99938, 15.99938 ], "texture": "#beetroots_2" },
				"south": { "uv": [ 0.000625, 0.000624657, 15.99938, 15.99938 ], "texture": "#beetroots_2" },
				"west": { "uv": [ 0.000625, 0.000624657, 15.99938, 15.99938 ], "texture": "#beetroots_2" },
				"east": { "uv": [ 0.000625, 0.000624657, 15.99938, 15.99938 ], "texture": "#beetroots_2" }
			}
		},
		{
			"__comment": "pot*",
			"from": [ 10.0002, 2.0008, 1.0006 ],
			"to": [ 15.0002, 3.0008, 6.0006 ],
			"faces": {
				"down": { "uv": [ 0.000625, 0.000624657, 15.99938, 15.99938 ], "texture": "#beetroots_2" },
				"north": { "uv": [ 0.000625, 0.000624657, 15.99938, 15.99938 ], "texture": "#beetroots_2" },
				"south": { "uv": [ 0.000625, 0.000624657, 15.99938, 15.99938 ], "texture": "#beetroots_2" },
				"west": { "uv": [ 0.000625, 0.000624657, 15.99938, 15.99938 ], "texture": "#beetroots_2" },
				"east": { "uv": [ 0.000625, 0.000624657, 15.99938, 15.99938 ], "texture": "#beetroots_2" }
			}
		},
		{
			"__comment": "pot*",
			"from": [ 10.0006, 1.9995, 10.0009 ],
			"to": [ 15.0006, 2.9995, 15.0009 ],
			"faces": {
				"down": { "uv": [ 0.000625, 0.000624657, 15.99938, 15.99938 ], "texture": "#beetroots_2" },
				"north": { "uv": [ 0.000625, 0.000624657, 15.99938, 15.99938 ], "texture": "#beetroots_2" },
				"south": { "uv": [ 0.000625, 0.000624657, 15.99938, 15.99938 ], "texture": "#beetroots_2" },
				"west": { "uv": [ 0.000625, 0.000624657, 15.99938, 15.99938 ], "texture": "#beetroots_2" },
				"east": { "uv": [ 0.000625, 0.000624657, 15.99938, 15.99938 ], "texture": "#beetroots_2" }
			}
		},
		{
			"__comment": "Element",
			"from": [ 8.9997, 3.9994, -0.0004 ],
			"to": [ 9.9997, 4.9994, 6.9996 ],
			"faces": {
				"up": { "uv": [ 1.500625, 1.500625, 2.999375, 14.49938 ], "texture": "#beetroots_2" },
				"north": { "uv": [ 1.500625, 11.50062, 4.499375, 14.49938 ], "texture": "#beetroots_2", "cullface": "north" },
				"south": { "uv": [ 1.500625, 11.50062, 4.499375, 14.49938 ], "texture": "#beetroots_2" },
				"west": { "uv": [ 1.500625, 13.00062, 14.49938, 14.49938 ], "texture": "#beetroots_2" },
				"east": { "uv": [ 1.500625, 13.00062, 14.49938, 14.49938 ], "texture": "#beetroots_2" }
			}
		},
		{
			"__comment": "Element",
			"from": [ 15, 4.0006, 0.0005 ],
			"to": [ 16, 5.0006, 7.000501 ],
			"faces": {
				"up": { "uv": [ 1.500625, 1.500625, 2.999375, 14.49938 ], "texture": "#beetroots_2" },
				"north": { "uv": [ 1.500625, 11.50062, 4.499375, 14.49938 ], "texture": "#beetroots_2", "cullface": "north" },
				"south": { "uv": [ 1.500625, 11.50062, 4.499375, 14.49938 ], "texture": "#beetroots_2" },
				"west": { "uv": [ 1.500625, 13.00062, 14.49938, 14.49938 ], "texture": "#beetroots_2" },
				"east": { "uv": [ 1.500625, 13.00062, 14.49938, 14.49938 ], "texture": "#beetroots_2", "cullface": "east" }
			}
		},
		{
			"__comment": "Element",
			"from": [ 15.0008, 4.0006, 9.000199 ],
			"to": [ 16.0008, 5.0006, 16.0002 ],
			"faces": {
				"up": { "uv": [ 1.500625, 1.500625, 2.999375, 14.49938 ], "texture": "#beetroots_2" },
				"north": { "uv": [ 1.500625, 11.50062, 4.499375, 14.49938 ], "texture": "#beetroots_2" },
				"south": { "uv": [ 1.500625, 11.50062, 4.499375, 14.49938 ], "texture": "#beetroots_2", "cullface": "south" },
				"west": { "uv": [ 1.500625, 13.00062, 14.49938, 14.49938 ], "texture": "#beetroots_2" },
				"east": { "uv": [ 1.500625, 13.00062, 14.49938, 14.49938 ], "texture": "#beetroots_2", "cullface": "east" }
			}
		},
		{
			"__comment": "Element",
			"from": [ 9.0006, 4.0003, 8.9999 ],
			"to": [ 10.0006, 5.0003, 15.9999 ],
			"faces": {
				"up": { "uv": [ 1.500625, 1.500625, 2.999375, 14.49938 ], "texture": "#beetroots_2" },
				"north": { "uv": [ 1.500625, 11.50062, 4.499375, 14.49938 ], "texture": "#beetroots_2" },
				"south": { "uv": [ 1.500625, 11.50062, 4.499375, 14.49938 ], "texture": "#beetroots_2", "cullface": "south" },
				"west": { "uv": [ 1.500625, 13.00062, 14.49938, 14.49938 ], "texture": "#beetroots_2" },
				"east": { "uv": [ 1.500625, 13.00062, 14.49938, 14.49938 ], "texture": "#beetroots_2" }
			}
		},
		{
			"__comment": "Element",
			"from": [ 6.0004, 3.9997, 9.000299 ],
			"to": [ 7.0004, 4.999699, 16.0003 ],
			"faces": {
				"up": { "uv": [ 1.500625, 1.500625, 2.999375, 14.49938 ], "texture": "#beetroots_2" },
				"north": { "uv": [ 1.500625, 11.50062, 4.499375, 14.49938 ], "texture": "#beetroots_2" },
				"south": { "uv": [ 1.500625, 11.50062, 4.499375, 14.49938 ], "texture": "#beetroots_2", "cullface": "south" },
				"west": { "uv": [ 1.500625, 13.00062, 14.49938, 14.49938 ], "texture": "#beetroots_2" },
				"east": { "uv": [ 1.500625, 13.00062, 14.49938, 14.49938 ], "texture": "#beetroots_2" }
			}
		},
		{
			"__comment": "Element",
			"from": [ -0.0005, 4.0006, 8.9994 ],
			"to": [ 0.9995, 5.0006, 15.9994 ],
			"faces": {
				"up": { "uv": [ 1.500625, 1.500625, 2.999375, 14.49938 ], "texture": "#beetroots_2" },
				"north": { "uv": [ 1.500625, 11.50062, 4.499375, 14.49938 ], "texture": "#beetroots_2" },
				"south": { "uv": [ 1.500625, 11.50062, 4.499375, 14.49938 ], "texture": "#beetroots_2", "cullface": "south" },
				"west": { "uv": [ 1.500625, 13.00062, 14.49938, 14.49938 ], "texture": "#beetroots_2", "cullface": "west" },
				"east": { "uv": [ 1.500625, 13.00062, 14.49938, 14.49938 ], "texture": "#beetroots_2" }
			}
		},
		{
			"__comment": "Element",
			"from": [ 0.9998, 4.0001, 9.0005 ],
			"to": [ 5.9998, 5.0001, 10.0005 ],
			"faces": {
				"up": { "uv": [ 1.500625, 13.00062, 14.49938, 14.49938 ], "texture": "#beetroots_2" },
				"north": { "uv": [ 1.500625, 13.00062, 14.49938, 14.49938 ], "texture": "#beetroots_2" },
				"south": { "uv": [ 1.500625, 13.00062, 14.49938, 14.49938 ], "texture": "#beetroots_2" }
			}
		},
		{
			"__comment": "Element",
			"from": [ 1.0007, 3.9997, 15.0009 ],
			"to": [ 6.0007, 4.9997, 16.0009 ],
			"faces": {
				"up": { "uv": [ 1.500625, 13.00062, 14.49938, 14.49938 ], "texture": "#beetroots_2" },
				"north": { "uv": [ 1.500625, 13.00062, 14.49938, 14.49938 ], "texture": "#beetroots_2" },
				"south": { "uv": [ 1.500625, 13.00062, 14.49938, 14.49938 ], "texture": "#beetroots_2", "cullface": "south" }
			}
		},
		{
			"__comment": "Element",
			"from": [ 9.9998, 4.0009, 14.9996 ],
			"to": [ 14.99979, 5.0009, 15.9996 ],
			"faces": {
				"up": { "uv": [ 1.500625, 13.00062, 14.49938, 14.49938 ], "texture": "#beetroots_2" },
				"north": { "uv": [ 1.500625, 13.00062, 14.49938, 14.49938 ], "texture": "#beetroots_2" },
				"south": { "uv": [ 1.500625, 13.00062, 14.49938, 14.49938 ], "texture": "#beetroots_2", "cullface": "south" }
			}
		},
		{
			"__comment": "Element",
			"from": [ 10.0007, 4.0004, 8.9999 ],
			"to": [ 15.0007, 5.0004, 9.9999 ],
			"faces": {
				"up": { "uv": [ 1.500625, 13.00062, 14.49938, 14.49938 ], "texture": "#beetroots_2" },
				"north": { "uv": [ 1.500625, 13.00062, 14.49938, 14.49938 ], "texture": "#beetroots_2" },
				"south": { "uv": [ 1.500625, 13.00062, 14.49938, 14.49938 ], "texture": "#beetroots_2" }
			}
		},
		{
			"__comment": "Element",
			"from": [ 9.999599, 3.9992, 6.0008 ],
			"to": [ 14.9996, 4.9992, 7.0008 ],
			"faces": {
				"up": { "uv": [ 1.500625, 13.00062, 14.49938, 14.49938 ], "texture": "#beetroots_2" },
				"north": { "uv": [ 1.500625, 13.00062, 14.49938, 14.49938 ], "texture": "#beetroots_2" },
				"south": { "uv": [ 1.500625, 13.00062, 14.49938, 14.49938 ], "texture": "#beetroots_2" }
			}
		},
		{
			"__comment": "Element",
			"from": [ 10.0005, 4.0009, 0.0004 ],
			"to": [ 15.0005, 5.0009, 1.0004 ],
			"faces": {
				"up": { "uv": [ 1.500625, 13.00062, 14.49938, 14.49938 ], "texture": "#beetroots_2" },
				"north": { "uv": [ 1.500625, 13.00062, 14.49938, 14.49938 ], "texture": "#beetroots_2", "cullface": "north" },
				"south": { "uv": [ 1.500625, 13.00062, 14.49938, 14.49938 ], "texture": "#beetroots_2" }
			}
		},
		{
			"__comment": "light pole",
			"from": [ 7.4998, 1.0004, 7.5001 ],
			"to": [ 8.4998, 15.0004, 8.500099 ],
			"faces": {
				"down": { "uv": [ 0.000625, 0.000624657, 15.99938, 15.99938 ], "texture": "#beetroots_3" },
				"north": { "uv": [ 0.000625, 0.000624657, 15.99938, 15.99938 ], "texture": "#beetroots_3" },
				"south": { "uv": [ 0.000625, 0.000624657, 15.99938, 15.99938 ], "texture": "#beetroots_3" },
				"west": { "uv": [ 0.000625, 0.000624657, 15.99938, 15.99938 ], "texture": "#beetroots_3" },
				"east": { "uv": [ 0.000625, 0.000624657, 15.99938, 15.99938 ], "texture": "#beetroots_3" }
			}
		},
		{
			"__comment": "light pole",
			"from": [ 0.0008, 15.0006, 7.4999 ],
			"to": [ 16.0008, 16.0006, 8.499901 ],
			"faces": {
				"down": { "uv": [ 0.000625, 0.000624657, 15.99938, 15.99938 ], "texture": "#beetroots_4" },
				"up": { "uv": [ 0.000625, 0.000624657, 15.99938, 15.99938 ], "texture": "#beetroots_4", "cullface": "up" },
				"north": { "uv": [ 0.000625, 0.000624657, 15.99938, 15.99938 ], "texture": "#beetroots_4" },
				"south": { "uv": [ 0.000625, 0.000624657, 15.99938, 15.99938 ], "texture": "#beetroots_4" },
				"west": { "uv": [ 0.000625, 6.000626, 2.499375, 8.499375 ], "texture": "#beetroots_4", "cullface": "west" },
				"east": { "uv": [ 0.000625, 7.500626, 2.499375, 9.999375 ], "texture": "#beetroots_4", "cullface": "east" }
			}
		},
		{
			"__comment": "light pole",
			"from": [ 3.0003, 14.9999, 3.0001 ],
			"to": [ 4.000301, 15.9999, 7.5001 ],
			"faces": {
				"down": { "uv": [ 0.000625, 0.000624657, 15.99938, 15.99938 ], "texture": "#beetroots_3" },
				"up": { "uv": [ 0.000625, 0.000624657, 15.99938, 15.99938 ], "texture": "#beetroots_3", "cullface": "up" },
				"north": { "uv": [ 6.000625, 0.000624657, 8.999375, 2.499375 ], "texture": "#beetroots_3" },
				"west": { "uv": [ 0.000625, 0.000624657, 15.99938, 15.99938 ], "texture": "#beetroots_4" },
				"east": { "uv": [ 0.000625, 0.000624657, 15.99938, 15.99938 ], "texture": "#beetroots_4" }
			}
		},
		{
			"__comment": "light pole*",
			"from": [ 11.9999, 15.0005, 2.9998 ],
			"to": [ 12.9999, 16.0005, 7.4998 ],
			"faces": {
				"down": { "uv": [ 0.000625, 0.000624657, 15.99938, 15.99938 ], "texture": "#beetroots_3" },
				"up": { "uv": [ 0.000625, 0.000624657, 15.99938, 15.99938 ], "texture": "#beetroots_3", "cullface": "up" },
				"north": { "uv": [ 6.000625, 0.000624657, 8.999375, 2.499375 ], "texture": "#beetroots_3" },
				"west": { "uv": [ 0.000625, 0.000624657, 15.99938, 15.99938 ], "texture": "#beetroots_4" },
				"east": { "uv": [ 0.000625, 0.000624657, 15.99938, 15.99938 ], "texture": "#beetroots_4" }
			}
		},
		{
			"__comment": "light pole*",
			"from": [ 11.9999, 14.9999, 8.4991 ],
			"to": [ 12.9999, 15.9999, 12.9991 ],
			"faces": {
				"down": { "uv": [ 0.000625, 0.000624657, 15.99938, 15.99938 ], "texture": "#beetroots_3" },
				"up": { "uv": [ 0.000625, 0.000624657, 15.99938, 15.99938 ], "texture": "#beetroots_3", "cullface": "up" },
				"south": { "uv": [ 6.000625, 0.000624657, 8.999375, 2.499375 ], "texture": "#beetroots_3" },
				"west": { "uv": [ 0.000625, 0.000624657, 15.99938, 15.99938 ], "texture": "#beetroots_4" },
				"east": { "uv": [ 0.000625, 0.000624657, 15.99938, 15.99938 ], "texture": "#beetroots_4" }
			}
		},
		{
			"__comment": "light pole*",
			"from": [ 2.9998, 14.9992, 8.500299 ],
			"to": [ 3.9998, 15.9992, 13.0003 ],
			"faces": {
				"down": { "uv": [ 0.000625, 0.000624657, 15.99938, 15.99938 ], "texture": "#beetroots_3" },
				"up": { "uv": [ 0.000625, 0.000624657, 15.99938, 15.99938 ], "texture": "#beetroots_3", "cullface": "up" },
				"south": { "uv": [ 6.000625, 0.000624657, 8.999375, 2.499375 ], "texture": "#beetroots_3" },
				"west": { "uv": [ 0.000625, 0.000624657, 15.99938, 15.99938 ], "texture": "#beetroots_4" },
				"east": { "uv": [ 0.000625, 0.000624657, 15.99938, 15.99938 ], "texture": "#beetroots_4" }
			}
		},
		{
			"__comment": "light",
			"from": [ 0.9997, 14.4996, 10.0009 ],
			"to": [ 5.999701, 14.9996, 15.0009 ],
			"faces": {
				"down": { "uv": [ 0.000625, 0.000624657, 15.99938, 15.99938 ], "texture": "#beetroots_5" },
				"up": { "uv": [ 0.000625, 0.000624657, 15.99938, 15.99938 ], "texture": "#beetroots_7" },
				"north": { "uv": [ 0.000625, 0.000624657, 15.99938, 15.99938 ], "texture": "#beetroots_2" },
				"south": { "uv": [ 0.000625, 0.000624657, 15.99938, 15.99938 ], "texture": "#beetroots_2" },
				"west": { "uv": [ 0.000625, 0.000624657, 15.99938, 15.99938 ], "texture": "#beetroots_2" },
				"east": { "uv": [ 0.000625, 0.000624657, 15.99938, 15.99938 ], "texture": "#beetroots_2" }
			}
		},
		{
			"__comment": "light*",
			"from": [ 9.9998, 14.5002, 9.9992 ],
			"to": [ 14.9998, 15.0002, 14.9992 ],
			"faces": {
				"down": { "uv": [ 0.000625, 0.000624657, 15.99938, 15.99938 ], "texture": "#beetroots_5" },
				"up": { "uv": [ 0.000625, 0.000624657, 15.99938, 15.99938 ], "texture": "#beetroots_7" },
				"north": { "uv": [ 0.000625, 0.000624657, 15.99938, 15.99938 ], "texture": "#beetroots_2" },
				"south": { "uv": [ 0.000625, 0.000624657, 15.99938, 15.99938 ], "texture": "#beetroots_2" },
				"west": { "uv": [ 0.000625, 0.000624657, 15.99938, 15.99938 ], "texture": "#beetroots_2" },
				"east": { "uv": [ 0.000625, 0.000624657, 15.99938, 15.99938 ], "texture": "#beetroots_2" }
			}
		},
		{
			"__comment": "light*",
			"from": [ 9.9991, 14.4998, 0.9997 ],
			"to": [ 14.9991, 14.9998, 5.9997 ],
			"faces": {
				"down": { "uv": [ 0.000625, 0.000624657, 15.99938, 15.99938 ], "texture": "#beetroots_5" },
				"up": { "uv": [ 0.000625, 0.000624657, 15.99938, 15.99938 ], "texture": "#beetroots_7" },
				"north": { "uv": [ 0.000625, 0.000624657, 15.99938, 15.99938 ], "texture": "#beetroots_2" },
				"south": { "uv": [ 0.000625, 0.000624657, 15.99938, 15.99938 ], "texture": "#beetroots_2" },
				"west": { "uv": [ 0.000625, 0.000624657, 15.99938, 15.99938 ], "texture": "#beetroots_2" },
				"east": { "uv": [ 0.000625, 0.000624657, 15.99938, 15.99938 ], "texture": "#beetroots_2" }
			}
		},
		{
			"__comment": "light*",
			"from": [ 1.0001, 14.4995, 0.9993 ],
			"to": [ 6.0001, 14.9995, 5.9993 ],
			"faces": {
				"down": { "uv": [ 0.000625, 0.000624657, 15.99938, 15.99938 ], "texture": "#beetroots_5" },
				"up": { "uv": [ 0.000625, 0.000624657, 15.99938, 15.99938 ], "texture": "#beetroots_7" },
				"north": { "uv": [ 0.000625, 0.000624657, 15.99938, 15.99938 ], "texture": "#beetroots_2" },
				"south": { "uv": [ 0.000625, 0.000624657, 15.99938, 15.99938 ], "texture": "#beetroots_2" },
				"west": { "uv": [ 0.000625, 0.000624657, 15.99938, 15.99938 ], "texture": "#beetroots_2" },
				"east": { "uv": [ 0.000625, 0.000624657, 15.99938, 15.99938 ], "texture": "#beetroots_2" }
			}
		},
		{
			"__comment": "Element",
			"from": [ 1.0634, 4.9372, 0.7069 ],
			"to": [ 6.0634, 5.9372, 1.206895 ],
			"rotation": { "origin": [ 1.0625, 5.9375, 0.707125 ], "axis": "x", "angle": 45 },
			"faces": {
				"down": { "uv": [ 14.49938, 14.49938, 10.50062, 13.50062 ], "texture": "#beetroots_2" },
				"up": { "uv": [ 10.50062, 13.50062, 14.49938, 14.49938 ], "texture": "#beetroots_2" },
				"north": { "uv": [ 0.000625, 0.000624657, 15.99938, 2.999375 ], "texture": "#beetroots_6" },
				"south": { "uv": [ 10.50062, 13.50062, 14.49938, 14.49938 ], "texture": "#beetroots_2" },
				"west": { "uv": [ 13.50062, 13.50062, 14.49938, 14.49938 ], "texture": "#beetroots_2" },
				"east": { "uv": [ 13.50062, 13.50062, 14.49938, 14.49938 ], "texture": "#beetroots_2" }
			}
		},
		{
			"__comment": "Element",
			"from": [ 1.0004, 4.625, 15.0004 ],
			"to": [ 6.000399, 5.625, 15.5004 ],
			"rotation": { "origin": [ 1, 5.625, 15 ], "axis": "x", "angle": -45 },
			"faces": {
				"down": { "uv": [ 14.49938, 14.49938, 10.50062, 13.50062 ], "texture": "#beetroots_2" },
				"up": { "uv": [ 10.50062, 13.50062, 14.49938, 14.49938 ], "texture": "#beetroots_2" },
				"north": { "uv": [ 1.500625, 1.500625, 14.49938, 2.499375 ], "texture": "#beetroots_2" },
				"south": { "uv": [ 0.000625, 0.000624657, 15.99938, 2.999375 ], "texture": "#beetroots_6" },
				"west": { "uv": [ 13.50062, 13.50062, 14.49938, 14.49938 ], "texture": "#beetroots_2" },
				"east": { "uv": [ 13.50062, 13.50062, 14.49938, 14.49938 ], "texture": "#beetroots_2" }
			}
		},
		{
			"__comment": "Element",
			"from": [ 10, 4.6873, 15 ],
			"to": [ 15, 5.6873, 15.5 ],
			"rotation": { "origin": [ 10, 5.6875, 15 ], "axis": "x", "angle": -45 },
			"faces": {
				"down": { "uv": [ 14.49938, 14.49938, 10.50062, 13.50062 ], "texture": "#beetroots_2" },
				"up": { "uv": [ 10.50062, 13.50062, 14.49938, 14.49938 ], "texture": "#beetroots_2" },
				"north": { "uv": [ 1.500625, 1.500625, 14.49938, 2.499375 ], "texture": "#beetroots_2" },
				"south": { "uv": [ 0.000625, 0.000624657, 15.99938, 2.999375 ], "texture": "#beetroots_6" },
				"west": { "uv": [ 13.50062, 13.50062, 14.49938, 14.49938 ], "texture": "#beetroots_2" },
				"east": { "uv": [ 13.50062, 13.50062, 14.49938, 14.49938 ], "texture": "#beetroots_2" }
			}
		},
		{
			"__comment": "Element",
			"from": [ 10.0629, 4.9374, 0.7074 ],
			"to": [ 15.0629, 5.9374, 1.207396 ],
			"rotation": { "origin": [ 10.0625, 5.9375, 0.707125 ], "axis": "x", "angle": 45 },
			"faces": {
				"down": { "uv": [ 14.49938, 14.49938, 10.50062, 13.50062 ], "texture": "#beetroots_2" },
				"up": { "uv": [ 10.50062, 13.50062, 14.49938, 14.49938 ], "texture": "#beetroots_2" },
				"north": { "uv": [ 0.000625, 0.000624657, 15.99938, 2.999375 ], "texture": "#beetroots_6" },
				"south": { "uv": [ 10.50062, 13.50062, 14.49938, 14.49938 ], "texture": "#beetroots_2" },
				"west": { "uv": [ 13.50062, 13.50062, 14.49938, 14.49938 ], "texture": "#beetroots_2" },
				"east": { "uv": [ 13.50062, 13.50062, 14.49938, 14.49938 ], "texture": "#beetroots_2" }
			}
		},
		{
			"__comment": "Element",
			"from": [ 0.9995, 4.6255, 5.9999 ],
			"to": [ 5.999499, 5.6255, 6.4999 ],
			"rotation": { "origin": [ 1, 5.625, 6 ], "axis": "x", "angle": -45 },
			"faces": {
				"down": { "uv": [ 14.49938, 14.49938, 10.50062, 13.50062 ], "texture": "#beetroots_2" },
				"up": { "uv": [ 10.50062, 13.50062, 14.49938, 14.49938 ], "texture": "#beetroots_2" },
				"north": { "uv": [ 1.500625, 1.500625, 14.49938, 2.499375 ], "texture": "#beetroots_2" },
				"south": { "uv": [ 0.000625, 0.000624657, 15.99938, 2.999375 ], "texture": "#beetroots_6" },
				"west": { "uv": [ 13.50062, 13.50062, 14.49938, 14.49938 ], "texture": "#beetroots_2" },
				"east": { "uv": [ 13.50062, 13.50062, 14.49938, 14.49938 ], "texture": "#beetroots_2" }
			}
		},
		{
			"__comment": "Element",
			"from": [ 10.0003, 4.6884, 6.0005 ],
			"to": [ 15.0003, 5.6884, 6.5005 ],
			"rotation": { "origin": [ 10, 5.6875, 6 ], "axis": "x", "angle": -45 },
			"faces": {
				"down": { "uv": [ 14.49938, 14.49938, 10.50062, 13.50062 ], "texture": "#beetroots_2" },
				"up": { "uv": [ 10.50062, 13.50062, 14.49938, 14.49938 ], "texture": "#beetroots_2" },
				"north": { "uv": [ 1.500625, 1.500625, 14.49938, 2.499375 ], "texture": "#beetroots_2" },
				"south": { "uv": [ 0.000625, 0.000624657, 15.99938, 2.999375 ], "texture": "#beetroots_6" },
				"west": { "uv": [ 13.50062, 13.50062, 14.49938, 14.49938 ], "texture": "#beetroots_2" },
				"east": { "uv": [ 13.50062, 13.50062, 14.49938, 14.49938 ], "texture": "#beetroots_2" }
			}
		},
		{
			"__comment": "Element",
			"from": [ 1.063, 4.9366, 9.7064 ],
			"to": [ 6.063, 5.9366, 10.2064 ],
			"rotation": { "origin": [ 1.0625, 5.9375, 9.70711 ], "axis": "x", "angle": 45 },
			"faces": {
				"down": { "uv": [ 14.49938, 14.49938, 10.50062, 13.50062 ], "texture": "#beetroots_2" },
				"up": { "uv": [ 10.50062, 13.50062, 14.49938, 14.49938 ], "texture": "#beetroots_2" },
				"north": { "uv": [ 0.000625, 0.000624657, 15.99938, 2.999375 ], "texture": "#beetroots_6" },
				"south": { "uv": [ 10.50062, 13.50062, 14.49938, 14.49938 ], "texture": "#beetroots_2" },
				"west": { "uv": [ 13.50062, 13.50062, 14.49938, 14.49938 ], "texture": "#beetroots_2" },
				"east": { "uv": [ 13.50062, 13.50062, 14.49938, 14.49938 ], "texture": "#beetroots_2" }
			}
		},
		{
			"__comment": "Element",
			"from": [ 10.0619, 4.9374, 9.7073 ],
			"to": [ 15.0619, 5.9374, 10.20729 ],
			"rotation": { "origin": [ 10.0625, 5.9375, 9.70711 ], "axis": "x", "angle": 45 },
			"faces": {
				"down": { "uv": [ 14.49938, 14.49938, 10.50062, 13.50062 ], "texture": "#beetroots_2" },
				"up": { "uv": [ 10.50062, 13.50062, 14.49938, 14.49938 ], "texture": "#beetroots_2" },
				"north": { "uv": [ 0.000625, 0.000624657, 15.99938, 2.999375 ], "texture": "#beetroots_6" },
				"south": { "uv": [ 10.50062, 13.50062, 14.49938, 14.49938 ], "texture": "#beetroots_2" },
				"west": { "uv": [ 13.50062, 13.50062, 14.49938, 14.49938 ], "texture": "#beetroots_2" },
				"east": { "uv": [ 13.50062, 13.50062, 14.49938, 14.49938 ], "texture": "#beetroots_2" }
			}
		},
		{
			"__comment": "Element",
			"from": [ 0.7072, 4.9367, 1.0002 ],
			"to": [ 1.207195, 5.9367, 6.000199 ],
			"rotation": { "origin": [ 0.707125, 5.9375, 1 ], "axis": "z", "angle": -45 },
			"faces": {
				"down": { "uv": [ 14.00062, 1.500625, 14.49938, 5.499374 ], "texture": "#beetroots_2" },
				"up": { "uv": [ 14.00062, 1.500625, 14.49938, 5.499374 ], "texture": "#beetroots_2" },
				"north": { "uv": [ 14.00062, 13.50062, 14.49938, 14.49938 ], "texture": "#beetroots_2" },
				"south": { "uv": [ 14.00062, 13.50062, 14.49938, 14.49938 ], "texture": "#beetroots_2" },
				"west": { "uv": [ 0.000625, 0.000624657, 15.99938, 2.999375 ], "texture": "#beetroots_6" },
				"east": { "uv": [ 10.50062, 13.50062, 14.49938, 14.49938 ], "texture": "#beetroots_2" }
			}
		},
		{
			"__comment": "Element",
			"from": [ 0.7073, 4.9375, 10.0008 ],
			"to": [ 1.207295, 5.9375, 15.0008 ],
			"rotation": { "origin": [ 0.707125, 5.9375, 10 ], "axis": "z", "angle": -45 },
			"faces": {
				"down": { "uv": [ 14.00062, 1.500625, 14.49938, 5.499374 ], "texture": "#beetroots_2" },
				"up": { "uv": [ 14.00062, 1.500625, 14.49938, 5.499374 ], "texture": "#beetroots_2" },
				"north": { "uv": [ 14.00062, 13.50062, 14.49938, 14.49938 ], "texture": "#beetroots_2" },
				"south": { "uv": [ 14.00062, 13.50062, 14.49938, 14.49938 ], "texture": "#beetroots_2" },
				"west": { "uv": [ 0.000625, 0.000624657, 15.99938, 2.999375 ], "texture": "#beetroots_6" },
				"east": { "uv": [ 10.50062, 13.50062, 14.49938, 14.49938 ], "texture": "#beetroots_2" }
			}
		},
		{
			"__comment": "Element",
			"from": [ 9.708, 4.937, 9.9997 ],
			"to": [ 10.20799, 5.937, 14.9997 ],
			"rotation": { "origin": [ 9.70711, 5.9375, 10 ], "axis": "z", "angle": -45 },
			"faces": {
				"down": { "uv": [ 14.00062, 1.500625, 14.49938, 5.499374 ], "texture": "#beetroots_2" },
				"up": { "uv": [ 14.00062, 1.500625, 14.49938, 5.499374 ], "texture": "#beetroots_2" },
				"north": { "uv": [ 14.00062, 13.50062, 14.49938, 14.49938 ], "texture": "#beetroots_2" },
				"south": { "uv": [ 14.00062, 13.50062, 14.49938, 14.49938 ], "texture": "#beetroots_2" },
				"west": { "uv": [ 0.000625, 3.000625, 15.99938, 5.999374 ], "texture": "#beetroots_6" },
				"east": { "uv": [ 10.50062, 13.50062, 14.49938, 14.49938 ], "texture": "#beetroots_2" }
			}
		},
		{
			"__comment": "Element",
			"from": [ 9.7693, 4.9381, 1.0004 ],
			"to": [ 10.26929, 5.9381, 6.0004 ],
			"rotation": { "origin": [ 9.76961, 5.9375, 1 ], "axis": "z", "angle": -45 },
			"faces": {
				"down": { "uv": [ 14.00062, 1.500625, 14.49938, 5.499374 ], "texture": "#beetroots_2" },
				"up": { "uv": [ 14.00062, 1.500625, 14.49938, 5.499374 ], "texture": "#beetroots_2" },
				"north": { "uv": [ 14.00062, 13.50062, 14.49938, 14.49938 ], "texture": "#beetroots_2" },
				"south": { "uv": [ 14.00062, 13.50062, 14.49938, 14.49938 ], "texture": "#beetroots_2" },
				"west": { "uv": [ 0.000625, 3.000625, 15.99938, 5.999374 ], "texture": "#beetroots_6" },
				"east": { "uv": [ 10.50062, 13.50062, 14.49938, 14.49938 ], "texture": "#beetroots_2" }
			}
		},
		{
			"__comment": "Element",
			"from": [ 15.0008, 4.625, 1.0005 ],
			"to": [ 15.5008, 5.625, 6.0005 ],
			"rotation": { "origin": [ 15, 5.625, 1 ], "axis": "z", "angle": 45 },
			"faces": {
				"down": { "uv": [ 14.00062, 1.500625, 14.49938, 5.499374 ], "texture": "#beetroots_2" },
				"up": { "uv": [ 14.00062, 1.500625, 14.49938, 5.499374 ], "texture": "#beetroots_2" },
				"north": { "uv": [ 14.00062, 13.50062, 14.49938, 14.49938 ], "texture": "#beetroots_2" },
				"south": { "uv": [ 14.00062, 13.50062, 14.49938, 14.49938 ], "texture": "#beetroots_2" },
				"west": { "uv": [ 1.500625, 1.500625, 14.49938, 2.499375 ], "texture": "#beetroots_2" },
				"east": { "uv": [ 0.000625, 0.000624657, 15.99938, 2.999375 ], "texture": "#beetroots_6" }
			}
		},
		{
			"__comment": "Element",
			"from": [ 14.9992, 4.626, 10.0008 ],
			"to": [ 15.4992, 5.626, 15.0008 ],
			"rotation": { "origin": [ 15, 5.625, 10 ], "axis": "z", "angle": 45 },
			"faces": {
				"down": { "uv": [ 14.00062, 1.500625, 14.49938, 5.499374 ], "texture": "#beetroots_2" },
				"up": { "uv": [ 14.00062, 1.500625, 14.49938, 5.499374 ], "texture": "#beetroots_2" },
				"north": { "uv": [ 14.00062, 13.50062, 14.49938, 14.49938 ], "texture": "#beetroots_2" },
				"south": { "uv": [ 14.00062, 13.50062, 14.49938, 14.49938 ], "texture": "#beetroots_2" },
				"west": { "uv": [ 1.500625, 1.500625, 14.49938, 2.499375 ], "texture": "#beetroots_2" },
				"east": { "uv": [ 0.000625, 0.000624657, 15.99938, 2.999375 ], "texture": "#beetroots_6" }
			}
		},
		{
			"__comment": "Element",
			"from": [ 5.9999, 4.6245, 9.999499 ],
			"to": [ 6.4999, 5.6245, 14.9995 ],
			"rotation": { "origin": [ 6, 5.625, 10 ], "axis": "z", "angle": 45 },
			"faces": {
				"down": { "uv": [ 14.00062, 1.500625, 14.49938, 5.499374 ], "texture": "#beetroots_2" },
				"up": { "uv": [ 14.00062, 1.500625, 14.49938, 5.499374 ], "texture": "#beetroots_2" },
				"north": { "uv": [ 14.00062, 13.50062, 14.49938, 14.49938 ], "texture": "#beetroots_2" },
				"south": { "uv": [ 14.00062, 13.50062, 14.49938, 14.49938 ], "texture": "#beetroots_2" },
				"west": { "uv": [ 1.500625, 1.500625, 14.49938, 2.499375 ], "texture": "#beetroots_2" },
				"east": { "uv": [ 0.000625, 3.000625, 15.99938, 5.999374 ], "texture": "#beetroots_6" }
			}
		},
		{
			"__comment": "Element",
			"from": [ 5.9995, 4.6254, 1 ],
			"to": [ 6.4995, 5.6254, 6 ],
			"rotation": { "origin": [ 6, 5.625, 1 ], "axis": "z", "angle": 45 },
			"faces": {
				"down": { "uv": [ 14.00062, 1.500625, 14.49938, 5.499374 ], "texture": "#beetroots_2" },
				"up": { "uv": [ 14.00062, 1.500625, 14.49938, 5.499374 ], "texture": "#beetroots_2" },
				"north": { "uv": [ 14.00062, 13.50062, 14.49938, 14.49938 ], "texture": "#beetroots_2" },
				"south": { "uv": [ 14.00062, 13.50062, 14.49938, 14.49938 ], "texture": "#beetroots_2" },
				"west": { "uv": [ 1.500625, 1.500625, 14.49938, 2.499375 ], "texture": "#beetroots_2" },
				"east": { "uv": [ 0.000625, 3.000625, 15.99938, 5.999374 ], "texture": "#beetroots_6" }
			}
		},
		{
			"__comment": "pot*",
			"from": [ -0.0007, 3.0008, -0.0003 ],
			"to": [ 6.9993, 4.0008, 6.9997 ],
			"faces": {
				"down": { "uv": [ 0.000625, 0.000624657, 15.99938, 15.99938 ], "texture": "#beetroots_2" },
				"up": { "uv": [ 0.000625, 0.000624657, 15.99938, 15.99938 ], "texture": "#beetroots_10" },
				"north": { "uv": [ 0.000625, 0.000624657, 15.99938, 15.99938 ], "texture": "#beetroots_2", "cullface": "north" },
				"south": { "uv": [ 0.000625, 0.000624657, 15.99938, 15.99938 ], "texture": "#beetroots_2" },
				"west": { "uv": [ 0.000625, 0.000624657, 15.99938, 15.99938 ], "texture": "#beetroots_2", "cullface": "west" },
				"east": { "uv": [ 0.000625, 0.000624657, 15.99938, 15.99938 ], "texture": "#beetroots_2" }
			}
		},
		{
			"__comment": "pot*",
			"from": [ 8.9991, 3.0004, -0.0008 ],
			"to": [ 15.9991, 4.0004, 6.999199 ],
			"faces": {
				"down": { "uv": [ 0.000625, 0.000624657, 15.99938, 15.99938 ], "texture": "#beetroots_2" },
				"up": { "uv": [ 0.000625, 0.000624657, 15.99938, 15.99938 ], "texture": "#beetroots_10" },
				"north": { "uv": [ 0.000625, 0.000624657, 15.99938, 15.99938 ], "texture": "#beetroots_2", "cullface": "north" },
				"south": { "uv": [ 0.000625, 0.000624657, 15.99938, 15.99938 ], "texture": "#beetroots_2" },
				"west": { "uv": [ 0.000625, 0.000624657, 15.99938, 15.99938 ], "texture": "#beetroots_2" },
				"east": { "uv": [ 0.000625, 0.000624657, 15.99938, 15.99938 ], "texture": "#beetroots_2", "cullface": "east" }
			}
		},
		{
			"__comment": "pot*",
			"from": [ 8.9992, 2.999, 9.0001 ],
			"to": [ 15.9992, 3.999, 16.0001 ],
			"faces": {
				"down": { "uv": [ 0.000625, 0.000624657, 15.99938, 15.99938 ], "texture": "#beetroots_2" },
				"up": { "uv": [ 0.000625, 0.000624657, 15.99938, 15.99938 ], "texture": "#beetroots_10" },
				"north": { "uv": [ 0.000625, 0.000624657, 15.99938, 15.99938 ], "texture": "#beetroots_2" },
				"south": { "uv": [ 0.000625, 0.000624657, 15.99938, 15.99938 ], "texture": "#beetroots_2", "cullface": "south" },
				"west": { "uv": [ 0.000625, 0.000624657, 15.99938, 15.99938 ], "texture": "#beetroots_2" },
				"east": { "uv": [ 0.000625, 0.000624657, 15.99938, 15.99938 ], "texture": "#beetroots_2", "cullface": "east" }
			}
		},
		{
			"__comment": "pot*",
			"from": [ 0.0008, 2.9996, 8.9994 ],
			"to": [ 7.000801, 3.9996, 15.9994 ],
			"faces": {
				"down": { "uv": [ 0.000625, 0.000624657, 15.99938, 15.99938 ], "texture": "#beetroots_2" },
				"up": { "uv": [ 0.000625, 0.000624657, 15.99938, 15.99938 ], "texture": "#beetroots_10" },
				"north": { "uv": [ 0.000625, 0.000624657, 15.99938, 15.99938 ], "texture": "#beetroots_2" },
				"south": { "uv": [ 0.000625, 0.000624657, 15.99938, 15.99938 ], "texture": "#beetroots_2", "cullface": "south" },
				"west": { "uv": [ 0.000625, 0.000624657, 15.99938, 15.99938 ], "texture": "#beetroots_2", "cullface": "west" },
				"east": { "uv": [ 0.000625, 0.000624657, 15.99938, 15.99938 ], "texture": "#beetroots_2" }
			}
		},
		{
			"__comment": "Element",
			"from": [ 12.5005, 4.0006, 2.0003 ],
			"to": [ 12.563, 7.0006, 5.000299 ],
			"faces": {
				"west": { "uv": [ 0.000625, 0.000624657, 15.99938, 12.49938 ], "texture": "#beetroots_1" },
				"east": { "uv": [ 0.000625, 0.000624657, 15.99938, 12.49938 ], "texture": "#beetroots_1" }
			}
		},
		{
			"__comment": "Element",
			"from": [ 3.4996, 3.9991, 2.0002 ],
			"to": [ 3.5621, 6.9991, 5.0002 ],
			"faces": {
				"west": { "uv": [ 0.000625, 0.000624657, 15.99938, 12.49938 ], "texture": "#beetroots_1" },
				"east": { "uv": [ 0.000625, 0.000624657, 15.99938, 12.49938 ], "texture": "#beetroots_1" }
			}
		},
		{
			"__comment": "Element",
			"from": [ 12.4998, 3.9991, 10.9995 ],
			"to": [ 12.5623, 6.9991, 13.9995 ],
			"faces": {
				"west": { "uv": [ 0.000625, 0.000624657, 15.99938, 12.49938 ], "texture": "#beetroots_1" },
				"east": { "uv": [ 0.000625, 0.000624657, 15.99938, 12.49938 ], "texture": "#beetroots_1" }
			}
		},
		{
			"__comment": "Element",
			"from": [ 3.4995, 3.9996, 10.9994 ],
			"to": [ 3.562, 6.9996, 13.9994 ],
			"faces": {
				"west": { "uv": [ 0.000625, 0.000624657, 15.99938, 12.49938 ], "texture": "#beetroots_1" },
				"east": { "uv": [ 0.000625, 0.000624657, 15.99938, 12.49938 ], "texture": "#beetroots_1" }
			}
		},
		{
			"__comment": "Element",
			"from": [ 1.9998, 3.9998, 12.5002 ],
			"to": [ 4.9998, 6.9998, 12.5627 ],
			"faces": {
				"north": { "uv": [ 0.000625, 0.000624657, 15.99938, 12.49938 ], "texture": "#beetroots_1" },
				"south": { "uv": [ 0.000625, 0.000624657, 15.99938, 12.49938 ], "texture": "#beetroots_1" }
			}
		},
		{
			"__comment": "Element",
			"from": [ 11.0004, 4.0004, 3.499 ],
			"to": [ 14.0004, 7.0004, 3.5615 ],
			"faces": {
				"north": { "uv": [ 0.000625, 0.000624657, 15.99938, 12.49938 ], "texture": "#beetroots_1" },
				"south": { "uv": [ 0.000625, 0.000624657, 15.99938, 12.49938 ], "texture": "#beetroots_1" }
			}
		},
		{
			"__comment": "Element",
			"from": [ 11.0008, 3.9999, 12.4997 ],
			"to": [ 14.0008, 6.9999, 12.5622 ],
			"faces": {
				"north": { "uv": [ 0.000625, 0.000624657, 15.99938, 12.49938 ], "texture": "#beetroots_1" },
				"south": { "uv": [ 0.000625, 0.000624657, 15.99938, 12.49938 ], "texture": "#beetroots_1" }
			}
		},
		{
			"__comment": "Element",
			"from": [ 1.999, 3.9997, 3.4995 ],
			"to": [ 4.999, 6.9997, 3.562 ],
			"faces": {
				"north": { "uv": [ 0.000625, 0.000624657, 15.99938, 12.49938 ], "texture": "#beetroots_1" },
				"south": { "uv": [ 0.000625, 0.000624657, 15.99938, 12.49938 ], "texture": "#beetroots_1" }
			}
		}
	],
	"display": {
		"thirdperson_righthand": {
			"rotation":  [ 75, 45, 0 ],
			"translation":  [ 0, 2.5, 2 ],
			"scale":  [ 0.375, 0.375, 0.375 ]
		},
		"thirdperson_lefthand": {
			"rotation":  [ 75, 45, 0 ],
			"translation":  [ 0, 2.5, 2 ],
			"scale":  [ 0.375, 0.375, 0.375 ]
		},
		"firstperson_righthand": {
			"rotation":  [ 0, 45, 0 ],
			"translation":  [ 0, 3, 0 ],
			"scale":  [ 0.4, 0.4, 0.4 ]
		},
		"firstperson_lefthand": {
			"rotation":  [ 0, 45, 0 ],
			"translation":  [ 0, 3, 0 ],
			"scale":  [ 0.4, 0.4, 0.4 ]
		},
		"gui": {
			"rotation":  [ 30, 225, 0 ],
			"scale":  [ 0.625, 0.625, 0.625 ]
		},
		"ground": {
			"translation":  [ 0, 3, 0 ],
			"scale":  [ 0.25, 0.25, 0.25 ]
		},
		"fixed": {
			"translation":  [ 0, 0, -3 ],
			"scale":  [ 0.5, 0.5, 0.5 ]
		}
	}
}