{
	"__comment": "Designed by Intermacgod with BDcraft Cubik PRO 0.95 Beta - http://bdcraft.net",
	"gui_light": "front",
	"ambientocclusion": false,
	"textures": {
		"particle": "block/b/beetroots/beetroots_stage1",
		"beetroots_1": "block/b/beetroots/beetroots_1",
		"beetroots_10": "block/b/beetroots/beetroots_10",
		"beetroots_2": "block/b/beetroots/beetroots_2",
		"beetroots_3": "block/b/beetroots/beetroots_3",
		"beetroots_4": "block/b/beetroots/beetroots_4",
		"beetroots_5": "block/b/beetroots/beetroots_5",
		"beetroots_6": "block/b/beetroots/beetroots_6",
		"beetroots_7": "block/b/beetroots/beetroots_7"
	},
	"elements": [ 	 
		{
			"__comment": "pot",
			"from": [ 2.0008, 0.9999, 1.9992 ],
			"to": [ 5.0008, 1.9999, 4.9992 ],
			"faces": {
				"down": { "uv": [ 0.000625, 0.000624657, 15.99938, 15.99938 ], "texture": "#beetroots_2" },
				"north": { "uv": [ 0.000625, 0.000624657, 15.99938, 15.99938 ], "texture": "#beetroots_2" },
				"south": { "uv": [ 0.000625, 0.000624657, 15.99938, 15.99938 ], "texture": "#beetroots_2" },
				"west": { "uv": [ 0.000625, 0.000624657, 15.99938, 15.99938 ], "texture": "#beetroots_2" },
				"east": { "uv": [ 0.000625, 0.000624657, 15.99938, 15.99938 ], "texture": "#beetroots_2" }
			}
		},
		{
			"__comment": "pot*",
			"from": [ 0.9993, 1.9991, 10.0006 ],
			"to": [ 5.9993, 2.9991, 15.0006 ],
			"faces": {
				"down": { "uv": [ 0.000625, 0.000624657, 15.99938, 15.99938 ], "texture": "#beetroots_2" },
				"north": { "uv": [ 0.000625, 0.000624657, 15.99938, 15.99938 ], "texture": "#beetroots_2" },
				"south": { "uv": [ 0.000625, 0.000624657, 15.99938, 15.99938 ], "texture": "#beetroots_2" },
				"west": { "uv": [ 0.000625, 0.000624657, 15.99938, 15.99938 ], "texture": "#beetroots_2" },
				"east": { "uv": [ 0.000625, 0.000624657, 15.99938, 15.99938 ], "texture": "#beetroots_2" }
			}
		},
		{
			"__comment": "Element",
			"from": [ 0.0008, 3.9995, 0.0008 ],
			"to": [ 1.0008, 4.999498, 7.000801 ],
			"faces": {
				"up": { "uv": [ 1.500625, 1.500625, 2.999375, 14.49938 ], "texture": "#beetroots_2" },
				"north": { "uv": [ 1.500625, 11.50062, 4.499375, 14.49938 ], "texture": "#beetroots_2", "cullface": "north" },
				"south": { "uv": [ 1.500625, 11.50062, 4.499375, 14.49938 ], "texture": "#beetroots_2" },
				"west": { "uv": [ 1.500625, 13.00062, 14.49938, 14.49938 ], "texture": "#beetroots_2", "cullface": "west" },
				"east": { "uv": [ 1.500625, 13.00062, 14.49938, 14.49938 ], "texture": "#beetroots_2" }
			}
		},
		{
			"__comment": "Element",
			"from": [ 5.999, 3.9998, -0.0008 ],
			"to": [ 6.999, 4.9998, 6.9992 ],
			"faces": {
				"up": { "uv": [ 1.500625, 1.500625, 2.999375, 14.49938 ], "texture": "#beetroots_2" },
				"north": { "uv": [ 1.500625, 11.50062, 4.499375, 14.49938 ], "texture": "#beetroots_2", "cullface": "north" },
				"south": { "uv": [ 1.500625, 11.50062, 4.499375, 14.49938 ], "texture": "#beetroots_2" },
				"west": { "uv": [ 1.500625, 13.00062, 14.49938, 14.49938 ], "texture": "#beetroots_2" },
				"east": { "uv": [ 1.500625, 13.00062, 14.49938, 14.49938 ], "texture": "#beetroots_2" }
			}
		},
		{
			"__comment": "Element",
			"from": [ 0.9995, 3.9995, 0.0001 ],
			"to": [ 5.9995, 4.999499, 1.0001 ],
			"faces": {
				"up": { "uv": [ 1.500625, 13.00062, 14.49938, 14.49938 ], "texture": "#beetroots_2" },
				"north": { "uv": [ 1.500625, 13.00062, 14.49938, 14.49938 ], "texture": "#beetroots_2", "cullface": "north" },
				"south": { "uv": [ 1.500625, 13.00062, 14.49938, 14.49938 ], "texture": "#beetroots_2" }
			}
		},
		{
			"__comment": "Element",
			"from": [ 0.9998, 3.9992, 5.9999 ],
			"to": [ 5.999801, 4.9992, 6.9999 ],
			"faces": {
				"up": { "uv": [ 1.500625, 13.00062, 14.49938, 14.49938 ], "texture": "#beetroots_2" },
				"north": { "uv": [ 1.500625, 13.00062, 14.49938, 14.49938 ], "texture": "#beetroots_2" },
				"south": { "uv": [ 1.500625, 13.00062, 14.49938, 14.49938 ], "texture": "#beetroots_2" }
			}
		},
		{
			"__comment": "pot*",
			"from": [ 10.9992, 1.0007, 2.0006 ],
			"to": [ 13.9992, 2.0007, 5.0006 ],
			"faces": {
				"down": { "uv": [ 0.000625, 0.000624657, 15.99938, 15.99938 ], "texture": "#beetroots_2" },
				"north": { "uv": [ 0.000625, 0.000624657, 15.99938, 15.99938 ], "texture": "#beetroots_2" },
				"south": { "uv": [ 0.000625, 0.000624657, 15.99938, 15.99938 ], "texture": "#beetroots_2" },
				"west": { "uv": [ 0.000625, 0.000624657, 15.99938, 15.99938 ], "texture": "#beetroots_2" },
				"east": { "uv": [ 0.000625, 0.000624657, 15.99938, 15.99938 ], "texture": "#beetroots_2" }
			}
		},
		{
			"__comment": "pot*",
			"from": [ 10.9995, 0.9999, 10.9994 ],
			"to": [ 13.9995, 1.9999, 13.9994 ],
			"faces": {
				"down": { "uv": [ 0.000625, 0.000624657, 15.99938, 15.99938 ], "texture": "#beetroots_2" },
				"north": { "uv": [ 0.000625, 0.000624657, 15.99938, 15.99938 ], "texture": "#beetroots_2" },
				"south": { "uv": [ 0.000625, 0.000624657, 15.99938, 15.99938 ], "texture": "#beetroots_2" },
				"west": { "uv": [ 0.000625, 0.000624657, 15.99938, 15.99938 ], "texture": "#beetroots_2" },
				"east": { "uv": [ 0.000625, 0.000624657, 15.99938, 15.99938 ], "texture": "#beetroots_2" }
			}
		},
		{
			"__comment": "pot*",
			"from": [ 2.0005, 0.9999, 11.0001 ],
			"to": [ 5.000501, 1.9999, 14.0001 ],
			"faces": {
				"down": { "uv": [ 0.000625, 0.000624657, 15.99938, 15.99938 ], "texture": "#beetroots_2" },
				"north": { "uv": [ 0.000625, 0.000624657, 15.99938, 15.99938 ], "texture": "#beetroots_2" },
				"south": { "uv": [ 0.000625, 0.000624657, 15.99938, 15.99938 ], "texture": "#beetroots_2" },
				"west": { "uv": [ 0.000625, 0.000624657, 15.99938, 15.99938 ], "texture": "#beetroots_2" },
				"east": { "uv": [ 0.000625, 0.000624657, 15.99938, 15.99938 ], "texture": "#beetroots_2" }
			}
		},
		{
			"__comment": "pot*",
			"from": [ 0.9998, 2.0009, 1.0008 ],
			"to": [ 5.9998, 3.0009, 6.0008 ],
			"faces": {
				"down": { "uv": [ 0.000625, 0.000624657, 15.99938, 15.99938 ], "texture": "#beetroots_2" },
				"north": { "uv": [ 0.000625, 0.000624657, 15.99938, 15.99938 ], "texture": "#beetroots_2" },
				"south": { "uv": [ 0.000625, 0.000624657, 15.99938, 15.99938 ], "texture": "#beetroots_2" },
				"west": { "uv": [ 0.000625, 0.000624657, 15.99938, 15.99938 ], "texture": "#beetroots_2" },
				"east": { "uv": [ 0.000625, 0.000624657, 15.99938, 15.99938 ], "texture": "#beetroots_2" }
			}
		},
		{
			"__comment": "pot*",
			"from": [ 10.0004, 1.9996, 1.0009 ],
			"to": [ 15.0004, 2.9996, 6.0009 ],
			"faces": {
				"down": { "uv": [ 0.000625, 0.000624657, 15.99938, 15.99938 ], "texture": "#beetroots_2" },
				"north": { "uv": [ 0.000625, 0.000624657, 15.99938, 15.99938 ], "texture": "#beetroots_2" },
				"south": { "uv": [ 0.000625, 0.000624657, 15.99938, 15.99938 ], "texture": "#beetroots_2" },
				"west": { "uv": [ 0.000625, 0.000624657, 15.99938, 15.99938 ], "texture": "#beetroots_2" },
				"east": { "uv": [ 0.000625, 0.000624657, 15.99938, 15.99938 ], "texture": "#beetroots_2" }
			}
		},
		{
			"__comment": "pot*",
			"from": [ 10.0004, 2.0008, 10.0009 ],
			"to": [ 15.0004, 3.0008, 15.0009 ],
			"faces": {
				"down": { "uv": [ 0.000625, 0.000624657, 15.99938, 15.99938 ], "texture": "#beetroots_2" },
				"north": { "uv": [ 0.000625, 0.000624657, 15.99938, 15.99938 ], "texture": "#beetroots_2" },
				"south": { "uv": [ 0.000625, 0.000624657, 15.99938, 15.99938 ], "texture": "#beetroots_2" },
				"west": { "uv": [ 0.000625, 0.000624657, 15.99938, 15.99938 ], "texture": "#beetroots_2" },
				"east": { "uv": [ 0.000625, 0.000624657, 15.99938, 15.99938 ], "texture": "#beetroots_2" }
			}
		},
		{
			"__comment": "Element",
			"from": [ 9.0005, 3.9995, 0.0008 ],
			"to": [ 10.0005, 4.999498, 7.0008 ],
			"faces": {
				"up": { "uv": [ 1.500625, 1.500625, 2.999375, 14.49938 ], "texture": "#beetroots_2" },
				"north": { "uv": [ 1.500625, 11.50062, 4.499375, 14.49938 ], "texture": "#beetroots_2", "cullface": "north" },
				"south": { "uv": [ 1.500625, 11.50062, 4.499375, 14.49938 ], "texture": "#beetroots_2" },
				"west": { "uv": [ 1.500625, 13.00062, 14.49938, 14.49938 ], "texture": "#beetroots_2" },
				"east": { "uv": [ 1.500625, 13.00062, 14.49938, 14.49938 ], "texture": "#beetroots_2" }
			}
		},
		{
			"__comment": "Element",
			"from": [ 15.0008, 3.9997, -0.0005 ],
			"to": [ 16.0008, 4.9997, 6.9995 ],
			"faces": {
				"up": { "uv": [ 1.500625, 1.500625, 2.999375, 14.49938 ], "texture": "#beetroots_2" },
				"north": { "uv": [ 1.500625, 11.50062, 4.499375, 14.49938 ], "texture": "#beetroots_2", "cullface": "north" },
				"south": { "uv": [ 1.500625, 11.50062, 4.499375, 14.49938 ], "texture": "#beetroots_2" },
				"west": { "uv": [ 1.500625, 13.00062, 14.49938, 14.49938 ], "texture": "#beetroots_2" },
				"east": { "uv": [ 1.500625, 13.00062, 14.49938, 14.49938 ], "texture": "#beetroots_2", "cullface": "east" }
			}
		},
		{
			"__comment": "Element",
			"from": [ 15.0008, 3.9994, 9.0005 ],
			"to": [ 16.0008, 4.9994, 16.0005 ],
			"faces": {
				"up": { "uv": [ 1.500625, 1.500625, 2.999375, 14.49938 ], "texture": "#beetroots_2" },
				"north": { "uv": [ 1.500625, 11.50062, 4.499375, 14.49938 ], "texture": "#beetroots_2" },
				"south": { "uv": [ 1.500625, 11.50062, 4.499375, 14.49938 ], "texture": "#beetroots_2", "cullface": "south" },
				"west": { "uv": [ 1.500625, 13.00062, 14.49938, 14.49938 ], "texture": "#beetroots_2" },
				"east": { "uv": [ 1.500625, 13.00062, 14.49938, 14.49938 ], "texture": "#beetroots_2", "cullface": "east" }
			}
		},
		{
			"__comment": "Element",
			"from": [ 9.000199, 4.0004, 9.0004 ],
			"to": [ 10.0002, 5.0004, 16.0004 ],
			"faces": {
				"up": { "uv": [ 1.500625, 1.500625, 2.999375, 14.49938 ], "texture": "#beetroots_2" },
				"north": { "uv": [ 1.500625, 11.50062, 4.499375, 14.49938 ], "texture": "#beetroots_2" },
				"south": { "uv": [ 1.500625, 11.50062, 4.499375, 14.49938 ], "texture": "#beetroots_2", "cullface": "south" },
				"west": { "uv": [ 1.500625, 13.00062, 14.49938, 14.49938 ], "texture": "#beetroots_2" },
				"east": { "uv": [ 1.500625, 13.00062, 14.49938, 14.49938 ], "texture": "#beetroots_2" }
			}
		},
		{
			"__comment": "Element",
			"from": [ 6.0006, 3.999, 8.9992 ],
			"to": [ 7.0006, 4.999, 15.9992 ],
			"faces": {
				"up": { "uv": [ 1.500625, 1.500625, 2.999375, 14.49938 ], "texture": "#beetroots_2" },
				"north": { "uv": [ 1.500625, 11.50062, 4.499375, 14.49938 ], "texture": "#beetroots_2" },
				"south": { "uv": [ 1.500625, 11.50062, 4.499375, 14.49938 ], "texture": "#beetroots_2", "cullface": "south" },
				"west": { "uv": [ 1.500625, 13.00062, 14.49938, 14.49938 ], "texture": "#beetroots_2" },
				"east": { "uv": [ 1.500625, 13.00062, 14.49938, 14.49938 ], "texture": "#beetroots_2" }
			}
		},
		{
			"__comment": "Element",
			"from": [ 0.0008, 3.9994, 9.0008 ],
			"to": [ 1.0008, 4.9994, 16.0008 ],
			"faces": {
				"up": { "uv": [ 1.500625, 1.500625, 2.999375, 14.49938 ], "texture": "#beetroots_2" },
				"north": { "uv": [ 1.500625, 11.50062, 4.499375, 14.49938 ], "texture": "#beetroots_2" },
				"south": { "uv": [ 1.500625, 11.50062, 4.499375, 14.49938 ], "texture": "#beetroots_2", "cullface": "south" },
				"west": { "uv": [ 1.500625, 13.00062, 14.49938, 14.49938 ], "texture": "#beetroots_2", "cullface": "west" },
				"east": { "uv": [ 1.500625, 13.00062, 14.49938, 14.49938 ], "texture": "#beetroots_2" }
			}
		},
		{
			"__comment": "Element",
			"from": [ 0.9994, 3.9995, 8.9994 ],
			"to": [ 5.9994, 4.999499, 9.9994 ],
			"faces": {
				"up": { "uv": [ 1.500625, 13.00062, 14.49938, 14.49938 ], "texture": "#beetroots_2" },
				"north": { "uv": [ 1.500625, 13.00062, 14.49938, 14.49938 ], "texture": "#beetroots_2" },
				"south": { "uv": [ 1.500625, 13.00062, 14.49938, 14.49938 ], "texture": "#beetroots_2" }
			}
		},
		{
			"__comment": "Element",
			"from": [ 1.0004, 3.9996, 15.0009 ],
			"to": [ 6.0004, 4.999601, 16.0009 ],
			"faces": {
				"up": { "uv": [ 1.500625, 13.00062, 14.49938, 14.49938 ], "texture": "#beetroots_2" },
				"north": { "uv": [ 1.500625, 13.00062, 14.49938, 14.49938 ], "texture": "#beetroots_2" },
				"south": { "uv": [ 1.500625, 13.00062, 14.49938, 14.49938 ], "texture": "#beetroots_2", "cullface": "south" }
			}
		},
		{
			"__comment": "Element",
			"from": [ 9.999599, 4.0004, 14.9992 ],
			"to": [ 14.9996, 5.0004, 15.9992 ],
			"faces": {
				"up": { "uv": [ 1.500625, 13.00062, 14.49938, 14.49938 ], "texture": "#beetroots_2" },
				"north": { "uv": [ 1.500625, 13.00062, 14.49938, 14.49938 ], "texture": "#beetroots_2" },
				"south": { "uv": [ 1.500625, 13.00062, 14.49938, 14.49938 ], "texture": "#beetroots_2", "cullface": "south" }
			}
		},
		{
			"__comment": "Element",
			"from": [ 10.0009, 3.9992, 9.0005 ],
			"to": [ 15.0009, 4.9992, 10.0005 ],
			"faces": {
				"up": { "uv": [ 1.500625, 13.00062, 14.49938, 14.49938 ], "texture": "#beetroots_2" },
				"north": { "uv": [ 1.500625, 13.00062, 14.49938, 14.49938 ], "texture": "#beetroots_2" },
				"south": { "uv": [ 1.500625, 13.00062, 14.49938, 14.49938 ], "texture": "#beetroots_2" }
			}
		},
		{
			"__comment": "Element",
			"from": [ 9.999, 4.0002, 5.9999 ],
			"to": [ 14.999, 5.0002, 6.9999 ],
			"faces": {
				"up": { "uv": [ 1.500625, 13.00062, 14.49938, 14.49938 ], "texture": "#beetroots_2" },
				"north": { "uv": [ 1.500625, 13.00062, 14.49938, 14.49938 ], "texture": "#beetroots_2" },
				"south": { "uv": [ 1.500625, 13.00062, 14.49938, 14.49938 ], "texture": "#beetroots_2" }
			}
		},
		{
			"__comment": "Element",
			"from": [ 9.999499, 3.9994, 0.0002 ],
			"to": [ 14.9995, 4.9994, 1.0002 ],
			"faces": {
				"up": { "uv": [ 1.500625, 13.00062, 14.49938, 14.49938 ], "texture": "#beetroots_2" },
				"north": { "uv": [ 1.500625, 13.00062, 14.49938, 14.49938 ], "texture": "#beetroots_2", "cullface": "north" },
				"south": { "uv": [ 1.500625, 13.00062, 14.49938, 14.49938 ], "texture": "#beetroots_2" }
			}
		},
		{
			"__comment": "light pole",
			"from": [ 7.5003, 1.0008, 7.5007 ],
			"to": [ 8.500299, 15.0008, 8.5007 ],
			"faces": {
				"down": { "uv": [ 0.000625, 0.000624657, 15.99938, 15.99938 ], "texture": "#beetroots_3" },
				"north": { "uv": [ 0.000625, 0.000624657, 15.99938, 15.99938 ], "texture": "#beetroots_3" },
				"south": { "uv": [ 0.000625, 0.000624657, 15.99938, 15.99938 ], "texture": "#beetroots_3" },
				"west": { "uv": [ 0.000625, 0.000624657, 15.99938, 15.99938 ], "texture": "#beetroots_3" },
				"east": { "uv": [ 0.000625, 0.000624657, 15.99938, 15.99938 ], "texture": "#beetroots_3" }
			}
		},
		{
			"__comment": "light pole",
			"from": [ 0.0008, 14.9998, 7.4993 ],
			"to": [ 16.0008, 15.9998, 8.4993 ],
			"faces": {
				"down": { "uv": [ 0.000625, 0.000624657, 15.99938, 15.99938 ], "texture": "#beetroots_4" },
				"up": { "uv": [ 0.000625, 0.000624657, 15.99938, 15.99938 ], "texture": "#beetroots_4", "cullface": "up" },
				"north": { "uv": [ 0.000625, 0.000624657, 15.99938, 15.99938 ], "texture": "#beetroots_4" },
				"south": { "uv": [ 0.000625, 0.000624657, 15.99938, 15.99938 ], "texture": "#beetroots_4" },
				"west": { "uv": [ 0.000625, 6.000626, 2.499375, 8.499375 ], "texture": "#beetroots_4", "cullface": "west" },
				"east": { "uv": [ 0.000625, 7.500626, 2.499375, 9.999375 ], "texture": "#beetroots_4", "cullface": "east" }
			}
		},
		{
			"__comment": "light pole",
			"from": [ 2.9998, 15, 2.9997 ],
			"to": [ 3.9998, 16, 7.4997 ],
			"faces": {
				"down": { "uv": [ 0.000625, 0.000624657, 15.99938, 15.99938 ], "texture": "#beetroots_3" },
				"up": { "uv": [ 0.000625, 0.000624657, 15.99938, 15.99938 ], "texture": "#beetroots_3", "cullface": "up" },
				"north": { "uv": [ 6.000625, 0.000624657, 8.999375, 2.499375 ], "texture": "#beetroots_3" },
				"west": { "uv": [ 0.000625, 0.000624657, 15.99938, 15.99938 ], "texture": "#beetroots_4" },
				"east": { "uv": [ 0.000625, 0.000624657, 15.99938, 15.99938 ], "texture": "#beetroots_4" }
			}
		},
		{
			"__comment": "light pole*",
			"from": [ 11.9995, 14.9991, 3.0003 ],
			"to": [ 12.9995, 15.9991, 7.5003 ],
			"faces": {
				"down": { "uv": [ 0.000625, 0.000624657, 15.99938, 15.99938 ], "texture": "#beetroots_3" },
				"up": { "uv": [ 0.000625, 0.000624657, 15.99938, 15.99938 ], "texture": "#beetroots_3", "cullface": "up" },
				"north": { "uv": [ 6.000625, 0.000624657, 8.999375, 2.499375 ], "texture": "#beetroots_3" },
				"west": { "uv": [ 0.000625, 0.000624657, 15.99938, 15.99938 ], "texture": "#beetroots_4" },
				"east": { "uv": [ 0.000625, 0.000624657, 15.99938, 15.99938 ], "texture": "#beetroots_4" }
			}
		},
		{
			"__comment": "light pole*",
			"from": [ 11.9996, 14.9994, 8.5001 ],
			"to": [ 12.9996, 15.9994, 13.0001 ],
			"faces": {
				"down": { "uv": [ 0.000625, 0.000624657, 15.99938, 15.99938 ], "texture": "#beetroots_3" },
				"up": { "uv": [ 0.000625, 0.000624657, 15.99938, 15.99938 ], "texture": "#beetroots_3", "cullface": "up" },
				"south": { "uv": [ 6.000625, 0.000624657, 8.999375, 2.499375 ], "texture": "#beetroots_3" },
				"west": { "uv": [ 0.000625, 0.000624657, 15.99938, 15.99938 ], "texture": "#beetroots_4" },
				"east": { "uv": [ 0.000625, 0.000624657, 15.99938, 15.99938 ], "texture": "#beetroots_4" }
			}
		},
		{
			"__comment": "light pole*",
			"from": [ 2.9991, 14.9994, 8.4997 ],
			"to": [ 3.9991, 15.9994, 12.9997 ],
			"faces": {
				"down": { "uv": [ 0.000625, 0.000624657, 15.99938, 15.99938 ], "texture": "#beetroots_3" },
				"up": { "uv": [ 0.000625, 0.000624657, 15.99938, 15.99938 ], "texture": "#beetroots_3", "cullface": "up" },
				"south": { "uv": [ 6.000625, 0.000624657, 8.999375, 2.499375 ], "texture": "#beetroots_3" },
				"west": { "uv": [ 0.000625, 0.000624657, 15.99938, 15.99938 ], "texture": "#beetroots_4" },
				"east": { "uv": [ 0.000625, 0.000624657, 15.99938, 15.99938 ], "texture": "#beetroots_4" }
			}
		},
		{
			"__comment": "light",
			"from": [ 0.9995, 14.4998, 9.9994 ],
			"to": [ 5.999499, 14.9998, 14.9994 ],
			"faces": {
				"down": { "uv": [ 0.000625, 0.000624657, 15.99938, 15.99938 ], "texture": "#beetroots_5" },
				"up": { "uv": [ 0.000625, 0.000624657, 15.99938, 15.99938 ], "texture": "#beetroots_7" },
				"north": { "uv": [ 0.000625, 0.000624657, 15.99938, 15.99938 ], "texture": "#beetroots_2" },
				"south": { "uv": [ 0.000625, 0.000624657, 15.99938, 15.99938 ], "texture": "#beetroots_2" },
				"west": { "uv": [ 0.000625, 0.000624657, 15.99938, 15.99938 ], "texture": "#beetroots_2" },
				"east": { "uv": [ 0.000625, 0.000624657, 15.99938, 15.99938 ], "texture": "#beetroots_2" }
			}
		},
		{
			"__comment": "light*",
			"from": [ 9.9994, 14.5009, 10.0008 ],
			"to": [ 14.9994, 15.0009, 15.0008 ],
			"faces": {
				"down": { "uv": [ 0.000625, 0.000624657, 15.99938, 15.99938 ], "texture": "#beetroots_5" },
				"up": { "uv": [ 0.000625, 0.000624657, 15.99938, 15.99938 ], "texture": "#beetroots_7" },
				"north": { "uv": [ 0.000625, 0.000624657, 15.99938, 15.99938 ], "texture": "#beetroots_2" },
				"south": { "uv": [ 0.000625, 0.000624657, 15.99938, 15.99938 ], "texture": "#beetroots_2" },
				"west": { "uv": [ 0.000625, 0.000624657, 15.99938, 15.99938 ], "texture": "#beetroots_2" },
				"east": { "uv": [ 0.000625, 0.000624657, 15.99938, 15.99938 ], "texture": "#beetroots_2" }
			}
		},
		{
			"__comment": "light*",
			"from": [ 10, 14.4996, 0.9998 ],
			"to": [ 15, 14.9996, 5.999801 ],
			"faces": {
				"down": { "uv": [ 0.000625, 0.000624657, 15.99938, 15.99938 ], "texture": "#beetroots_5" },
				"up": { "uv": [ 0.000625, 0.000624657, 15.99938, 15.99938 ], "texture": "#beetroots_7" },
				"north": { "uv": [ 0.000625, 0.000624657, 15.99938, 15.99938 ], "texture": "#beetroots_2" },
				"south": { "uv": [ 0.000625, 0.000624657, 15.99938, 15.99938 ], "texture": "#beetroots_2" },
				"west": { "uv": [ 0.000625, 0.000624657, 15.99938, 15.99938 ], "texture": "#beetroots_2" },
				"east": { "uv": [ 0.000625, 0.000624657, 15.99938, 15.99938 ], "texture": "#beetroots_2" }
			}
		},
		{
			"__comment": "light*",
			"from": [ 0.9998, 14.501, 1.0001 ],
			"to": [ 5.999801, 15.001, 6.0001 ],
			"faces": {
				"down": { "uv": [ 0.000625, 0.000624657, 15.99938, 15.99938 ], "texture": "#beetroots_5" },
				"up": { "uv": [ 0.000625, 0.000624657, 15.99938, 15.99938 ], "texture": "#beetroots_7" },
				"north": { "uv": [ 0.000625, 0.000624657, 15.99938, 15.99938 ], "texture": "#beetroots_2" },
				"south": { "uv": [ 0.000625, 0.000624657, 15.99938, 15.99938 ], "texture": "#beetroots_2" },
				"west": { "uv": [ 0.000625, 0.000624657, 15.99938, 15.99938 ], "texture": "#beetroots_2" },
				"east": { "uv": [ 0.000625, 0.000624657, 15.99938, 15.99938 ], "texture": "#beetroots_2" }
			}
		},
		{
			"__comment": "Element",
			"from": [ 1.0625, 4.9369, 0.7067 ],
			"to": [ 6.0625, 5.9369, 1.206695 ],
			"rotation": { "origin": [ 1.0625, 5.9375, 0.707125 ], "axis": "x", "angle": 45 },
			"faces": {
				"down": { "uv": [ 14.49938, 14.49938, 10.50062, 13.50062 ], "texture": "#beetroots_2" },
				"up": { "uv": [ 10.50062, 13.50062, 14.49938, 14.49938 ], "texture": "#beetroots_2" },
				"north": { "uv": [ 0.000625, 0.000624657, 15.99938, 2.999375 ], "texture": "#beetroots_6" },
				"south": { "uv": [ 10.50062, 13.50062, 14.49938, 14.49938 ], "texture": "#beetroots_2" },
				"west": { "uv": [ 13.50062, 13.50062, 14.49938, 14.49938 ], "texture": "#beetroots_2" },
				"east": { "uv": [ 13.50062, 13.50062, 14.49938, 14.49938 ], "texture": "#beetroots_2" }
			}
		},
		{
			"__comment": "Element",
			"from": [ 0.999, 4.6247, 14.9992 ],
			"to": [ 5.999, 5.6247, 15.4992 ],
			"rotation": { "origin": [ 1, 5.625, 15 ], "axis": "x", "angle": -45 },
			"faces": {
				"down": { "uv": [ 14.49938, 14.49938, 10.50062, 13.50062 ], "texture": "#beetroots_2" },
				"up": { "uv": [ 10.50062, 13.50062, 14.49938, 14.49938 ], "texture": "#beetroots_2" },
				"north": { "uv": [ 1.500625, 1.500625, 14.49938, 2.499375 ], "texture": "#beetroots_2" },
				"south": { "uv": [ 0.000625, 0.000624657, 15.99938, 2.999375 ], "texture": "#beetroots_6" },
				"west": { "uv": [ 13.50062, 13.50062, 14.49938, 14.49938 ], "texture": "#beetroots_2" },
				"east": { "uv": [ 13.50062, 13.50062, 14.49938, 14.49938 ], "texture": "#beetroots_2" }
			}
		},
		{
			"__comment": "Element",
			"from": [ 10.0005, 4.688, 15.0008 ],
			"to": [ 15.0005, 5.688, 15.5008 ],
			"rotation": { "origin": [ 10, 5.6875, 15 ], "axis": "x", "angle": -45 },
			"faces": {
				"down": { "uv": [ 14.49938, 14.49938, 10.50062, 13.50062 ], "texture": "#beetroots_2" },
				"up": { "uv": [ 10.50062, 13.50062, 14.49938, 14.49938 ], "texture": "#beetroots_2" },
				"north": { "uv": [ 1.500625, 1.500625, 14.49938, 2.499375 ], "texture": "#beetroots_2" },
				"south": { "uv": [ 0.000625, 0.000624657, 15.99938, 2.999375 ], "texture": "#beetroots_6" },
				"west": { "uv": [ 13.50062, 13.50062, 14.49938, 14.49938 ], "texture": "#beetroots_2" },
				"east": { "uv": [ 13.50062, 13.50062, 14.49938, 14.49938 ], "texture": "#beetroots_2" }
			}
		},
		{
			"__comment": "Element",
			"from": [ 10.0621, 4.9375, 0.7076 ],
			"to": [ 15.0621, 5.9375, 1.207595 ],
			"rotation": { "origin": [ 10.0625, 5.9375, 0.707125 ], "axis": "x", "angle": 45 },
			"faces": {
				"down": { "uv": [ 14.49938, 14.49938, 10.50062, 13.50062 ], "texture": "#beetroots_2" },
				"up": { "uv": [ 10.50062, 13.50062, 14.49938, 14.49938 ], "texture": "#beetroots_2" },
				"north": { "uv": [ 0.000625, 0.000624657, 15.99938, 2.999375 ], "texture": "#beetroots_6" },
				"south": { "uv": [ 10.50062, 13.50062, 14.49938, 14.49938 ], "texture": "#beetroots_2" },
				"west": { "uv": [ 13.50062, 13.50062, 14.49938, 14.49938 ], "texture": "#beetroots_2" },
				"east": { "uv": [ 13.50062, 13.50062, 14.49938, 14.49938 ], "texture": "#beetroots_2" }
			}
		},
		{
			"__comment": "Element",
			"from": [ 0.9997, 4.6249, 6.0007 ],
			"to": [ 5.9997, 5.6249, 6.5007 ],
			"rotation": { "origin": [ 1, 5.625, 6 ], "axis": "x", "angle": -45 },
			"faces": {
				"down": { "uv": [ 14.49938, 14.49938, 10.50062, 13.50062 ], "texture": "#beetroots_2" },
				"up": { "uv": [ 10.50062, 13.50062, 14.49938, 14.49938 ], "texture": "#beetroots_2" },
				"north": { "uv": [ 1.500625, 1.500625, 14.49938, 2.499375 ], "texture": "#beetroots_2" },
				"south": { "uv": [ 0.000625, 3.000625, 15.99938, 5.999374 ], "texture": "#beetroots_6" },
				"west": { "uv": [ 13.50062, 13.50062, 14.49938, 14.49938 ], "texture": "#beetroots_2" },
				"east": { "uv": [ 13.50062, 13.50062, 14.49938, 14.49938 ], "texture": "#beetroots_2" }
			}
		},
		{
			"__comment": "Element",
			"from": [ 9.9999, 4.6871, 5.9999 ],
			"to": [ 14.9999, 5.6871, 6.4999 ],
			"rotation": { "origin": [ 10, 5.6875, 6 ], "axis": "x", "angle": -45 },
			"faces": {
				"down": { "uv": [ 14.49938, 14.49938, 10.50062, 13.50062 ], "texture": "#beetroots_2" },
				"up": { "uv": [ 10.50062, 13.50062, 14.49938, 14.49938 ], "texture": "#beetroots_2" },
				"north": { "uv": [ 1.500625, 1.500625, 14.49938, 2.499375 ], "texture": "#beetroots_2" },
				"south": { "uv": [ 0.000625, 3.000625, 15.99938, 5.999374 ], "texture": "#beetroots_6" },
				"west": { "uv": [ 13.50062, 13.50062, 14.49938, 14.49938 ], "texture": "#beetroots_2" },
				"east": { "uv": [ 13.50062, 13.50062, 14.49938, 14.49938 ], "texture": "#beetroots_2" }
			}
		},
		{
			"__comment": "Element",
			"from": [ 1.0631, 4.9384, 9.7076 ],
			"to": [ 6.0631, 5.9384, 10.20759 ],
			"rotation": { "origin": [ 1.0625, 5.9375, 9.70711 ], "axis": "x", "angle": 45 },
			"faces": {
				"down": { "uv": [ 14.49938, 14.49938, 10.50062, 13.50062 ], "texture": "#beetroots_2" },
				"up": { "uv": [ 10.50062, 13.50062, 14.49938, 14.49938 ], "texture": "#beetroots_2" },
				"north": { "uv": [ 0.000625, 3.000625, 15.99938, 5.999374 ], "texture": "#beetroots_6" },
				"south": { "uv": [ 10.50062, 13.50062, 14.49938, 14.49938 ], "texture": "#beetroots_2" },
				"west": { "uv": [ 13.50062, 13.50062, 14.49938, 14.49938 ], "texture": "#beetroots_2" },
				"east": { "uv": [ 13.50062, 13.50062, 14.49938, 14.49938 ], "texture": "#beetroots_2" }
			}
		},
		{
			"__comment": "Element",
			"from": [ 10.0628, 4.9382, 9.7079 ],
			"to": [ 15.0628, 5.9382, 10.20789 ],
			"rotation": { "origin": [ 10.0625, 5.9375, 9.70711 ], "axis": "x", "angle": 45 },
			"faces": {
				"down": { "uv": [ 14.49938, 14.49938, 10.50062, 13.50062 ], "texture": "#beetroots_2" },
				"up": { "uv": [ 10.50062, 13.50062, 14.49938, 14.49938 ], "texture": "#beetroots_2" },
				"north": { "uv": [ 0.000625, 3.000625, 15.99938, 5.999374 ], "texture": "#beetroots_6" },
				"south": { "uv": [ 10.50062, 13.50062, 14.49938, 14.49938 ], "texture": "#beetroots_2" },
				"west": { "uv": [ 13.50062, 13.50062, 14.49938, 14.49938 ], "texture": "#beetroots_2" },
				"east": { "uv": [ 13.50062, 13.50062, 14.49938, 14.49938 ], "texture": "#beetroots_2" }
			}
		},
		{
			"__comment": "Element",
			"from": [ 0.7061, 4.9379, 1.0001 ],
			"to": [ 1.206095, 5.9379, 6.0001 ],
			"rotation": { "origin": [ 0.707125, 5.9375, 1 ], "axis": "z", "angle": -45 },
			"faces": {
				"down": { "uv": [ 14.00062, 1.500625, 14.49938, 5.499374 ], "texture": "#beetroots_2" },
				"up": { "uv": [ 14.00062, 1.500625, 14.49938, 5.499374 ], "texture": "#beetroots_2" },
				"north": { "uv": [ 14.00062, 13.50062, 14.49938, 14.49938 ], "texture": "#beetroots_2" },
				"south": { "uv": [ 14.00062, 13.50062, 14.49938, 14.49938 ], "texture": "#beetroots_2" },
				"west": { "uv": [ 0.000625, 0.000624657, 15.99938, 2.999375 ], "texture": "#beetroots_6" },
				"east": { "uv": [ 10.50062, 13.50062, 14.49938, 14.49938 ], "texture": "#beetroots_2" }
			}
		},
		{
			"__comment": "Element",
			"from": [ 0.7074, 4.938, 10.0001 ],
			"to": [ 1.207395, 5.938, 15.0001 ],
			"rotation": { "origin": [ 0.707125, 5.9375, 10 ], "axis": "z", "angle": -45 },
			"faces": {
				"down": { "uv": [ 14.00062, 1.500625, 14.49938, 5.499374 ], "texture": "#beetroots_2" },
				"up": { "uv": [ 14.00062, 1.500625, 14.49938, 5.499374 ], "texture": "#beetroots_2" },
				"north": { "uv": [ 14.00062, 13.50062, 14.49938, 14.49938 ], "texture": "#beetroots_2" },
				"south": { "uv": [ 14.00062, 13.50062, 14.49938, 14.49938 ], "texture": "#beetroots_2" },
				"west": { "uv": [ 0.000625, 0.000624657, 15.99938, 2.999375 ], "texture": "#beetroots_6" },
				"east": { "uv": [ 10.50062, 13.50062, 14.49938, 14.49938 ], "texture": "#beetroots_2" }
			}
		},
		{
			"__comment": "Element",
			"from": [ 9.7075, 4.9382, 10.0004 ],
			"to": [ 10.20749, 5.9382, 15.0004 ],
			"rotation": { "origin": [ 9.70711, 5.9375, 10 ], "axis": "z", "angle": -45 },
			"faces": {
				"down": { "uv": [ 14.00062, 1.500625, 14.49938, 5.499374 ], "texture": "#beetroots_2" },
				"up": { "uv": [ 14.00062, 1.500625, 14.49938, 5.499374 ], "texture": "#beetroots_2" },
				"north": { "uv": [ 14.00062, 13.50062, 14.49938, 14.49938 ], "texture": "#beetroots_2" },
				"south": { "uv": [ 14.00062, 13.50062, 14.49938, 14.49938 ], "texture": "#beetroots_2" },
				"west": { "uv": [ 0.000625, 0.000624657, 15.99938, 2.999375 ], "texture": "#beetroots_6" },
				"east": { "uv": [ 10.50062, 13.50062, 14.49938, 14.49938 ], "texture": "#beetroots_2" }
			}
		},
		{
			"__comment": "Element",
			"from": [ 9.769, 4.9365, 1 ],
			"to": [ 10.26899, 5.9365, 6 ],
			"rotation": { "origin": [ 9.76961, 5.9375, 1 ], "axis": "z", "angle": -45 },
			"faces": {
				"down": { "uv": [ 14.00062, 1.500625, 14.49938, 5.499374 ], "texture": "#beetroots_2" },
				"up": { "uv": [ 14.00062, 1.500625, 14.49938, 5.499374 ], "texture": "#beetroots_2" },
				"north": { "uv": [ 14.00062, 13.50062, 14.49938, 14.49938 ], "texture": "#beetroots_2" },
				"south": { "uv": [ 14.00062, 13.50062, 14.49938, 14.49938 ], "texture": "#beetroots_2" },
				"west": { "uv": [ 0.000625, 0.000624657, 15.99938, 2.999375 ], "texture": "#beetroots_6" },
				"east": { "uv": [ 10.50062, 13.50062, 14.49938, 14.49938 ], "texture": "#beetroots_2" }
			}
		},
		{
			"__comment": "Element",
			"from": [ 14.9996, 4.6246, 0.9991 ],
			"to": [ 15.4996, 5.6246, 5.999101 ],
			"rotation": { "origin": [ 15, 5.625, 1 ], "axis": "z", "angle": 45 },
			"faces": {
				"down": { "uv": [ 14.00062, 1.500625, 14.49938, 5.499374 ], "texture": "#beetroots_2" },
				"up": { "uv": [ 14.00062, 1.500625, 14.49938, 5.499374 ], "texture": "#beetroots_2" },
				"north": { "uv": [ 14.00062, 13.50062, 14.49938, 14.49938 ], "texture": "#beetroots_2" },
				"south": { "uv": [ 14.00062, 13.50062, 14.49938, 14.49938 ], "texture": "#beetroots_2" },
				"west": { "uv": [ 1.500625, 1.500625, 14.49938, 2.499375 ], "texture": "#beetroots_2" },
				"east": { "uv": [ 0.000625, 0.000624657, 15.99938, 2.999375 ], "texture": "#beetroots_6" }
			}
		},
		{
			"__comment": "Element",
			"from": [ 14.9999, 4.6249, 10.0005 ],
			"to": [ 15.4999, 5.6249, 15.0005 ],
			"rotation": { "origin": [ 15, 5.625, 10 ], "axis": "z", "angle": 45 },
			"faces": {
				"down": { "uv": [ 14.00062, 1.500625, 14.49938, 5.499374 ], "texture": "#beetroots_2" },
				"up": { "uv": [ 14.00062, 1.500625, 14.49938, 5.499374 ], "texture": "#beetroots_2" },
				"north": { "uv": [ 14.00062, 13.50062, 14.49938, 14.49938 ], "texture": "#beetroots_2" },
				"south": { "uv": [ 14.00062, 13.50062, 14.49938, 14.49938 ], "texture": "#beetroots_2" },
				"west": { "uv": [ 1.500625, 1.500625, 14.49938, 2.499375 ], "texture": "#beetroots_2" },
				"east": { "uv": [ 0.000625, 0.000624657, 15.99938, 2.999375 ], "texture": "#beetroots_6" }
			}
		},
		{
			"__comment": "Element",
			"from": [ 6.0002, 4.6245, 10.0009 ],
			"to": [ 6.5002, 5.6245, 15.0009 ],
			"rotation": { "origin": [ 6, 5.625, 10 ], "axis": "z", "angle": 45 },
			"faces": {
				"down": { "uv": [ 14.00062, 1.500625, 14.49938, 5.499374 ], "texture": "#beetroots_2" },
				"up": { "uv": [ 14.00062, 1.500625, 14.49938, 5.499374 ], "texture": "#beetroots_2" },
				"north": { "uv": [ 14.00062, 13.50062, 14.49938, 14.49938 ], "texture": "#beetroots_2" },
				"south": { "uv": [ 14.00062, 13.50062, 14.49938, 14.49938 ], "texture": "#beetroots_2" },
				"west": { "uv": [ 1.500625, 1.500625, 14.49938, 2.499375 ], "texture": "#beetroots_2" },
				"east": { "uv": [ 0.000625, 0.000624657, 15.99938, 2.999375 ], "texture": "#beetroots_6" }
			}
		},
		{
			"__comment": "Element",
			"from": [ 6.0004, 4.6243, 0.9992 ],
			"to": [ 6.5004, 5.6243, 5.999199 ],
			"rotation": { "origin": [ 6, 5.625, 1 ], "axis": "z", "angle": 45 },
			"faces": {
				"down": { "uv": [ 14.00062, 1.500625, 14.49938, 5.499374 ], "texture": "#beetroots_2" },
				"up": { "uv": [ 14.00062, 1.500625, 14.49938, 5.499374 ], "texture": "#beetroots_2" },
				"north": { "uv": [ 14.00062, 13.50062, 14.49938, 14.49938 ], "texture": "#beetroots_2" },
				"south": { "uv": [ 14.00062, 13.50062, 14.49938, 14.49938 ], "texture": "#beetroots_2" },
				"west": { "uv": [ 1.500625, 1.500625, 14.49938, 2.499375 ], "texture": "#beetroots_2" },
				"east": { "uv": [ 0.000625, 0.000624657, 15.99938, 2.999375 ], "texture": "#beetroots_6" }
			}
		},
		{
			"__comment": "pot*",
			"from": [ -0.0009, 3.001, 0.0008 ],
			"to": [ 6.999101, 4.000999, 7.0008 ],
			"faces": {
				"down": { "uv": [ 0.000625, 0.000624657, 15.99938, 15.99938 ], "texture": "#beetroots_2" },
				"up": { "uv": [ 0.000625, 0.000624657, 15.99938, 15.99938 ], "texture": "#beetroots_10" },
				"north": { "uv": [ 0.000625, 0.000624657, 15.99938, 15.99938 ], "texture": "#beetroots_2", "cullface": "north" },
				"south": { "uv": [ 0.000625, 0.000624657, 15.99938, 15.99938 ], "texture": "#beetroots_2" },
				"west": { "uv": [ 0.000625, 0.000624657, 15.99938, 15.99938 ], "texture": "#beetroots_2", "cullface": "west" },
				"east": { "uv": [ 0.000625, 0.000624657, 15.99938, 15.99938 ], "texture": "#beetroots_2" }
			}
		},
		{
			"__comment": "pot*",
			"from": [ 9, 3.0009, -0.0006 ],
			"to": [ 16, 4.0009, 6.9994 ],
			"faces": {
				"down": { "uv": [ 0.000625, 0.000624657, 15.99938, 15.99938 ], "texture": "#beetroots_2" },
				"up": { "uv": [ 0.000625, 0.000624657, 15.99938, 15.99938 ], "texture": "#beetroots_10" },
				"north": { "uv": [ 0.000625, 0.000624657, 15.99938, 15.99938 ], "texture": "#beetroots_2", "cullface": "north" },
				"south": { "uv": [ 0.000625, 0.000624657, 15.99938, 15.99938 ], "texture": "#beetroots_2" },
				"west": { "uv": [ 0.000625, 0.000624657, 15.99938, 15.99938 ], "texture": "#beetroots_2" },
				"east": { "uv": [ 0.000625, 0.000624657, 15.99938, 15.99938 ], "texture": "#beetroots_2", "cullface": "east" }
			}
		},
		{
			"__comment": "pot*",
			"from": [ 8.9998, 2.9997, 9.0006 ],
			"to": [ 15.9998, 3.9997, 16.0006 ],
			"faces": {
				"down": { "uv": [ 0.000625, 0.000624657, 15.99938, 15.99938 ], "texture": "#beetroots_2" },
				"up": { "uv": [ 0.000625, 0.000624657, 15.99938, 15.99938 ], "texture": "#beetroots_10" },
				"north": { "uv": [ 0.000625, 0.000624657, 15.99938, 15.99938 ], "texture": "#beetroots_2" },
				"south": { "uv": [ 0.000625, 0.000624657, 15.99938, 15.99938 ], "texture": "#beetroots_2", "cullface": "south" },
				"west": { "uv": [ 0.000625, 0.000624657, 15.99938, 15.99938 ], "texture": "#beetroots_2" },
				"east": { "uv": [ 0.000625, 0.000624657, 15.99938, 15.99938 ], "texture": "#beetroots_2", "cullface": "east" }
			}
		},
		{
			"__comment": "pot*",
			"from": [ 0.0002, 3, 8.9994 ],
			"to": [ 7.0002, 4, 15.9994 ],
			"faces": {
				"down": { "uv": [ 0.000625, 0.000624657, 15.99938, 15.99938 ], "texture": "#beetroots_2" },
				"up": { "uv": [ 0.000625, 0.000624657, 15.99938, 15.99938 ], "texture": "#beetroots_10" },
				"north": { "uv": [ 0.000625, 0.000624657, 15.99938, 15.99938 ], "texture": "#beetroots_2" },
				"south": { "uv": [ 0.000625, 0.000624657, 15.99938, 15.99938 ], "texture": "#beetroots_2", "cullface": "south" },
				"west": { "uv": [ 0.000625, 0.000624657, 15.99938, 15.99938 ], "texture": "#beetroots_2", "cullface": "west" },
				"east": { "uv": [ 0.000625, 0.000624657, 15.99938, 15.99938 ], "texture": "#beetroots_2" }
			}
		},
		{
			"__comment": "Element",
			"from": [ 12.4994, 4.001, 1.4994 ],
			"to": [ 12.5004, 8.000999, 5.499399 ],
			"faces": {
				"west": { "uv": [ 0.000625, 0.000624657, 15.99938, 12.49938 ], "texture": "#beetroots_1" },
				"east": { "uv": [ 0.000625, 0.000624657, 15.99938, 12.49938 ], "texture": "#beetroots_1" }
			}
		},
		{
			"__comment": "Element",
			"from": [ 3.5007, 4.0005, 1.5 ],
			"to": [ 3.5017, 8.000498, 5.5 ],
			"faces": {
				"west": { "uv": [ 0.000625, 0.000624657, 15.99938, 12.49938 ], "texture": "#beetroots_1" },
				"east": { "uv": [ 0.000625, 0.000624657, 15.99938, 12.49938 ], "texture": "#beetroots_1" }
			}
		},
		{
			"__comment": "Element",
			"from": [ 12.4996, 4.0002, 10.4999 ],
			"to": [ 12.5006, 8.000199, 14.4999 ],
			"faces": {
				"west": { "uv": [ 0.000625, 0.000624657, 15.99938, 12.49938 ], "texture": "#beetroots_1" },
				"east": { "uv": [ 0.000625, 0.000624657, 15.99938, 12.49938 ], "texture": "#beetroots_1" }
			}
		},
		{
			"__comment": "Element",
			"from": [ 3.4996, 3.9996, 10.5005 ],
			"to": [ 3.5006, 7.999599, 14.5005 ],
			"faces": {
				"west": { "uv": [ 0.000625, 0.000624657, 15.99938, 12.49938 ], "texture": "#beetroots_1" },
				"east": { "uv": [ 0.000625, 0.000624657, 15.99938, 12.49938 ], "texture": "#beetroots_1" }
			}
		},
		{
			"__comment": "Element",
			"from": [ 1.5004, 4.001, 12.4993 ],
			"to": [ 5.5004, 8.000999, 12.5003 ],
			"faces": {
				"north": { "uv": [ 0.000625, 0.000624657, 15.99938, 12.49938 ], "texture": "#beetroots_1" },
				"south": { "uv": [ 0.000625, 0.000624657, 15.99938, 12.49938 ], "texture": "#beetroots_1" }
			}
		},
		{
			"__comment": "Element",
			"from": [ 10.4991, 4.0007, 3.5001 ],
			"to": [ 14.4991, 8.0007, 3.5011 ],
			"faces": {
				"north": { "uv": [ 0.000625, 0.000624657, 15.99938, 12.49938 ], "texture": "#beetroots_1" },
				"south": { "uv": [ 0.000625, 0.000624657, 15.99938, 12.49938 ], "texture": "#beetroots_1" }
			}
		},
		{
			"__comment": "Element",
			"from": [ 10.4992, 4.0006, 12.5001 ],
			"to": [ 14.4992, 8.000601, 12.5011 ],
			"faces": {
				"north": { "uv": [ 0.000625, 0.000624657, 15.99938, 12.49938 ], "texture": "#beetroots_1" },
				"south": { "uv": [ 0.000625, 0.000624657, 15.99938, 12.49938 ], "texture": "#beetroots_1" }
			}
		},
		{
			"__comment": "Element",
			"from": [ 1.5003, 4.0006, 3.5007 ],
			"to": [ 5.500301, 8.000599, 3.5017 ],
			"faces": {
				"north": { "uv": [ 0.000625, 0.000624657, 15.99938, 12.49938 ], "texture": "#beetroots_1" },
				"south": { "uv": [ 0.000625, 0.000624657, 15.99938, 12.49938 ], "texture": "#beetroots_1" }
			}
		}
	]
}