{
	"__comment": "Designed by Intermacgod with BDcraft Cubik PRO 0.95 Beta - http://bdcraft.net",
	"gui_light": "front",
	"ambientocclusion": false,
	"textures": {
		"particle": "block/b/beetroots/beetroots_stage2",
		"beetroots_1": "block/b/beetroots/beetroots_1",
		"beetroots_10": "block/b/beetroots/beetroots_10",
		"beetroots_2": "block/b/beetroots/beetroots_2",
		"beetroots_3": "block/b/beetroots/beetroots_3",
		"beetroots_4": "block/b/beetroots/beetroots_4",
		"beetroots_5": "block/b/beetroots/beetroots_5",
		"beetroots_6": "block/b/beetroots/beetroots_6",
		"beetroots_7": "block/b/beetroots/beetroots_7"
	},
	"elements": [ 	 
		{
			"__comment": "pot",
			"from": [ 2.0007, 1.0003, 2.0007 ],
			"to": [ 5.0007, 2.0003, 5.0007 ],
			"faces": {
				"down": { "uv": [ 0.000625, 0.000624657, 15.99938, 15.99938 ], "texture": "#beetroots_2" },
				"north": { "uv": [ 0.000625, 0.000624657, 15.99938, 15.99938 ], "texture": "#beetroots_2" },
				"south": { "uv": [ 0.000625, 0.000624657, 15.99938, 15.99938 ], "texture": "#beetroots_2" },
				"west": { "uv": [ 0.000625, 0.000624657, 15.99938, 15.99938 ], "texture": "#beetroots_2" },
				"east": { "uv": [ 0.000625, 0.000624657, 15.99938, 15.99938 ], "texture": "#beetroots_2" }
			}
		},
		{
			"__comment": "pot*",
			"from": [ 1.0005, 2.0006, 9.9998 ],
			"to": [ 6.0005, 3.0006, 14.9998 ],
			"faces": {
				"down": { "uv": [ 0.000625, 0.000624657, 15.99938, 15.99938 ], "texture": "#beetroots_2" },
				"north": { "uv": [ 0.000625, 0.000624657, 15.99938, 15.99938 ], "texture": "#beetroots_2" },
				"south": { "uv": [ 0.000625, 0.000624657, 15.99938, 15.99938 ], "texture": "#beetroots_2" },
				"west": { "uv": [ 0.000625, 0.000624657, 15.99938, 15.99938 ], "texture": "#beetroots_2" },
				"east": { "uv": [ 0.000625, 0.000624657, 15.99938, 15.99938 ], "texture": "#beetroots_2" }
			}
		},
		{
			"__comment": "Element",
			"from": [ -0.0003, 3.9998, 0.0005 ],
			"to": [ 0.9997, 4.9998, 7.0005 ],
			"faces": {
				"up": { "uv": [ 1.500625, 1.500625, 2.999375, 14.49938 ], "texture": "#beetroots_2" },
				"north": { "uv": [ 1.500625, 11.50062, 4.499375, 14.49938 ], "texture": "#beetroots_2", "cullface": "north" },
				"south": { "uv": [ 1.500625, 11.50062, 4.499375, 14.49938 ], "texture": "#beetroots_2" },
				"west": { "uv": [ 1.500625, 13.00062, 14.49938, 14.49938 ], "texture": "#beetroots_2", "cullface": "west" },
				"east": { "uv": [ 1.500625, 13.00062, 14.49938, 14.49938 ], "texture": "#beetroots_2" }
			}
		},
		{
			"__comment": "Element",
			"from": [ 6, 3.9996, 0.0009 ],
			"to": [ 7, 4.9996, 7.0009 ],
			"faces": {
				"up": { "uv": [ 1.500625, 1.500625, 2.999375, 14.49938 ], "texture": "#beetroots_2" },
				"north": { "uv": [ 1.500625, 11.50062, 4.499375, 14.49938 ], "texture": "#beetroots_2", "cullface": "north" },
				"south": { "uv": [ 1.500625, 11.50062, 4.499375, 14.49938 ], "texture": "#beetroots_2" },
				"west": { "uv": [ 1.500625, 13.00062, 14.49938, 14.49938 ], "texture": "#beetroots_2" },
				"east": { "uv": [ 1.500625, 13.00062, 14.49938, 14.49938 ], "texture": "#beetroots_2" }
			}
		},
		{
			"__comment": "Element",
			"from": [ 0.9999, 4.0009, 0.0008 ],
			"to": [ 5.9999, 5.0009, 1.0008 ],
			"faces": {
				"up": { "uv": [ 1.500625, 13.00062, 14.49938, 14.49938 ], "texture": "#beetroots_2" },
				"north": { "uv": [ 1.500625, 13.00062, 14.49938, 14.49938 ], "texture": "#beetroots_2", "cullface": "north" },
				"south": { "uv": [ 1.500625, 13.00062, 14.49938, 14.49938 ], "texture": "#beetroots_2" }
			}
		},
		{
			"__comment": "Element",
			"from": [ 0.9991, 3.9993, 5.9993 ],
			"to": [ 5.9991, 4.9993, 6.9993 ],
			"faces": {
				"up": { "uv": [ 1.500625, 13.00062, 14.49938, 14.49938 ], "texture": "#beetroots_2" },
				"north": { "uv": [ 1.500625, 13.00062, 14.49938, 14.49938 ], "texture": "#beetroots_2" },
				"south": { "uv": [ 1.500625, 13.00062, 14.49938, 14.49938 ], "texture": "#beetroots_2" }
			}
		},
		{
			"__comment": "pot*",
			"from": [ 10.9995, 0.9996, 1.9998 ],
			"to": [ 13.9995, 1.9996, 4.9998 ],
			"faces": {
				"down": { "uv": [ 0.000625, 0.000624657, 15.99938, 15.99938 ], "texture": "#beetroots_2" },
				"north": { "uv": [ 0.000625, 0.000624657, 15.99938, 15.99938 ], "texture": "#beetroots_2" },
				"south": { "uv": [ 0.000625, 0.000624657, 15.99938, 15.99938 ], "texture": "#beetroots_2" },
				"west": { "uv": [ 0.000625, 0.000624657, 15.99938, 15.99938 ], "texture": "#beetroots_2" },
				"east": { "uv": [ 0.000625, 0.000624657, 15.99938, 15.99938 ], "texture": "#beetroots_2" }
			}
		},
		{
			"__comment": "pot*",
			"from": [ 10.9996, 1.0004, 10.999 ],
			"to": [ 13.9996, 2.0004, 13.999 ],
			"faces": {
				"down": { "uv": [ 0.000625, 0.000624657, 15.99938, 15.99938 ], "texture": "#beetroots_2" },
				"north": { "uv": [ 0.000625, 0.000624657, 15.99938, 15.99938 ], "texture": "#beetroots_2" },
				"south": { "uv": [ 0.000625, 0.000624657, 15.99938, 15.99938 ], "texture": "#beetroots_2" },
				"west": { "uv": [ 0.000625, 0.000624657, 15.99938, 15.99938 ], "texture": "#beetroots_2" },
				"east": { "uv": [ 0.000625, 0.000624657, 15.99938, 15.99938 ], "texture": "#beetroots_2" }
			}
		},
		{
			"__comment": "pot*",
			"from": [ 2.0002, 1.0002, 10.9998 ],
			"to": [ 5.0002, 2.0002, 13.9998 ],
			"faces": {
				"down": { "uv": [ 0.000625, 0.000624657, 15.99938, 15.99938 ], "texture": "#beetroots_2" },
				"north": { "uv": [ 0.000625, 0.000624657, 15.99938, 15.99938 ], "texture": "#beetroots_2" },
				"south": { "uv": [ 0.000625, 0.000624657, 15.99938, 15.99938 ], "texture": "#beetroots_2" },
				"west": { "uv": [ 0.000625, 0.000624657, 15.99938, 15.99938 ], "texture": "#beetroots_2" },
				"east": { "uv": [ 0.000625, 0.000624657, 15.99938, 15.99938 ], "texture": "#beetroots_2" }
			}
		},
		{
			"__comment": "pot*",
			"from": [ 1.0004, 2.001, 0.9996 ],
			"to": [ 6.0004, 3.001, 5.9996 ],
			"faces": {
				"down": { "uv": [ 0.000625, 0.000624657, 15.99938, 15.99938 ], "texture": "#beetroots_2" },
				"north": { "uv": [ 0.000625, 0.000624657, 15.99938, 15.99938 ], "texture": "#beetroots_2" },
				"south": { "uv": [ 0.000625, 0.000624657, 15.99938, 15.99938 ], "texture": "#beetroots_2" },
				"west": { "uv": [ 0.000625, 0.000624657, 15.99938, 15.99938 ], "texture": "#beetroots_2" },
				"east": { "uv": [ 0.000625, 0.000624657, 15.99938, 15.99938 ], "texture": "#beetroots_2" }
			}
		},
		{
			"__comment": "pot*",
			"from": [ 10.0003, 2.0005, 0.9998 ],
			"to": [ 15.0003, 3.0005, 5.9998 ],
			"faces": {
				"down": { "uv": [ 0.000625, 0.000624657, 15.99938, 15.99938 ], "texture": "#beetroots_2" },
				"north": { "uv": [ 0.000625, 0.000624657, 15.99938, 15.99938 ], "texture": "#beetroots_2" },
				"south": { "uv": [ 0.000625, 0.000624657, 15.99938, 15.99938 ], "texture": "#beetroots_2" },
				"west": { "uv": [ 0.000625, 0.000624657, 15.99938, 15.99938 ], "texture": "#beetroots_2" },
				"east": { "uv": [ 0.000625, 0.000624657, 15.99938, 15.99938 ], "texture": "#beetroots_2" }
			}
		},
		{
			"__comment": "pot*",
			"from": [ 9.9991, 2.0003, 10.0001 ],
			"to": [ 14.9991, 3.0003, 15.0001 ],
			"faces": {
				"down": { "uv": [ 0.000625, 0.000624657, 15.99938, 15.99938 ], "texture": "#beetroots_2" },
				"north": { "uv": [ 0.000625, 0.000624657, 15.99938, 15.99938 ], "texture": "#beetroots_2" },
				"south": { "uv": [ 0.000625, 0.000624657, 15.99938, 15.99938 ], "texture": "#beetroots_2" },
				"west": { "uv": [ 0.000625, 0.000624657, 15.99938, 15.99938 ], "texture": "#beetroots_2" },
				"east": { "uv": [ 0.000625, 0.000624657, 15.99938, 15.99938 ], "texture": "#beetroots_2" }
			}
		},
		{
			"__comment": "Element",
			"from": [ 8.999599, 3.9995, 0.0007 ],
			"to": [ 9.999599, 4.999499, 7.0007 ],
			"faces": {
				"up": { "uv": [ 1.500625, 1.500625, 2.999375, 14.49938 ], "texture": "#beetroots_2" },
				"north": { "uv": [ 1.500625, 11.50062, 4.499375, 14.49938 ], "texture": "#beetroots_2", "cullface": "north" },
				"south": { "uv": [ 1.500625, 11.50062, 4.499375, 14.49938 ], "texture": "#beetroots_2" },
				"west": { "uv": [ 1.500625, 13.00062, 14.49938, 14.49938 ], "texture": "#beetroots_2" },
				"east": { "uv": [ 1.500625, 13.00062, 14.49938, 14.49938 ], "texture": "#beetroots_2" }
			}
		},
		{
			"__comment": "Element",
			"from": [ 15.0003, 4.0004, 0.0004 ],
			"to": [ 16.0003, 5.0004, 7.000401 ],
			"faces": {
				"up": { "uv": [ 1.500625, 1.500625, 2.999375, 14.49938 ], "texture": "#beetroots_2" },
				"north": { "uv": [ 1.500625, 11.50062, 4.499375, 14.49938 ], "texture": "#beetroots_2", "cullface": "north" },
				"south": { "uv": [ 1.500625, 11.50062, 4.499375, 14.49938 ], "texture": "#beetroots_2" },
				"west": { "uv": [ 1.500625, 13.00062, 14.49938, 14.49938 ], "texture": "#beetroots_2" },
				"east": { "uv": [ 1.500625, 13.00062, 14.49938, 14.49938 ], "texture": "#beetroots_2", "cullface": "east" }
			}
		},
		{
			"__comment": "Element",
			"from": [ 15.0003, 3.9996, 8.9992 ],
			"to": [ 16.0003, 4.9996, 15.9992 ],
			"faces": {
				"up": { "uv": [ 1.500625, 1.500625, 2.999375, 14.49938 ], "texture": "#beetroots_2" },
				"north": { "uv": [ 1.500625, 11.50062, 4.499375, 14.49938 ], "texture": "#beetroots_2" },
				"south": { "uv": [ 1.500625, 11.50062, 4.499375, 14.49938 ], "texture": "#beetroots_2", "cullface": "south" },
				"west": { "uv": [ 1.500625, 13.00062, 14.49938, 14.49938 ], "texture": "#beetroots_2" },
				"east": { "uv": [ 1.500625, 13.00062, 14.49938, 14.49938 ], "texture": "#beetroots_2", "cullface": "east" }
			}
		},
		{
			"__comment": "Element",
			"from": [ 9.0001, 4.0007, 9.000899 ],
			"to": [ 10.0001, 5.0007, 16.0009 ],
			"faces": {
				"up": { "uv": [ 1.500625, 1.500625, 2.999375, 14.49938 ], "texture": "#beetroots_2" },
				"north": { "uv": [ 1.500625, 11.50062, 4.499375, 14.49938 ], "texture": "#beetroots_2" },
				"south": { "uv": [ 1.500625, 11.50062, 4.499375, 14.49938 ], "texture": "#beetroots_2", "cullface": "south" },
				"west": { "uv": [ 1.500625, 13.00062, 14.49938, 14.49938 ], "texture": "#beetroots_2" },
				"east": { "uv": [ 1.500625, 13.00062, 14.49938, 14.49938 ], "texture": "#beetroots_2" }
			}
		},
		{
			"__comment": "Element",
			"from": [ 6.0009, 4.0008, 9.000199 ],
			"to": [ 7.0009, 5.0008, 16.00019 ],
			"faces": {
				"up": { "uv": [ 1.500625, 1.500625, 2.999375, 14.49938 ], "texture": "#beetroots_2" },
				"north": { "uv": [ 1.500625, 11.50062, 4.499375, 14.49938 ], "texture": "#beetroots_2" },
				"south": { "uv": [ 1.500625, 11.50062, 4.499375, 14.49938 ], "texture": "#beetroots_2", "cullface": "south" },
				"west": { "uv": [ 1.500625, 13.00062, 14.49938, 14.49938 ], "texture": "#beetroots_2" },
				"east": { "uv": [ 1.500625, 13.00062, 14.49938, 14.49938 ], "texture": "#beetroots_2" }
			}
		},
		{
			"__comment": "Element",
			"from": [ -0.0009, 4.0009, 9.0007 ],
			"to": [ 0.9991, 5.0009, 16.0007 ],
			"faces": {
				"up": { "uv": [ 1.500625, 1.500625, 2.999375, 14.49938 ], "texture": "#beetroots_2" },
				"north": { "uv": [ 1.500625, 11.50062, 4.499375, 14.49938 ], "texture": "#beetroots_2" },
				"south": { "uv": [ 1.500625, 11.50062, 4.499375, 14.49938 ], "texture": "#beetroots_2", "cullface": "south" },
				"west": { "uv": [ 1.500625, 13.00062, 14.49938, 14.49938 ], "texture": "#beetroots_2", "cullface": "west" },
				"east": { "uv": [ 1.500625, 13.00062, 14.49938, 14.49938 ], "texture": "#beetroots_2" }
			}
		},
		{
			"__comment": "Element",
			"from": [ 0.9993, 4.0007, 9.0008 ],
			"to": [ 5.9993, 5.0007, 10.0008 ],
			"faces": {
				"up": { "uv": [ 1.500625, 13.00062, 14.49938, 14.49938 ], "texture": "#beetroots_2" },
				"north": { "uv": [ 1.500625, 13.00062, 14.49938, 14.49938 ], "texture": "#beetroots_2" },
				"south": { "uv": [ 1.500625, 13.00062, 14.49938, 14.49938 ], "texture": "#beetroots_2" }
			}
		},
		{
			"__comment": "Element",
			"from": [ 0.9993, 3.9992, 15.0009 ],
			"to": [ 5.9993, 4.9992, 16.0009 ],
			"faces": {
				"up": { "uv": [ 1.500625, 13.00062, 14.49938, 14.49938 ], "texture": "#beetroots_2" },
				"north": { "uv": [ 1.500625, 13.00062, 14.49938, 14.49938 ], "texture": "#beetroots_2" },
				"south": { "uv": [ 1.500625, 13.00062, 14.49938, 14.49938 ], "texture": "#beetroots_2", "cullface": "south" }
			}
		},
		{
			"__comment": "Element",
			"from": [ 10.0006, 4.0009, 15.0006 ],
			"to": [ 15.0006, 5.0009, 16.0006 ],
			"faces": {
				"up": { "uv": [ 1.500625, 13.00062, 14.49938, 14.49938 ], "texture": "#beetroots_2" },
				"north": { "uv": [ 1.500625, 13.00062, 14.49938, 14.49938 ], "texture": "#beetroots_2" },
				"south": { "uv": [ 1.500625, 13.00062, 14.49938, 14.49938 ], "texture": "#beetroots_2", "cullface": "south" }
			}
		},
		{
			"__comment": "Element",
			"from": [ 10.0007, 4.0009, 9.000199 ],
			"to": [ 15.0007, 5.0009, 10.0002 ],
			"faces": {
				"up": { "uv": [ 1.500625, 13.00062, 14.49938, 14.49938 ], "texture": "#beetroots_2" },
				"north": { "uv": [ 1.500625, 13.00062, 14.49938, 14.49938 ], "texture": "#beetroots_2" },
				"south": { "uv": [ 1.500625, 13.00062, 14.49938, 14.49938 ], "texture": "#beetroots_2" }
			}
		},
		{
			"__comment": "Element",
			"from": [ 10.0002, 4.0001, 6 ],
			"to": [ 15.0002, 5.0001, 7 ],
			"faces": {
				"up": { "uv": [ 1.500625, 13.00062, 14.49938, 14.49938 ], "texture": "#beetroots_2" },
				"north": { "uv": [ 1.500625, 13.00062, 14.49938, 14.49938 ], "texture": "#beetroots_2" },
				"south": { "uv": [ 1.500625, 13.00062, 14.49938, 14.49938 ], "texture": "#beetroots_2" }
			}
		},
		{
			"__comment": "Element",
			"from": [ 10.0008, 4.0004, 0.0003 ],
			"to": [ 15.0008, 5.0004, 1.0003 ],
			"faces": {
				"up": { "uv": [ 1.500625, 13.00062, 14.49938, 14.49938 ], "texture": "#beetroots_2" },
				"north": { "uv": [ 1.500625, 13.00062, 14.49938, 14.49938 ], "texture": "#beetroots_2", "cullface": "north" },
				"south": { "uv": [ 1.500625, 13.00062, 14.49938, 14.49938 ], "texture": "#beetroots_2" }
			}
		},
		{
			"__comment": "light pole",
			"from": [ 7.5002, 0.9995, 7.5006 ],
			"to": [ 8.5002, 14.9995, 8.500599 ],
			"faces": {
				"down": { "uv": [ 0.000625, 0.000624657, 15.99938, 15.99938 ], "texture": "#beetroots_3" },
				"north": { "uv": [ 0.000625, 0.000624657, 15.99938, 15.99938 ], "texture": "#beetroots_3" },
				"south": { "uv": [ 0.000625, 0.000624657, 15.99938, 15.99938 ], "texture": "#beetroots_3" },
				"west": { "uv": [ 0.000625, 0.000624657, 15.99938, 15.99938 ], "texture": "#beetroots_3" },
				"east": { "uv": [ 0.000625, 0.000624657, 15.99938, 15.99938 ], "texture": "#beetroots_3" }
			}
		},
		{
			"__comment": "light pole",
			"from": [ -0.0009, 15.0005, 7.5004 ],
			"to": [ 15.9991, 16.0005, 8.500401 ],
			"faces": {
				"down": { "uv": [ 0.000625, 0.000624657, 15.99938, 15.99938 ], "texture": "#beetroots_4" },
				"up": { "uv": [ 0.000625, 0.000624657, 15.99938, 15.99938 ], "texture": "#beetroots_4", "cullface": "up" },
				"north": { "uv": [ 0.000625, 0.000624657, 15.99938, 15.99938 ], "texture": "#beetroots_4" },
				"south": { "uv": [ 0.000625, 0.000624657, 15.99938, 15.99938 ], "texture": "#beetroots_4" },
				"west": { "uv": [ 0.000625, 6.000626, 2.499375, 8.499375 ], "texture": "#beetroots_4", "cullface": "west" },
				"east": { "uv": [ 0.000625, 7.500626, 2.499375, 9.999375 ], "texture": "#beetroots_4", "cullface": "east" }
			}
		},
		{
			"__comment": "light pole",
			"from": [ 2.999, 15.0008, 2.9998 ],
			"to": [ 3.999, 16.0008, 7.4998 ],
			"faces": {
				"down": { "uv": [ 0.000625, 0.000624657, 15.99938, 15.99938 ], "texture": "#beetroots_3" },
				"up": { "uv": [ 0.000625, 0.000624657, 15.99938, 15.99938 ], "texture": "#beetroots_3", "cullface": "up" },
				"north": { "uv": [ 6.000625, 0.000624657, 8.999375, 2.499375 ], "texture": "#beetroots_3" },
				"west": { "uv": [ 0.000625, 0.000624657, 15.99938, 15.99938 ], "texture": "#beetroots_4" },
				"east": { "uv": [ 0.000625, 0.000624657, 15.99938, 15.99938 ], "texture": "#beetroots_4" }
			}
		},
		{
			"__comment": "light pole*",
			"from": [ 11.9993, 15.0006, 3.0005 ],
			"to": [ 12.9993, 16.0006, 7.5005 ],
			"faces": {
				"down": { "uv": [ 0.000625, 0.000624657, 15.99938, 15.99938 ], "texture": "#beetroots_3" },
				"up": { "uv": [ 0.000625, 0.000624657, 15.99938, 15.99938 ], "texture": "#beetroots_3", "cullface": "up" },
				"north": { "uv": [ 6.000625, 0.000624657, 8.999375, 2.499375 ], "texture": "#beetroots_3" },
				"west": { "uv": [ 0.000625, 0.000624657, 15.99938, 15.99938 ], "texture": "#beetroots_4" },
				"east": { "uv": [ 0.000625, 0.000624657, 15.99938, 15.99938 ], "texture": "#beetroots_4" }
			}
		},
		{
			"__comment": "light pole*",
			"from": [ 12.0006, 15.0005, 8.500299 ],
			"to": [ 13.0006, 16.0005, 13.0003 ],
			"faces": {
				"down": { "uv": [ 0.000625, 0.000624657, 15.99938, 15.99938 ], "texture": "#beetroots_3" },
				"up": { "uv": [ 0.000625, 0.000624657, 15.99938, 15.99938 ], "texture": "#beetroots_3", "cullface": "up" },
				"south": { "uv": [ 6.000625, 0.000624657, 8.999375, 2.499375 ], "texture": "#beetroots_3" },
				"west": { "uv": [ 0.000625, 0.000624657, 15.99938, 15.99938 ], "texture": "#beetroots_4" },
				"east": { "uv": [ 0.000625, 0.000624657, 15.99938, 15.99938 ], "texture": "#beetroots_4" }
			}
		},
		{
			"__comment": "light pole*",
			"from": [ 2.9997, 14.9996, 8.5001 ],
			"to": [ 3.9997, 15.9996, 13.0001 ],
			"faces": {
				"down": { "uv": [ 0.000625, 0.000624657, 15.99938, 15.99938 ], "texture": "#beetroots_3" },
				"up": { "uv": [ 0.000625, 0.000624657, 15.99938, 15.99938 ], "texture": "#beetroots_3", "cullface": "up" },
				"south": { "uv": [ 6.000625, 0.000624657, 8.999375, 2.499375 ], "texture": "#beetroots_3" },
				"west": { "uv": [ 0.000625, 0.000624657, 15.99938, 15.99938 ], "texture": "#beetroots_4" },
				"east": { "uv": [ 0.000625, 0.000624657, 15.99938, 15.99938 ], "texture": "#beetroots_4" }
			}
		},
		{
			"__comment": "light",
			"from": [ 1.0006, 14.5003, 10.0003 ],
			"to": [ 6.0006, 15.0003, 15.0003 ],
			"faces": {
				"down": { "uv": [ 0.000625, 0.000624657, 15.99938, 15.99938 ], "texture": "#beetroots_5" },
				"up": { "uv": [ 0.000625, 0.000624657, 15.99938, 15.99938 ], "texture": "#beetroots_7" },
				"north": { "uv": [ 0.000625, 0.000624657, 15.99938, 15.99938 ], "texture": "#beetroots_2" },
				"south": { "uv": [ 0.000625, 0.000624657, 15.99938, 15.99938 ], "texture": "#beetroots_2" },
				"west": { "uv": [ 0.000625, 0.000624657, 15.99938, 15.99938 ], "texture": "#beetroots_2" },
				"east": { "uv": [ 0.000625, 0.000624657, 15.99938, 15.99938 ], "texture": "#beetroots_2" }
			}
		},
		{
			"__comment": "light*",
			"from": [ 10.0007, 14.5005, 10.0004 ],
			"to": [ 15.0007, 15.0005, 15.0004 ],
			"faces": {
				"down": { "uv": [ 0.000625, 0.000624657, 15.99938, 15.99938 ], "texture": "#beetroots_5" },
				"up": { "uv": [ 0.000625, 0.000624657, 15.99938, 15.99938 ], "texture": "#beetroots_7" },
				"north": { "uv": [ 0.000625, 0.000624657, 15.99938, 15.99938 ], "texture": "#beetroots_2" },
				"south": { "uv": [ 0.000625, 0.000624657, 15.99938, 15.99938 ], "texture": "#beetroots_2" },
				"west": { "uv": [ 0.000625, 0.000624657, 15.99938, 15.99938 ], "texture": "#beetroots_2" },
				"east": { "uv": [ 0.000625, 0.000624657, 15.99938, 15.99938 ], "texture": "#beetroots_2" }
			}
		},
		{
			"__comment": "light*",
			"from": [ 10.0009, 14.5, 1.0003 ],
			"to": [ 15.0009, 15, 6.0003 ],
			"faces": {
				"down": { "uv": [ 0.000625, 0.000624657, 15.99938, 15.99938 ], "texture": "#beetroots_5" },
				"up": { "uv": [ 0.000625, 0.000624657, 15.99938, 15.99938 ], "texture": "#beetroots_7" },
				"north": { "uv": [ 0.000625, 0.000624657, 15.99938, 15.99938 ], "texture": "#beetroots_2" },
				"south": { "uv": [ 0.000625, 0.000624657, 15.99938, 15.99938 ], "texture": "#beetroots_2" },
				"west": { "uv": [ 0.000625, 0.000624657, 15.99938, 15.99938 ], "texture": "#beetroots_2" },
				"east": { "uv": [ 0.000625, 0.000624657, 15.99938, 15.99938 ], "texture": "#beetroots_2" }
			}
		},
		{
			"__comment": "light*",
			"from": [ 0.9996, 14.5, 0.9991 ],
			"to": [ 5.9996, 15, 5.999101 ],
			"faces": {
				"down": { "uv": [ 0.000625, 0.000624657, 15.99938, 15.99938 ], "texture": "#beetroots_5" },
				"up": { "uv": [ 0.000625, 0.000624657, 15.99938, 15.99938 ], "texture": "#beetroots_7" },
				"north": { "uv": [ 0.000625, 0.000624657, 15.99938, 15.99938 ], "texture": "#beetroots_2" },
				"south": { "uv": [ 0.000625, 0.000624657, 15.99938, 15.99938 ], "texture": "#beetroots_2" },
				"west": { "uv": [ 0.000625, 0.000624657, 15.99938, 15.99938 ], "texture": "#beetroots_2" },
				"east": { "uv": [ 0.000625, 0.000624657, 15.99938, 15.99938 ], "texture": "#beetroots_2" }
			}
		},
		{
			"__comment": "Element",
			"from": [ 1.0627, 4.9381, 0.7074 ],
			"to": [ 6.0627, 5.9381, 1.207395 ],
			"rotation": { "origin": [ 1.0625, 5.9375, 0.707125 ], "axis": "x", "angle": 45 },
			"faces": {
				"down": { "uv": [ 14.49938, 14.49938, 10.50062, 13.50062 ], "texture": "#beetroots_2" },
				"up": { "uv": [ 10.50062, 13.50062, 14.49938, 14.49938 ], "texture": "#beetroots_2" },
				"north": { "uv": [ 0.000625, 0.000624657, 15.99938, 2.999375 ], "texture": "#beetroots_6" },
				"south": { "uv": [ 10.50062, 13.50062, 14.49938, 14.49938 ], "texture": "#beetroots_2" },
				"west": { "uv": [ 13.50062, 13.50062, 14.49938, 14.49938 ], "texture": "#beetroots_2" },
				"east": { "uv": [ 13.50062, 13.50062, 14.49938, 14.49938 ], "texture": "#beetroots_2" }
			}
		},
		{
			"__comment": "Element",
			"from": [ 0.9997, 4.6245, 14.9997 ],
			"to": [ 5.9997, 5.6245, 15.4997 ],
			"rotation": { "origin": [ 1, 5.625, 15 ], "axis": "x", "angle": -45 },
			"faces": {
				"down": { "uv": [ 14.49938, 14.49938, 10.50062, 13.50062 ], "texture": "#beetroots_2" },
				"up": { "uv": [ 10.50062, 13.50062, 14.49938, 14.49938 ], "texture": "#beetroots_2" },
				"north": { "uv": [ 1.500625, 1.500625, 14.49938, 2.499375 ], "texture": "#beetroots_2" },
				"south": { "uv": [ 0.000625, 0.000624657, 15.99938, 2.999375 ], "texture": "#beetroots_6" },
				"west": { "uv": [ 13.50062, 13.50062, 14.49938, 14.49938 ], "texture": "#beetroots_2" },
				"east": { "uv": [ 13.50062, 13.50062, 14.49938, 14.49938 ], "texture": "#beetroots_2" }
			}
		},
		{
			"__comment": "Element",
			"from": [ 9.999599, 4.6867, 15.0001 ],
			"to": [ 14.9996, 5.6867, 15.5001 ],
			"rotation": { "origin": [ 10, 5.6875, 15 ], "axis": "x", "angle": -45 },
			"faces": {
				"down": { "uv": [ 14.49938, 14.49938, 10.50062, 13.50062 ], "texture": "#beetroots_2" },
				"up": { "uv": [ 10.50062, 13.50062, 14.49938, 14.49938 ], "texture": "#beetroots_2" },
				"north": { "uv": [ 1.500625, 1.500625, 14.49938, 2.499375 ], "texture": "#beetroots_2" },
				"south": { "uv": [ 0.000625, 0.000624657, 15.99938, 2.999375 ], "texture": "#beetroots_6" },
				"west": { "uv": [ 13.50062, 13.50062, 14.49938, 14.49938 ], "texture": "#beetroots_2" },
				"east": { "uv": [ 13.50062, 13.50062, 14.49938, 14.49938 ], "texture": "#beetroots_2" }
			}
		},
		{
			"__comment": "Element",
			"from": [ 10.0628, 4.9379, 0.7065 ],
			"to": [ 15.0628, 5.9379, 1.206495 ],
			"rotation": { "origin": [ 10.0625, 5.9375, 0.707125 ], "axis": "x", "angle": 45 },
			"faces": {
				"down": { "uv": [ 14.49938, 14.49938, 10.50062, 13.50062 ], "texture": "#beetroots_2" },
				"up": { "uv": [ 10.50062, 13.50062, 14.49938, 14.49938 ], "texture": "#beetroots_2" },
				"north": { "uv": [ 0.000625, 0.000624657, 15.99938, 2.999375 ], "texture": "#beetroots_6" },
				"south": { "uv": [ 10.50062, 13.50062, 14.49938, 14.49938 ], "texture": "#beetroots_2" },
				"west": { "uv": [ 13.50062, 13.50062, 14.49938, 14.49938 ], "texture": "#beetroots_2" },
				"east": { "uv": [ 13.50062, 13.50062, 14.49938, 14.49938 ], "texture": "#beetroots_2" }
			}
		},
		{
			"__comment": "Element",
			"from": [ 1.0006, 4.6259, 6.0003 ],
			"to": [ 6.0006, 5.6259, 6.5003 ],
			"rotation": { "origin": [ 1, 5.625, 6 ], "axis": "x", "angle": -45 },
			"faces": {
				"down": { "uv": [ 14.49938, 14.49938, 10.50062, 13.50062 ], "texture": "#beetroots_2" },
				"up": { "uv": [ 10.50062, 13.50062, 14.49938, 14.49938 ], "texture": "#beetroots_2" },
				"north": { "uv": [ 1.500625, 1.500625, 14.49938, 2.499375 ], "texture": "#beetroots_2" },
				"south": { "uv": [ 0.000625, 0.000624657, 15.99938, 2.999375 ], "texture": "#beetroots_6" },
				"west": { "uv": [ 13.50062, 13.50062, 14.49938, 14.49938 ], "texture": "#beetroots_2" },
				"east": { "uv": [ 13.50062, 13.50062, 14.49938, 14.49938 ], "texture": "#beetroots_2" }
			}
		},
		{
			"__comment": "Element",
			"from": [ 10.0004, 4.6882, 6.0002 ],
			"to": [ 15.0004, 5.6882, 6.5002 ],
			"rotation": { "origin": [ 10, 5.6875, 6 ], "axis": "x", "angle": -45 },
			"faces": {
				"down": { "uv": [ 14.49938, 14.49938, 10.50062, 13.50062 ], "texture": "#beetroots_2" },
				"up": { "uv": [ 10.50062, 13.50062, 14.49938, 14.49938 ], "texture": "#beetroots_2" },
				"north": { "uv": [ 1.500625, 1.500625, 14.49938, 2.499375 ], "texture": "#beetroots_2" },
				"south": { "uv": [ 0.000625, 0.000624657, 15.99938, 2.999375 ], "texture": "#beetroots_6" },
				"west": { "uv": [ 13.50062, 13.50062, 14.49938, 14.49938 ], "texture": "#beetroots_2" },
				"east": { "uv": [ 13.50062, 13.50062, 14.49938, 14.49938 ], "texture": "#beetroots_2" }
			}
		},
		{
			"__comment": "Element",
			"from": [ 1.063, 4.9376, 9.7071 ],
			"to": [ 6.063, 5.9376, 10.20709 ],
			"rotation": { "origin": [ 1.0625, 5.9375, 9.70711 ], "axis": "x", "angle": 45 },
			"faces": {
				"down": { "uv": [ 14.49938, 14.49938, 10.50062, 13.50062 ], "texture": "#beetroots_2" },
				"up": { "uv": [ 10.50062, 13.50062, 14.49938, 14.49938 ], "texture": "#beetroots_2" },
				"north": { "uv": [ 0.000625, 0.000624657, 15.99938, 2.999375 ], "texture": "#beetroots_6" },
				"south": { "uv": [ 10.50062, 13.50062, 14.49938, 14.49938 ], "texture": "#beetroots_2" },
				"west": { "uv": [ 13.50062, 13.50062, 14.49938, 14.49938 ], "texture": "#beetroots_2" },
				"east": { "uv": [ 13.50062, 13.50062, 14.49938, 14.49938 ], "texture": "#beetroots_2" }
			}
		},
		{
			"__comment": "Element",
			"from": [ 10.0625, 4.9373, 9.7073 ],
			"to": [ 15.0625, 5.9373, 10.20729 ],
			"rotation": { "origin": [ 10.0625, 5.9375, 9.70711 ], "axis": "x", "angle": 45 },
			"faces": {
				"down": { "uv": [ 14.49938, 14.49938, 10.50062, 13.50062 ], "texture": "#beetroots_2" },
				"up": { "uv": [ 10.50062, 13.50062, 14.49938, 14.49938 ], "texture": "#beetroots_2" },
				"north": { "uv": [ 0.000625, 0.000624657, 15.99938, 2.999375 ], "texture": "#beetroots_6" },
				"south": { "uv": [ 10.50062, 13.50062, 14.49938, 14.49938 ], "texture": "#beetroots_2" },
				"west": { "uv": [ 13.50062, 13.50062, 14.49938, 14.49938 ], "texture": "#beetroots_2" },
				"east": { "uv": [ 13.50062, 13.50062, 14.49938, 14.49938 ], "texture": "#beetroots_2" }
			}
		},
		{
			"__comment": "Element",
			"from": [ 0.708, 4.9381, 0.9994 ],
			"to": [ 1.207995, 5.9381, 5.9994 ],
			"rotation": { "origin": [ 0.707125, 5.9375, 1 ], "axis": "z", "angle": -45 },
			"faces": {
				"down": { "uv": [ 14.00062, 1.500625, 14.49938, 5.499374 ], "texture": "#beetroots_2" },
				"up": { "uv": [ 14.00062, 1.500625, 14.49938, 5.499374 ], "texture": "#beetroots_2" },
				"north": { "uv": [ 14.00062, 13.50062, 14.49938, 14.49938 ], "texture": "#beetroots_2" },
				"south": { "uv": [ 14.00062, 13.50062, 14.49938, 14.49938 ], "texture": "#beetroots_2" },
				"west": { "uv": [ 0.000625, 0.000624657, 15.99938, 2.999375 ], "texture": "#beetroots_6" },
				"east": { "uv": [ 10.50062, 13.50062, 14.49938, 14.49938 ], "texture": "#beetroots_2" }
			}
		},
		{
			"__comment": "Element",
			"from": [ 0.7076, 4.9367, 9.999 ],
			"to": [ 1.207595, 5.9367, 14.999 ],
			"rotation": { "origin": [ 0.707125, 5.9375, 10 ], "axis": "z", "angle": -45 },
			"faces": {
				"down": { "uv": [ 14.00062, 1.500625, 14.49938, 5.499374 ], "texture": "#beetroots_2" },
				"up": { "uv": [ 14.00062, 1.500625, 14.49938, 5.499374 ], "texture": "#beetroots_2" },
				"north": { "uv": [ 14.00062, 13.50062, 14.49938, 14.49938 ], "texture": "#beetroots_2" },
				"south": { "uv": [ 14.00062, 13.50062, 14.49938, 14.49938 ], "texture": "#beetroots_2" },
				"west": { "uv": [ 0.000625, 0.000624657, 15.99938, 2.999375 ], "texture": "#beetroots_6" },
				"east": { "uv": [ 10.50062, 13.50062, 14.49938, 14.49938 ], "texture": "#beetroots_2" }
			}
		},
		{
			"__comment": "Element",
			"from": [ 9.7061, 4.9375, 10.0001 ],
			"to": [ 10.20609, 5.9375, 15.0001 ],
			"rotation": { "origin": [ 9.70711, 5.9375, 10 ], "axis": "z", "angle": -45 },
			"faces": {
				"down": { "uv": [ 14.00062, 1.500625, 14.49938, 5.499374 ], "texture": "#beetroots_2" },
				"up": { "uv": [ 14.00062, 1.500625, 14.49938, 5.499374 ], "texture": "#beetroots_2" },
				"north": { "uv": [ 14.00062, 13.50062, 14.49938, 14.49938 ], "texture": "#beetroots_2" },
				"south": { "uv": [ 14.00062, 13.50062, 14.49938, 14.49938 ], "texture": "#beetroots_2" },
				"west": { "uv": [ 0.000625, 0.000624657, 15.99938, 2.999375 ], "texture": "#beetroots_6" },
				"east": { "uv": [ 10.50062, 13.50062, 14.49938, 14.49938 ], "texture": "#beetroots_2" }
			}
		},
		{
			"__comment": "Element",
			"from": [ 9.7686, 4.9367, 1.0003 ],
			"to": [ 10.26859, 5.9367, 6.0003 ],
			"rotation": { "origin": [ 9.76961, 5.9375, 1 ], "axis": "z", "angle": -45 },
			"faces": {
				"down": { "uv": [ 14.00062, 1.500625, 14.49938, 5.499374 ], "texture": "#beetroots_2" },
				"up": { "uv": [ 14.00062, 1.500625, 14.49938, 5.499374 ], "texture": "#beetroots_2" },
				"north": { "uv": [ 14.00062, 13.50062, 14.49938, 14.49938 ], "texture": "#beetroots_2" },
				"south": { "uv": [ 14.00062, 13.50062, 14.49938, 14.49938 ], "texture": "#beetroots_2" },
				"west": { "uv": [ 0.000625, 0.000624657, 15.99938, 2.999375 ], "texture": "#beetroots_6" },
				"east": { "uv": [ 10.50062, 13.50062, 14.49938, 14.49938 ], "texture": "#beetroots_2" }
			}
		},
		{
			"__comment": "Element",
			"from": [ 15.0002, 4.6248, 1.0009 ],
			"to": [ 15.5002, 5.6248, 6.0009 ],
			"rotation": { "origin": [ 15, 5.625, 1 ], "axis": "z", "angle": 45 },
			"faces": {
				"down": { "uv": [ 14.00062, 1.500625, 14.49938, 5.499374 ], "texture": "#beetroots_2" },
				"up": { "uv": [ 14.00062, 1.500625, 14.49938, 5.499374 ], "texture": "#beetroots_2" },
				"north": { "uv": [ 14.00062, 13.50062, 14.49938, 14.49938 ], "texture": "#beetroots_2" },
				"south": { "uv": [ 14.00062, 13.50062, 14.49938, 14.49938 ], "texture": "#beetroots_2" },
				"west": { "uv": [ 1.500625, 1.500625, 14.49938, 2.499375 ], "texture": "#beetroots_2" },
				"east": { "uv": [ 0.000625, 0.000624657, 15.99938, 2.999375 ], "texture": "#beetroots_6" }
			}
		},
		{
			"__comment": "Element",
			"from": [ 15.0006, 4.6256, 9.9993 ],
			"to": [ 15.5006, 5.6256, 14.9993 ],
			"rotation": { "origin": [ 15, 5.625, 10 ], "axis": "z", "angle": 45 },
			"faces": {
				"down": { "uv": [ 14.00062, 1.500625, 14.49938, 5.499374 ], "texture": "#beetroots_2" },
				"up": { "uv": [ 14.00062, 1.500625, 14.49938, 5.499374 ], "texture": "#beetroots_2" },
				"north": { "uv": [ 14.00062, 13.50062, 14.49938, 14.49938 ], "texture": "#beetroots_2" },
				"south": { "uv": [ 14.00062, 13.50062, 14.49938, 14.49938 ], "texture": "#beetroots_2" },
				"west": { "uv": [ 1.500625, 1.500625, 14.49938, 2.499375 ], "texture": "#beetroots_2" },
				"east": { "uv": [ 0.000625, 0.000624657, 15.99938, 2.999375 ], "texture": "#beetroots_6" }
			}
		},
		{
			"__comment": "Element",
			"from": [ 6.0003, 4.6247, 10 ],
			"to": [ 6.5003, 5.6247, 15 ],
			"rotation": { "origin": [ 6, 5.625, 10 ], "axis": "z", "angle": 45 },
			"faces": {
				"down": { "uv": [ 14.00062, 1.500625, 14.49938, 5.499374 ], "texture": "#beetroots_2" },
				"up": { "uv": [ 14.00062, 1.500625, 14.49938, 5.499374 ], "texture": "#beetroots_2" },
				"north": { "uv": [ 14.00062, 13.50062, 14.49938, 14.49938 ], "texture": "#beetroots_2" },
				"south": { "uv": [ 14.00062, 13.50062, 14.49938, 14.49938 ], "texture": "#beetroots_2" },
				"west": { "uv": [ 1.500625, 1.500625, 14.49938, 2.499375 ], "texture": "#beetroots_2" },
				"east": { "uv": [ 0.000625, 0.000624657, 15.99938, 2.999375 ], "texture": "#beetroots_6" }
			}
		},
		{
			"__comment": "Element",
			"from": [ 5.9999, 4.6244, 0.9997 ],
			"to": [ 6.4999, 5.6244, 5.9997 ],
			"rotation": { "origin": [ 6, 5.625, 1 ], "axis": "z", "angle": 45 },
			"faces": {
				"down": { "uv": [ 14.00062, 1.500625, 14.49938, 5.499374 ], "texture": "#beetroots_2" },
				"up": { "uv": [ 14.00062, 1.500625, 14.49938, 5.499374 ], "texture": "#beetroots_2" },
				"north": { "uv": [ 14.00062, 13.50062, 14.49938, 14.49938 ], "texture": "#beetroots_2" },
				"south": { "uv": [ 14.00062, 13.50062, 14.49938, 14.49938 ], "texture": "#beetroots_2" },
				"west": { "uv": [ 1.500625, 1.500625, 14.49938, 2.499375 ], "texture": "#beetroots_2" },
				"east": { "uv": [ 0.000625, 0.000624657, 15.99938, 2.999375 ], "texture": "#beetroots_6" }
			}
		},
		{
			"__comment": "pot*",
			"from": [ -0.0002, 2.9996, 0.0001 ],
			"to": [ 6.999801, 3.9996, 7.0001 ],
			"faces": {
				"down": { "uv": [ 0.000625, 0.000624657, 15.99938, 15.99938 ], "texture": "#beetroots_2" },
				"up": { "uv": [ 0.000625, 0.000624657, 15.99938, 15.99938 ], "texture": "#beetroots_10" },
				"north": { "uv": [ 0.000625, 0.000624657, 15.99938, 15.99938 ], "texture": "#beetroots_2", "cullface": "north" },
				"south": { "uv": [ 0.000625, 0.000624657, 15.99938, 15.99938 ], "texture": "#beetroots_2" },
				"west": { "uv": [ 0.000625, 0.000624657, 15.99938, 15.99938 ], "texture": "#beetroots_2", "cullface": "west" },
				"east": { "uv": [ 0.000625, 0.000624657, 15.99938, 15.99938 ], "texture": "#beetroots_2" }
			}
		},
		{
			"__comment": "pot*",
			"from": [ 9.0004, 3.0007, 0.0004 ],
			"to": [ 16.0004, 4.0007, 7.0004 ],
			"faces": {
				"down": { "uv": [ 0.000625, 0.000624657, 15.99938, 15.99938 ], "texture": "#beetroots_2" },
				"up": { "uv": [ 0.000625, 0.000624657, 15.99938, 15.99938 ], "texture": "#beetroots_10" },
				"north": { "uv": [ 0.000625, 0.000624657, 15.99938, 15.99938 ], "texture": "#beetroots_2", "cullface": "north" },
				"south": { "uv": [ 0.000625, 0.000624657, 15.99938, 15.99938 ], "texture": "#beetroots_2" },
				"west": { "uv": [ 0.000625, 0.000624657, 15.99938, 15.99938 ], "texture": "#beetroots_2" },
				"east": { "uv": [ 0.000625, 0.000624657, 15.99938, 15.99938 ], "texture": "#beetroots_2", "cullface": "east" }
			}
		},
		{
			"__comment": "pot*",
			"from": [ 8.999499, 2.9998, 8.9991 ],
			"to": [ 15.99949, 3.9998, 15.99909 ],
			"faces": {
				"down": { "uv": [ 0.000625, 0.000624657, 15.99938, 15.99938 ], "texture": "#beetroots_2" },
				"up": { "uv": [ 0.000625, 0.000624657, 15.99938, 15.99938 ], "texture": "#beetroots_10" },
				"north": { "uv": [ 0.000625, 0.000624657, 15.99938, 15.99938 ], "texture": "#beetroots_2" },
				"south": { "uv": [ 0.000625, 0.000624657, 15.99938, 15.99938 ], "texture": "#beetroots_2", "cullface": "south" },
				"west": { "uv": [ 0.000625, 0.000624657, 15.99938, 15.99938 ], "texture": "#beetroots_2" },
				"east": { "uv": [ 0.000625, 0.000624657, 15.99938, 15.99938 ], "texture": "#beetroots_2", "cullface": "east" }
			}
		},
		{
			"__comment": "pot*",
			"from": [ 0.0007, 2.9998, 9.0006 ],
			"to": [ 7.0007, 3.9998, 16.0006 ],
			"faces": {
				"down": { "uv": [ 0.000625, 0.000624657, 15.99938, 15.99938 ], "texture": "#beetroots_2" },
				"up": { "uv": [ 0.000625, 0.000624657, 15.99938, 15.99938 ], "texture": "#beetroots_10" },
				"north": { "uv": [ 0.000625, 0.000624657, 15.99938, 15.99938 ], "texture": "#beetroots_2" },
				"south": { "uv": [ 0.000625, 0.000624657, 15.99938, 15.99938 ], "texture": "#beetroots_2", "cullface": "south" },
				"west": { "uv": [ 0.000625, 0.000624657, 15.99938, 15.99938 ], "texture": "#beetroots_2", "cullface": "west" },
				"east": { "uv": [ 0.000625, 0.000624657, 15.99938, 15.99938 ], "texture": "#beetroots_2" }
			}
		},
		{
			"__comment": "Element",
			"from": [ 12.5002, 3.999, 0.9999 ],
			"to": [ 12.5012, 8.999, 5.9999 ],
			"faces": {
				"west": { "uv": [ 0.000625, 0.000624657, 15.99938, 12.49938 ], "texture": "#beetroots_1" },
				"east": { "uv": [ 0.000625, 0.000624657, 15.99938, 12.49938 ], "texture": "#beetroots_1" }
			}
		},
		{
			"__comment": "Element",
			"from": [ 3.4996, 4.0009, 0.9997 ],
			"to": [ 3.5006, 9.0009, 5.9997 ],
			"faces": {
				"west": { "uv": [ 0.000625, 0.000624657, 15.99938, 12.49938 ], "texture": "#beetroots_1" },
				"east": { "uv": [ 0.000625, 0.000624657, 15.99938, 12.49938 ], "texture": "#beetroots_1" }
			}
		},
		{
			"__comment": "Element",
			"from": [ 12.4999, 4.0003, 10.0003 ],
			"to": [ 12.5009, 9.000299, 15.0003 ],
			"faces": {
				"west": { "uv": [ 0.000625, 0.000624657, 15.99938, 12.49938 ], "texture": "#beetroots_1" },
				"east": { "uv": [ 0.000625, 0.000624657, 15.99938, 12.49938 ], "texture": "#beetroots_1" }
			}
		},
		{
			"__comment": "Element",
			"from": [ 3.5005, 4.0002, 10.0001 ],
			"to": [ 3.5015, 9.000198, 15.0001 ],
			"faces": {
				"west": { "uv": [ 0.000625, 0.000624657, 15.99938, 12.49938 ], "texture": "#beetroots_1" },
				"east": { "uv": [ 0.000625, 0.000624657, 15.99938, 12.49938 ], "texture": "#beetroots_1" }
			}
		},
		{
			"__comment": "Element",
			"from": [ 1.0007, 4.0008, 12.4999 ],
			"to": [ 6.0007, 9.000799, 12.50091 ],
			"faces": {
				"north": { "uv": [ 0.000625, 0.000624657, 15.99938, 12.49938 ], "texture": "#beetroots_1" },
				"south": { "uv": [ 0.000625, 0.000624657, 15.99938, 12.49938 ], "texture": "#beetroots_1" }
			}
		},
		{
			"__comment": "Element",
			"from": [ 10.0002, 3.9993, 3.4999 ],
			"to": [ 15.0002, 8.9993, 3.5009 ],
			"faces": {
				"north": { "uv": [ 0.000625, 0.000624657, 15.99938, 12.49938 ], "texture": "#beetroots_1" },
				"south": { "uv": [ 0.000625, 0.000624657, 15.99938, 12.49938 ], "texture": "#beetroots_1" }
			}
		},
		{
			"__comment": "Element",
			"from": [ 10.0003, 3.9992, 12.5009 ],
			"to": [ 15.0003, 8.9992, 12.5019 ],
			"faces": {
				"north": { "uv": [ 0.000625, 0.000624657, 15.99938, 12.49938 ], "texture": "#beetroots_1" },
				"south": { "uv": [ 0.000625, 0.000624657, 15.99938, 12.49938 ], "texture": "#beetroots_1" }
			}
		},
		{
			"__comment": "Element",
			"from": [ 1.0009, 4.001, 3.5001 ],
			"to": [ 6.0009, 9.000999, 3.5011 ],
			"faces": {
				"north": { "uv": [ 0.000625, 0.000624657, 15.99938, 12.49938 ], "texture": "#beetroots_1" },
				"south": { "uv": [ 0.000625, 0.000624657, 15.99938, 12.49938 ], "texture": "#beetroots_1" }
			}
		}
	]
}