{
	"__comment": "Designed by Interhell2000 with Cubik Studio - https://cubik.studio",
	"gui_light": "front",
	"ambientocclusion": false,
	"textures": {
		"particle": "block/b/big_dripleaf/big_dripleaf",
		"big_dripleaf_1": "block/b/big_dripleaf/big_dripleaf_1",
		"big_dripleaf_2": "block/b/big_dripleaf/big_dripleaf_2",
		"big_dripleaf_3": "block/b/big_dripleaf/big_dripleaf_3",
		"big_dripleaf_4": "block/b/big_dripleaf/big_dripleaf_4"
	},
	"elements": [ 	 
		{
			"__comment": "Box38",
			"from": [ 5.9997, 1.001, 14.9989 ],
			"to": [ 6.9997, 2.000999, 15.9989 ],
			"faces": {
				"up": { "uv": [ 8.501249, 15.00124, 9.498751, 15.99876 ], "texture": "#big_dripleaf_3" },
				"north": { "uv": [ 6.50125, 14.00124, 7.49875, 14.99876 ], "texture": "#big_dripleaf_3" },
				"south": { "uv": [ 8.501249, 14.00124, 9.498751, 14.99876 ], "texture": "#big_dripleaf_3", "cullface": "south" },
				"west": { "uv": [ 15.00124, 14.00124, 15.99876, 14.99876 ], "texture": "#big_dripleaf_3" },
				"east": { "uv": [ 0.00125, 14.00124, 0.99875, 14.99876 ], "texture": "#big_dripleaf_3" }
			}
		},
		{
			"__comment": "Box38",
			"from": [ 7.0003, 2.0001, 14.0011 ],
			"to": [ 8.000299, 3.0001, 15.0011 ],
			"faces": {
				"up": { "uv": [ 9.501249, 14.00124, 10.49876, 14.99876 ], "texture": "#big_dripleaf_3" },
				"north": { "uv": [ 5.50125, 13.00124, 6.49875, 13.99876 ], "texture": "#big_dripleaf_3" },
				"south": { "uv": [ 9.501249, 13.00124, 10.49876, 13.99876 ], "texture": "#big_dripleaf_3" },
				"west": { "uv": [ 14.00124, 13.00124, 14.99876, 13.99876 ], "texture": "#big_dripleaf_3" }
			}
		},
		{
			"__comment": "Box38",
			"from": [ 5.9986, 2.9992, 12.9999 ],
			"to": [ 6.9986, 3.9992, 13.9999 ],
			"faces": {
				"up": { "uv": [ 8.501249, 13.00124, 9.498751, 13.99876 ], "texture": "#big_dripleaf_3" },
				"north": { "uv": [ 6.50125, 12.00124, 7.49875, 12.99876 ], "texture": "#big_dripleaf_3" },
				"south": { "uv": [ 8.501249, 12.00124, 9.498751, 12.99876 ], "texture": "#big_dripleaf_3" },
				"west": { "uv": [ 13.00124, 12.00124, 13.99876, 12.99876 ], "texture": "#big_dripleaf_3" },
				"east": { "uv": [ 2.00125, 12.00124, 2.99875, 12.99876 ], "texture": "#big_dripleaf_3" }
			}
		},
		{
			"__comment": "Box38",
			"from": [ 5.0005, 4.0008, 13.9998 ],
			"to": [ 6.0005, 5.0008, 14.9998 ],
			"faces": {
				"up": { "uv": [ 7.50125, 14.00124, 8.498751, 14.99876 ], "texture": "#big_dripleaf_3" },
				"north": { "uv": [ 7.50125, 11.00124, 8.498751, 11.99876 ], "texture": "#big_dripleaf_3" },
				"south": { "uv": [ 7.50125, 11.00124, 8.498751, 11.99876 ], "texture": "#big_dripleaf_3" },
				"west": { "uv": [ 14.00124, 11.00124, 14.99876, 11.99876 ], "texture": "#big_dripleaf_3" },
				"east": { "uv": [ 1.00125, 11.00124, 1.99875, 11.99876 ], "texture": "#big_dripleaf_3" }
			}
		},
		{
			"__comment": "Box38",
			"from": [ 6.9996, 6.0008, 14.002 ],
			"to": [ 7.9996, 7.0008, 15.002 ],
			"faces": {
				"up": { "uv": [ 9.501249, 14.00124, 10.49876, 14.99876 ], "texture": "#big_dripleaf_3" },
				"north": { "uv": [ 5.50125, 9.001249, 6.49875, 9.998751 ], "texture": "#big_dripleaf_3" },
				"south": { "uv": [ 9.501249, 9.001249, 10.49876, 9.998751 ], "texture": "#big_dripleaf_3" },
				"west": { "uv": [ 14.00124, 9.001249, 14.99876, 9.998751 ], "texture": "#big_dripleaf_3" }
			}
		},
		{
			"__comment": "Box38",
			"from": [ 5.0012, 7.9994, 14 ],
			"to": [ 6.0012, 8.999401, 15 ],
			"faces": {
				"up": { "uv": [ 7.50125, 14.00124, 8.498751, 14.99876 ], "texture": "#big_dripleaf_3" },
				"north": { "uv": [ 7.50125, 7.001251, 8.498751, 7.998749 ], "texture": "#big_dripleaf_3" },
				"south": { "uv": [ 7.50125, 7.001251, 8.498751, 7.998749 ], "texture": "#big_dripleaf_3" },
				"west": { "uv": [ 14.00124, 7.001251, 14.99876, 7.998749 ], "texture": "#big_dripleaf_3" },
				"east": { "uv": [ 1.00125, 7.001251, 1.99875, 7.998749 ], "texture": "#big_dripleaf_3" }
			}
		},
		{
			"__comment": "Box38",
			"from": [ 6.9996, 9.999499, 14.001 ],
			"to": [ 7.9996, 10.9995, 15.001 ],
			"faces": {
				"up": { "uv": [ 9.501249, 14.00124, 10.49876, 14.99876 ], "texture": "#big_dripleaf_3" },
				"north": { "uv": [ 5.50125, 5.001251, 6.49875, 5.998749 ], "texture": "#big_dripleaf_3" },
				"south": { "uv": [ 9.501249, 5.001251, 10.49876, 5.998749 ], "texture": "#big_dripleaf_3" },
				"west": { "uv": [ 14.00124, 5.001251, 14.99876, 5.998749 ], "texture": "#big_dripleaf_3" },
				"east": { "uv": [ 1.00125, 5.001251, 1.99875, 5.998749 ], "texture": "#big_dripleaf_3" }
			}
		},
		{
			"__comment": "Box38",
			"from": [ 6.0004, 11.001, 13.0016 ],
			"to": [ 7.0004, 12.001, 14.0016 ],
			"faces": {
				"up": { "uv": [ 8.501249, 13.00124, 9.498751, 13.99876 ], "texture": "#big_dripleaf_3" },
				"north": { "uv": [ 6.50125, 4.001251, 7.49875, 4.998749 ], "texture": "#big_dripleaf_3" },
				"south": { "uv": [ 8.501249, 4.001251, 9.498751, 4.998749 ], "texture": "#big_dripleaf_3" },
				"west": { "uv": [ 13.00124, 4.001251, 13.99876, 4.998749 ], "texture": "#big_dripleaf_3" },
				"east": { "uv": [ 2.00125, 4.001251, 2.99875, 4.998749 ], "texture": "#big_dripleaf_3" }
			}
		},
		{
			"__comment": "Box38",
			"from": [ 5.0016, 11.9996, 14.0007 ],
			"to": [ 6.0016, 12.9996, 15.0007 ],
			"faces": {
				"up": { "uv": [ 7.50125, 14.00124, 8.498751, 14.99876 ], "texture": "#big_dripleaf_3" },
				"north": { "uv": [ 7.50125, 3.00125, 8.498751, 3.99875 ], "texture": "#big_dripleaf_3" },
				"south": { "uv": [ 7.50125, 3.00125, 8.498751, 3.99875 ], "texture": "#big_dripleaf_3" },
				"west": { "uv": [ 14.00124, 3.00125, 14.99876, 3.99875 ], "texture": "#big_dripleaf_3" },
				"east": { "uv": [ 1.00125, 3.00125, 1.99875, 3.99875 ], "texture": "#big_dripleaf_3" }
			}
		},
		{
			"__comment": "Box38",
			"from": [ 6.0015, 12.9994, 15.0007 ],
			"to": [ 7.0015, 13.9994, 16.0007 ],
			"faces": {
				"up": { "uv": [ 8.501249, 15.00124, 9.498751, 15.99876 ], "texture": "#big_dripleaf_3" },
				"north": { "uv": [ 6.50125, 2.00125, 7.49875, 2.99875 ], "texture": "#big_dripleaf_3" },
				"south": { "uv": [ 8.501249, 2.00125, 9.498751, 2.99875 ], "texture": "#big_dripleaf_3", "cullface": "south" },
				"west": { "uv": [ 15.00124, 2.00125, 15.99876, 2.99875 ], "texture": "#big_dripleaf_3" },
				"east": { "uv": [ 0.00125, 2.00125, 0.99875, 2.99875 ], "texture": "#big_dripleaf_3" }
			}
		},
		{
			"__comment": "Box38",
			"from": [ 7.0011, 14.0014, 13.9996 ],
			"to": [ 8.001101, 15.0014, 14.9996 ],
			"faces": {
				"up": { "uv": [ 9.501249, 14.00124, 10.49876, 14.99876 ], "texture": "#big_dripleaf_3" },
				"north": { "uv": [ 5.50125, 1.00125, 6.49875, 1.99875 ], "texture": "#big_dripleaf_3" },
				"south": { "uv": [ 9.501249, 1.00125, 10.49876, 1.99875 ], "texture": "#big_dripleaf_3" },
				"west": { "uv": [ 14.00124, 1.00125, 14.99876, 1.99875 ], "texture": "#big_dripleaf_3" },
				"east": { "uv": [ 1.00125, 1.00125, 1.99875, 1.99875 ], "texture": "#big_dripleaf_3" }
			}
		},
		{
			"__comment": "Box38",
			"from": [ 6.9994, 0.9996, 13.9997 ],
			"to": [ 7.9994, 1.9996, 14.9997 ],
			"faces": {
				"down": { "uv": [ 11.50124, 0.001249313, 12.49876, 0.9987507 ], "texture": "#big_dripleaf_3", "rotation": 90 },
				"north": { "uv": [ 0.00125, 14.00124, 0.99875, 14.99876 ], "texture": "#big_dripleaf_3" },
				"south": { "uv": [ 15.00124, 14.00124, 15.99876, 14.99876 ], "texture": "#big_dripleaf_3" },
				"west": { "uv": [ 3.50125, 14.00124, 4.49875, 14.99876 ], "texture": "#big_dripleaf_3" }
			}
		},
		{
			"__comment": "Box38",
			"from": [ 5.999, 1.9994, 12.9997 ],
			"to": [ 6.999, 2.999401, 13.9997 ],
			"faces": {
				"down": { "uv": [ 12.50124, 1.00125, 13.49876, 1.99875 ], "texture": "#big_dripleaf_3", "rotation": 90 },
				"north": { "uv": [ 1.00125, 13.00124, 1.99875, 13.99876 ], "texture": "#big_dripleaf_3" },
				"south": { "uv": [ 14.00124, 13.00124, 14.99876, 13.99876 ], "texture": "#big_dripleaf_3" },
				"west": { "uv": [ 2.50125, 13.00124, 3.49875, 13.99876 ], "texture": "#big_dripleaf_3" },
				"east": { "uv": [ 12.50124, 13.00124, 13.49876, 13.99876 ], "texture": "#big_dripleaf_3" }
			}
		},
		{
			"__comment": "Box38",
			"from": [ 5.0004, 3.0009, 14.0012 ],
			"to": [ 6.0004, 4.000899, 15.0012 ],
			"faces": {
				"down": { "uv": [ 11.50124, 2.00125, 12.49876, 2.99875 ], "texture": "#big_dripleaf_3", "rotation": 90 },
				"north": { "uv": [ 2.00125, 12.00124, 2.99875, 12.99876 ], "texture": "#big_dripleaf_3" },
				"south": { "uv": [ 13.00124, 12.00124, 13.99876, 12.99876 ], "texture": "#big_dripleaf_3" },
				"west": { "uv": [ 3.50125, 12.00124, 4.49875, 12.99876 ], "texture": "#big_dripleaf_3" },
				"east": { "uv": [ 11.50124, 12.00124, 12.49876, 12.99876 ], "texture": "#big_dripleaf_3" }
			}
		},
		{
			"__comment": "Box38",
			"from": [ 6, 3.9988, 15.0017 ],
			"to": [ 7, 4.998801, 16.0017 ],
			"faces": {
				"down": { "uv": [ 10.50124, 1.00125, 11.49876, 1.99875 ], "texture": "#big_dripleaf_3", "rotation": 90 },
				"north": { "uv": [ 1.00125, 11.00124, 1.99875, 11.99876 ], "texture": "#big_dripleaf_3" },
				"south": { "uv": [ 14.00124, 11.00124, 14.99876, 11.99876 ], "texture": "#big_dripleaf_3", "cullface": "south" },
				"west": { "uv": [ 4.50125, 11.00124, 5.49875, 11.99876 ], "texture": "#big_dripleaf_3" },
				"east": { "uv": [ 10.50124, 11.00124, 11.49876, 11.99876 ], "texture": "#big_dripleaf_3" }
			}
		},
		{
			"__comment": "Box38",
			"from": [ 7.0012, 4.9988, 14.0003 ],
			"to": [ 8.001198, 5.9988, 15.0003 ],
			"faces": {
				"down": { "uv": [ 11.50124, 0.001249313, 12.49876, 0.9987507 ], "texture": "#big_dripleaf_3", "rotation": 90 },
				"north": { "uv": [ 0.00125, 10.00124, 0.99875, 10.99876 ], "texture": "#big_dripleaf_3" },
				"south": { "uv": [ 15.00124, 10.00124, 15.99876, 10.99876 ], "texture": "#big_dripleaf_3" },
				"west": { "uv": [ 3.50125, 10.00124, 4.49875, 10.99876 ], "texture": "#big_dripleaf_3" }
			}
		},
		{
			"__comment": "Box38",
			"from": [ 6.001, 5.9991, 12.999 ],
			"to": [ 7.001, 6.9991, 13.999 ],
			"faces": {
				"down": { "uv": [ 12.50124, 1.00125, 13.49876, 1.99875 ], "texture": "#big_dripleaf_3", "rotation": 90 },
				"north": { "uv": [ 1.00125, 9.001249, 1.99875, 9.998751 ], "texture": "#big_dripleaf_3" },
				"south": { "uv": [ 14.00124, 9.001249, 14.99876, 9.998751 ], "texture": "#big_dripleaf_3" },
				"west": { "uv": [ 2.50125, 9.001249, 3.49875, 9.998751 ], "texture": "#big_dripleaf_3" },
				"east": { "uv": [ 12.50124, 9.001249, 13.49876, 9.998751 ], "texture": "#big_dripleaf_3" }
			}
		},
		{
			"__comment": "Box38",
			"from": [ 5.0003, 6.9989, 13.9999 ],
			"to": [ 6.0003, 7.9989, 14.9999 ],
			"faces": {
				"down": { "uv": [ 11.50124, 2.00125, 12.49876, 2.99875 ], "texture": "#big_dripleaf_3", "rotation": 90 },
				"north": { "uv": [ 2.00125, 8.001249, 2.99875, 8.998751 ], "texture": "#big_dripleaf_3" },
				"south": { "uv": [ 13.00124, 8.001249, 13.99876, 8.998751 ], "texture": "#big_dripleaf_3" },
				"west": { "uv": [ 3.50125, 8.001249, 4.49875, 8.998751 ], "texture": "#big_dripleaf_3" },
				"east": { "uv": [ 11.50124, 8.001249, 12.49876, 8.998751 ], "texture": "#big_dripleaf_3" }
			}
		},
		{
			"__comment": "Box38",
			"from": [ 5.9986, 7.9989, 14.9991 ],
			"to": [ 6.9986, 8.998899, 15.9991 ],
			"faces": {
				"down": { "uv": [ 10.50124, 1.00125, 11.49876, 1.99875 ], "texture": "#big_dripleaf_3", "rotation": 90 },
				"north": { "uv": [ 1.00125, 7.001251, 1.99875, 7.998749 ], "texture": "#big_dripleaf_3" },
				"south": { "uv": [ 14.00124, 7.001251, 14.99876, 7.998749 ], "texture": "#big_dripleaf_3", "cullface": "south" },
				"west": { "uv": [ 4.50125, 7.001251, 5.49875, 7.998749 ], "texture": "#big_dripleaf_3" },
				"east": { "uv": [ 10.50124, 7.001251, 11.49876, 7.998749 ], "texture": "#big_dripleaf_3" }
			}
		},
		{
			"__comment": "Box38",
			"from": [ 6.0004, 9.9993, 13 ],
			"to": [ 7.0004, 10.9993, 14 ],
			"faces": {
				"down": { "uv": [ 12.50124, 1.00125, 13.49876, 1.99875 ], "texture": "#big_dripleaf_3", "rotation": 90 },
				"north": { "uv": [ 1.00125, 5.001251, 1.99875, 5.998749 ], "texture": "#big_dripleaf_3" },
				"south": { "uv": [ 14.00124, 5.001251, 14.99876, 5.998749 ], "texture": "#big_dripleaf_3" },
				"west": { "uv": [ 2.50125, 5.001251, 3.49875, 5.998749 ], "texture": "#big_dripleaf_3" },
				"east": { "uv": [ 12.50124, 5.001251, 13.49876, 5.998749 ], "texture": "#big_dripleaf_3" }
			}
		},
		{
			"__comment": "Box38",
			"from": [ 5.0005, 11.0002, 13.9996 ],
			"to": [ 6.0005, 12.0002, 14.9996 ],
			"faces": {
				"down": { "uv": [ 11.50124, 2.00125, 12.49876, 2.99875 ], "texture": "#big_dripleaf_3", "rotation": 90 },
				"north": { "uv": [ 2.00125, 4.001251, 2.99875, 4.998749 ], "texture": "#big_dripleaf_3" },
				"south": { "uv": [ 13.00124, 4.001251, 13.99876, 4.998749 ], "texture": "#big_dripleaf_3" },
				"west": { "uv": [ 3.50125, 4.001251, 4.49875, 4.998749 ], "texture": "#big_dripleaf_3" },
				"east": { "uv": [ 11.50124, 4.001251, 12.49876, 4.998749 ], "texture": "#big_dripleaf_3" }
			}
		},
		{
			"__comment": "Box38",
			"from": [ 5.9993, 12.0004, 15.0002 ],
			"to": [ 6.9993, 13.0004, 16.0002 ],
			"faces": {
				"down": { "uv": [ 10.50124, 1.00125, 11.49876, 1.99875 ], "texture": "#big_dripleaf_3", "rotation": 90 },
				"north": { "uv": [ 1.00125, 3.00125, 1.99875, 3.99875 ], "texture": "#big_dripleaf_3" },
				"south": { "uv": [ 14.00124, 3.00125, 14.99876, 3.99875 ], "texture": "#big_dripleaf_3", "cullface": "south" },
				"west": { "uv": [ 4.50125, 3.00125, 5.49875, 3.99875 ], "texture": "#big_dripleaf_3" },
				"east": { "uv": [ 10.50124, 3.00125, 11.49876, 3.99875 ], "texture": "#big_dripleaf_3" }
			}
		},
		{
			"__comment": "Box38",
			"from": [ 6.9992, 12.9994, 14.0001 ],
			"to": [ 7.9992, 13.9994, 15.0001 ],
			"faces": {
				"down": { "uv": [ 11.50124, 0.001249313, 12.49876, 0.9987507 ], "texture": "#big_dripleaf_3", "rotation": 90 },
				"north": { "uv": [ 0.00125, 2.00125, 0.99875, 2.99875 ], "texture": "#big_dripleaf_3" },
				"south": { "uv": [ 15.00124, 2.00125, 15.99876, 2.99875 ], "texture": "#big_dripleaf_3" },
				"west": { "uv": [ 3.50125, 2.00125, 4.49875, 2.99875 ], "texture": "#big_dripleaf_3" },
				"east": { "uv": [ 11.50124, 2.00125, 12.49876, 2.99875 ], "texture": "#big_dripleaf_3" }
			}
		},
		{
			"__comment": "Box38",
			"from": [ 6.0002, 13.9992, 12.9998 ],
			"to": [ 7.0002, 14.9992, 13.9998 ],
			"faces": {
				"down": { "uv": [ 12.50124, 1.00125, 13.49876, 1.99875 ], "texture": "#big_dripleaf_3", "rotation": 90 },
				"up": { "uv": [ 12.50124, 14.00124, 13.49876, 14.99876 ], "texture": "#big_dripleaf_3", "rotation": 270 },
				"north": { "uv": [ 1.00125, 1.00125, 1.99875, 1.99875 ], "texture": "#big_dripleaf_3" },
				"south": { "uv": [ 14.00124, 1.00125, 14.99876, 1.99875 ], "texture": "#big_dripleaf_3" },
				"west": { "uv": [ 2.50125, 1.00125, 3.49875, 1.99875 ], "texture": "#big_dripleaf_3" },
				"east": { "uv": [ 12.50124, 1.00125, 13.49876, 1.99875 ], "texture": "#big_dripleaf_3" }
			}
		},
		{
			"__comment": "Box38",
			"from": [ 8.0001, 0.0015, 13.9985 ],
			"to": [ 9.0001, 1.0015, 14.9985 ],
			"faces": {
				"down": { "uv": [ 8.001249, 1.00125, 8.998751, 1.99875 ], "texture": "#big_dripleaf_3", "cullface": "down" },
				"up": { "uv": [ 8.001249, 14.00124, 8.998751, 14.99876 ], "texture": "#big_dripleaf_3" },
				"north": { "uv": [ 7.00125, 15.00124, 7.99875, 15.99876 ], "texture": "#big_dripleaf_3" },
				"south": { "uv": [ 8.001249, 15.00124, 8.998751, 15.99876 ], "texture": "#big_dripleaf_3" },
				"east": { "uv": [ 1.00125, 15.00124, 1.99875, 15.99876 ], "texture": "#big_dripleaf_3" }
			}
		},
		{
			"__comment": "Box38",
			"from": [ 10.0007, 2.0007, 14.0012 ],
			"to": [ 11.0007, 3.0007, 15.0012 ],
			"faces": {
				"up": { "uv": [ 7.00125, 14.00124, 7.99875, 14.99876 ], "texture": "#big_dripleaf_3" },
				"north": { "uv": [ 8.001249, 13.00124, 8.998751, 13.99876 ], "texture": "#big_dripleaf_3" },
				"south": { "uv": [ 7.00125, 13.00124, 7.99875, 13.99876 ], "texture": "#big_dripleaf_3" },
				"west": { "uv": [ 14.00124, 13.00124, 14.99876, 13.99876 ], "texture": "#big_dripleaf_3" },
				"east": { "uv": [ 1.00125, 13.00124, 1.99875, 13.99876 ], "texture": "#big_dripleaf_3" }
			}
		},
		{
			"__comment": "Box38",
			"from": [ 8.998899, 2.9993, 12.9988 ],
			"to": [ 9.998899, 3.9993, 13.9988 ],
			"faces": {
				"up": { "uv": [ 6.00125, 13.00124, 6.99875, 13.99876 ], "texture": "#big_dripleaf_3" },
				"north": { "uv": [ 9.001249, 12.00124, 9.998751, 12.99876 ], "texture": "#big_dripleaf_3" },
				"south": { "uv": [ 6.00125, 12.00124, 6.99875, 12.99876 ], "texture": "#big_dripleaf_3" },
				"west": { "uv": [ 13.00124, 12.00124, 13.99876, 12.99876 ], "texture": "#big_dripleaf_3" },
				"east": { "uv": [ 2.00125, 12.00124, 2.99875, 12.99876 ], "texture": "#big_dripleaf_3" }
			}
		},
		{
			"__comment": "Box38",
			"from": [ 8, 3.9998, 14.0012 ],
			"to": [ 9, 4.9998, 15.0012 ],
			"faces": {
				"up": { "uv": [ 5.00125, 14.00124, 5.99875, 14.99876 ], "texture": "#big_dripleaf_3" },
				"north": { "uv": [ 10.00124, 11.00124, 10.99876, 11.99876 ], "texture": "#big_dripleaf_3" },
				"south": { "uv": [ 5.00125, 11.00124, 5.99875, 11.99876 ], "texture": "#big_dripleaf_3" },
				"east": { "uv": [ 1.00125, 11.00124, 1.99875, 11.99876 ], "texture": "#big_dripleaf_3" }
			}
		},
		{
			"__comment": "Box38",
			"from": [ 7.9989, 7.9995, 13.9998 ],
			"to": [ 8.998899, 8.999499, 14.9998 ],
			"faces": {
				"up": { "uv": [ 5.00125, 14.00124, 5.99875, 14.99876 ], "texture": "#big_dripleaf_3" },
				"north": { "uv": [ 10.00124, 7.001251, 10.99876, 7.998749 ], "texture": "#big_dripleaf_3" },
				"south": { "uv": [ 5.00125, 7.001251, 5.99875, 7.998749 ], "texture": "#big_dripleaf_3" },
				"east": { "uv": [ 1.00125, 7.001251, 1.99875, 7.998749 ], "texture": "#big_dripleaf_3" }
			}
		},
		{
			"__comment": "Box38",
			"from": [ 10.0008, 9.998899, 14.0001 ],
			"to": [ 11.0008, 10.9989, 15.0001 ],
			"faces": {
				"up": { "uv": [ 7.00125, 14.00124, 7.99875, 14.99876 ], "texture": "#big_dripleaf_3" },
				"north": { "uv": [ 8.001249, 5.001251, 8.998751, 5.998749 ], "texture": "#big_dripleaf_3" },
				"south": { "uv": [ 7.00125, 5.001251, 7.99875, 5.998749 ], "texture": "#big_dripleaf_3" },
				"west": { "uv": [ 14.00124, 5.001251, 14.99876, 5.998749 ], "texture": "#big_dripleaf_3" },
				"east": { "uv": [ 1.00125, 5.001251, 1.99875, 5.998749 ], "texture": "#big_dripleaf_3" }
			}
		},
		{
			"__comment": "Box38",
			"from": [ 8.9993, 10.9987, 12.9996 ],
			"to": [ 9.999301, 11.9987, 13.9996 ],
			"faces": {
				"up": { "uv": [ 6.00125, 13.00124, 6.99875, 13.99876 ], "texture": "#big_dripleaf_3" },
				"north": { "uv": [ 9.001249, 4.001251, 9.998751, 4.998749 ], "texture": "#big_dripleaf_3" },
				"south": { "uv": [ 6.00125, 4.001251, 6.99875, 4.998749 ], "texture": "#big_dripleaf_3" },
				"west": { "uv": [ 13.00124, 4.001251, 13.99876, 4.998749 ], "texture": "#big_dripleaf_3" },
				"east": { "uv": [ 2.00125, 4.001251, 2.99875, 4.998749 ], "texture": "#big_dripleaf_3" }
			}
		},
		{
			"__comment": "Box38",
			"from": [ 8, 12.0003, 14.0005 ],
			"to": [ 9, 13.0003, 15.0005 ],
			"faces": {
				"up": { "uv": [ 5.00125, 14.00124, 5.99875, 14.99876 ], "texture": "#big_dripleaf_3" },
				"north": { "uv": [ 10.00124, 3.00125, 10.99876, 3.99875 ], "texture": "#big_dripleaf_3" },
				"south": { "uv": [ 5.00125, 3.00125, 5.99875, 3.99875 ], "texture": "#big_dripleaf_3" },
				"west": { "uv": [ 14.00124, 3.00125, 14.99876, 3.99875 ], "texture": "#big_dripleaf_3" },
				"east": { "uv": [ 1.00125, 3.00125, 1.99875, 3.99875 ], "texture": "#big_dripleaf_3" }
			}
		},
		{
			"__comment": "Box38",
			"from": [ 9.9997, 14.0005, 13.9998 ],
			"to": [ 10.9997, 15.0005, 14.9998 ],
			"faces": {
				"up": { "uv": [ 7.00125, 14.00124, 7.99875, 14.99876 ], "texture": "#big_dripleaf_3" },
				"north": { "uv": [ 8.001249, 1.00125, 8.998751, 1.99875 ], "texture": "#big_dripleaf_3" },
				"south": { "uv": [ 7.00125, 1.00125, 7.99875, 1.99875 ], "texture": "#big_dripleaf_3" },
				"west": { "uv": [ 14.00124, 1.00125, 14.99876, 1.99875 ], "texture": "#big_dripleaf_3" },
				"east": { "uv": [ 1.00125, 1.00125, 1.99875, 1.99875 ], "texture": "#big_dripleaf_3" }
			}
		},
		{
			"__comment": "Box38",
			"from": [ 9.998899, 1.0006, 14.0008 ],
			"to": [ 10.9989, 2.0006, 15.0008 ],
			"faces": {
				"down": { "uv": [ 11.50124, 0.001249313, 12.49876, 0.9987507 ], "texture": "#big_dripleaf_3", "rotation": 90 },
				"north": { "uv": [ 0.00125, 14.00124, 0.99875, 14.99876 ], "texture": "#big_dripleaf_3" },
				"south": { "uv": [ 15.00124, 14.00124, 15.99876, 14.99876 ], "texture": "#big_dripleaf_3" },
				"west": { "uv": [ 3.50125, 14.00124, 4.49875, 14.99876 ], "texture": "#big_dripleaf_3" },
				"east": { "uv": [ 11.50124, 14.00124, 12.49876, 14.99876 ], "texture": "#big_dripleaf_3" }
			}
		},
		{
			"__comment": "Box38",
			"from": [ 9.0008, 1.9995, 12.9985 ],
			"to": [ 10.0008, 2.9995, 13.9985 ],
			"faces": {
				"down": { "uv": [ 12.50124, 1.00125, 13.49876, 1.99875 ], "texture": "#big_dripleaf_3", "rotation": 90 },
				"north": { "uv": [ 1.00125, 13.00124, 1.99875, 13.99876 ], "texture": "#big_dripleaf_3" },
				"south": { "uv": [ 14.00124, 13.00124, 14.99876, 13.99876 ], "texture": "#big_dripleaf_3" },
				"west": { "uv": [ 2.50125, 13.00124, 3.49875, 13.99876 ], "texture": "#big_dripleaf_3" },
				"east": { "uv": [ 12.50124, 13.00124, 13.49876, 13.99876 ], "texture": "#big_dripleaf_3" }
			}
		},
		{
			"__comment": "Box38",
			"from": [ 8.000999, 3.0002, 14.0008 ],
			"to": [ 9.000999, 4.0002, 15.0008 ],
			"faces": {
				"down": { "uv": [ 11.50124, 2.00125, 12.49876, 2.99875 ], "texture": "#big_dripleaf_3", "rotation": 90 },
				"north": { "uv": [ 2.00125, 12.00124, 2.99875, 12.99876 ], "texture": "#big_dripleaf_3" },
				"south": { "uv": [ 13.00124, 12.00124, 13.99876, 12.99876 ], "texture": "#big_dripleaf_3" },
				"east": { "uv": [ 11.50124, 12.00124, 12.49876, 12.99876 ], "texture": "#big_dripleaf_3" }
			}
		},
		{
			"__comment": "Box38",
			"from": [ 9.0012, 4.0001, 14.9999 ],
			"to": [ 10.0012, 5.0001, 15.9999 ],
			"faces": {
				"down": { "uv": [ 10.50124, 1.00125, 11.49876, 1.99875 ], "texture": "#big_dripleaf_3", "rotation": 90 },
				"north": { "uv": [ 1.00125, 11.00124, 1.99875, 11.99876 ], "texture": "#big_dripleaf_3" },
				"south": { "uv": [ 14.00124, 11.00124, 14.99876, 11.99876 ], "texture": "#big_dripleaf_3", "cullface": "south" },
				"west": { "uv": [ 4.50125, 11.00124, 5.49875, 11.99876 ], "texture": "#big_dripleaf_3" },
				"east": { "uv": [ 10.50124, 11.00124, 11.49876, 11.99876 ], "texture": "#big_dripleaf_3" }
			}
		},
		{
			"__comment": "Box38",
			"from": [ 9.9998, 4.9987, 13.9988 ],
			"to": [ 10.9998, 5.9987, 14.9988 ],
			"faces": {
				"down": { "uv": [ 11.50124, 0.001249313, 12.49876, 0.9987507 ], "texture": "#big_dripleaf_3", "rotation": 90 },
				"north": { "uv": [ 0.00125, 10.00124, 0.99875, 10.99876 ], "texture": "#big_dripleaf_3" },
				"south": { "uv": [ 15.00124, 10.00124, 15.99876, 10.99876 ], "texture": "#big_dripleaf_3" },
				"west": { "uv": [ 3.50125, 10.00124, 4.49875, 10.99876 ], "texture": "#big_dripleaf_3" },
				"east": { "uv": [ 11.50124, 10.00124, 12.49876, 10.99876 ], "texture": "#big_dripleaf_3" }
			}
		},
		{
			"__comment": "Box38",
			"from": [ 8.998899, 5.9997, 12.9988 ],
			"to": [ 9.998899, 6.9997, 13.9988 ],
			"faces": {
				"down": { "uv": [ 12.50124, 1.00125, 13.49876, 1.99875 ], "texture": "#big_dripleaf_3", "rotation": 90 },
				"north": { "uv": [ 1.00125, 9.001249, 1.99875, 9.998751 ], "texture": "#big_dripleaf_3" },
				"south": { "uv": [ 14.00124, 9.001249, 14.99876, 9.998751 ], "texture": "#big_dripleaf_3" },
				"west": { "uv": [ 2.50125, 9.001249, 3.49875, 9.998751 ], "texture": "#big_dripleaf_3" },
				"east": { "uv": [ 12.50124, 9.001249, 13.49876, 9.998751 ], "texture": "#big_dripleaf_3" }
			}
		},
		{
			"__comment": "Box38",
			"from": [ 7.9993, 6.9999, 14.0002 ],
			"to": [ 8.9993, 7.9999, 15.0002 ],
			"faces": {
				"down": { "uv": [ 11.50124, 2.00125, 12.49876, 2.99875 ], "texture": "#big_dripleaf_3", "rotation": 90 },
				"north": { "uv": [ 2.00125, 8.001249, 2.99875, 8.998751 ], "texture": "#big_dripleaf_3" },
				"south": { "uv": [ 13.00124, 8.001249, 13.99876, 8.998751 ], "texture": "#big_dripleaf_3" },
				"east": { "uv": [ 11.50124, 8.001249, 12.49876, 8.998751 ], "texture": "#big_dripleaf_3" }
			}
		},
		{
			"__comment": "Box38",
			"from": [ 9.0013, 8.0005, 14.999 ],
			"to": [ 10.0013, 9.000498, 15.999 ],
			"faces": {
				"down": { "uv": [ 10.50124, 1.00125, 11.49876, 1.99875 ], "texture": "#big_dripleaf_3", "rotation": 90 },
				"north": { "uv": [ 1.00125, 7.001251, 1.99875, 7.998749 ], "texture": "#big_dripleaf_3" },
				"south": { "uv": [ 14.00124, 7.001251, 14.99876, 7.998749 ], "texture": "#big_dripleaf_3", "cullface": "south" },
				"west": { "uv": [ 4.50125, 7.001251, 5.49875, 7.998749 ], "texture": "#big_dripleaf_3" },
				"east": { "uv": [ 10.50124, 7.001251, 11.49876, 7.998749 ], "texture": "#big_dripleaf_3" }
			}
		},
		{
			"__comment": "Box38",
			"from": [ 8.999499, 10.0014, 13.0015 ],
			"to": [ 9.999499, 11.0014, 14.0015 ],
			"faces": {
				"down": { "uv": [ 12.50124, 1.00125, 13.49876, 1.99875 ], "texture": "#big_dripleaf_3", "rotation": 90 },
				"north": { "uv": [ 1.00125, 5.001251, 1.99875, 5.998749 ], "texture": "#big_dripleaf_3" },
				"south": { "uv": [ 14.00124, 5.001251, 14.99876, 5.998749 ], "texture": "#big_dripleaf_3" },
				"west": { "uv": [ 2.50125, 5.001251, 3.49875, 5.998749 ], "texture": "#big_dripleaf_3" },
				"east": { "uv": [ 12.50124, 5.001251, 13.49876, 5.998749 ], "texture": "#big_dripleaf_3" }
			}
		},
		{
			"__comment": "Box38",
			"from": [ 7.9995, 11.0007, 14.0008 ],
			"to": [ 8.9995, 12.0007, 15.0008 ],
			"faces": {
				"down": { "uv": [ 11.50124, 2.00125, 12.49876, 2.99875 ], "texture": "#big_dripleaf_3", "rotation": 90 },
				"north": { "uv": [ 2.00125, 4.001251, 2.99875, 4.998749 ], "texture": "#big_dripleaf_3" },
				"south": { "uv": [ 13.00124, 4.001251, 13.99876, 4.998749 ], "texture": "#big_dripleaf_3" },
				"west": { "uv": [ 3.50125, 4.001251, 4.49875, 4.998749 ], "texture": "#big_dripleaf_3" },
				"east": { "uv": [ 11.50124, 4.001251, 12.49876, 4.998749 ], "texture": "#big_dripleaf_3" }
			}
		},
		{
			"__comment": "Box38",
			"from": [ 9.0005, 12, 15.0001 ],
			"to": [ 10.0005, 13, 16.0001 ],
			"faces": {
				"down": { "uv": [ 10.50124, 1.00125, 11.49876, 1.99875 ], "texture": "#big_dripleaf_3", "rotation": 90 },
				"north": { "uv": [ 1.00125, 3.00125, 1.99875, 3.99875 ], "texture": "#big_dripleaf_3" },
				"south": { "uv": [ 14.00124, 3.00125, 14.99876, 3.99875 ], "texture": "#big_dripleaf_3", "cullface": "south" },
				"west": { "uv": [ 4.50125, 3.00125, 5.49875, 3.99875 ], "texture": "#big_dripleaf_3" },
				"east": { "uv": [ 10.50124, 3.00125, 11.49876, 3.99875 ], "texture": "#big_dripleaf_3" }
			}
		},
		{
			"__comment": "Box38",
			"from": [ 9.9985, 12.9994, 14.0002 ],
			"to": [ 10.9985, 13.9994, 15.0002 ],
			"faces": {
				"down": { "uv": [ 11.50124, 0.001249313, 12.49876, 0.9987507 ], "texture": "#big_dripleaf_3", "rotation": 90 },
				"north": { "uv": [ 0.00125, 2.00125, 0.99875, 2.99875 ], "texture": "#big_dripleaf_3" },
				"south": { "uv": [ 15.00124, 2.00125, 15.99876, 2.99875 ], "texture": "#big_dripleaf_3" },
				"west": { "uv": [ 3.50125, 2.00125, 4.49875, 2.99875 ], "texture": "#big_dripleaf_3" },
				"east": { "uv": [ 11.50124, 2.00125, 12.49876, 2.99875 ], "texture": "#big_dripleaf_3" }
			}
		},
		{
			"__comment": "Box38",
			"from": [ 8.9997, 13.9993, 12.9984 ],
			"to": [ 9.999701, 14.9993, 13.9984 ],
			"faces": {
				"down": { "uv": [ 12.50124, 1.00125, 13.49876, 1.99875 ], "texture": "#big_dripleaf_3", "rotation": 90 },
				"up": { "uv": [ 12.50124, 14.00124, 13.49876, 14.99876 ], "texture": "#big_dripleaf_3", "rotation": 270 },
				"north": { "uv": [ 1.00125, 1.00125, 1.99875, 1.99875 ], "texture": "#big_dripleaf_3" },
				"south": { "uv": [ 14.00124, 1.00125, 14.99876, 1.99875 ], "texture": "#big_dripleaf_3" },
				"west": { "uv": [ 2.50125, 1.00125, 3.49875, 1.99875 ], "texture": "#big_dripleaf_3" },
				"east": { "uv": [ 12.50124, 1.00125, 13.49876, 1.99875 ], "texture": "#big_dripleaf_3" }
			}
		},
		{
			"__comment": "Voxels",
			"from": [ 1, 14.5004, 4.5014 ],
			"to": [ 7.5, 15.5004, 11.5014 ],
			"faces": {
				"down": { "uv": [ 1.00125, 5.001251, 7.498754, 11.99876 ], "texture": "#big_dripleaf_4" },
				"up": { "uv": [ 1.00125, 4.001251, 7.498754, 10.99876 ], "texture": "#big_dripleaf_1" },
				"north": { "uv": [ 8.501249, 15.00124, 14.99876, 15.99876 ], "texture": "#big_dripleaf_1" },
				"south": { "uv": [ 1.00125, 15.00124, 7.498754, 15.99876 ], "texture": "#big_dripleaf_1" },
				"west": { "uv": [ 4.00125, 15.00124, 10.99876, 15.99876 ], "texture": "#big_dripleaf_1" },
				"east": { "uv": [ 5.00125, 15.00124, 11.99876, 15.99876 ], "texture": "#big_dripleaf_1" }
			}
		},
		{
			"__comment": "Voxels",
			"from": [ 0.9995, 15.5015, 5.5 ],
			"to": [ 7.4995, 16.0015, 10.5 ],
			"faces": {
				"up": { "uv": [ 1.00125, 5.001251, 7.498754, 9.998751 ], "texture": "#big_dripleaf_1", "cullface": "up" },
				"north": { "uv": [ 8.501249, 14.50124, 14.99876, 14.99876 ], "texture": "#big_dripleaf_1" },
				"south": { "uv": [ 1.00125, 14.50124, 7.498754, 14.99876 ], "texture": "#big_dripleaf_1" },
				"west": { "uv": [ 5.00125, 14.50124, 9.998751, 14.99876 ], "texture": "#big_dripleaf_1" },
				"east": { "uv": [ 6.00125, 14.50124, 10.99876, 14.99876 ], "texture": "#big_dripleaf_1" }
			}
		},
		{
			"__comment": "Voxels",
			"from": [ 1.502, 14.4988, 3.0004 ],
			"to": [ 7.502, 15.4988, 4.5004 ],
			"faces": {
				"down": { "uv": [ 1.50125, 12.00124, 7.498754, 13.49876 ], "texture": "#big_dripleaf_4" },
				"up": { "uv": [ 1.50125, 2.50125, 7.498754, 3.99875 ], "texture": "#big_dripleaf_1" },
				"north": { "uv": [ 8.501249, 15.00124, 14.49876, 15.99876 ], "texture": "#big_dripleaf_1" },
				"west": { "uv": [ 2.50125, 15.00124, 3.99875, 15.99876 ], "texture": "#big_dripleaf_1" },
				"east": { "uv": [ 12.00124, 15.00124, 13.49876, 15.99876 ], "texture": "#big_dripleaf_1" }
			}
		},
		{
			"__comment": "Voxels",
			"from": [ 1.5003, 14.4995, 11.4997 ],
			"to": [ 14.50031, 15.9995, 12.4997 ],
			"faces": {
				"down": { "uv": [ 1.50125, 4.001251, 14.49876, 4.998749 ], "texture": "#big_dripleaf_4" },
				"up": { "uv": [ 1.50125, 11.00124, 14.49876, 11.99876 ], "texture": "#big_dripleaf_1", "cullface": "up" },
				"north": { "uv": [ 1.50125, 14.50124, 14.49876, 15.99876 ], "texture": "#big_dripleaf_1" },
				"south": { "uv": [ 1.50125, 14.50124, 14.49876, 15.99876 ], "texture": "#big_dripleaf_1" },
				"west": { "uv": [ 11.00124, 14.50124, 11.99876, 15.99876 ], "texture": "#big_dripleaf_1" },
				"east": { "uv": [ 4.00125, 14.50124, 4.99875, 15.99876 ], "texture": "#big_dripleaf_1" }
			}
		},
		{
			"__comment": "Voxels",
			"from": [ 1.4996, 14.5012, 12.5006 ],
			"to": [ 14.4996, 15.5012, 13.0006 ],
			"faces": {
				"down": { "uv": [ 1.50125, 3.50125, 14.49876, 3.99875 ], "texture": "#big_dripleaf_4" },
				"up": { "uv": [ 1.50125, 12.00124, 14.49876, 12.49876 ], "texture": "#big_dripleaf_1" },
				"south": { "uv": [ 1.50125, 15.00124, 14.49876, 15.99876 ], "texture": "#big_dripleaf_1" },
				"west": { "uv": [ 12.00124, 15.00124, 12.49876, 15.99876 ], "texture": "#big_dripleaf_1" },
				"east": { "uv": [ 3.50125, 15.00124, 3.99875, 15.99876 ], "texture": "#big_dripleaf_1" }
			}
		},
		{
			"__comment": "Voxels",
			"from": [ 1.5007, 15.5009, 4.0001 ],
			"to": [ 7.5007, 16.0009, 5.5001 ],
			"faces": {
				"down": { "uv": [ 1.50125, 11.00124, 7.498754, 12.49876 ], "texture": "#big_dripleaf_4" },
				"up": { "uv": [ 1.50125, 3.50125, 7.498754, 4.998749 ], "texture": "#big_dripleaf_1", "cullface": "up" },
				"north": { "uv": [ 8.501249, 14.50124, 14.49876, 14.99876 ], "texture": "#big_dripleaf_1" },
				"west": { "uv": [ 3.50125, 14.50124, 4.99875, 14.99876 ], "texture": "#big_dripleaf_1" },
				"east": { "uv": [ 11.00124, 14.50124, 12.49876, 14.99876 ], "texture": "#big_dripleaf_1" }
			}
		},
		{
			"__comment": "Voxels",
			"from": [ 1.5003, 15.5008, 10.499 ],
			"to": [ 14.50031, 16.0008, 11.499 ],
			"faces": {
				"down": { "uv": [ 1.50125, 5.001251, 14.49876, 5.998749 ], "texture": "#big_dripleaf_4" },
				"up": { "uv": [ 1.50125, 10.00124, 14.49876, 10.99876 ], "texture": "#big_dripleaf_1", "cullface": "up" },
				"north": { "uv": [ 1.50125, 14.50124, 14.49876, 14.99876 ], "texture": "#big_dripleaf_1" },
				"west": { "uv": [ 10.00124, 14.50124, 10.99876, 14.99876 ], "texture": "#big_dripleaf_1" },
				"east": { "uv": [ 5.00125, 14.50124, 5.99875, 14.99876 ], "texture": "#big_dripleaf_1" }
			}
		},
		{
			"__comment": "Voxels",
			"from": [ 1.9995, 14.5013, 2 ],
			"to": [ 6.9995, 15.5013, 3 ],
			"faces": {
				"down": { "uv": [ 2.00125, 13.50124, 6.998746, 14.49876 ], "texture": "#big_dripleaf_4" },
				"up": { "uv": [ 2.00125, 1.50125, 6.998746, 2.49875 ], "texture": "#big_dripleaf_1" },
				"north": { "uv": [ 9.001249, 15.00124, 13.99876, 15.99876 ], "texture": "#big_dripleaf_1" },
				"west": { "uv": [ 1.50125, 15.00124, 2.49875, 15.99876 ], "texture": "#big_dripleaf_1" },
				"east": { "uv": [ 13.50124, 15.00124, 14.49876, 15.99876 ], "texture": "#big_dripleaf_1" }
			}
		},
		{
			"__comment": "Voxels",
			"from": [ 2.0005, 14.5007, 12.9998 ],
			"to": [ 14.0005, 16.0007, 13.4998 ],
			"faces": {
				"down": { "uv": [ 2.00125, 3.00125, 13.99875, 3.49875 ], "texture": "#big_dripleaf_4" },
				"up": { "uv": [ 2.00125, 12.50124, 13.99875, 12.99876 ], "texture": "#big_dripleaf_1", "cullface": "up" },
				"north": { "uv": [ 2.00125, 14.50124, 13.99875, 15.99876 ], "texture": "#big_dripleaf_1" },
				"south": { "uv": [ 2.00125, 14.50124, 13.99875, 15.99876 ], "texture": "#big_dripleaf_1" },
				"west": { "uv": [ 12.50124, 14.50124, 12.99876, 15.99876 ], "texture": "#big_dripleaf_1" },
				"east": { "uv": [ 3.00125, 14.50124, 3.49875, 15.99876 ], "texture": "#big_dripleaf_1" }
			}
		},
		{
			"__comment": "Voxels",
			"from": [ 1.9989, 14.4984, 13.4996 ],
			"to": [ 13.9989, 15.4984, 13.9996 ],
			"faces": {
				"down": { "uv": [ 2.00125, 2.50125, 13.99875, 2.99875 ], "texture": "#big_dripleaf_4" },
				"up": { "uv": [ 2.00125, 13.00124, 13.99875, 13.49876 ], "texture": "#big_dripleaf_1" },
				"south": { "uv": [ 2.00125, 15.00124, 13.99875, 15.99876 ], "texture": "#big_dripleaf_1" },
				"west": { "uv": [ 13.00124, 15.00124, 13.49876, 15.99876 ], "texture": "#big_dripleaf_1" },
				"east": { "uv": [ 2.50125, 15.00124, 2.99875, 15.99876 ], "texture": "#big_dripleaf_1" }
			}
		},
		{
			"__comment": "Voxels",
			"from": [ 2, 15.5004, 2.9995 ],
			"to": [ 7, 16.0004, 3.999501 ],
			"faces": {
				"up": { "uv": [ 2.00125, 2.50125, 6.998746, 3.49875 ], "texture": "#big_dripleaf_1", "cullface": "up" },
				"north": { "uv": [ 9.001249, 14.50124, 13.99876, 14.99876 ], "texture": "#big_dripleaf_1" },
				"west": { "uv": [ 2.50125, 14.50124, 3.49875, 14.99876 ], "texture": "#big_dripleaf_1" },
				"east": { "uv": [ 12.50124, 14.50124, 13.49876, 14.99876 ], "texture": "#big_dripleaf_1" }
			}
		},
		{
			"__comment": "Voxels",
			"from": [ 1.9994, 15.501, 12.4992 ],
			"to": [ 13.9994, 16.001, 12.9992 ],
			"faces": {
				"up": { "uv": [ 2.00125, 12.00124, 13.99875, 12.49876 ], "texture": "#big_dripleaf_1", "cullface": "up" },
				"west": { "uv": [ 12.00124, 14.50124, 12.49876, 14.99876 ], "texture": "#big_dripleaf_1" },
				"east": { "uv": [ 3.50125, 14.50124, 3.99875, 14.99876 ], "texture": "#big_dripleaf_1" }
			}
		},
		{
			"__comment": "Voxels",
			"from": [ 2.4994, 14.4986, 1.5001 ],
			"to": [ 6.4994, 15.4986, 2.0001 ],
			"faces": {
				"down": { "uv": [ 2.50125, 14.50124, 6.49875, 14.99876 ], "texture": "#big_dripleaf_4" },
				"up": { "uv": [ 2.50125, 1.00125, 6.49875, 1.49875 ], "texture": "#big_dripleaf_1" },
				"north": { "uv": [ 9.501249, 15.00124, 13.49876, 15.99876 ], "texture": "#big_dripleaf_1" },
				"west": { "uv": [ 1.00125, 15.00124, 1.49875, 15.99876 ], "texture": "#big_dripleaf_1" },
				"east": { "uv": [ 14.50124, 15.00124, 14.99876, 15.99876 ], "texture": "#big_dripleaf_1" }
			}
		},
		{
			"__comment": "Voxels",
			"from": [ 2.499, 14.5013, 13.9992 ],
			"to": [ 13.499, 15.5013, 14.4992 ],
			"faces": {
				"down": { "uv": [ 2.50125, 2.00125, 13.49875, 2.49875 ], "texture": "#big_dripleaf_4" },
				"up": { "uv": [ 2.50125, 13.50124, 13.49875, 13.99876 ], "texture": "#big_dripleaf_1" },
				"south": { "uv": [ 2.50125, 15.00124, 13.49875, 15.99876 ], "texture": "#big_dripleaf_1" },
				"west": { "uv": [ 13.50124, 15.00124, 13.99876, 15.99876 ], "texture": "#big_dripleaf_1" },
				"east": { "uv": [ 2.00125, 15.00124, 2.49875, 15.99876 ], "texture": "#big_dripleaf_1" }
			}
		},
		{
			"__comment": "Voxels",
			"from": [ 2.4999, 15.4995, 2 ],
			"to": [ 6.499899, 15.9995, 3 ],
			"faces": {
				"up": { "uv": [ 2.50125, 1.50125, 6.49875, 2.49875 ], "texture": "#big_dripleaf_1", "cullface": "up" },
				"north": { "uv": [ 9.501249, 14.50124, 13.49876, 14.99876 ], "texture": "#big_dripleaf_1" },
				"west": { "uv": [ 1.50125, 14.50124, 2.49875, 14.99876 ], "texture": "#big_dripleaf_1" },
				"east": { "uv": [ 13.50124, 14.50124, 14.49876, 14.99876 ], "texture": "#big_dripleaf_1" }
			}
		},
		{
			"__comment": "Voxels",
			"from": [ 2.5014, 15.4999, 13.5 ],
			"to": [ 13.5014, 15.9999, 14 ],
			"faces": {
				"up": { "uv": [ 2.50125, 13.00124, 13.49875, 13.49876 ], "texture": "#big_dripleaf_1", "cullface": "up" },
				"south": { "uv": [ 2.50125, 14.50124, 13.49875, 14.99876 ], "texture": "#big_dripleaf_1" },
				"west": { "uv": [ 13.00124, 14.50124, 13.49876, 14.99876 ], "texture": "#big_dripleaf_1" },
				"east": { "uv": [ 2.50125, 14.50124, 2.99875, 14.99876 ], "texture": "#big_dripleaf_1" }
			}
		},
		{
			"__comment": "Voxels",
			"from": [ 3, 14.4995, 14.4994 ],
			"to": [ 13, 15.4995, 14.9994 ],
			"faces": {
				"down": { "uv": [ 3.00125, 1.50125, 12.99875, 1.99875 ], "texture": "#big_dripleaf_4" },
				"up": { "uv": [ 3.00125, 14.00124, 12.99875, 14.49876 ], "texture": "#big_dripleaf_1" },
				"south": { "uv": [ 3.00125, 15.00124, 12.99875, 15.99876 ], "texture": "#big_dripleaf_1" },
				"west": { "uv": [ 14.00124, 15.00124, 14.49876, 15.99876 ], "texture": "#big_dripleaf_1" },
				"east": { "uv": [ 1.50125, 15.00124, 1.99875, 15.99876 ], "texture": "#big_dripleaf_1" }
			}
		},
		{
			"__comment": "Voxels",
			"from": [ 3.0005, 15.4993, 1.5005 ],
			"to": [ 6.000501, 15.9993, 2.0005 ],
			"faces": {
				"up": { "uv": [ 3.00125, 1.00125, 5.99875, 1.49875 ], "texture": "#big_dripleaf_1", "cullface": "up" },
				"north": { "uv": [ 10.00124, 14.50124, 12.99876, 14.99876 ], "texture": "#big_dripleaf_1" },
				"west": { "uv": [ 1.00125, 14.50124, 1.49875, 14.99876 ], "texture": "#big_dripleaf_1" },
				"east": { "uv": [ 14.50124, 14.50124, 14.99876, 14.99876 ], "texture": "#big_dripleaf_1" }
			}
		},
		{
			"__comment": "Voxels",
			"from": [ 3.0001, 15.5009, 14.001 ],
			"to": [ 13.0001, 16.0009, 14.501 ],
			"faces": {
				"up": { "uv": [ 3.00125, 13.50124, 12.99875, 13.99876 ], "texture": "#big_dripleaf_1", "cullface": "up" },
				"south": { "uv": [ 3.00125, 14.50124, 12.99875, 14.99876 ], "texture": "#big_dripleaf_1" },
				"west": { "uv": [ 13.50124, 14.50124, 13.99876, 14.99876 ], "texture": "#big_dripleaf_1" },
				"east": { "uv": [ 2.00125, 14.50124, 2.49875, 14.99876 ], "texture": "#big_dripleaf_1" }
			}
		},
		{
			"__comment": "Voxels",
			"from": [ 3.4997, 14.4998, 0.999 ],
			"to": [ 5.499701, 15.4998, 1.499 ],
			"faces": {
				"down": { "uv": [ 3.50125, 15.00124, 5.49875, 15.49876 ], "texture": "#big_dripleaf_4" },
				"up": { "uv": [ 3.50125, 0.5012493, 5.49875, 0.9987507 ], "texture": "#big_dripleaf_1" },
				"north": { "uv": [ 10.50124, 15.00124, 12.49876, 15.99876 ], "texture": "#big_dripleaf_1" },
				"west": { "uv": [ 0.50125, 15.00124, 0.99875, 15.99876 ], "texture": "#big_dripleaf_1" },
				"east": { "uv": [ 15.00124, 15.00124, 15.49876, 15.99876 ], "texture": "#big_dripleaf_1" }
			}
		},
		{
			"__comment": "Voxels",
			"from": [ 3.5005, 15.4994, 14.5011 ],
			"to": [ 12.50049, 15.9994, 15.0011 ],
			"faces": {
				"up": { "uv": [ 3.50125, 14.00124, 12.49875, 14.49876 ], "texture": "#big_dripleaf_1", "cullface": "up" },
				"south": { "uv": [ 3.50125, 14.50124, 12.49875, 14.99876 ], "texture": "#big_dripleaf_1" },
				"west": { "uv": [ 14.00124, 14.50124, 14.49876, 14.99876 ], "texture": "#big_dripleaf_1" },
				"east": { "uv": [ 1.50125, 14.50124, 1.99875, 14.99876 ], "texture": "#big_dripleaf_1" }
			}
		},
		{
			"__comment": "Voxels",
			"from": [ 3.9994, 14.4992, 15.0001 ],
			"to": [ 11.9994, 15.4992, 15.5001 ],
			"faces": {
				"down": { "uv": [ 4.00125, 1.00125, 11.99876, 1.49875 ], "texture": "#big_dripleaf_4" },
				"up": { "uv": [ 4.00125, 14.50124, 11.99876, 14.99876 ], "texture": "#big_dripleaf_1" },
				"south": { "uv": [ 4.00125, 15.00124, 11.99876, 15.99876 ], "texture": "#big_dripleaf_1" },
				"west": { "uv": [ 14.50124, 15.00124, 14.99876, 15.99876 ], "texture": "#big_dripleaf_1" },
				"east": { "uv": [ 1.00125, 15.00124, 1.49875, 15.99876 ], "texture": "#big_dripleaf_1" }
			}
		},
		{
			"__comment": "Voxels",
			"from": [ 4.5, 15.5006, 15 ],
			"to": [ 11.5, 16.0006, 15.5 ],
			"faces": {
				"up": { "uv": [ 4.50125, 14.50124, 11.49876, 14.99876 ], "texture": "#big_dripleaf_1", "cullface": "up" },
				"south": { "uv": [ 4.50125, 14.50124, 11.49876, 14.99876 ], "texture": "#big_dripleaf_1" },
				"west": { "uv": [ 14.50124, 14.50124, 14.99876, 14.99876 ], "texture": "#big_dripleaf_1" },
				"east": { "uv": [ 1.00125, 14.50124, 1.49875, 14.99876 ], "texture": "#big_dripleaf_1" }
			}
		},
		{
			"__comment": "Voxels",
			"from": [ 4.9988, 14.4993, 15.5015 ],
			"to": [ 10.99879, 15.4993, 16.0015 ],
			"faces": {
				"down": { "uv": [ 5.00125, 0.5012493, 10.99876, 0.9987507 ], "texture": "#big_dripleaf_4" },
				"up": { "uv": [ 5.00125, 15.00124, 10.99876, 15.49876 ], "texture": "#big_dripleaf_1" },
				"south": { "uv": [ 5.00125, 15.00124, 10.99876, 15.99876 ], "texture": "#big_dripleaf_1", "cullface": "south" },
				"west": { "uv": [ 15.00124, 15.00124, 15.49876, 15.99876 ], "texture": "#big_dripleaf_1" },
				"east": { "uv": [ 0.50125, 15.00124, 0.99875, 15.99876 ], "texture": "#big_dripleaf_1" }
			}
		},
		{
			"__comment": "Voxels",
			"from": [ 5.9997, 15.4982, 15.4998 ],
			"to": [ 9.999701, 15.9982, 15.9998 ],
			"faces": {
				"up": { "uv": [ 6.00125, 15.00124, 9.998751, 15.49876 ], "texture": "#big_dripleaf_1", "cullface": "up" },
				"south": { "uv": [ 6.00125, 14.50124, 9.998751, 14.99876 ], "texture": "#big_dripleaf_1", "cullface": "south" },
				"west": { "uv": [ 15.00124, 14.50124, 15.49876, 14.99876 ], "texture": "#big_dripleaf_1" },
				"east": { "uv": [ 0.50125, 14.50124, 0.99875, 14.99876 ], "texture": "#big_dripleaf_1" }
			}
		},
		{
			"__comment": "Voxels",
			"from": [ 7.4988, 14.4998, 5.5011 ],
			"to": [ 14.9988, 15.4998, 11.5011 ],
			"faces": {
				"down": { "uv": [ 7.50125, 5.001251, 14.99876, 10.99876 ], "texture": "#big_dripleaf_4" },
				"up": { "uv": [ 7.50125, 5.001251, 14.99876, 10.99876 ], "texture": "#big_dripleaf_1" },
				"north": { "uv": [ 1.00125, 15.00124, 8.498751, 15.99876 ], "texture": "#big_dripleaf_1" },
				"south": { "uv": [ 7.50125, 15.00124, 14.99876, 15.99876 ], "texture": "#big_dripleaf_1" },
				"east": { "uv": [ 5.00125, 15.00124, 10.99876, 15.99876 ], "texture": "#big_dripleaf_1" }
			}
		},
		{
			"__comment": "Voxels",
			"from": [ 7.5009, 15.4995, 5.9988 ],
			"to": [ 15.0009, 15.9995, 10.4988 ],
			"faces": {
				"up": { "uv": [ 7.50125, 5.501251, 14.99876, 9.998751 ], "texture": "#big_dripleaf_1", "cullface": "up" },
				"north": { "uv": [ 1.00125, 14.50124, 8.498751, 14.99876 ], "texture": "#big_dripleaf_1" },
				"south": { "uv": [ 7.50125, 14.50124, 14.99876, 14.99876 ], "texture": "#big_dripleaf_1" },
				"east": { "uv": [ 6.00125, 14.50124, 10.49876, 14.99876 ], "texture": "#big_dripleaf_1" }
			}
		},
		{
			"__comment": "Voxels",
			"from": [ 8.5008, 14.4996, 3.0012 ],
			"to": [ 14.5008, 15.4996, 5.5012 ],
			"faces": {
				"down": { "uv": [ 8.501249, 11.00124, 14.49876, 13.49876 ], "texture": "#big_dripleaf_4" },
				"up": { "uv": [ 8.501249, 2.50125, 14.49876, 4.998749 ], "texture": "#big_dripleaf_1" },
				"north": { "uv": [ 1.50125, 15.00124, 7.498754, 15.99876 ], "texture": "#big_dripleaf_1" },
				"west": { "uv": [ 2.50125, 15.00124, 4.99875, 15.99876 ], "texture": "#big_dripleaf_1" },
				"east": { "uv": [ 11.00124, 15.00124, 13.49876, 15.99876 ], "texture": "#big_dripleaf_1" }
			}
		},
		{
			"__comment": "Voxels",
			"from": [ 8.498899, 15.4997, 3.9998 ],
			"to": [ 14.4989, 15.9997, 5.9998 ],
			"faces": {
				"down": { "uv": [ 8.501249, 10.50124, 14.49876, 12.49876 ], "texture": "#big_dripleaf_4" },
				"up": { "uv": [ 8.501249, 3.50125, 14.49876, 5.498749 ], "texture": "#big_dripleaf_1", "cullface": "up" },
				"north": { "uv": [ 1.50125, 14.50124, 7.498754, 14.99876 ], "texture": "#big_dripleaf_1" },
				"west": { "uv": [ 3.50125, 14.50124, 5.49875, 14.99876 ], "texture": "#big_dripleaf_1" },
				"east": { "uv": [ 10.50124, 14.50124, 12.49876, 14.99876 ], "texture": "#big_dripleaf_1" }
			}
		},
		{
			"__comment": "Voxels",
			"from": [ 9.0012, 14.5009, 2.0005 ],
			"to": [ 14.0012, 15.5009, 3.0005 ],
			"faces": {
				"down": { "uv": [ 9.001249, 13.50124, 13.99876, 14.49876 ], "texture": "#big_dripleaf_4" },
				"up": { "uv": [ 9.001249, 1.50125, 13.99876, 2.49875 ], "texture": "#big_dripleaf_1" },
				"north": { "uv": [ 2.00125, 15.00124, 6.998746, 15.99876 ], "texture": "#big_dripleaf_1" },
				"west": { "uv": [ 1.50125, 15.00124, 2.49875, 15.99876 ], "texture": "#big_dripleaf_1" },
				"east": { "uv": [ 13.50124, 15.00124, 14.49876, 15.99876 ], "texture": "#big_dripleaf_1" }
			}
		},
		{
			"__comment": "Voxels",
			"from": [ 8.9997, 15.4995, 3.0007 ],
			"to": [ 13.9997, 15.9995, 4.0007 ],
			"faces": {
				"up": { "uv": [ 9.001249, 2.50125, 13.99876, 3.49875 ], "texture": "#big_dripleaf_1", "cullface": "up" },
				"north": { "uv": [ 2.00125, 14.50124, 6.998746, 14.99876 ], "texture": "#big_dripleaf_1" },
				"west": { "uv": [ 2.50125, 14.50124, 3.49875, 14.99876 ], "texture": "#big_dripleaf_1" },
				"east": { "uv": [ 12.50124, 14.50124, 13.49876, 14.99876 ], "texture": "#big_dripleaf_1" }
			}
		},
		{
			"__comment": "Voxels",
			"from": [ 9.4998, 14.5012, 1.5001 ],
			"to": [ 13.49979, 15.5012, 2.0001 ],
			"faces": {
				"down": { "uv": [ 9.501249, 14.50124, 13.49876, 14.99876 ], "texture": "#big_dripleaf_4" },
				"up": { "uv": [ 9.501249, 1.00125, 13.49876, 1.49875 ], "texture": "#big_dripleaf_1" },
				"north": { "uv": [ 2.50125, 15.00124, 6.49875, 15.99876 ], "texture": "#big_dripleaf_1" },
				"west": { "uv": [ 1.00125, 15.00124, 1.49875, 15.99876 ], "texture": "#big_dripleaf_1" },
				"east": { "uv": [ 14.50124, 15.00124, 14.99876, 15.99876 ], "texture": "#big_dripleaf_1" }
			}
		},
		{
			"__comment": "Voxels",
			"from": [ 9.4991, 15.4999, 1.9989 ],
			"to": [ 13.4991, 15.9999, 2.9989 ],
			"faces": {
				"up": { "uv": [ 9.501249, 1.50125, 13.49876, 2.49875 ], "texture": "#big_dripleaf_1", "cullface": "up" },
				"north": { "uv": [ 2.50125, 14.50124, 6.49875, 14.99876 ], "texture": "#big_dripleaf_1" },
				"west": { "uv": [ 1.50125, 14.50124, 2.49875, 14.99876 ], "texture": "#big_dripleaf_1" },
				"east": { "uv": [ 13.50124, 14.50124, 14.49876, 14.99876 ], "texture": "#big_dripleaf_1" }
			}
		},
		{
			"__comment": "Voxels",
			"from": [ 10.0006, 15.5007, 1.5007 ],
			"to": [ 13.0006, 16.0007, 2.0007 ],
			"faces": {
				"up": { "uv": [ 10.00124, 1.00125, 12.99876, 1.49875 ], "texture": "#big_dripleaf_1", "cullface": "up" },
				"north": { "uv": [ 3.00125, 14.50124, 5.99875, 14.99876 ], "texture": "#big_dripleaf_1" },
				"west": { "uv": [ 1.00125, 14.50124, 1.49875, 14.99876 ], "texture": "#big_dripleaf_1" },
				"east": { "uv": [ 14.50124, 14.50124, 14.99876, 14.99876 ], "texture": "#big_dripleaf_1" }
			}
		},
		{
			"__comment": "Voxels",
			"from": [ 10.5009, 14.5005, 0.9987 ],
			"to": [ 12.5009, 15.5005, 1.4987 ],
			"faces": {
				"down": { "uv": [ 10.50124, 15.00124, 12.49876, 15.49876 ], "texture": "#big_dripleaf_4" },
				"up": { "uv": [ 10.50124, 0.5012493, 12.49876, 0.9987507 ], "texture": "#big_dripleaf_1" },
				"north": { "uv": [ 3.50125, 15.00124, 5.49875, 15.99876 ], "texture": "#big_dripleaf_1" },
				"west": { "uv": [ 0.50125, 15.00124, 0.99875, 15.99876 ], "texture": "#big_dripleaf_1" },
				"east": { "uv": [ 15.00124, 15.00124, 15.49876, 15.99876 ], "texture": "#big_dripleaf_1" }
			}
		},
		{
			"__comment": "Voxels",
			"from": [ 14.499, 14.4985, 4.5006 ],
			"to": [ 14.999, 15.4985, 5.5006 ],
			"faces": {
				"down": { "uv": [ 14.50124, 11.00124, 14.99876, 11.99876 ], "texture": "#big_dripleaf_4" },
				"up": { "uv": [ 14.50124, 4.001251, 14.99876, 4.998749 ], "texture": "#big_dripleaf_1" },
				"north": { "uv": [ 1.00125, 15.00124, 1.49875, 15.99876 ], "texture": "#big_dripleaf_1" },
				"east": { "uv": [ 11.00124, 15.00124, 11.99876, 15.99876 ], "texture": "#big_dripleaf_1" }
			}
		},
		{
			"__comment": "Voxels",
			"from": [ 14.5003, 15.4997, 5.5001 ],
			"to": [ 15.0003, 15.9997, 6.0001 ],
			"faces": {
				"up": { "uv": [ 14.50124, 5.001251, 14.99876, 5.498749 ], "texture": "#big_dripleaf_1", "cullface": "up" },
				"north": { "uv": [ 1.00125, 14.50124, 1.49875, 14.99876 ], "texture": "#big_dripleaf_1" },
				"east": { "uv": [ 10.50124, 14.50124, 10.99876, 14.99876 ], "texture": "#big_dripleaf_1" }
			}
		},
		{
			"__comment": "Box38",
			"from": [ 4.9998, 0.0002, 14.0009 ],
			"to": [ 5.9998, 1.0002, 15.0009 ],
			"faces": {
				"down": { "uv": [ 5.00125, 1.00125, 5.99875, 1.99875 ], "texture": "#big_dripleaf_3", "cullface": "down" },
				"up": { "uv": [ 5.00125, 14.00124, 5.99875, 14.99876 ], "texture": "#big_dripleaf_3" },
				"north": { "uv": [ 10.00124, 15.00124, 10.99876, 15.99876 ], "texture": "#big_dripleaf_3" },
				"south": { "uv": [ 5.00125, 15.00124, 5.99875, 15.99876 ], "texture": "#big_dripleaf_3" },
				"west": { "uv": [ 14.00124, 15.00124, 14.99876, 15.99876 ], "texture": "#big_dripleaf_3" },
				"east": { "uv": [ 1.00125, 15.00124, 1.99875, 15.99876 ], "texture": "#big_dripleaf_3" }
			}
		},
		{
			"__comment": "Box38",
			"from": [ 6.0014, 5.0013, 14.9998 ],
			"to": [ 7.0014, 6.0013, 15.9998 ],
			"faces": {
				"up": { "uv": [ 8.501249, 15.00124, 9.498751, 15.99876 ], "texture": "#big_dripleaf_3" },
				"north": { "uv": [ 6.50125, 10.00124, 7.49875, 10.99876 ], "texture": "#big_dripleaf_3" },
				"south": { "uv": [ 8.501249, 10.00124, 9.498751, 10.99876 ], "texture": "#big_dripleaf_3", "cullface": "south" },
				"west": { "uv": [ 15.00124, 10.00124, 15.99876, 10.99876 ], "texture": "#big_dripleaf_3" },
				"east": { "uv": [ 0.00125, 10.00124, 0.99875, 10.99876 ], "texture": "#big_dripleaf_3" }
			}
		},
		{
			"__comment": "Box38",
			"from": [ 5.9993, 7.0002, 13.0005 ],
			"to": [ 6.9993, 8.0002, 14.0005 ],
			"faces": {
				"up": { "uv": [ 8.501249, 13.00124, 9.498751, 13.99876 ], "texture": "#big_dripleaf_3" },
				"north": { "uv": [ 6.50125, 8.001249, 7.49875, 8.998751 ], "texture": "#big_dripleaf_3" },
				"south": { "uv": [ 8.501249, 8.001249, 9.498751, 8.998751 ], "texture": "#big_dripleaf_3" },
				"west": { "uv": [ 13.00124, 8.001249, 13.99876, 8.998751 ], "texture": "#big_dripleaf_3" },
				"east": { "uv": [ 2.00125, 8.001249, 2.99875, 8.998751 ], "texture": "#big_dripleaf_3" }
			}
		},
		{
			"__comment": "Box38",
			"from": [ 6.0006, 9.0006, 15.0012 ],
			"to": [ 7.0006, 10.0006, 16.0012 ],
			"faces": {
				"up": { "uv": [ 8.501249, 15.00124, 9.498751, 15.99876 ], "texture": "#big_dripleaf_3" },
				"north": { "uv": [ 6.50125, 6.001251, 7.49875, 6.998749 ], "texture": "#big_dripleaf_3" },
				"south": { "uv": [ 8.501249, 6.001251, 9.498751, 6.998749 ], "texture": "#big_dripleaf_3", "cullface": "south" },
				"west": { "uv": [ 15.00124, 6.001251, 15.99876, 6.998749 ], "texture": "#big_dripleaf_3" },
				"east": { "uv": [ 0.00125, 6.001251, 0.99875, 6.998749 ], "texture": "#big_dripleaf_3" }
			}
		},
		{
			"__comment": "Box38",
			"from": [ 5.9981, -0.0004, 14.9998 ],
			"to": [ 6.9981, 0.9995999, 15.9998 ],
			"faces": {
				"down": { "uv": [ 10.50124, 1.00125, 11.49876, 1.99875 ], "texture": "#big_dripleaf_3", "cullface": "down", "rotation": 90 },
				"north": { "uv": [ 1.00125, 15.00124, 1.99875, 15.99876 ], "texture": "#big_dripleaf_3" },
				"south": { "uv": [ 14.00124, 15.00124, 14.99876, 15.99876 ], "texture": "#big_dripleaf_3", "cullface": "south" },
				"west": { "uv": [ 4.50125, 15.00124, 5.49875, 15.99876 ], "texture": "#big_dripleaf_3" },
				"east": { "uv": [ 10.50124, 15.00124, 11.49876, 15.99876 ], "texture": "#big_dripleaf_3" }
			}
		},
		{
			"__comment": "Box38",
			"from": [ 7.0004, 8.9994, 13.9995 ],
			"to": [ 8.000399, 9.9994, 14.9995 ],
			"faces": {
				"down": { "uv": [ 11.50124, 0.001249313, 12.49876, 0.9987507 ], "texture": "#big_dripleaf_3", "rotation": 90 },
				"north": { "uv": [ 0.00125, 6.001251, 0.99875, 6.998749 ], "texture": "#big_dripleaf_3" },
				"south": { "uv": [ 15.00124, 6.001251, 15.99876, 6.998749 ], "texture": "#big_dripleaf_3" },
				"west": { "uv": [ 3.50125, 6.001251, 4.49875, 6.998749 ], "texture": "#big_dripleaf_3" }
			}
		},
		{
			"__comment": "Box38",
			"from": [ 9.000299, 1.0004, 15.0016 ],
			"to": [ 10.0003, 2.0004, 16.0016 ],
			"faces": {
				"up": { "uv": [ 6.00125, 15.00124, 6.99875, 15.99876 ], "texture": "#big_dripleaf_3" },
				"north": { "uv": [ 9.001249, 14.00124, 9.998751, 14.99876 ], "texture": "#big_dripleaf_3" },
				"south": { "uv": [ 6.00125, 14.00124, 6.99875, 14.99876 ], "texture": "#big_dripleaf_3", "cullface": "south" },
				"west": { "uv": [ 15.00124, 14.00124, 15.99876, 14.99876 ], "texture": "#big_dripleaf_3" },
				"east": { "uv": [ 0.00125, 14.00124, 0.99875, 14.99876 ], "texture": "#big_dripleaf_3" }
			}
		},
		{
			"__comment": "Box38",
			"from": [ 9.0001, 5.0005, 14.9987 ],
			"to": [ 10.0001, 6.0005, 15.9987 ],
			"faces": {
				"up": { "uv": [ 6.00125, 15.00124, 6.99875, 15.99876 ], "texture": "#big_dripleaf_3" },
				"north": { "uv": [ 9.001249, 10.00124, 9.998751, 10.99876 ], "texture": "#big_dripleaf_3" },
				"south": { "uv": [ 6.00125, 10.00124, 6.99875, 10.99876 ], "texture": "#big_dripleaf_3", "cullface": "south" },
				"west": { "uv": [ 15.00124, 10.00124, 15.99876, 10.99876 ], "texture": "#big_dripleaf_3" },
				"east": { "uv": [ 0.00125, 10.00124, 0.99875, 10.99876 ], "texture": "#big_dripleaf_3" }
			}
		},
		{
			"__comment": "Box38",
			"from": [ 10.0011, 5.9997, 14.0003 ],
			"to": [ 11.0011, 6.9997, 15.0003 ],
			"faces": {
				"up": { "uv": [ 7.00125, 14.00124, 7.99875, 14.99876 ], "texture": "#big_dripleaf_3" },
				"north": { "uv": [ 8.001249, 9.001249, 8.998751, 9.998751 ], "texture": "#big_dripleaf_3" },
				"south": { "uv": [ 7.00125, 9.001249, 7.99875, 9.998751 ], "texture": "#big_dripleaf_3" },
				"west": { "uv": [ 14.00124, 9.001249, 14.99876, 9.998751 ], "texture": "#big_dripleaf_3" },
				"east": { "uv": [ 1.00125, 9.001249, 1.99875, 9.998751 ], "texture": "#big_dripleaf_3" }
			}
		},
		{
			"__comment": "Box38",
			"from": [ 9.000299, 6.9993, 12.9999 ],
			"to": [ 10.0003, 7.999301, 13.9999 ],
			"faces": {
				"up": { "uv": [ 6.00125, 13.00124, 6.99875, 13.99876 ], "texture": "#big_dripleaf_3" },
				"north": { "uv": [ 9.001249, 8.001249, 9.998751, 8.998751 ], "texture": "#big_dripleaf_3" },
				"south": { "uv": [ 6.00125, 8.001249, 6.99875, 8.998751 ], "texture": "#big_dripleaf_3" },
				"west": { "uv": [ 13.00124, 8.001249, 13.99876, 8.998751 ], "texture": "#big_dripleaf_3" },
				"east": { "uv": [ 2.00125, 8.001249, 2.99875, 8.998751 ], "texture": "#big_dripleaf_3" }
			}
		},
		{
			"__comment": "Box38",
			"from": [ 9, 9.0001, 15.0004 ],
			"to": [ 10, 10.0001, 16.0004 ],
			"faces": {
				"up": { "uv": [ 6.00125, 15.00124, 6.99875, 15.99876 ], "texture": "#big_dripleaf_3" },
				"north": { "uv": [ 9.001249, 6.001251, 9.998751, 6.998749 ], "texture": "#big_dripleaf_3" },
				"south": { "uv": [ 6.00125, 6.001251, 6.99875, 6.998749 ], "texture": "#big_dripleaf_3", "cullface": "south" },
				"west": { "uv": [ 15.00124, 6.001251, 15.99876, 6.998749 ], "texture": "#big_dripleaf_3" },
				"east": { "uv": [ 0.00125, 6.001251, 0.99875, 6.998749 ], "texture": "#big_dripleaf_3" }
			}
		},
		{
			"__comment": "Box38",
			"from": [ 8.9994, 13.0004, 15.0001 ],
			"to": [ 9.9994, 14.0004, 16.0001 ],
			"faces": {
				"up": { "uv": [ 6.00125, 15.00124, 6.99875, 15.99876 ], "texture": "#big_dripleaf_3" },
				"north": { "uv": [ 9.001249, 2.00125, 9.998751, 2.99875 ], "texture": "#big_dripleaf_3" },
				"south": { "uv": [ 6.00125, 2.00125, 6.99875, 2.99875 ], "texture": "#big_dripleaf_3", "cullface": "south" },
				"west": { "uv": [ 15.00124, 2.00125, 15.99876, 2.99875 ], "texture": "#big_dripleaf_3" },
				"east": { "uv": [ 0.00125, 2.00125, 0.99875, 2.99875 ], "texture": "#big_dripleaf_3" }
			}
		},
		{
			"__comment": "Box38",
			"from": [ 8.999599, 0.0012, 15.0006 ],
			"to": [ 9.999599, 1.0012, 16.0006 ],
			"faces": {
				"down": { "uv": [ 10.50124, 1.00125, 11.49876, 1.99875 ], "texture": "#big_dripleaf_3", "cullface": "down", "rotation": 90 },
				"north": { "uv": [ 1.00125, 15.00124, 1.99875, 15.99876 ], "texture": "#big_dripleaf_3" },
				"south": { "uv": [ 14.00124, 15.00124, 14.99876, 15.99876 ], "texture": "#big_dripleaf_3", "cullface": "south" },
				"west": { "uv": [ 4.50125, 15.00124, 5.49875, 15.99876 ], "texture": "#big_dripleaf_3" },
				"east": { "uv": [ 10.50124, 15.00124, 11.49876, 15.99876 ], "texture": "#big_dripleaf_3" }
			}
		},
		{
			"__comment": "Box38",
			"from": [ 10, 9.0004, 14.0003 ],
			"to": [ 11, 10.0004, 15.0003 ],
			"faces": {
				"down": { "uv": [ 11.50124, 0.001249313, 12.49876, 0.9987507 ], "texture": "#big_dripleaf_3", "rotation": 90 },
				"north": { "uv": [ 0.00125, 6.001251, 0.99875, 6.998749 ], "texture": "#big_dripleaf_3" },
				"south": { "uv": [ 15.00124, 6.001251, 15.99876, 6.998749 ], "texture": "#big_dripleaf_3" },
				"west": { "uv": [ 3.50125, 6.001251, 4.49875, 6.998749 ], "texture": "#big_dripleaf_3" },
				"east": { "uv": [ 11.50124, 6.001251, 12.49876, 6.998749 ], "texture": "#big_dripleaf_3" }
			}
		},
		{
			"__comment": "PlaneZ98",
			"from": [ 0.0002, -0.0004, 14.4992 ],
			"to": [ 16.00019, 9.9996, 14.5002 ],
			"faces": {
				"north": { "uv": [ 0.000625, 0.000624657, 15.99938, 12.49938 ], "texture": "#big_dripleaf_2" },
				"south": { "uv": [ 0.000625, 0.000624657, 15.99938, 12.49938 ], "texture": "#big_dripleaf_2" }
			}
		},
		{
			"__comment": "PlaneZ98",
			"from": [ 7.9995, -0.0009, 6.9993 ],
			"to": [ 8.0005, 9.9991, 22.9993 ],
			"faces": {
				"west": { "uv": [ 0.000625, 0.000624657, 15.99938, 12.49938 ], "texture": "#big_dripleaf_2", "cullface": "south" },
				"east": { "uv": [ 0.000625, 0.000624657, 15.99938, 12.49938 ], "texture": "#big_dripleaf_2", "cullface": "south" }
			}
		}
	],
	"display": {
		"thirdperson_righthand": {
			"rotation":  [ 45, 0, 0 ],
			"translation":  [ 0, 4.5, 1 ],
			"scale":  [ 0.5, 0.5, 0.5 ]
		},
		"thirdperson_lefthand": {
			"rotation":  [ 45, 0, 0 ],
			"translation":  [ 0, 4.5, 1 ],
			"scale":  [ 0.5, 0.5, 0.5 ]
		},
		"firstperson_righthand": {
			"rotation":  [ 0, 3, 0 ],
			"translation":  [ -1, 3, 0 ],
			"scale":  [ 0.5, 0.5, 0.5 ]
		},
		"firstperson_lefthand": {
			"rotation":  [ 0, 3, 0 ],
			"translation":  [ -1, 3, 0 ],
			"scale":  [ 0.5, 0.5, 0.5 ]
		},
		"gui": {
			"rotation":  [ 30, 225, 0 ],
			"translation":  [ 0, -3, 8 ]
		},
		"ground": {
			"translation":  [ 0, 3, 0 ],
			"scale":  [ 0.25, 0.25, 0.25 ]
		},
		"fixed": {
			"translation":  [ 0, -1, -8 ]
		}
	}
}