{
	"__comment": "Designed by Interhell2000 with Cubik Studio - https://cubik.studio",
	"gui_light": "front",
	"ambientocclusion": false,
	"textures": {
		"particle": "block/b/big_dripleaf/big_dripleaf",
		"big_dripleaf_2": "block/b/big_dripleaf/big_dripleaf_2",
		"big_dripleaf_3": "block/b/big_dripleaf/big_dripleaf_3"
	},
	"elements": [ 	 
		{
			"__comment": "Box38",
			"from": [ 6.9998, 2.0001, 14.001 ],
			"to": [ 7.9998, 3.0001, 15.001 ],
			"faces": {
				"up": { "uv": [ 7.000425, 14.00142, 7.999175, 15.00018 ], "texture": "#big_dripleaf_3" },
				"north": { "uv": [ 8.000825, 13.00042, 8.999576, 13.99918 ], "texture": "#big_dripleaf_3" },
				"south": { "uv": [ 7.000425, 13.00042, 7.999175, 13.99918 ], "texture": "#big_dripleaf_3" },
				"west": { "uv": [ 14.00142, 13.00042, 15.00018, 13.99918 ], "texture": "#big_dripleaf_3" }
			}
		},
		{
			"__comment": "Box38",
			"from": [ 5.9999, 2.9985, 13 ],
			"to": [ 6.9999, 3.9985, 14 ],
			"faces": {
				"up": { "uv": [ 6.001025, 13.00072, 6.999775, 13.99948 ], "texture": "#big_dripleaf_3" },
				"north": { "uv": [ 9.000224, 12.00112, 9.998975, 12.99988 ], "texture": "#big_dripleaf_3" },
				"south": { "uv": [ 6.001025, 12.00112, 6.999775, 12.99988 ], "texture": "#big_dripleaf_3" },
				"west": { "uv": [ 13.00072, 12.00112, 13.99948, 12.99988 ], "texture": "#big_dripleaf_3" },
				"east": { "uv": [ 2.000525, 12.00112, 2.999275, 12.99988 ], "texture": "#big_dripleaf_3" }
			}
		},
		{
			"__comment": "Box38",
			"from": [ 5.0013, 4.0003, 14.0019 ],
			"to": [ 6.0013, 5.0003, 15.0019 ],
			"faces": {
				"up": { "uv": [ 5.001225, 14.00163, 5.999975, 15.00038 ], "texture": "#big_dripleaf_3" },
				"north": { "uv": [ 10.00002, 10.99972, 10.99878, 11.99848 ], "texture": "#big_dripleaf_3" },
				"south": { "uv": [ 5.001225, 10.99972, 5.999975, 11.99848 ], "texture": "#big_dripleaf_3" },
				"west": { "uv": [ 14.00163, 10.99972, 15.00038, 11.99848 ], "texture": "#big_dripleaf_3" },
				"east": { "uv": [ 0.9996246, 10.99972, 1.998375, 11.99848 ], "texture": "#big_dripleaf_3" }
			}
		},
		{
			"__comment": "Box38",
			"from": [ 5.0004, 7.9989, 13.9986 ],
			"to": [ 6.0004, 8.998898, 14.9986 ],
			"faces": {
				"up": { "uv": [ 5.001225, 13.99992, 5.999975, 14.99868 ], "texture": "#big_dripleaf_3" },
				"north": { "uv": [ 10.00002, 7.000925, 10.99878, 7.999674 ], "texture": "#big_dripleaf_3" },
				"south": { "uv": [ 5.001225, 7.000925, 5.999975, 7.999674 ], "texture": "#big_dripleaf_3" },
				"west": { "uv": [ 13.99992, 7.000925, 14.99868, 7.999674 ], "texture": "#big_dripleaf_3" },
				"east": { "uv": [ 1.001325, 7.000925, 2.000075, 7.999674 ], "texture": "#big_dripleaf_3" }
			}
		},
		{
			"__comment": "Box38",
			"from": [ 7.0007, 9.999, 14.0003 ],
			"to": [ 8.000699, 10.999, 15.0003 ],
			"faces": {
				"up": { "uv": [ 7.000725, 14.00112, 7.999474, 14.99988 ], "texture": "#big_dripleaf_3" },
				"north": { "uv": [ 8.000525, 5.000725, 8.999275, 5.999475 ], "texture": "#big_dripleaf_3" },
				"south": { "uv": [ 7.000725, 5.000725, 7.999474, 5.999475 ], "texture": "#big_dripleaf_3" },
				"west": { "uv": [ 14.00112, 5.000725, 14.99988, 5.999475 ], "texture": "#big_dripleaf_3" }
			}
		},
		{
			"__comment": "Box38",
			"from": [ 5.9999, 11.0003, 13 ],
			"to": [ 6.9999, 12.0003, 14 ],
			"faces": {
				"up": { "uv": [ 6.001325, 13.00122, 7.000075, 13.99998 ], "texture": "#big_dripleaf_3" },
				"north": { "uv": [ 8.999925, 4.001125, 9.998675, 4.999875 ], "texture": "#big_dripleaf_3" },
				"south": { "uv": [ 6.001325, 4.001125, 7.000075, 4.999875 ], "texture": "#big_dripleaf_3" },
				"west": { "uv": [ 13.00122, 4.001125, 13.99998, 4.999875 ], "texture": "#big_dripleaf_3" },
				"east": { "uv": [ 2.000025, 4.001125, 2.998775, 4.999875 ], "texture": "#big_dripleaf_3" }
			}
		},
		{
			"__comment": "Box38",
			"from": [ 5.0001, 12.0005, 13.9984 ],
			"to": [ 6.0001, 13.0005, 14.9984 ],
			"faces": {
				"up": { "uv": [ 5.000525, 14.00002, 5.999275, 14.99878 ], "texture": "#big_dripleaf_3" },
				"north": { "uv": [ 10.00072, 2.999725, 10.99948, 3.998475 ], "texture": "#big_dripleaf_3" },
				"south": { "uv": [ 5.000525, 2.999725, 5.999275, 3.998475 ], "texture": "#big_dripleaf_3" },
				"west": { "uv": [ 14.00002, 2.999725, 14.99878, 3.998475 ], "texture": "#big_dripleaf_3" },
				"east": { "uv": [ 1.001225, 2.999725, 1.999975, 3.998475 ], "texture": "#big_dripleaf_3" }
			}
		},
		{
			"__comment": "Box38",
			"from": [ 7.0005, 14.0012, 13.9994 ],
			"to": [ 8.000502, 15.0012, 14.9994 ],
			"faces": {
				"up": { "uv": [ 7.001025, 14.00052, 7.999775, 14.99928 ], "texture": "#big_dripleaf_3" },
				"north": { "uv": [ 8.000224, 0.9998245, 8.998975, 1.998575 ], "texture": "#big_dripleaf_3" },
				"south": { "uv": [ 7.001025, 0.9998245, 7.999775, 1.998575 ], "texture": "#big_dripleaf_3" },
				"west": { "uv": [ 14.00052, 0.9998245, 14.99928, 1.998575 ], "texture": "#big_dripleaf_3" }
			}
		},
		{
			"__comment": "Box38",
			"from": [ 7.0008, 1.0009, 13.9998 ],
			"to": [ 8.000801, 2.0009, 14.9998 ],
			"faces": {
				"down": { "uv": [ 7.000725, 1.001425, 7.999476, 2.000175 ], "texture": "#big_dripleaf_3" },
				"north": { "uv": [ 8.000524, 13.99992, 8.999275, 14.99868 ], "texture": "#big_dripleaf_3" },
				"south": { "uv": [ 7.000725, 13.99992, 7.999476, 14.99868 ], "texture": "#big_dripleaf_3" },
				"west": { "uv": [ 13.99982, 13.99992, 14.99858, 14.99868 ], "texture": "#big_dripleaf_3" }
			}
		},
		{
			"__comment": "Box38",
			"from": [ 5.9998, 2.0001, 13.0006 ],
			"to": [ 6.9998, 3.0001, 14.0006 ],
			"faces": {
				"down": { "uv": [ 6.000725, 1.999725, 6.999475, 2.998475 ], "texture": "#big_dripleaf_3" },
				"north": { "uv": [ 9.000525, 13.00082, 9.999275, 13.99958 ], "texture": "#big_dripleaf_3" },
				"south": { "uv": [ 6.000725, 13.00082, 6.999475, 13.99958 ], "texture": "#big_dripleaf_3" },
				"west": { "uv": [ 13.00152, 13.00082, 14.00028, 13.99958 ], "texture": "#big_dripleaf_3" },
				"east": { "uv": [ 1.999725, 13.00082, 2.998475, 13.99958 ], "texture": "#big_dripleaf_3" }
			}
		},
		{
			"__comment": "Box38",
			"from": [ 4.9986, 3.0014, 14.0014 ],
			"to": [ 5.9986, 4.0014, 15.0014 ],
			"faces": {
				"down": { "uv": [ 4.999825, 0.9997244, 5.998575, 1.998475 ], "texture": "#big_dripleaf_3" },
				"north": { "uv": [ 10.00142, 11.99992, 11.00018, 12.99868 ], "texture": "#big_dripleaf_3" },
				"south": { "uv": [ 4.999825, 11.99992, 5.998575, 12.99868 ], "texture": "#big_dripleaf_3" },
				"west": { "uv": [ 14.00152, 11.99992, 15.00028, 12.99868 ], "texture": "#big_dripleaf_3" },
				"east": { "uv": [ 0.9997247, 11.99992, 1.998475, 12.99868 ], "texture": "#big_dripleaf_3" }
			}
		},
		{
			"__comment": "Box38",
			"from": [ 6.0004, 4.0013, 14.9987 ],
			"to": [ 7.0004, 5.0013, 15.9987 ],
			"faces": {
				"down": { "uv": [ 6.001125, 0.000925064, 6.999875, 0.9996758 ], "texture": "#big_dripleaf_3" },
				"north": { "uv": [ 9.000125, 11.00023, 9.998876, 11.99898 ], "texture": "#big_dripleaf_3" },
				"south": { "uv": [ 6.001125, 11.00023, 6.999875, 11.99898 ], "texture": "#big_dripleaf_3", "cullface": "south" },
				"west": { "uv": [ 15.00032, 11.00023, 15.99907, 11.99898 ], "texture": "#big_dripleaf_3" },
				"east": { "uv": [ 0.000925407, 11.00023, 0.999675, 11.99898 ], "texture": "#big_dripleaf_3" }
			}
		},
		{
			"__comment": "Box38",
			"from": [ 5.0003, 6.9988, 14.0001 ],
			"to": [ 6.0003, 7.9988, 15.0001 ],
			"faces": {
				"down": { "uv": [ 5.001325, 0.9996243, 6.000075, 1.998375 ], "texture": "#big_dripleaf_3" },
				"north": { "uv": [ 9.999925, 8.001025, 10.99868, 8.999776 ], "texture": "#big_dripleaf_3" },
				"south": { "uv": [ 5.001325, 8.001025, 6.000075, 8.999776 ], "texture": "#big_dripleaf_3" },
				"west": { "uv": [ 14.00163, 8.001025, 15.00038, 8.999776 ], "texture": "#big_dripleaf_3" },
				"east": { "uv": [ 0.9996246, 8.001025, 1.998375, 8.999776 ], "texture": "#big_dripleaf_3" }
			}
		},
		{
			"__comment": "Box38",
			"from": [ 6.9991, 8.998799, 14.001 ],
			"to": [ 7.9991, 9.998799, 15.001 ],
			"faces": {
				"down": { "uv": [ 6.999825, 1.000125, 7.998575, 1.998875 ], "texture": "#big_dripleaf_3" },
				"north": { "uv": [ 8.001425, 6.001525, 9.000175, 7.000275 ], "texture": "#big_dripleaf_3" },
				"south": { "uv": [ 6.999825, 6.001525, 7.998575, 7.000275 ], "texture": "#big_dripleaf_3" },
				"west": { "uv": [ 14.00112, 6.001525, 14.99988, 7.000275 ], "texture": "#big_dripleaf_3" }
			}
		},
		{
			"__comment": "Box38",
			"from": [ 6.0004, 10, 13.0015 ],
			"to": [ 7.0004, 11, 14.0015 ],
			"faces": {
				"down": { "uv": [ 6.000525, 2.000025, 6.999275, 2.998775 ], "texture": "#big_dripleaf_3" },
				"north": { "uv": [ 9.000725, 5.000525, 9.999475, 5.999275 ], "texture": "#big_dripleaf_3" },
				"south": { "uv": [ 6.000525, 5.000525, 6.999275, 5.999275 ], "texture": "#big_dripleaf_3" },
				"west": { "uv": [ 13.00122, 5.000525, 13.99998, 5.999275 ], "texture": "#big_dripleaf_3" },
				"east": { "uv": [ 2.000025, 5.000525, 2.998775, 5.999275 ], "texture": "#big_dripleaf_3" }
			}
		},
		{
			"__comment": "Box38",
			"from": [ 4.9998, 11, 13.9995 ],
			"to": [ 5.9998, 12, 14.9995 ],
			"faces": {
				"down": { "uv": [ 5.001125, 1.000225, 5.999875, 1.998975 ], "texture": "#big_dripleaf_3" },
				"north": { "uv": [ 10.00012, 4.000626, 10.99888, 4.999374 ], "texture": "#big_dripleaf_3" },
				"south": { "uv": [ 5.001125, 4.000626, 5.999875, 4.999374 ], "texture": "#big_dripleaf_3" },
				"west": { "uv": [ 14.00102, 4.000626, 14.99977, 4.999374 ], "texture": "#big_dripleaf_3" },
				"east": { "uv": [ 1.000225, 4.000626, 1.998975, 4.999374 ], "texture": "#big_dripleaf_3" }
			}
		},
		{
			"__comment": "Box38",
			"from": [ 7.001, 12.9995, 14 ],
			"to": [ 8.000998, 13.9995, 15 ],
			"faces": {
				"down": { "uv": [ 7.001325, 1.000625, 8.000074, 1.999375 ], "texture": "#big_dripleaf_3" },
				"north": { "uv": [ 7.999926, 2.001624, 8.998675, 3.000375 ], "texture": "#big_dripleaf_3" },
				"south": { "uv": [ 7.001325, 2.001624, 8.000074, 3.000375 ], "texture": "#big_dripleaf_3" },
				"west": { "uv": [ 14.00062, 2.001624, 14.99938, 3.000375 ], "texture": "#big_dripleaf_3" }
			}
		},
		{
			"__comment": "Box38",
			"from": [ 5.9999, 14.0005, 13.0001 ],
			"to": [ 6.9999, 15.0005, 14.0001 ],
			"faces": {
				"down": { "uv": [ 6.001225, 2.000324, 6.999975, 2.999076 ], "texture": "#big_dripleaf_3" },
				"up": { "uv": [ 6.001225, 13.00093, 6.999975, 13.99968 ], "texture": "#big_dripleaf_3" },
				"north": { "uv": [ 9.000025, 1.000625, 9.998775, 1.999375 ], "texture": "#big_dripleaf_3" },
				"south": { "uv": [ 6.001225, 1.000625, 6.999975, 1.999375 ], "texture": "#big_dripleaf_3" },
				"west": { "uv": [ 13.00093, 1.000625, 13.99968, 1.999375 ], "texture": "#big_dripleaf_3" },
				"east": { "uv": [ 2.000325, 1.000625, 2.999075, 1.999375 ], "texture": "#big_dripleaf_3" }
			}
		},
		{
			"__comment": "Box38",
			"from": [ 8.0014, 0.0008, 14.0002 ],
			"to": [ 9.0014, 1.0008, 15.0002 ],
			"faces": {
				"down": { "uv": [ 8.001225, 1.001225, 8.999975, 1.999975 ], "texture": "#big_dripleaf_3", "cullface": "down" },
				"up": { "uv": [ 8.001225, 14.00002, 8.999975, 14.99878 ], "texture": "#big_dripleaf_3" },
				"north": { "uv": [ 7.000025, 15.00052, 7.998775, 15.99928 ], "texture": "#big_dripleaf_3" },
				"south": { "uv": [ 8.001225, 15.00052, 8.999975, 15.99928 ], "texture": "#big_dripleaf_3" },
				"east": { "uv": [ 1.001225, 15.00052, 1.999975, 15.99928 ], "texture": "#big_dripleaf_3" }
			}
		},
		{
			"__comment": "Box38",
			"from": [ 8.9997, 1.0005, 15 ],
			"to": [ 9.9997, 2.0005, 16 ],
			"faces": {
				"up": { "uv": [ 9.000725, 15.00023, 9.999475, 15.99898 ], "texture": "#big_dripleaf_3" },
				"north": { "uv": [ 6.000525, 14.00002, 6.999275, 14.99878 ], "texture": "#big_dripleaf_3" },
				"south": { "uv": [ 9.000725, 14.00002, 9.999475, 14.99878 ], "texture": "#big_dripleaf_3", "cullface": "south" },
				"west": { "uv": [ 15.00023, 14.00002, 15.99898, 14.99878 ], "texture": "#big_dripleaf_3" },
				"east": { "uv": [ 0.00102459, 14.00002, 0.9997749, 14.99878 ], "texture": "#big_dripleaf_3" }
			}
		},
		{
			"__comment": "Box38",
			"from": [ 10.0008, 2.0003, 14.0003 ],
			"to": [ 11.0008, 3.0003, 15.0003 ],
			"faces": {
				"up": { "uv": [ 10.00112, 14.00042, 10.99988, 14.99918 ], "texture": "#big_dripleaf_3" },
				"north": { "uv": [ 5.000125, 13.00002, 5.998875, 13.99878 ], "texture": "#big_dripleaf_3" },
				"south": { "uv": [ 10.00112, 13.00002, 10.99988, 13.99878 ], "texture": "#big_dripleaf_3" },
				"west": { "uv": [ 14.00042, 13.00002, 14.99918, 13.99878 ], "texture": "#big_dripleaf_3" },
				"east": { "uv": [ 1.000825, 13.00002, 1.999575, 13.99878 ], "texture": "#big_dripleaf_3" }
			}
		},
		{
			"__comment": "Box38",
			"from": [ 9.0018, 2.9982, 13.001 ],
			"to": [ 10.0018, 3.9982, 14.001 ],
			"faces": {
				"up": { "uv": [ 9.001425, 13.00142, 10.00018, 14.00018 ], "texture": "#big_dripleaf_3" },
				"north": { "uv": [ 5.999825, 12.00163, 6.998575, 13.00038 ], "texture": "#big_dripleaf_3" },
				"south": { "uv": [ 9.001425, 12.00163, 10.00018, 13.00038 ], "texture": "#big_dripleaf_3" },
				"west": { "uv": [ 13.00142, 12.00163, 14.00018, 13.00038 ], "texture": "#big_dripleaf_3" },
				"east": { "uv": [ 1.999825, 12.00163, 2.998575, 13.00038 ], "texture": "#big_dripleaf_3" }
			}
		},
		{
			"__comment": "Box38",
			"from": [ 8.0013, 3.9996, 13.9992 ],
			"to": [ 9.0013, 4.999599, 14.9992 ],
			"faces": {
				"up": { "uv": [ 8.000924, 14.00042, 8.999675, 14.99918 ], "texture": "#big_dripleaf_3" },
				"north": { "uv": [ 7.000326, 11.00093, 7.999076, 11.99968 ], "texture": "#big_dripleaf_3" },
				"south": { "uv": [ 8.000924, 11.00093, 8.999675, 11.99968 ], "texture": "#big_dripleaf_3" },
				"east": { "uv": [ 1.000825, 11.00093, 1.999575, 11.99968 ], "texture": "#big_dripleaf_3" }
			}
		},
		{
			"__comment": "Box38",
			"from": [ 10.0001, 6, 13.9983 ],
			"to": [ 11.0001, 7, 14.9983 ],
			"faces": {
				"up": { "uv": [ 10.00152, 13.99972, 11.00028, 14.99848 ], "texture": "#big_dripleaf_3" },
				"north": { "uv": [ 4.999725, 9.000325, 5.998475, 9.999076 ], "texture": "#big_dripleaf_3" },
				"south": { "uv": [ 10.00152, 9.000325, 11.00028, 9.999076 ], "texture": "#big_dripleaf_3" },
				"west": { "uv": [ 13.99972, 9.000325, 14.99848, 9.999076 ], "texture": "#big_dripleaf_3" },
				"east": { "uv": [ 1.001525, 9.000325, 2.000275, 9.999076 ], "texture": "#big_dripleaf_3" }
			}
		},
		{
			"__comment": "Box38",
			"from": [ 7.9999, 7.999, 13.9987 ],
			"to": [ 8.999899, 8.999, 14.9987 ],
			"faces": {
				"up": { "uv": [ 7.999825, 13.99962, 8.998574, 14.99837 ], "texture": "#big_dripleaf_3" },
				"north": { "uv": [ 7.001426, 7.001525, 8.000175, 8.000276 ], "texture": "#big_dripleaf_3" },
				"south": { "uv": [ 7.999825, 7.001525, 8.998574, 8.000276 ], "texture": "#big_dripleaf_3" },
				"east": { "uv": [ 1.001625, 7.001525, 2.000375, 8.000276 ], "texture": "#big_dripleaf_3" }
			}
		},
		{
			"__comment": "Box38",
			"from": [ 9.9985, 9.9994, 13.9999 ],
			"to": [ 10.9985, 10.9994, 14.9999 ],
			"faces": {
				"up": { "uv": [ 9.999925, 14.00052, 10.99868, 14.99928 ], "texture": "#big_dripleaf_3" },
				"north": { "uv": [ 5.001325, 5.001425, 6.000075, 6.000175 ], "texture": "#big_dripleaf_3" },
				"south": { "uv": [ 9.999925, 5.001425, 10.99868, 6.000175 ], "texture": "#big_dripleaf_3" },
				"west": { "uv": [ 14.00052, 5.001425, 14.99928, 6.000175 ], "texture": "#big_dripleaf_3" },
				"east": { "uv": [ 1.000725, 5.001425, 1.999475, 6.000175 ], "texture": "#big_dripleaf_3" }
			}
		},
		{
			"__comment": "Box38",
			"from": [ 8.9997, 10.9994, 12.9999 ],
			"to": [ 9.9997, 11.9994, 13.9999 ],
			"faces": {
				"up": { "uv": [ 9.000625, 13.00122, 9.999375, 13.99998 ], "texture": "#big_dripleaf_3" },
				"north": { "uv": [ 6.000625, 4.001425, 6.999375, 5.000175 ], "texture": "#big_dripleaf_3" },
				"south": { "uv": [ 9.000625, 4.001425, 9.999375, 5.000175 ], "texture": "#big_dripleaf_3" },
				"west": { "uv": [ 13.00122, 4.001425, 13.99998, 5.000175 ], "texture": "#big_dripleaf_3" },
				"east": { "uv": [ 2.000025, 4.001425, 2.998775, 5.000175 ], "texture": "#big_dripleaf_3" }
			}
		},
		{
			"__comment": "Box38",
			"from": [ 8.0007, 12.0014, 14.0003 ],
			"to": [ 9.0007, 13.0014, 15.0003 ],
			"faces": {
				"up": { "uv": [ 8.000325, 14.00002, 8.999076, 14.99878 ], "texture": "#big_dripleaf_3" },
				"north": { "uv": [ 7.000924, 2.999825, 7.999674, 3.998575 ], "texture": "#big_dripleaf_3" },
				"south": { "uv": [ 8.000325, 2.999825, 8.999076, 3.998575 ], "texture": "#big_dripleaf_3" },
				"east": { "uv": [ 1.001225, 2.999825, 1.999975, 3.998575 ], "texture": "#big_dripleaf_3" }
			}
		},
		{
			"__comment": "Box38",
			"from": [ 8.999499, 12.9998, 14.9988 ],
			"to": [ 9.999499, 13.9998, 15.9988 ],
			"faces": {
				"up": { "uv": [ 9.001024, 14.99992, 9.999775, 15.99868 ], "texture": "#big_dripleaf_3" },
				"north": { "uv": [ 6.000225, 2.000825, 6.998975, 2.999575 ], "texture": "#big_dripleaf_3" },
				"south": { "uv": [ 9.001024, 2.000825, 9.999775, 2.999575 ], "texture": "#big_dripleaf_3", "cullface": "south" },
				"west": { "uv": [ 14.99992, 2.000825, 15.99868, 2.999575 ], "texture": "#big_dripleaf_3" },
				"east": { "uv": [ 0.001324997, 2.000825, 1.000075, 2.999575 ], "texture": "#big_dripleaf_3" }
			}
		},
		{
			"__comment": "Box38",
			"from": [ 10.0004, 13.9994, 13.9988 ],
			"to": [ 11.0004, 14.9994, 14.9988 ],
			"faces": {
				"up": { "uv": [ 10.00042, 13.99982, 10.99918, 14.99858 ], "texture": "#big_dripleaf_3" },
				"north": { "uv": [ 5.000825, 1.000725, 5.999575, 1.999475 ], "texture": "#big_dripleaf_3" },
				"south": { "uv": [ 10.00042, 1.000725, 10.99918, 1.999475 ], "texture": "#big_dripleaf_3" },
				"west": { "uv": [ 13.99982, 1.000725, 14.99858, 1.999475 ], "texture": "#big_dripleaf_3" },
				"east": { "uv": [ 1.001425, 1.000725, 2.000175, 1.999475 ], "texture": "#big_dripleaf_3" }
			}
		},
		{
			"__comment": "Box38",
			"from": [ 10.0006, 1.0003, 14.001 ],
			"to": [ 11.0006, 2.000301, 15.001 ],
			"faces": {
				"down": { "uv": [ 10.00102, 0.9996243, 10.99977, 1.998375 ], "texture": "#big_dripleaf_3" },
				"north": { "uv": [ 5.000225, 13.99992, 5.998975, 14.99868 ], "texture": "#big_dripleaf_3" },
				"south": { "uv": [ 10.00102, 13.99992, 10.99977, 14.99868 ], "texture": "#big_dripleaf_3" },
				"west": { "uv": [ 14.00163, 13.99992, 15.00038, 14.99868 ], "texture": "#big_dripleaf_3" },
				"east": { "uv": [ 0.9996246, 13.99992, 1.998375, 14.99868 ], "texture": "#big_dripleaf_3" }
			}
		},
		{
			"__comment": "Box38",
			"from": [ 8.999599, 2.0008, 13.0007 ],
			"to": [ 9.999599, 3.0008, 14.0007 ],
			"faces": {
				"down": { "uv": [ 9.000124, 2.000725, 9.998875, 2.999475 ], "texture": "#big_dripleaf_3" },
				"north": { "uv": [ 6.001126, 12.99992, 6.999876, 13.99868 ], "texture": "#big_dripleaf_3" },
				"south": { "uv": [ 9.000124, 12.99992, 9.998875, 13.99868 ], "texture": "#big_dripleaf_3" },
				"west": { "uv": [ 13.00052, 12.99992, 13.99928, 13.99868 ], "texture": "#big_dripleaf_3" },
				"east": { "uv": [ 2.000725, 12.99992, 2.999475, 13.99868 ], "texture": "#big_dripleaf_3" }
			}
		},
		{
			"__comment": "Box38",
			"from": [ 8.0001, 2.9998, 14.001 ],
			"to": [ 9.0001, 3.9998, 15.001 ],
			"faces": {
				"down": { "uv": [ 8.001225, 1.000425, 8.999975, 1.999175 ], "texture": "#big_dripleaf_3" },
				"north": { "uv": [ 7.000025, 12.00132, 7.998775, 13.00008 ], "texture": "#big_dripleaf_3" },
				"south": { "uv": [ 8.001225, 12.00132, 8.999975, 13.00008 ], "texture": "#big_dripleaf_3" },
				"east": { "uv": [ 1.000425, 12.00132, 1.999175, 13.00008 ], "texture": "#big_dripleaf_3" }
			}
		},
		{
			"__comment": "Box38",
			"from": [ 8.9985, 4.0013, 14.9997 ],
			"to": [ 9.9985, 5.0013, 15.9997 ],
			"faces": {
				"down": { "uv": [ 8.999925, 0.000624657, 9.998675, 0.9986753 ], "texture": "#big_dripleaf_3" },
				"north": { "uv": [ 6.001325, 11.00023, 7.000075, 11.99898 ], "texture": "#big_dripleaf_3" },
				"south": { "uv": [ 8.999925, 11.00023, 9.998675, 11.99898 ], "texture": "#big_dripleaf_3", "cullface": "south" },
				"west": { "uv": [ 15.00132, 11.00023, 15.99938, 11.99898 ], "texture": "#big_dripleaf_3" },
				"east": { "uv": [ 0.000625, 11.00023, 0.998675, 11.99898 ], "texture": "#big_dripleaf_3" }
			}
		},
		{
			"__comment": "Box38",
			"from": [ 9.9994, 4.9993, 13.9989 ],
			"to": [ 10.9994, 5.9993, 14.9989 ],
			"faces": {
				"down": { "uv": [ 10.00022, 1.001425, 10.99898, 2.000175 ], "texture": "#big_dripleaf_3" },
				"north": { "uv": [ 5.001025, 10.00122, 5.999776, 10.99998 ], "texture": "#big_dripleaf_3" },
				"south": { "uv": [ 10.00022, 10.00122, 10.99898, 10.99998 ], "texture": "#big_dripleaf_3" },
				"west": { "uv": [ 13.99982, 10.00122, 14.99858, 10.99998 ], "texture": "#big_dripleaf_3" },
				"east": { "uv": [ 1.001425, 10.00122, 2.000175, 10.99998 ], "texture": "#big_dripleaf_3" }
			}
		},
		{
			"__comment": "Box38",
			"from": [ 10.0008, 8.999599, 14.0007 ],
			"to": [ 11.0008, 9.999599, 15.0007 ],
			"faces": {
				"down": { "uv": [ 10.00093, 0.9996243, 10.99968, 1.998375 ], "texture": "#big_dripleaf_3" },
				"north": { "uv": [ 5.000325, 6.001026, 5.999075, 6.999775 ], "texture": "#big_dripleaf_3" },
				"south": { "uv": [ 10.00093, 6.001026, 10.99968, 6.999775 ], "texture": "#big_dripleaf_3" },
				"west": { "uv": [ 14.00163, 6.001026, 15.00038, 6.999775 ], "texture": "#big_dripleaf_3" },
				"east": { "uv": [ 0.9996246, 6.001026, 1.998375, 6.999775 ], "texture": "#big_dripleaf_3" }
			}
		},
		{
			"__comment": "Box38",
			"from": [ 8.9997, 10.0009, 13.0012 ],
			"to": [ 9.9997, 11.0009, 14.0012 ],
			"faces": {
				"down": { "uv": [ 9.000324, 1.999725, 9.999075, 2.998475 ], "texture": "#big_dripleaf_3" },
				"north": { "uv": [ 6.000925, 5.000425, 6.999675, 5.999175 ], "texture": "#big_dripleaf_3" },
				"south": { "uv": [ 9.000324, 5.000425, 9.999075, 5.999175 ], "texture": "#big_dripleaf_3" },
				"west": { "uv": [ 13.00152, 5.000425, 14.00028, 5.999175 ], "texture": "#big_dripleaf_3" },
				"east": { "uv": [ 1.999725, 5.000425, 2.998475, 5.999175 ], "texture": "#big_dripleaf_3" }
			}
		},
		{
			"__comment": "Box38",
			"from": [ 7.9999, 10.9996, 14.0009 ],
			"to": [ 8.999901, 11.9996, 15.0009 ],
			"faces": {
				"down": { "uv": [ 8.000525, 1.000225, 8.999275, 1.998975 ], "texture": "#big_dripleaf_3" },
				"north": { "uv": [ 7.000725, 4.000825, 7.999475, 4.999575 ], "texture": "#big_dripleaf_3" },
				"south": { "uv": [ 8.000525, 4.000825, 8.999275, 4.999575 ], "texture": "#big_dripleaf_3" },
				"east": { "uv": [ 1.000225, 4.000825, 1.998975, 4.999575 ], "texture": "#big_dripleaf_3" }
			}
		},
		{
			"__comment": "Box38",
			"from": [ 9.9998, 13.0003, 13.9994 ],
			"to": [ 10.9998, 14.0003, 14.9994 ],
			"faces": {
				"down": { "uv": [ 10.00082, 1.000425, 10.99958, 1.999175 ], "texture": "#big_dripleaf_3" },
				"north": { "uv": [ 5.000425, 1.999825, 5.999175, 2.998575 ], "texture": "#big_dripleaf_3" },
				"south": { "uv": [ 10.00082, 1.999825, 10.99958, 2.998575 ], "texture": "#big_dripleaf_3" },
				"west": { "uv": [ 14.00082, 1.999825, 14.99958, 2.998575 ], "texture": "#big_dripleaf_3" },
				"east": { "uv": [ 1.000425, 1.999825, 1.999175, 2.998575 ], "texture": "#big_dripleaf_3" }
			}
		},
		{
			"__comment": "Box38",
			"from": [ 9.000899, 13.9993, 13.0004 ],
			"to": [ 10.0009, 14.9993, 14.0004 ],
			"faces": {
				"down": { "uv": [ 9.001325, 1.999825, 10.00008, 2.998575 ], "texture": "#big_dripleaf_3" },
				"up": { "uv": [ 9.001325, 13.00142, 10.00008, 14.00018 ], "texture": "#big_dripleaf_3" },
				"north": { "uv": [ 5.999925, 1.001125, 6.998675, 1.999875 ], "texture": "#big_dripleaf_3" },
				"south": { "uv": [ 9.001325, 1.001125, 10.00008, 1.999875 ], "texture": "#big_dripleaf_3" },
				"west": { "uv": [ 13.00142, 1.001125, 14.00018, 1.999875 ], "texture": "#big_dripleaf_3" },
				"east": { "uv": [ 1.999825, 1.001125, 2.998575, 1.999875 ], "texture": "#big_dripleaf_3" }
			}
		},
		{
			"__comment": "Box38",
			"from": [ 8.000299, 15.0007, 14.0008 ],
			"to": [ 9.000299, 16.0007, 15.0008 ],
			"faces": {
				"down": { "uv": [ 8.000625, 1.000625, 8.999375, 1.999375 ], "texture": "#big_dripleaf_3" },
				"up": { "uv": [ 8.000625, 14.00062, 8.999375, 14.99938 ], "texture": "#big_dripleaf_3", "cullface": "up" },
				"north": { "uv": [ 7.000625, 0.000624657, 7.999375, 0.9993753 ], "texture": "#big_dripleaf_3" },
				"south": { "uv": [ 8.000625, 0.000624657, 8.999375, 0.9993753 ], "texture": "#big_dripleaf_3" },
				"east": { "uv": [ 1.000625, 0.000624657, 1.999375, 0.9993753 ], "texture": "#big_dripleaf_3" }
			}
		},
		{
			"__comment": "Box38",
			"from": [ 4.9992, -0.0003, 13.9988 ],
			"to": [ 5.9992, 0.9997001, 14.9988 ],
			"faces": {
				"down": { "uv": [ 5.000425, 1.001125, 5.999175, 1.999875 ], "texture": "#big_dripleaf_3", "cullface": "down" },
				"up": { "uv": [ 5.000425, 14.00012, 5.999175, 14.99888 ], "texture": "#big_dripleaf_3" },
				"north": { "uv": [ 10.00082, 15.00032, 10.99958, 15.99907 ], "texture": "#big_dripleaf_3" },
				"south": { "uv": [ 5.000425, 15.00032, 5.999175, 15.99907 ], "texture": "#big_dripleaf_3" },
				"west": { "uv": [ 14.00012, 15.00032, 14.99888, 15.99907 ], "texture": "#big_dripleaf_3" },
				"east": { "uv": [ 1.001125, 15.00032, 1.999875, 15.99907 ], "texture": "#big_dripleaf_3" }
			}
		},
		{
			"__comment": "Box38",
			"from": [ 5.9991, 1.0009, 15.0001 ],
			"to": [ 6.9991, 2.0009, 16.0001 ],
			"faces": {
				"up": { "uv": [ 6.000025, 15.00102, 6.998775, 15.99938 ], "texture": "#big_dripleaf_3" },
				"north": { "uv": [ 9.001225, 13.99992, 9.999975, 14.99868 ], "texture": "#big_dripleaf_3" },
				"south": { "uv": [ 6.000025, 13.99992, 6.998775, 14.99868 ], "texture": "#big_dripleaf_3", "cullface": "south" },
				"west": { "uv": [ 15.00102, 13.99992, 15.99938, 14.99868 ], "texture": "#big_dripleaf_3" },
				"east": { "uv": [ 0.000625, 13.99992, 0.9989754, 14.99868 ], "texture": "#big_dripleaf_3" }
			}
		},
		{
			"__comment": "Box38",
			"from": [ 5.9992, 5, 15.0001 ],
			"to": [ 6.9992, 6, 16.0001 ],
			"faces": {
				"up": { "uv": [ 5.999825, 15.00062, 6.998575, 15.99938 ], "texture": "#big_dripleaf_3" },
				"north": { "uv": [ 9.001425, 10.00012, 10.00018, 10.99888 ], "texture": "#big_dripleaf_3" },
				"south": { "uv": [ 5.999825, 10.00012, 6.998575, 10.99888 ], "texture": "#big_dripleaf_3", "cullface": "south" },
				"west": { "uv": [ 15.00062, 10.00012, 15.99938, 10.99888 ], "texture": "#big_dripleaf_3" },
				"east": { "uv": [ 0.000625, 10.00012, 0.999375, 10.99888 ], "texture": "#big_dripleaf_3" }
			}
		},
		{
			"__comment": "Box38",
			"from": [ 6.9996, 5.9999, 14.0006 ],
			"to": [ 7.999601, 6.9999, 15.0006 ],
			"faces": {
				"up": { "uv": [ 7.001025, 14.00112, 7.999775, 14.99988 ], "texture": "#big_dripleaf_3" },
				"north": { "uv": [ 8.000224, 8.999925, 8.998975, 9.998675 ], "texture": "#big_dripleaf_3" },
				"south": { "uv": [ 7.001025, 8.999925, 7.999775, 9.998675 ], "texture": "#big_dripleaf_3" },
				"west": { "uv": [ 14.00112, 8.999925, 14.99988, 9.998675 ], "texture": "#big_dripleaf_3" }
			}
		},
		{
			"__comment": "Box38",
			"from": [ 5.9999, 7.0006, 13.0011 ],
			"to": [ 6.9999, 8.000599, 14.0011 ],
			"faces": {
				"up": { "uv": [ 6.000125, 13.00093, 6.998875, 13.99968 ], "texture": "#big_dripleaf_3" },
				"north": { "uv": [ 9.001124, 7.999825, 9.999875, 8.998575 ], "texture": "#big_dripleaf_3" },
				"south": { "uv": [ 6.000125, 7.999825, 6.998875, 8.998575 ], "texture": "#big_dripleaf_3" },
				"west": { "uv": [ 13.00093, 7.999825, 13.99968, 8.998575 ], "texture": "#big_dripleaf_3" },
				"east": { "uv": [ 2.000325, 7.999825, 2.999075, 8.998575 ], "texture": "#big_dripleaf_3" }
			}
		},
		{
			"__comment": "Box38",
			"from": [ 6.0009, 8.999599, 14.999 ],
			"to": [ 7.0009, 9.999599, 15.999 ],
			"faces": {
				"up": { "uv": [ 6.000925, 15.00012, 6.999675, 15.99888 ], "texture": "#big_dripleaf_3" },
				"north": { "uv": [ 9.000325, 6.000025, 9.999076, 6.998775 ], "texture": "#big_dripleaf_3" },
				"south": { "uv": [ 6.000925, 6.000025, 6.999675, 6.998775 ], "texture": "#big_dripleaf_3", "cullface": "south" },
				"west": { "uv": [ 15.00012, 6.000025, 15.99888, 6.998775 ], "texture": "#big_dripleaf_3" },
				"east": { "uv": [ 0.001124725, 6.000025, 0.9998749, 6.998775 ], "texture": "#big_dripleaf_3" }
			}
		},
		{
			"__comment": "Box38",
			"from": [ 6.0003, 12.9999, 15.0013 ],
			"to": [ 7.0003, 13.9999, 16.0013 ],
			"faces": {
				"up": { "uv": [ 6.000125, 15.00093, 6.998875, 15.99938 ], "texture": "#big_dripleaf_3" },
				"north": { "uv": [ 9.001124, 1.999825, 9.999875, 2.998575 ], "texture": "#big_dripleaf_3" },
				"south": { "uv": [ 6.000125, 1.999825, 6.998875, 2.998575 ], "texture": "#big_dripleaf_3", "cullface": "south" },
				"west": { "uv": [ 15.00093, 1.999825, 15.99938, 2.998575 ], "texture": "#big_dripleaf_3" },
				"east": { "uv": [ 0.000625, 1.999825, 0.9990746, 2.998575 ], "texture": "#big_dripleaf_3" }
			}
		},
		{
			"__comment": "Box38",
			"from": [ 6.0018, -0.0003, 14.9992 ],
			"to": [ 7.0018, 0.9997, 15.9992 ],
			"faces": {
				"down": { "uv": [ 6.001425, 0.001524925, 7.000175, 1.000275 ], "texture": "#big_dripleaf_3", "cullface": "down" },
				"north": { "uv": [ 8.999825, 15.00082, 9.998575, 15.99938 ], "texture": "#big_dripleaf_3" },
				"south": { "uv": [ 6.001425, 15.00082, 7.000175, 15.99938 ], "texture": "#big_dripleaf_3", "cullface": "south" },
				"west": { "uv": [ 14.99972, 15.00082, 15.99848, 15.99938 ], "texture": "#big_dripleaf_3" },
				"east": { "uv": [ 0.001525269, 15.00082, 1.000275, 15.99938 ], "texture": "#big_dripleaf_3" }
			}
		},
		{
			"__comment": "Box38",
			"from": [ 6.9995, 4.9985, 13.9989 ],
			"to": [ 7.9995, 5.9985, 14.9989 ],
			"faces": {
				"down": { "uv": [ 7.000125, 1.001425, 7.998875, 2.000175 ], "texture": "#big_dripleaf_3" },
				"north": { "uv": [ 8.001124, 10.00163, 8.999875, 11.00038 ], "texture": "#big_dripleaf_3" },
				"south": { "uv": [ 7.000125, 10.00163, 7.998875, 11.00038 ], "texture": "#big_dripleaf_3" },
				"west": { "uv": [ 13.99982, 10.00163, 14.99858, 11.00038 ], "texture": "#big_dripleaf_3" }
			}
		},
		{
			"__comment": "Box38",
			"from": [ 6.0012, 6.0011, 13.0005 ],
			"to": [ 7.0012, 7.0011, 14.0005 ],
			"faces": {
				"down": { "uv": [ 6.001025, 1.999725, 6.999775, 2.998475 ], "texture": "#big_dripleaf_3" },
				"north": { "uv": [ 9.000224, 8.999825, 9.998975, 9.998575 ], "texture": "#big_dripleaf_3" },
				"south": { "uv": [ 6.001025, 8.999825, 6.999775, 9.998575 ], "texture": "#big_dripleaf_3" },
				"west": { "uv": [ 13.00152, 8.999825, 14.00028, 9.998575 ], "texture": "#big_dripleaf_3" },
				"east": { "uv": [ 1.999725, 8.999825, 2.998475, 9.998575 ], "texture": "#big_dripleaf_3" }
			}
		},
		{
			"__comment": "Box38",
			"from": [ 6.0002, 8.0009, 14.9998 ],
			"to": [ 7.0002, 9.0009, 15.9998 ],
			"faces": {
				"down": { "uv": [ 6.000625, 0.000624657, 6.999375, 0.9987755 ], "texture": "#big_dripleaf_3" },
				"north": { "uv": [ 9.000625, 7.000525, 9.999375, 7.999275 ], "texture": "#big_dripleaf_3" },
				"south": { "uv": [ 6.000625, 7.000525, 6.999375, 7.999275 ], "texture": "#big_dripleaf_3", "cullface": "south" },
				"west": { "uv": [ 15.00122, 7.000525, 15.99938, 7.999275 ], "texture": "#big_dripleaf_3" },
				"east": { "uv": [ 0.000625, 7.000525, 0.9987751, 7.999275 ], "texture": "#big_dripleaf_3" }
			}
		},
		{
			"__comment": "Box38",
			"from": [ 6.0011, 12.001, 15.0015 ],
			"to": [ 7.0011, 13.001, 16.0015 ],
			"faces": {
				"down": { "uv": [ 6.000825, 0.000624657, 6.999575, 0.9983749 ], "texture": "#big_dripleaf_3" },
				"north": { "uv": [ 9.000424, 3.000525, 9.999175, 3.999275 ], "texture": "#big_dripleaf_3" },
				"south": { "uv": [ 6.000825, 3.000525, 6.999575, 3.999275 ], "texture": "#big_dripleaf_3", "cullface": "south" },
				"west": { "uv": [ 15.00163, 3.000525, 15.99938, 3.999275 ], "texture": "#big_dripleaf_3" },
				"east": { "uv": [ 0.000625, 3.000525, 0.9983746, 3.999275 ], "texture": "#big_dripleaf_3" }
			}
		},
		{
			"__comment": "Box38",
			"from": [ 9.0001, 5.0005, 15.0005 ],
			"to": [ 10.0001, 6.0005, 16.0005 ],
			"faces": {
				"up": { "uv": [ 9.000725, 15.00093, 9.999475, 15.99938 ], "texture": "#big_dripleaf_3" },
				"north": { "uv": [ 6.000525, 10.00002, 6.999275, 10.99878 ], "texture": "#big_dripleaf_3" },
				"south": { "uv": [ 9.000725, 10.00002, 9.999475, 10.99878 ], "texture": "#big_dripleaf_3", "cullface": "south" },
				"west": { "uv": [ 15.00093, 10.00002, 15.99938, 10.99878 ], "texture": "#big_dripleaf_3" },
				"east": { "uv": [ 0.000625, 10.00002, 0.9990746, 10.99878 ], "texture": "#big_dripleaf_3" }
			}
		},
		{
			"__comment": "Box38",
			"from": [ 8.9993, 7.0001, 12.9999 ],
			"to": [ 9.9993, 8.0001, 13.9999 ],
			"faces": {
				"up": { "uv": [ 9.000124, 13.00082, 9.998875, 13.99958 ], "texture": "#big_dripleaf_3" },
				"north": { "uv": [ 6.001126, 7.999924, 6.999876, 8.998675 ], "texture": "#big_dripleaf_3" },
				"south": { "uv": [ 9.000124, 7.999924, 9.998875, 8.998675 ], "texture": "#big_dripleaf_3" },
				"west": { "uv": [ 13.00082, 7.999924, 13.99958, 8.998675 ], "texture": "#big_dripleaf_3" },
				"east": { "uv": [ 2.000425, 7.999924, 2.999175, 8.998675 ], "texture": "#big_dripleaf_3" }
			}
		},
		{
			"__comment": "Box38",
			"from": [ 9, 8.999499, 14.9996 ],
			"to": [ 10, 9.999499, 15.9996 ],
			"faces": {
				"up": { "uv": [ 9.001325, 14.99962, 10.00008, 15.99837 ], "texture": "#big_dripleaf_3" },
				"north": { "uv": [ 5.999925, 6.000525, 6.998675, 6.999275 ], "texture": "#big_dripleaf_3" },
				"south": { "uv": [ 9.001325, 6.000525, 10.00008, 6.999275 ], "texture": "#big_dripleaf_3", "cullface": "south" },
				"west": { "uv": [ 14.99962, 6.000525, 15.99837, 6.999275 ], "texture": "#big_dripleaf_3" },
				"east": { "uv": [ 0.001625404, 6.000525, 1.000375, 6.999275 ], "texture": "#big_dripleaf_3" }
			}
		},
		{
			"__comment": "Box38",
			"from": [ 8.9984, 0.0002, 15.0012 ],
			"to": [ 9.9984, 1.0002, 16.0012 ],
			"faces": {
				"down": { "uv": [ 8.999724, 0.000624657, 9.998475, 0.9985752 ], "texture": "#big_dripleaf_3", "cullface": "down" },
				"north": { "uv": [ 6.001525, 14.99992, 7.000275, 15.99868 ], "texture": "#big_dripleaf_3" },
				"south": { "uv": [ 8.999724, 14.99992, 9.998475, 15.99868 ], "texture": "#big_dripleaf_3", "cullface": "south" },
				"west": { "uv": [ 15.00142, 14.99992, 15.99938, 15.99868 ], "texture": "#big_dripleaf_3" },
				"east": { "uv": [ 0.000625, 14.99992, 0.9985749, 15.99868 ], "texture": "#big_dripleaf_3" }
			}
		},
		{
			"__comment": "Box38",
			"from": [ 9.000299, 6.0005, 12.9993 ],
			"to": [ 10.0003, 7.0005, 13.9993 ],
			"faces": {
				"down": { "uv": [ 9.000025, 2.001425, 9.998775, 3.000175 ], "texture": "#big_dripleaf_3" },
				"north": { "uv": [ 6.001225, 9.000525, 6.999975, 9.999275 ], "texture": "#big_dripleaf_3" },
				"south": { "uv": [ 9.000025, 9.000525, 9.998775, 9.999275 ], "texture": "#big_dripleaf_3" },
				"west": { "uv": [ 12.99982, 9.000525, 13.99858, 9.999275 ], "texture": "#big_dripleaf_3" },
				"east": { "uv": [ 2.001425, 9.000525, 3.000175, 9.999275 ], "texture": "#big_dripleaf_3" }
			}
		},
		{
			"__comment": "Box38",
			"from": [ 8.0006, 6.9994, 13.9999 ],
			"to": [ 9.0006, 7.9994, 14.9999 ],
			"faces": {
				"down": { "uv": [ 8.001124, 1.001625, 8.999875, 2.000375 ], "texture": "#big_dripleaf_3" },
				"north": { "uv": [ 7.000125, 8.001525, 7.998875, 9.000276 ], "texture": "#big_dripleaf_3" },
				"south": { "uv": [ 8.001124, 8.001525, 8.999875, 9.000276 ], "texture": "#big_dripleaf_3" },
				"east": { "uv": [ 1.001625, 8.001525, 2.000375, 9.000276 ], "texture": "#big_dripleaf_3" }
			}
		},
		{
			"__comment": "Box38",
			"from": [ 8.999599, 7.9994, 14.9997 ],
			"to": [ 9.999599, 8.999401, 15.9997 ],
			"faces": {
				"down": { "uv": [ 9.000625, 0.001524925, 9.999375, 1.000275 ], "texture": "#big_dripleaf_3" },
				"north": { "uv": [ 6.000625, 7.000925, 6.999375, 7.999674 ], "texture": "#big_dripleaf_3" },
				"south": { "uv": [ 9.000625, 7.000925, 9.999375, 7.999674 ], "texture": "#big_dripleaf_3", "cullface": "south" },
				"west": { "uv": [ 14.99972, 7.000925, 15.99848, 7.999674 ], "texture": "#big_dripleaf_3" },
				"east": { "uv": [ 0.001525269, 7.000925, 1.000275, 7.999674 ], "texture": "#big_dripleaf_3" }
			}
		},
		{
			"__comment": "Box38",
			"from": [ 8.9999, 11.9987, 14.9995 ],
			"to": [ 9.9999, 12.9987, 15.9995 ],
			"faces": {
				"down": { "uv": [ 9.001225, 0.001625061, 9.999975, 1.000375 ], "texture": "#big_dripleaf_3" },
				"north": { "uv": [ 6.000025, 3.001225, 6.998775, 3.999975 ], "texture": "#big_dripleaf_3" },
				"south": { "uv": [ 9.001225, 3.001225, 9.999975, 3.999975 ], "texture": "#big_dripleaf_3", "cullface": "south" },
				"west": { "uv": [ 14.99962, 3.001225, 15.99837, 3.999975 ], "texture": "#big_dripleaf_3" },
				"east": { "uv": [ 0.001625404, 3.001225, 1.000375, 3.999975 ], "texture": "#big_dripleaf_3" }
			}
		},
		{
			"__comment": "Box38",
			"from": [ 5.0004, 15.0001, 13.9996 ],
			"to": [ 6.0004, 16.0001, 14.9996 ],
			"faces": {
				"down": { "uv": [ 5.000625, 1.000625, 5.999375, 1.999375 ], "texture": "#big_dripleaf_3" },
				"up": { "uv": [ 5.000625, 14.00062, 5.999375, 14.99938 ], "texture": "#big_dripleaf_3", "cullface": "up" },
				"north": { "uv": [ 10.00062, 0.000624657, 10.99938, 0.9993753 ], "texture": "#big_dripleaf_3" },
				"south": { "uv": [ 5.000625, 0.000624657, 5.999375, 0.9993753 ], "texture": "#big_dripleaf_3" },
				"west": { "uv": [ 14.00062, 0.000624657, 14.99938, 0.9993753 ], "texture": "#big_dripleaf_3" },
				"east": { "uv": [ 1.000625, 0.000624657, 1.999375, 0.9993753 ], "texture": "#big_dripleaf_3" }
			}
		},
		{
			"__comment": "PlaneZ78",
			"from": [ 0.0007, 0.0002, 14.4999 ],
			"to": [ 16.0007, 16.0002, 14.5009 ],
			"faces": {
				"north": { "uv": [ 0.000625, 0.000624657, 15.99938, 12.99938 ], "texture": "#big_dripleaf_2" },
				"south": { "uv": [ 0.000625, 0.000624657, 15.99938, 12.99938 ], "texture": "#big_dripleaf_2" }
			}
		},
		{
			"__comment": "PlaneZ78",
			"from": [ 7.9998, 0.0003, 6.9999 ],
			"to": [ 8.000799, 16.0003, 22.9999 ],
			"faces": {
				"west": { "uv": [ 0.000625, 0.000624657, 15.99938, 12.99938 ], "texture": "#big_dripleaf_2" },
				"east": { "uv": [ 0.000625, 0.000624657, 15.99938, 12.99938 ], "texture": "#big_dripleaf_2" }
			}
		}
	],
	"display": {
		"thirdperson_righthand": {
			"rotation":  [ 45, 0, 0 ],
			"translation":  [ 0, 2.5, 0 ],
			"scale":  [ 0.375, 0.375, 0.375 ]
		},
		"thirdperson_lefthand": {
			"rotation":  [ 45, 0, 0 ],
			"translation":  [ 0, 2.5, 0 ],
			"scale":  [ 0.375, 0.375, 0.375 ]
		},
		"firstperson_righthand": {
			"rotation":  [ 0, 45, 0 ],
			"translation":  [ 0, 3, 0 ],
			"scale":  [ 0.4, 0.4, 0.4 ]
		},
		"firstperson_lefthand": {
			"rotation":  [ 0, 45, 0 ],
			"translation":  [ 0, 3, 0 ],
			"scale":  [ 0.4, 0.4, 0.4 ]
		},
		"gui": {
			"rotation":  [ 30, 225, 0 ],
			"translation":  [ 0, -3, 8 ]
		},
		"ground": {
			"translation":  [ 0, 3, 0 ],
			"scale":  [ 0.25, 0.25, 0.25 ]
		},
		"fixed": {
			"translation":  [ 0, 0, -3 ],
			"scale":  [ 0.5, 0.5, 0.5 ]
		}
	}
}