{
	"__comment": "Designed by Intermacgod with BDcraft Cubik PRO 0.87 Beta - http://bdcraft.net",
	"gui_light": "front",
	"ambientocclusion": false,
	"textures": {
		"particle": "block/3d_textures/birch_1",
		"birch_pressure_plate_1": "block/b/birch_pressure_plate/birch_pressure_plate_1",
		"birch_pressure_plate_3": "block/b/birch_pressure_plate/birch_pressure_plate_3",
		"birch_pressure_plate_4": "block/b/birch_pressure_plate/birch_pressure_plate_4"
	},
	"elements": [ 	 
		{
			"__comment": "Element",
			"from": [ 1.9998, 0.0007, 2.0006 ],
			"to": [ 13.9998, 1.0007, 14.0006 ],
			"faces": {
				"up": { "uv": [ 2.000625, 2.000625, 13.99938, 13.99938 ], "texture": "#birch_pressure_plate_4" },
				"north": { "uv": [ 2.000625, 14.00062, 13.99938, 14.99938 ], "texture": "#birch_pressure_plate_4" },
				"south": { "uv": [ 2.000625, 14.00062, 13.99938, 14.99938 ], "texture": "#birch_pressure_plate_4" },
				"west": { "uv": [ 2.000625, 14.00062, 13.99938, 14.99938 ], "texture": "#birch_pressure_plate_4" },
				"east": { "uv": [ 2.000625, 14.00062, 13.99938, 14.99938 ], "texture": "#birch_pressure_plate_4" }
			}
		},
		{
			"__comment": "Element",
			"from": [ 1.5005, 0.0005, 1.5001 ],
			"to": [ 14.5005, 0.5005001, 14.5001 ],
			"faces": {
				"down": { "uv": [ 14.49938, 14.49938, 1.500625, 1.500625 ], "texture": "#birch_pressure_plate_3", "cullface": "down" },
				"up": { "uv": [ 1.500625, 1.500625, 14.49938, 14.49938 ], "texture": "#birch_pressure_plate_3" }
			}
		},
		{
			"__comment": "Element",
			"from": [ 0, 0, 0 ],
			"to": [ 1.5, 1, 16 ],
			"faces": {
				"down": { "uv": [ 15.99938, 15.99938, 14.50062, 0.000624657 ], "texture": "#birch_pressure_plate_1", "cullface": "down" },
				"up": { "uv": [ 0.000625, 0.000624657, 1.499375, 15.99938 ], "texture": "#birch_pressure_plate_1" },
				"north": { "uv": [ 14.50062, 15.00062, 15.99938, 15.99938 ], "texture": "#birch_pressure_plate_1", "cullface": "north" },
				"south": { "uv": [ 0.000625, 15.00062, 1.499375, 15.99938 ], "texture": "#birch_pressure_plate_1", "cullface": "south" },
				"west": { "uv": [ 0.000625, 15.00062, 15.99938, 15.99938 ], "texture": "#birch_pressure_plate_1", "cullface": "west" },
				"east": { "uv": [ 0.000625, 15.00062, 15.99938, 15.99938 ], "texture": "#birch_pressure_plate_1" }
			}
		},
		{
			"__comment": "Element",
			"from": [ 14.5009, 0.0004, -0.0007 ],
			"to": [ 16.0009, 1.0004, 15.9993 ],
			"faces": {
				"down": { "uv": [ 1.499375, 15.99938, 0.000625014, 0.000624657 ], "texture": "#birch_pressure_plate_1", "cullface": "down" },
				"up": { "uv": [ 14.50062, 0.000624657, 15.99938, 15.99938 ], "texture": "#birch_pressure_plate_1" },
				"north": { "uv": [ 0.000625, 15.00062, 1.499375, 15.99938 ], "texture": "#birch_pressure_plate_1", "cullface": "north" },
				"south": { "uv": [ 14.50062, 15.00062, 15.99938, 15.99938 ], "texture": "#birch_pressure_plate_1", "cullface": "south" },
				"west": { "uv": [ 0.000625, 15.00062, 15.99938, 15.99938 ], "texture": "#birch_pressure_plate_1" },
				"east": { "uv": [ 0.000625, 15.00062, 15.99938, 15.99938 ], "texture": "#birch_pressure_plate_1", "cullface": "east" }
			}
		},
		{
			"__comment": "Element",
			"from": [ 1.5004, -0.0005, 0.0008 ],
			"to": [ 14.5004, 0.9994999, 1.5008 ],
			"faces": {
				"down": { "uv": [ 14.49938, 1.499375, 1.500625, 0.000624657 ], "texture": "#birch_pressure_plate_1", "cullface": "down" },
				"up": { "uv": [ 1.500625, 0.000624657, 14.49938, 1.499375 ], "texture": "#birch_pressure_plate_1" },
				"north": { "uv": [ 1.500625, 15.00062, 14.49938, 15.99938 ], "texture": "#birch_pressure_plate_1", "cullface": "north" }
			}
		},
		{
			"__comment": "Element",
			"from": [ 1.4993, 0.0002, 14.4999 ],
			"to": [ 14.4993, 1.0002, 15.9999 ],
			"faces": {
				"down": { "uv": [ 14.49938, 15.99938, 1.500625, 14.50062 ], "texture": "#birch_pressure_plate_1", "cullface": "down" },
				"up": { "uv": [ 1.500625, 14.50062, 14.49938, 15.99938 ], "texture": "#birch_pressure_plate_1" },
				"south": { "uv": [ 1.500625, 15.00062, 14.49938, 15.99938 ], "texture": "#birch_pressure_plate_1", "cullface": "south" }
			}
		}
	],
	"display": {
		"thirdperson_righthand": {
			"rotation":  [ 75, 45, 0 ],
			"translation":  [ 0, 3.5, 3 ],
			"scale":  [ 0.375, 0.375, 0.375 ]
		},
		"thirdperson_lefthand": {
			"rotation":  [ 75, 45, 0 ],
			"translation":  [ 0, 3.5, 3 ],
			"scale":  [ 0.375, 0.375, 0.375 ]
		},
		"firstperson_righthand": {
			"rotation":  [ 31, 0, 0 ],
			"translation":  [ 0, 7.6513, 6 ],
			"scale":  [ 0.8, 0.8, 0.8 ]
		},
		"firstperson_lefthand": {
			"rotation":  [ 31, 0, 0 ],
			"translation":  [ 0, 7.6513, 6 ],
			"scale":  [ 0.8, 0.8, 0.8 ]
		},
		"gui": {
			"rotation":  [ 30, 225, 0 ],
			"scale":  [ 0.625, 0.625, 0.625 ]
		},
		"ground": {
			"translation":  [ 0, 2, 0 ],
			"scale":  [ 0.5, 0.5, 0.5 ]
		},
		"fixed": {
			"rotation":  [ -90, 0, 0 ],
			"translation":  [ 0, -0.084, -6.652 ]
		}
	}
}