{
	"__comment": "Designed by Intermacgod with BDcraft Cubik PRO 0.87 Beta - http://bdcraft.net",
	"gui_light": "front",
	"ambientocclusion": false,
	"textures": {
		"particle": "block/b/birch_trapdoor/birch_trapdoor",
		"birch_trapdoor_1": "block/b/birch_trapdoor/birch_trapdoor_1",
		"birch_trapdoor_2": "block/b/birch_trapdoor/birch_trapdoor_2",
		"birch_trapdoor_3": "block/b/birch_trapdoor/birch_trapdoor_3",
		"birch_trapdoor_4": "block/b/birch_trapdoor/birch_trapdoor_4"
	},
	"elements": [ 	 
		{
			"__comment": "Element",
			"from": [ 0.0009, 15.5006, 0.0005 ],
			"to": [ 2.0009, 16.00059, 2.0005 ],
			"faces": {
				"up": { "uv": [ 0.000625, 0.000624657, 15.99938, 15.99938 ], "texture": "#birch_trapdoor_2", "cullface": "up" },
				"north": { "uv": [ 0.000625, 0.000624657, 15.99938, 15.99938 ], "texture": "#birch_trapdoor_2", "cullface": "north" },
				"south": { "uv": [ 0.000625, 0.000624657, 15.99938, 15.99938 ], "texture": "#birch_trapdoor_2" },
				"west": { "uv": [ 0.000625, 0.000624657, 15.99938, 15.99938 ], "texture": "#birch_trapdoor_2", "cullface": "west" },
				"east": { "uv": [ 0.000625, 0.000624657, 15.99938, 15.99938 ], "texture": "#birch_trapdoor_2" }
			}
		},
		{
			"__comment": "Element",
			"from": [ 14.0007, 15.4996, 0.0004 ],
			"to": [ 16.0007, 15.9996, 2.0004 ],
			"faces": {
				"up": { "uv": [ 0.000625, 0.000624657, 15.99938, 15.99938 ], "texture": "#birch_trapdoor_2", "cullface": "up" },
				"north": { "uv": [ 0.000625, 0.000624657, 15.99938, 15.99938 ], "texture": "#birch_trapdoor_2", "cullface": "north" },
				"south": { "uv": [ 0.000625, 0.000624657, 15.99938, 15.99938 ], "texture": "#birch_trapdoor_2" },
				"west": { "uv": [ 0.000625, 0.000624657, 15.99938, 15.99938 ], "texture": "#birch_trapdoor_2" },
				"east": { "uv": [ 0.000625, 0.000624657, 15.99938, 15.99938 ], "texture": "#birch_trapdoor_2", "cullface": "east" }
			}
		},
		{
			"__comment": "Element",
			"from": [ 14, 15.5004, 13.9998 ],
			"to": [ 16, 16.0004, 15.9998 ],
			"faces": {
				"up": { "uv": [ 0.000625, 0.000624657, 15.99938, 15.99938 ], "texture": "#birch_trapdoor_2", "cullface": "up" },
				"north": { "uv": [ 0.000625, 0.000624657, 15.99938, 15.99938 ], "texture": "#birch_trapdoor_2" },
				"south": { "uv": [ 0.000625, 0.000624657, 15.99938, 15.99938 ], "texture": "#birch_trapdoor_2", "cullface": "south" },
				"west": { "uv": [ 0.000625, 0.000624657, 15.99938, 15.99938 ], "texture": "#birch_trapdoor_2" },
				"east": { "uv": [ 0.000625, 0.000624657, 15.99938, 15.99938 ], "texture": "#birch_trapdoor_2", "cullface": "east" }
			}
		},
		{
			"__comment": "Element",
			"from": [ -0.0007, 15.4992, 14.0004 ],
			"to": [ 1.9993, 15.9992, 16.0004 ],
			"faces": {
				"up": { "uv": [ 0.000625, 0.000624657, 15.99938, 15.99938 ], "texture": "#birch_trapdoor_2", "cullface": "up" },
				"north": { "uv": [ 0.000625, 0.000624657, 15.99938, 15.99938 ], "texture": "#birch_trapdoor_2" },
				"south": { "uv": [ 0.000625, 0.000624657, 15.99938, 15.99938 ], "texture": "#birch_trapdoor_2", "cullface": "south" },
				"west": { "uv": [ 0.000625, 0.000624657, 15.99938, 15.99938 ], "texture": "#birch_trapdoor_2", "cullface": "west" },
				"east": { "uv": [ 0.000625, 0.000624657, 15.99938, 15.99938 ], "texture": "#birch_trapdoor_2" }
			}
		},
		{
			"__comment": "Element",
			"from": [ -0.0006, 13.9999, 0.0003 ],
			"to": [ 1.9994, 14.4999, 2.000299 ],
			"faces": {
				"down": { "uv": [ 0.000625, 0.000624657, 15.99938, 15.99938 ], "texture": "#birch_trapdoor_2", "cullface": "down" },
				"north": { "uv": [ 0.000625, 0.000624657, 15.99938, 15.99938 ], "texture": "#birch_trapdoor_2", "cullface": "north" },
				"south": { "uv": [ 0.000625, 0.000624657, 15.99938, 15.99938 ], "texture": "#birch_trapdoor_2" },
				"west": { "uv": [ 0.000625, 0.000624657, 15.99938, 15.99938 ], "texture": "#birch_trapdoor_2", "cullface": "west" },
				"east": { "uv": [ 0.000625, 0.000624657, 15.99938, 15.99938 ], "texture": "#birch_trapdoor_2" }
			}
		},
		{
			"__comment": "Element",
			"from": [ 0.0007, 14.0002, 14.0007 ],
			"to": [ 2.0007, 14.5002, 16.00069 ],
			"faces": {
				"down": { "uv": [ 0.000625, 0.000624657, 15.99938, 15.99938 ], "texture": "#birch_trapdoor_2", "cullface": "down" },
				"north": { "uv": [ 0.000625, 0.000624657, 15.99938, 15.99938 ], "texture": "#birch_trapdoor_2" },
				"south": { "uv": [ 0.000625, 0.000624657, 15.99938, 15.99938 ], "texture": "#birch_trapdoor_2", "cullface": "south" },
				"west": { "uv": [ 0.000625, 0.000624657, 15.99938, 15.99938 ], "texture": "#birch_trapdoor_2", "cullface": "west" },
				"east": { "uv": [ 0.000625, 0.000624657, 15.99938, 15.99938 ], "texture": "#birch_trapdoor_2" }
			}
		},
		{
			"__comment": "Element",
			"from": [ 14.0007, 14.0004, 0.0003 ],
			"to": [ 16.0007, 14.5004, 2.0003 ],
			"faces": {
				"down": { "uv": [ 0.000625, 0.000624657, 15.99938, 15.99938 ], "texture": "#birch_trapdoor_2", "cullface": "down" },
				"north": { "uv": [ 0.000625, 0.000624657, 15.99938, 15.99938 ], "texture": "#birch_trapdoor_2", "cullface": "north" },
				"south": { "uv": [ 0.000625, 0.000624657, 15.99938, 15.99938 ], "texture": "#birch_trapdoor_2" },
				"west": { "uv": [ 0.000625, 0.000624657, 15.99938, 15.99938 ], "texture": "#birch_trapdoor_2" },
				"east": { "uv": [ 0.000625, 0.000624657, 15.99938, 15.99938 ], "texture": "#birch_trapdoor_2", "cullface": "east" }
			}
		},
		{
			"__comment": "Element",
			"from": [ 13.9999, 14.0002, 14.0005 ],
			"to": [ 15.9999, 14.5002, 16.0005 ],
			"faces": {
				"down": { "uv": [ 0.000625, 0.000624657, 15.99938, 15.99938 ], "texture": "#birch_trapdoor_2", "cullface": "down" },
				"north": { "uv": [ 0.000625, 0.000624657, 15.99938, 15.99938 ], "texture": "#birch_trapdoor_2" },
				"south": { "uv": [ 0.000625, 0.000624657, 15.99938, 15.99938 ], "texture": "#birch_trapdoor_2", "cullface": "south" },
				"west": { "uv": [ 0.000625, 0.000624657, 15.99938, 15.99938 ], "texture": "#birch_trapdoor_2" },
				"east": { "uv": [ 0.000625, 0.000624657, 15.99938, 15.99938 ], "texture": "#birch_trapdoor_2", "cullface": "east" }
			}
		},
		{
			"__comment": "Element",
			"from": [ 2.0008, 14.4999, 13.4996 ],
			"to": [ 14.0008, 15.4999, 13.9996 ],
			"faces": {
				"down": { "uv": [ 13.99938, 13.99938, 2.000625, 13.50062 ], "texture": "#birch_trapdoor_4" },
				"up": { "uv": [ 2.000625, 13.50062, 13.99938, 13.99938 ], "texture": "#birch_trapdoor_4" },
				"north": { "uv": [ 2.000625, 9.500625, 13.99938, 10.49938 ], "texture": "#birch_trapdoor_4" }
			}
		},
		{
			"__comment": "Element",
			"from": [ 2.0004, 14.4993, 2.0008 ],
			"to": [ 14.0004, 15.4993, 2.5008 ],
			"faces": {
				"down": { "uv": [ 13.99938, 2.499375, 2.000625, 2.000625 ], "texture": "#birch_trapdoor_4" },
				"up": { "uv": [ 2.000625, 2.000625, 13.99938, 2.499375 ], "texture": "#birch_trapdoor_4" },
				"south": { "uv": [ 2.000625, 9.500625, 13.99938, 10.49938 ], "texture": "#birch_trapdoor_4" }
			}
		},
		{
			"__comment": "Element",
			"from": [ 2.0005, 14.4993, 2.5 ],
			"to": [ 2.5005, 15.4993, 13.5 ],
			"faces": {
				"down": { "uv": [ 13.99938, 13.49938, 13.50062, 2.500625 ], "texture": "#birch_trapdoor_4" },
				"up": { "uv": [ 13.50062, 2.500625, 13.99938, 13.49938 ], "texture": "#birch_trapdoor_4" },
				"east": { "uv": [ 2.500625, 9.500625, 13.49938, 10.49938 ], "texture": "#birch_trapdoor_4" }
			}
		},
		{
			"__comment": "Element",
			"from": [ 13.4993, 14.4998, 2.5004 ],
			"to": [ 13.9993, 15.4998, 13.5004 ],
			"faces": {
				"down": { "uv": [ 13.99938, 13.49938, 13.50062, 2.500625 ], "texture": "#birch_trapdoor_4" },
				"up": { "uv": [ 13.50062, 2.500625, 13.99938, 13.49938 ], "texture": "#birch_trapdoor_4" },
				"west": { "uv": [ 2.500625, 9.500625, 13.49938, 10.49938 ], "texture": "#birch_trapdoor_4" }
			}
		},
		{
			"__comment": "Element",
			"from": [ -0.0005, 14.5, -0.0001 ],
			"to": [ 1.9995, 15.5, 15.9999 ],
			"faces": {
				"down": { "uv": [ 15.99938, 15.49938, 13.50062, 0.000624657 ], "texture": "#birch_trapdoor_1" },
				"up": { "uv": [ 0.500625, 0.000624657, 3.499375, 15.99938 ], "texture": "#birch_trapdoor_1" },
				"north": { "uv": [ 14.00062, 14.50062, 15.99938, 15.49938 ], "texture": "#birch_trapdoor_1", "cullface": "north" },
				"south": { "uv": [ 0.500625, 14.50062, 2.499375, 15.49938 ], "texture": "#birch_trapdoor_1", "cullface": "south" },
				"west": { "uv": [ 4.500625, 0.000624657, 5.999375, 15.99938 ], "texture": "#birch_trapdoor_1", "cullface": "west", "rotation": 270 },
				"east": { "uv": [ 4.500625, 0.000624657, 5.999375, 15.99938 ], "texture": "#birch_trapdoor_1" }
			}
		},
		{
			"__comment": "Element",
			"from": [ 14, 14.4999, 0.0006 ],
			"to": [ 16, 15.4999, 16.0006 ],
			"faces": {
				"down": { "uv": [ 6.999375, 15.99938, 4.500625, 0.000624657 ], "texture": "#birch_trapdoor_1" },
				"up": { "uv": [ 13.00062, 0.000624657, 15.49938, 15.99938 ], "texture": "#birch_trapdoor_1" },
				"north": { "uv": [ 1.000625, 13.50062, 2.999375, 14.49938 ], "texture": "#birch_trapdoor_1", "cullface": "north" },
				"south": { "uv": [ 13.50062, 13.00062, 15.49938, 13.99938 ], "texture": "#birch_trapdoor_1", "cullface": "south" },
				"west": { "uv": [ 5.000625, 0.000624657, 7.499375, 15.99938 ], "texture": "#birch_trapdoor_1", "rotation": 270 },
				"east": { "uv": [ 9.000625, 0.000624657, 11.49938, 15.99938 ], "texture": "#birch_trapdoor_1", "cullface": "east", "rotation": 270 }
			}
		},
		{
			"__comment": "Element",
			"from": [ 1.9997, 14.5008, -0.0003 ],
			"to": [ 13.9997, 15.5008, 1.9997 ],
			"faces": {
				"down": { "uv": [ 0.000625, 2.999375, 14.99938, 0.000624657 ], "texture": "#birch_trapdoor_1" },
				"up": { "uv": [ 0.000625, 0.000624657, 13.99938, 3.499375 ], "texture": "#birch_trapdoor_1" },
				"north": { "uv": [ 0.000625, 13.00062, 15.99938, 15.49938 ], "texture": "#birch_trapdoor_1", "cullface": "north" }
			}
		},
		{
			"__comment": "Element",
			"from": [ 2.001, 14.501, 14 ],
			"to": [ 14.00101, 15.501, 16 ],
			"faces": {
				"down": { "uv": [ 15.99938, 15.49938, 0.000624657, 12.00062 ], "texture": "#birch_trapdoor_1" },
				"up": { "uv": [ 0.000625, 8.000625, 15.99938, 11.49938 ], "texture": "#birch_trapdoor_1" },
				"south": { "uv": [ 0.000625, 13.50062, 15.49938, 15.99938 ], "texture": "#birch_trapdoor_1", "cullface": "south" }
			}
		},
		{
			"__comment": "PlaneY34",
			"from": [ 2.4996, 15.0001, 2.501 ],
			"to": [ 13.4996, 15.0011, 13.501 ],
			"faces": {
				"down": { "uv": [ 0.000625, 0.000624657, 15.99938, 15.99938 ], "texture": "#birch_trapdoor_3" },
				"up": { "uv": [ 0.000625, 0.000624657, 15.99938, 15.99938 ], "texture": "#birch_trapdoor_3" }
			}
		}
	],
	"display": {
		"thirdperson_righthand": {
			"rotation":  [ 75, 45, 0 ],
			"translation":  [ 0, 2.5, 0 ],
			"scale":  [ 0.375, 0.375, 0.375 ]
		},
		"thirdperson_lefthand": {
			"rotation":  [ 75, 45, 0 ],
			"translation":  [ 0, 2.5, 0 ],
			"scale":  [ 0.375, 0.375, 0.375 ]
		},
		"firstperson_righthand": {
			"rotation":  [ 0, 45, 0 ],
			"translation":  [ 0, 5.5652, 0.522 ],
			"scale":  [ 0.4, 0.4, 0.4 ]
		},
		"firstperson_lefthand": {
			"rotation":  [ 0, 45, 0 ],
			"translation":  [ 0, 5.5652, 0.522 ],
			"scale":  [ 0.4, 0.4, 0.4 ]
		},
		"gui": {
			"translation":  [ 0, 4, 0 ]
		},
		"ground": {
			"translation":  [ 0, 2, 0 ],
			"scale":  [ 0.5, 0.5, 0.5 ]
		}
	}
}