{
	"__comment": "Designed by Intermacgod with BDcraft Cubik PRO 0.87 Beta - http://bdcraft.net",
	"gui_light": "front",
	"ambientocclusion": false,
	"textures": {
		"particle": "block/b/birch_trapdoor/birch_trapdoor",
		"birch_trapdoor_1": "block/b/birch_trapdoor/birch_trapdoor_1",
		"birch_trapdoor_2": "block/b/birch_trapdoor/birch_trapdoor_2",
		"birch_trapdoor_3": "block/b/birch_trapdoor/birch_trapdoor_3",
		"birch_trapdoor_4": "block/b/birch_trapdoor/birch_trapdoor_4"
	},
	"elements": [ 	 
		{
			"__comment": "Element",
			"from": [ -0.0002, 0.0005, 14 ],
			"to": [ 1.9998, 2.0005, 14.5 ],
			"faces": {
				"down": { "uv": [ 15.99938, 15.99938, 0.000624657, 0.000624657 ], "texture": "#birch_trapdoor_2", "cullface": "down" },
				"up": { "uv": [ 0.000625, 0.000624657, 15.99938, 15.99938 ], "texture": "#birch_trapdoor_2" },
				"north": { "uv": [ 15.99938, 15.99938, 0.000624657, 0.000624657 ], "texture": "#birch_trapdoor_2" },
				"west": { "uv": [ 0.000625, 0.000624657, 15.99938, 15.99938 ], "texture": "#birch_trapdoor_2", "cullface": "west", "rotation": 270 },
				"east": { "uv": [ 0.000625, 0.000624657, 15.99938, 15.99938 ], "texture": "#birch_trapdoor_2", "rotation": 90 }
			}
		},
		{
			"__comment": "Element",
			"from": [ 14.0006, 0.0006, 14.0009 ],
			"to": [ 16.0006, 2.0006, 14.5009 ],
			"faces": {
				"down": { "uv": [ 15.99938, 15.99938, 0.000624657, 0.000624657 ], "texture": "#birch_trapdoor_2", "cullface": "down" },
				"up": { "uv": [ 0.000625, 0.000624657, 15.99938, 15.99938 ], "texture": "#birch_trapdoor_2" },
				"north": { "uv": [ 15.99938, 15.99938, 0.000624657, 0.000624657 ], "texture": "#birch_trapdoor_2" },
				"west": { "uv": [ 0.000625, 0.000624657, 15.99938, 15.99938 ], "texture": "#birch_trapdoor_2", "rotation": 270 },
				"east": { "uv": [ 0.000625, 0.000624657, 15.99938, 15.99938 ], "texture": "#birch_trapdoor_2", "cullface": "east", "rotation": 90 }
			}
		},
		{
			"__comment": "Element",
			"from": [ 13.9991, 13.9993, 14 ],
			"to": [ 15.9991, 15.9993, 14.5 ],
			"faces": {
				"down": { "uv": [ 15.99938, 15.99938, 0.000624657, 0.000624657 ], "texture": "#birch_trapdoor_2" },
				"up": { "uv": [ 0.000625, 0.000624657, 15.99938, 15.99938 ], "texture": "#birch_trapdoor_2", "cullface": "up" },
				"north": { "uv": [ 15.99938, 15.99938, 0.000624657, 0.000624657 ], "texture": "#birch_trapdoor_2" },
				"west": { "uv": [ 0.000625, 0.000624657, 15.99938, 15.99938 ], "texture": "#birch_trapdoor_2", "rotation": 270 },
				"east": { "uv": [ 0.000625, 0.000624657, 15.99938, 15.99938 ], "texture": "#birch_trapdoor_2", "cullface": "east", "rotation": 90 }
			}
		},
		{
			"__comment": "Element",
			"from": [ 0.0008, 14.0006, 13.9993 ],
			"to": [ 2.0008, 16.0006, 14.4993 ],
			"faces": {
				"down": { "uv": [ 15.99938, 15.99938, 0.000624657, 0.000624657 ], "texture": "#birch_trapdoor_2" },
				"up": { "uv": [ 0.000625, 0.000624657, 15.99938, 15.99938 ], "texture": "#birch_trapdoor_2", "cullface": "up" },
				"north": { "uv": [ 15.99938, 15.99938, 0.000624657, 0.000624657 ], "texture": "#birch_trapdoor_2" },
				"west": { "uv": [ 0.000625, 0.000624657, 15.99938, 15.99938 ], "texture": "#birch_trapdoor_2", "cullface": "west", "rotation": 270 },
				"east": { "uv": [ 0.000625, 0.000624657, 15.99938, 15.99938 ], "texture": "#birch_trapdoor_2", "rotation": 90 }
			}
		},
		{
			"__comment": "Element",
			"from": [ 0.0002, 0.0003, 15.5001 ],
			"to": [ 2.000201, 2.0003, 16.0001 ],
			"faces": {
				"down": { "uv": [ 15.99938, 15.99938, 0.000624657, 0.000624657 ], "texture": "#birch_trapdoor_2", "cullface": "down" },
				"up": { "uv": [ 0.000625, 0.000624657, 15.99938, 15.99938 ], "texture": "#birch_trapdoor_2" },
				"south": { "uv": [ 0.000625, 0.000624657, 15.99938, 15.99938 ], "texture": "#birch_trapdoor_2", "cullface": "south" },
				"west": { "uv": [ 0.000625, 0.000624657, 15.99938, 15.99938 ], "texture": "#birch_trapdoor_2", "cullface": "west", "rotation": 270 },
				"east": { "uv": [ 0.000625, 0.000624657, 15.99938, 15.99938 ], "texture": "#birch_trapdoor_2", "rotation": 90 }
			}
		},
		{
			"__comment": "Element",
			"from": [ -0.0006, 13.9995, 15.5001 ],
			"to": [ 1.9994, 15.9995, 16.0001 ],
			"faces": {
				"down": { "uv": [ 15.99938, 15.99938, 0.000624657, 0.000624657 ], "texture": "#birch_trapdoor_2" },
				"up": { "uv": [ 0.000625, 0.000624657, 15.99938, 15.99938 ], "texture": "#birch_trapdoor_2", "cullface": "up" },
				"south": { "uv": [ 0.000625, 0.000624657, 15.99938, 15.99938 ], "texture": "#birch_trapdoor_2", "cullface": "south" },
				"west": { "uv": [ 0.000625, 0.000624657, 15.99938, 15.99938 ], "texture": "#birch_trapdoor_2", "cullface": "west", "rotation": 270 },
				"east": { "uv": [ 0.000625, 0.000624657, 15.99938, 15.99938 ], "texture": "#birch_trapdoor_2", "rotation": 90 }
			}
		},
		{
			"__comment": "Element",
			"from": [ 14.0007, 0, 15.5009 ],
			"to": [ 16.0007, 2, 16.0009 ],
			"faces": {
				"down": { "uv": [ 15.99938, 15.99938, 0.000624657, 0.000624657 ], "texture": "#birch_trapdoor_2", "cullface": "down" },
				"up": { "uv": [ 0.000625, 0.000624657, 15.99938, 15.99938 ], "texture": "#birch_trapdoor_2" },
				"south": { "uv": [ 0.000625, 0.000624657, 15.99938, 15.99938 ], "texture": "#birch_trapdoor_2", "cullface": "south" },
				"west": { "uv": [ 0.000625, 0.000624657, 15.99938, 15.99938 ], "texture": "#birch_trapdoor_2", "rotation": 270 },
				"east": { "uv": [ 0.000625, 0.000624657, 15.99938, 15.99938 ], "texture": "#birch_trapdoor_2", "cullface": "east", "rotation": 90 }
			}
		},
		{
			"__comment": "Element",
			"from": [ 13.9991, 13.9992, 15.4998 ],
			"to": [ 15.9991, 15.9992, 15.9998 ],
			"faces": {
				"down": { "uv": [ 15.99938, 15.99938, 0.000624657, 0.000624657 ], "texture": "#birch_trapdoor_2" },
				"up": { "uv": [ 0.000625, 0.000624657, 15.99938, 15.99938 ], "texture": "#birch_trapdoor_2", "cullface": "up" },
				"south": { "uv": [ 0.000625, 0.000624657, 15.99938, 15.99938 ], "texture": "#birch_trapdoor_2", "cullface": "south" },
				"west": { "uv": [ 0.000625, 0.000624657, 15.99938, 15.99938 ], "texture": "#birch_trapdoor_2", "rotation": 270 },
				"east": { "uv": [ 0.000625, 0.000624657, 15.99938, 15.99938 ], "texture": "#birch_trapdoor_2", "cullface": "east", "rotation": 90 }
			}
		},
		{
			"__comment": "Element",
			"from": [ 1.9994, 13.4995, 14.4996 ],
			"to": [ 13.9994, 13.9995, 15.4996 ],
			"faces": {
				"down": { "uv": [ 13.99938, 10.49938, 2.000625, 9.500625 ], "texture": "#birch_trapdoor_4" },
				"north": { "uv": [ 13.99938, 13.99938, 2.000625, 13.50062 ], "texture": "#birch_trapdoor_4" },
				"south": { "uv": [ 13.99938, 13.99938, 2.000625, 13.50062 ], "texture": "#birch_trapdoor_4" }
			}
		},
		{
			"__comment": "Element",
			"from": [ 1.9991, 1.9992, 14.4997 ],
			"to": [ 13.9991, 2.4992, 15.4997 ],
			"faces": {
				"up": { "uv": [ 2.000625, 9.500625, 13.99938, 10.49938 ], "texture": "#birch_trapdoor_4" },
				"north": { "uv": [ 13.99938, 2.499375, 2.000625, 2.000625 ], "texture": "#birch_trapdoor_4" },
				"south": { "uv": [ 13.99938, 2.499375, 2.000625, 2.000625 ], "texture": "#birch_trapdoor_4" }
			}
		},
		{
			"__comment": "Element",
			"from": [ 1.9998, 2.5009, 14.5002 ],
			"to": [ 2.4998, 13.50091, 15.5002 ],
			"faces": {
				"north": { "uv": [ 13.99938, 13.49938, 13.50062, 2.500625 ], "texture": "#birch_trapdoor_4" },
				"south": { "uv": [ 13.99938, 13.49938, 13.50062, 2.500625 ], "texture": "#birch_trapdoor_4" },
				"east": { "uv": [ 2.500625, 9.500625, 13.49938, 10.49938 ], "texture": "#birch_trapdoor_4", "rotation": 90 }
			}
		},
		{
			"__comment": "Element",
			"from": [ 13.5002, 2.4994, 14.4991 ],
			"to": [ 14.0002, 13.4994, 15.4991 ],
			"faces": {
				"north": { "uv": [ 13.99938, 13.49938, 13.50062, 2.500625 ], "texture": "#birch_trapdoor_4" },
				"south": { "uv": [ 13.99938, 13.49938, 13.50062, 2.500625 ], "texture": "#birch_trapdoor_4" },
				"west": { "uv": [ 2.500625, 9.500625, 13.49938, 10.49938 ], "texture": "#birch_trapdoor_4", "rotation": 270 }
			}
		},
		{
			"__comment": "Element",
			"from": [ 0.0007, -0.0006, 14.5008 ],
			"to": [ 2.0007, 15.9994, 15.5008 ],
			"faces": {
				"down": { "uv": [ 15.99938, 15.49938, 14.00062, 14.50062 ], "texture": "#birch_trapdoor_1", "cullface": "down" },
				"up": { "uv": [ 0.500625, 14.50062, 2.499375, 15.49938 ], "texture": "#birch_trapdoor_1", "cullface": "up" },
				"north": { "uv": [ 3.499375, 15.99938, 0.5006249, 0.000624657 ], "texture": "#birch_trapdoor_1" },
				"south": { "uv": [ 15.99938, 15.49938, 13.50062, 0.000624657 ], "texture": "#birch_trapdoor_1" },
				"west": { "uv": [ 4.500625, 0.000624657, 5.999375, 15.99938 ], "texture": "#birch_trapdoor_1", "cullface": "west", "rotation": 180 },
				"east": { "uv": [ 4.500625, 0.000624657, 5.999375, 15.99938 ], "texture": "#birch_trapdoor_1", "rotation": 90 }
			}
		},
		{
			"__comment": "Element",
			"from": [ 13.9991, -0.0003, 14.4998 ],
			"to": [ 15.9991, 15.9997, 15.4998 ],
			"faces": {
				"down": { "uv": [ 2.999375, 14.49938, 1.000625, 13.50062 ], "texture": "#birch_trapdoor_1", "cullface": "down" },
				"up": { "uv": [ 13.50062, 13.00062, 15.49938, 13.99938 ], "texture": "#birch_trapdoor_1", "cullface": "up" },
				"north": { "uv": [ 15.49938, 15.99938, 13.00062, 0.000624657 ], "texture": "#birch_trapdoor_1" },
				"south": { "uv": [ 6.999375, 15.99938, 4.500625, 0.000624657 ], "texture": "#birch_trapdoor_1" },
				"west": { "uv": [ 5.000625, 0.000624657, 7.499375, 15.99938 ], "texture": "#birch_trapdoor_1", "rotation": 180 },
				"east": { "uv": [ 9.000625, 0.000624657, 11.49938, 15.99938 ], "texture": "#birch_trapdoor_1", "cullface": "east" }
			}
		},
		{
			"__comment": "Element",
			"from": [ 2.001, 0.0001, 14.5006 ],
			"to": [ 14.001, 2.0001, 15.5006 ],
			"faces": {
				"down": { "uv": [ 15.99938, 15.49938, 0.000624657, 13.00062 ], "texture": "#birch_trapdoor_1", "cullface": "down" },
				"north": { "uv": [ 13.99938, 3.499375, 0.000624657, 0.000624657 ], "texture": "#birch_trapdoor_1" },
				"south": { "uv": [ 0.000625, 2.999375, 14.99938, 0.000624657 ], "texture": "#birch_trapdoor_1" }
			}
		},
		{
			"__comment": "Element",
			"from": [ 1.9993, 14.0001, 14.4997 ],
			"to": [ 13.9993, 16.0001, 15.4997 ],
			"faces": {
				"up": { "uv": [ 0.000625, 13.50062, 15.49938, 15.99938 ], "texture": "#birch_trapdoor_1", "cullface": "up" },
				"north": { "uv": [ 15.99938, 11.49938, 0.000624657, 8.000625 ], "texture": "#birch_trapdoor_1" },
				"south": { "uv": [ 15.99938, 15.49938, 0.000624657, 12.00062 ], "texture": "#birch_trapdoor_1" }
			}
		},
		{
			"__comment": "PlaneY34",
			"from": [ 2.4995, 2.501, 14.9997 ],
			"to": [ 13.4995, 13.501, 15.0007 ],
			"faces": {
				"north": { "uv": [ 15.99938, 15.99938, 0.000624657, 0.000624657 ], "texture": "#birch_trapdoor_3" },
				"south": { "uv": [ 0.000625, 0.000624657, 15.99938, 15.99938 ], "texture": "#birch_trapdoor_3" }
			}
		}
	],
	"display": {
		"thirdperson_righthand": {
			"rotation":  [ 180, 6, 40 ],
			"translation":  [ 0, 3.087, 4.0869 ],
			"scale":  [ 0.375, 0.375, 0.375 ]
		},
		"thirdperson_lefthand": {
			"rotation":  [ 75, 45, 0 ],
			"translation":  [ 0, 2.5, 0 ],
			"scale":  [ 0.375, 0.375, 0.375 ]
		},
		"firstperson_righthand": {
			"rotation":  [ -3, 77, 1 ],
			"translation":  [ -3, 4.565, 0.522 ],
			"scale":  [ 0.4, 0.4, 0.4 ]
		},
		"firstperson_lefthand": {
			"rotation":  [ 0, 45, 0 ],
			"translation":  [ 0, 5.5652, 0.522 ],
			"scale":  [ 0.4, 0.4, 0.4 ]
		},
		"gui": {
			"translation":  [ 0, 4, 0 ]
		},
		"ground": {
			"translation":  [ 0, 2, 0 ],
			"scale":  [ 0.5, 0.5, 0.5 ]
		}
	}
}