{
	"__comment": "Designed by Intermacgod with BDcraft Cubik PRO 0.87 Beta - http://bdcraft.net",
	"gui_light": "front",
	"ambientocclusion": false,
	"textures": {
		"particle": "block/b/birch_door/birch_door",
		"birch_door_1": "block/b/birch_door/birch_door_1",
		"birch_door_2": "block/b/birch_door/birch_door_2",
		"birch_door_3": "block/b/birch_door/birch_door_3",
		"birch_door_4": "block/b/birch_door/birch_door_4",
		"birch_door_5": "block/b/birch_door/birch_door_5",
		"birch_door_7": "block/b/birch_door/birch_door_7"
	},
	"elements": [ 	 
		{
			"__comment": "Element",
			"from": [ 0.4993, 0.4991, 0.5003 ],
			"to": [ 2.4993, 15.4991, 2.0003 ],
			"faces": {
				"down": { "uv": [ 14.99938, 8.999375, 1.000625, 7.000626 ], "texture": "#birch_door_1", "rotation": 270 },
				"north": { "uv": [ 0.000625, 8.000625, 15.99938, 15.99938 ], "texture": "#birch_door_1" },
				"south": { "uv": [ 0.000625, 8.000625, 15.99938, 15.99938 ], "texture": "#birch_door_1" },
				"west": { "uv": [ 0.000625, 8.000625, 15.99938, 15.99938 ], "texture": "#birch_door_1" },
				"east": { "uv": [ 0.000625, 8.000625, 15.99938, 15.99938 ], "texture": "#birch_door_1" }
			}
		},
		{
			"__comment": "Element",
			"from": [ 0.0002, 3.0008, 0.0004 ],
			"to": [ 1.0002, 5.0008, 0.5004 ],
			"faces": {
				"down": { "uv": [ 0.000625, 0.000624657, 15.99938, 15.99938 ], "texture": "#birch_door_4", "rotation": 270 },
				"up": { "uv": [ 0.000625, 0.000624657, 15.99938, 15.99938 ], "texture": "#birch_door_4", "rotation": 90 },
				"north": { "uv": [ 0.000625, 0.000624657, 15.99938, 15.99938 ], "texture": "#birch_door_4", "cullface": "north" },
				"south": { "uv": [ 0.000625, 0.000624657, 15.99938, 15.99938 ], "texture": "#birch_door_4" },
				"west": { "uv": [ 0.000625, 0.000624657, 15.99938, 15.99938 ], "texture": "#birch_door_4", "cullface": "west" }
			}
		},
		{
			"__comment": "Element",
			"from": [ -0.0005, 14.9997, -0.0005 ],
			"to": [ 0.9995, 15.9997, 0.4995001 ],
			"faces": {
				"down": { "uv": [ 0.000625, 7.500626, 15.99938, 15.99938 ], "texture": "#birch_door_4", "rotation": 270 },
				"up": { "uv": [ 0.000625, 8.000625, 15.99938, 15.99938 ], "texture": "#birch_door_4", "cullface": "up", "rotation": 90 },
				"north": { "uv": [ 0.000625, 8.000625, 15.99938, 15.99938 ], "texture": "#birch_door_4", "cullface": "north" },
				"south": { "uv": [ 0.000625, 7.500626, 15.99938, 15.99938 ], "texture": "#birch_door_4" },
				"west": { "uv": [ 0.000625, 8.000625, 15.99938, 15.99938 ], "texture": "#birch_door_4", "cullface": "west" }
			}
		},
		{
			"__comment": "Element",
			"from": [ 1.9995, 2.9993, 0 ],
			"to": [ 2.9995, 4.999301, 0.5 ],
			"faces": {
				"down": { "uv": [ 0.000625, 0.000624657, 15.99938, 15.99938 ], "texture": "#birch_door_4", "rotation": 270 },
				"up": { "uv": [ 0.000625, 0.000624657, 15.99938, 15.99938 ], "texture": "#birch_door_4", "rotation": 90 },
				"north": { "uv": [ 0.000625, 0.000624657, 15.99938, 15.99938 ], "texture": "#birch_door_4", "cullface": "north" },
				"south": { "uv": [ 0.000625, 0.000624657, 15.99938, 15.99938 ], "texture": "#birch_door_4" },
				"east": { "uv": [ 0.000625, 0.000624657, 15.99938, 15.99938 ], "texture": "#birch_door_4" }
			}
		},
		{
			"__comment": "Element",
			"from": [ 2, 15.0006, 0.0008 ],
			"to": [ 3, 16.0006, 0.5008 ],
			"faces": {
				"down": { "uv": [ 0.000625, 8.000625, 15.99938, 15.99938 ], "texture": "#birch_door_4", "rotation": 270 },
				"up": { "uv": [ 0.000625, 8.000625, 15.99938, 15.99938 ], "texture": "#birch_door_4", "cullface": "up", "rotation": 90 },
				"north": { "uv": [ 0.000625, 8.000625, 15.99938, 15.99938 ], "texture": "#birch_door_4", "cullface": "north" },
				"south": { "uv": [ 0.000625, 8.000625, 15.99938, 15.99938 ], "texture": "#birch_door_4" },
				"east": { "uv": [ 0.000625, 8.000625, 15.99938, 15.99938 ], "texture": "#birch_door_4" }
			}
		},
		{
			"__comment": "Element",
			"from": [ 0.9994, 0.4999, -0.0006 ],
			"to": [ 1.9994, 15.9999, 0.4994 ],
			"faces": {
				"down": { "uv": [ 14.99938, 0.4993753, 14.00062, 0.000624657 ], "texture": "#birch_door_2" },
				"up": { "uv": [ 1.000625, 0.000624657, 1.999375, 0.4993753 ], "texture": "#birch_door_2", "cullface": "up" },
				"north": { "uv": [ 14.00062, 0.000624657, 14.99938, 15.49938 ], "texture": "#birch_door_2", "cullface": "north" },
				"south": { "uv": [ 1.000625, 0.000624657, 1.999375, 15.49938 ], "texture": "#birch_door_2" },
				"west": { "uv": [ 0.000625, 0.000624657, 0.499375, 15.49938 ], "texture": "#birch_door_2" },
				"east": { "uv": [ 15.50062, 0.000624657, 15.99938, 15.49938 ], "texture": "#birch_door_2" }
			}
		},
		{
			"__comment": "Element",
			"from": [ 1, 0.4998, 15.5 ],
			"to": [ 2, 15.9998, 16 ],
			"faces": {
				"down": { "uv": [ 14.99938, 15.99938, 14.00062, 15.50062 ], "texture": "#birch_door_2" },
				"up": { "uv": [ 1.000625, 15.50062, 1.999375, 15.99938 ], "texture": "#birch_door_2", "cullface": "up" },
				"north": { "uv": [ 14.00062, 0.000624657, 14.99938, 15.49938 ], "texture": "#birch_door_2" },
				"south": { "uv": [ 1.000625, 0.000624657, 1.999375, 15.49938 ], "texture": "#birch_door_2", "cullface": "south" },
				"west": { "uv": [ 15.50062, 0.000624657, 15.99938, 15.49938 ], "texture": "#birch_door_2" },
				"east": { "uv": [ 0.000625, 0.000624657, 0.499375, 15.49938 ], "texture": "#birch_door_2" }
			}
		},
		{
			"__comment": "Element",
			"from": [ 0.5002, 0.5001, 13.999 ],
			"to": [ 2.5002, 15.5001, 15.499 ],
			"faces": {
				"down": { "uv": [ 14.99938, 8.999375, 1.000625, 7.000626 ], "texture": "#birch_door_1", "rotation": 270 },
				"north": { "uv": [ 0.000625, 8.000625, 15.99938, 15.99938 ], "texture": "#birch_door_1" },
				"south": { "uv": [ 0.000625, 8.000625, 15.99938, 15.99938 ], "texture": "#birch_door_1" },
				"west": { "uv": [ 0.000625, 8.000625, 15.99938, 15.99938 ], "texture": "#birch_door_1" },
				"east": { "uv": [ 0.000625, 8.000625, 15.99938, 15.99938 ], "texture": "#birch_door_1" }
			}
		},
		{
			"__comment": "Element",
			"from": [ 0.5001, 0.5005, 1.9999 ],
			"to": [ 2.5001, 3.0005, 13.9999 ],
			"faces": {
				"down": { "uv": [ 15.99938, 15.99938, 0.000624657, 13.50062 ], "texture": "#birch_door_1", "rotation": 270 },
				"up": { "uv": [ 0.000625, 13.00062, 15.99938, 15.99938 ], "texture": "#birch_door_1", "rotation": 90 },
				"west": { "uv": [ 0.000625, 13.50062, 15.99938, 15.99938 ], "texture": "#birch_door_1" },
				"east": { "uv": [ 0.000625, 13.50062, 15.99938, 15.99938 ], "texture": "#birch_door_1" }
			}
		},
		{
			"__comment": "Element",
			"from": [ -0.0007, 13.0002, 14.5008 ],
			"to": [ 0.4993, 13.5002, 15.0008 ],
			"faces": {
				"down": { "uv": [ 0.000625, 0.000624657, 15.99938, 15.99938 ], "texture": "#birch_door_5" },
				"up": { "uv": [ 0.000625, 0.000624657, 15.99938, 15.99938 ], "texture": "#birch_door_5" },
				"north": { "uv": [ 0.000625, 0.000624657, 15.99938, 15.99938 ], "texture": "#birch_door_5" },
				"south": { "uv": [ 0.000625, 0.000624657, 15.99938, 15.99938 ], "texture": "#birch_door_5" }
			}
		},
		{
			"__comment": "Element",
			"from": [ 2.5007, 13.0009, 14.5009 ],
			"to": [ 3.0007, 13.5009, 15.0009 ],
			"faces": {
				"down": { "uv": [ 0.000625, 0.000624657, 15.99938, 15.99938 ], "texture": "#birch_door_5" },
				"up": { "uv": [ 0.000625, 0.000624657, 15.99938, 15.99938 ], "texture": "#birch_door_5" },
				"north": { "uv": [ 0.000625, 0.000624657, 15.99938, 15.99938 ], "texture": "#birch_door_5" },
				"south": { "uv": [ 0.000625, 0.000624657, 15.99938, 15.99938 ], "texture": "#birch_door_5" }
			}
		},
		{
			"__comment": "Element",
			"from": [ -0.5009, 11.4993, 14.4991 ],
			"to": [ -0.000899971, 15.9993, 14.9991 ],
			"faces": {
				"down": { "uv": [ 0.000625, 0.000624657, 15.99938, 15.99938 ], "texture": "#birch_door_5" },
				"up": { "uv": [ 0.000625, 0.000624657, 15.99938, 15.99938 ], "texture": "#birch_door_5" },
				"north": { "uv": [ 0.000625, 0.000624657, 15.99938, 15.99938 ], "texture": "#birch_door_5" },
				"south": { "uv": [ 0.000625, 0.000624657, 15.99938, 15.99938 ], "texture": "#birch_door_5" },
				"west": { "uv": [ 0.000625, 0.000624657, 15.99938, 15.99938 ], "texture": "#birch_door_5" },
				"east": { "uv": [ 0.000625, 0.000624657, 15.99938, 15.99938 ], "texture": "#birch_door_5" }
			}
		},
		{
			"__comment": "Element",
			"from": [ 3.0001, 11.4996, 14.5008 ],
			"to": [ 3.5001, 15.9996, 15.0008 ],
			"faces": {
				"down": { "uv": [ 0.000625, 0.000624657, 15.99938, 15.99938 ], "texture": "#birch_door_5" },
				"up": { "uv": [ 0.000625, 0.000624657, 15.99938, 15.99938 ], "texture": "#birch_door_5", "cullface": "up" },
				"north": { "uv": [ 0.000625, 0.000624657, 15.99938, 15.99938 ], "texture": "#birch_door_5" },
				"south": { "uv": [ 0.000625, 0.000624657, 15.99938, 15.99938 ], "texture": "#birch_door_5" },
				"west": { "uv": [ 0.000625, 0.000624657, 15.99938, 15.99938 ], "texture": "#birch_door_5" },
				"east": { "uv": [ 0.000625, 0.000624657, 15.99938, 15.99938 ], "texture": "#birch_door_5" }
			}
		},
		{
			"__comment": "Element",
			"from": [ 0.7495, 3.5005, 8.9998 ],
			"to": [ 2.2495, 15.0005, 13.4998 ],
			"faces": {
				"down": { "uv": [ 1.000625, 2.000625, 1.999375, 7.499374 ], "texture": "#birch_door_7" },
				"up": { "uv": [ 1.000625, 8.500625, 1.999375, 13.99938 ], "texture": "#birch_door_7" },
				"north": { "uv": [ 14.00062, 0.5006247, 14.99938, 12.99938 ], "texture": "#birch_door_7" },
				"south": { "uv": [ 1.000625, 0.5006247, 1.999375, 12.99938 ], "texture": "#birch_door_7" },
				"west": { "uv": [ 0.000625, 0.000624657, 7.999375, 15.99938 ], "texture": "#birch_door_7" },
				"east": { "uv": [ 0.000625, 0.000624657, 7.999375, 15.99938 ], "texture": "#birch_door_7" }
			}
		},
		{
			"__comment": "Element",
			"from": [ 0.501, 3.0003, 7.5 ],
			"to": [ 2.501, 15.5003, 8.499999 ],
			"faces": {
				"north": { "uv": [ 0.000625, 8.000625, 15.99938, 15.99938 ], "texture": "#birch_door_1" },
				"south": { "uv": [ 0.000625, 8.000625, 15.99938, 15.99938 ], "texture": "#birch_door_1" },
				"west": { "uv": [ 0.000625, 8.000625, 15.99938, 15.99938 ], "texture": "#birch_door_1" },
				"east": { "uv": [ 0.000625, 8.000625, 15.99938, 15.99938 ], "texture": "#birch_door_1" }
			}
		},
		{
			"__comment": "Element",
			"from": [ 0.7503, 3.4996, 2.4996 ],
			"to": [ 2.250299, 14.9996, 6.9996 ],
			"faces": {
				"down": { "uv": [ 1.000625, 8.500625, 1.999375, 13.99938 ], "texture": "#birch_door_7" },
				"up": { "uv": [ 1.000625, 2.000625, 1.999375, 7.499374 ], "texture": "#birch_door_7" },
				"north": { "uv": [ 14.00062, 0.5006247, 14.99938, 12.99938 ], "texture": "#birch_door_7" },
				"south": { "uv": [ 1.000625, 0.5006247, 1.999375, 12.99938 ], "texture": "#birch_door_7" },
				"west": { "uv": [ 0.000625, 0.000624657, 7.999375, 15.99938 ], "texture": "#birch_door_7" },
				"east": { "uv": [ 0.000625, 0.000624657, 7.999375, 15.99938 ], "texture": "#birch_door_7" }
			}
		},
		{
			"__comment": "Element",
			"from": [ 0.5008, 15.4994, 0.5005 ],
			"to": [ 2.5008, 15.9994, 15.5005 ],
			"faces": {
				"down": { "uv": [ 15.49938, 15.49938, 13.50062, 0.5006247 ], "texture": "#birch_door_1" },
				"up": { "uv": [ 0.500625, 0.5006247, 2.499375, 15.49938 ], "texture": "#birch_door_1", "cullface": "up" },
				"north": { "uv": [ 0.000625, 8.000625, 15.99938, 8.999375 ], "texture": "#birch_door_1" },
				"south": { "uv": [ 0.000625, 8.000625, 15.99938, 8.999375 ], "texture": "#birch_door_1" },
				"west": { "uv": [ 0.000625, 8.000625, 15.99938, 8.999375 ], "texture": "#birch_door_1" },
				"east": { "uv": [ 0.000625, 8.000625, 15.99938, 8.999375 ], "texture": "#birch_door_1" }
			}
		},
		{
			"__comment": "Box18",
			"from": [ 1.0005, 2.9999, 1.9994 ],
			"to": [ 2.0005, 15.4999, 2.4994 ],
			"faces": {
				"south": { "uv": [ 1.000625, 0.5006247, 1.999375, 12.99938 ], "texture": "#birch_door_3" },
				"west": { "uv": [ 2.000625, 0.5006247, 2.499375, 12.99938 ], "texture": "#birch_door_3" },
				"east": { "uv": [ 13.50062, 0.5006247, 13.99938, 12.99938 ], "texture": "#birch_door_3" }
			}
		},
		{
			"__comment": "Box18",
			"from": [ 1.0004, 3.0008, 7.0007 ],
			"to": [ 2.0004, 15.5008, 7.5007 ],
			"faces": {
				"north": { "uv": [ 14.00062, 0.5006247, 14.99938, 12.99938 ], "texture": "#birch_door_3" },
				"west": { "uv": [ 7.000625, 0.5006247, 7.499375, 12.99938 ], "texture": "#birch_door_3" },
				"east": { "uv": [ 8.500625, 0.5006247, 8.999375, 12.99938 ], "texture": "#birch_door_3" }
			}
		},
		{
			"__comment": "Box18",
			"from": [ 1.0006, 3.0002, 8.4991 ],
			"to": [ 2.0006, 15.5002, 8.9991 ],
			"faces": {
				"south": { "uv": [ 1.000625, 0.5006247, 1.999375, 12.99938 ], "texture": "#birch_door_3" },
				"west": { "uv": [ 8.500625, 0.5006247, 8.999375, 12.99938 ], "texture": "#birch_door_3" },
				"east": { "uv": [ 7.000625, 0.5006247, 7.499375, 12.99938 ], "texture": "#birch_door_3" }
			}
		},
		{
			"__comment": "Box18",
			"from": [ 1.0006, 2.9995, 13.4993 ],
			"to": [ 2.0006, 15.4995, 13.9993 ],
			"faces": {
				"north": { "uv": [ 14.00062, 0.5006247, 14.99938, 12.99938 ], "texture": "#birch_door_3" },
				"west": { "uv": [ 13.50062, 0.5006247, 13.99938, 12.99938 ], "texture": "#birch_door_3" },
				"east": { "uv": [ 2.000625, 0.5006247, 2.499375, 12.99938 ], "texture": "#birch_door_3" }
			}
		},
		{
			"__comment": "Box22",
			"from": [ 0.999, 15.0008, 2.5002 ],
			"to": [ 1.999, 15.5008, 7.0002 ],
			"faces": {
				"west": { "uv": [ 2.500625, 0.5006247, 6.999372, 0.9993753 ], "texture": "#birch_door_3" },
				"east": { "uv": [ 9.000625, 0.5006247, 13.49938, 0.9993753 ], "texture": "#birch_door_3" }
			}
		},
		{
			"__comment": "Box22",
			"from": [ 1.0002, 2.9994, 2.5007 ],
			"to": [ 2.0002, 3.4994, 7.0007 ],
			"faces": {
				"west": { "uv": [ 2.500625, 12.50062, 6.999372, 12.99938 ], "texture": "#birch_door_3" },
				"east": { "uv": [ 9.000625, 12.50062, 13.49938, 12.99938 ], "texture": "#birch_door_3" }
			}
		},
		{
			"__comment": "Box22",
			"from": [ 1.0004, 15.0002, 9 ],
			"to": [ 2.0004, 15.5002, 13.5 ],
			"faces": {
				"west": { "uv": [ 9.000625, 0.5006247, 13.49938, 0.9993753 ], "texture": "#birch_door_3" },
				"east": { "uv": [ 2.500625, 0.5006247, 6.999372, 0.9993753 ], "texture": "#birch_door_3" }
			}
		},
		{
			"__comment": "Box22",
			"from": [ 0.9995, 2.9993, 9.000299 ],
			"to": [ 1.9995, 3.4993, 13.5003 ],
			"faces": {
				"west": { "uv": [ 9.000625, 12.50062, 13.49938, 12.99938 ], "texture": "#birch_door_3" },
				"east": { "uv": [ 2.500625, 12.50062, 6.999372, 12.99938 ], "texture": "#birch_door_3" }
			}
		}
	]
}