{
	"__comment": "Designed by Intermacgod with BDcraft Cubik PRO 0.87 Beta - http://bdcraft.net",
	"gui_light": "front",
	"ambientocclusion": false,
	"textures": {
		"particle": "block/b/birch_door/birch_door",
		"birch_door_1": "block/b/birch_door/birch_door_1",
		"birch_door_2": "block/b/birch_door/birch_door_2",
		"birch_door_3": "block/b/birch_door/birch_door_3",
		"birch_door_4": "block/b/birch_door/birch_door_4",
		"birch_door_5": "block/b/birch_door/birch_door_5",
		"birch_door_6": "block/b/birch_door/birch_door_6"
	},
	"elements": [ 	 
		{
			"__comment": "Element",
			"from": [ 0.0003, 10.9998, -0.0004 ],
			"to": [ 1.0003, 12.9998, 0.4996 ],
			"faces": {
				"down": { "uv": [ 0.000625, 0.000624657, 15.99938, 15.99938 ], "texture": "#birch_door_4", "rotation": 270 },
				"up": { "uv": [ 0.000625, 0.000624657, 15.99938, 15.99938 ], "texture": "#birch_door_4", "rotation": 90 },
				"north": { "uv": [ 0.000625, 0.000624657, 15.99938, 15.99938 ], "texture": "#birch_door_4", "cullface": "north" },
				"south": { "uv": [ 0.000625, 0.000624657, 15.99938, 15.99938 ], "texture": "#birch_door_4" },
				"west": { "uv": [ 0.000625, 0.000624657, 15.99938, 15.99938 ], "texture": "#birch_door_4", "cullface": "west" }
			}
		},
		{
			"__comment": "Element",
			"from": [ 0, 0, 0 ],
			"to": [ 1, 1, 0.5 ],
			"faces": {
				"down": { "uv": [ 0.000625, 0.000624657, 15.99938, 8.499375 ], "texture": "#birch_door_4", "cullface": "down", "rotation": 270 },
				"up": { "uv": [ 0.000625, 0.000624657, 15.99938, 7.999374 ], "texture": "#birch_door_4", "rotation": 90 },
				"north": { "uv": [ 0.000625, 0.000624657, 15.99938, 7.999374 ], "texture": "#birch_door_4", "cullface": "north" },
				"south": { "uv": [ 0.000625, 0.000624657, 15.99938, 8.499375 ], "texture": "#birch_door_4" },
				"west": { "uv": [ 0.000625, 0.000624657, 15.99938, 7.999374 ], "texture": "#birch_door_4", "cullface": "west" }
			}
		},
		{
			"__comment": "Element",
			"from": [ 1.9995, 10.9994, 0 ],
			"to": [ 2.9995, 12.9994, 0.5 ],
			"faces": {
				"down": { "uv": [ 0.000625, 0.000624657, 15.99938, 15.99938 ], "texture": "#birch_door_4", "rotation": 270 },
				"up": { "uv": [ 0.000625, 0.000624657, 15.99938, 15.99938 ], "texture": "#birch_door_4", "rotation": 90 },
				"north": { "uv": [ 0.000625, 0.000624657, 15.99938, 15.99938 ], "texture": "#birch_door_4", "cullface": "north" },
				"south": { "uv": [ 0.000625, 0.000624657, 15.99938, 15.99938 ], "texture": "#birch_door_4" },
				"east": { "uv": [ 0.000625, 0.000624657, 15.99938, 15.99938 ], "texture": "#birch_door_4" }
			}
		},
		{
			"__comment": "Element",
			"from": [ 1.9997, 0.0009, -0.0003 ],
			"to": [ 2.9997, 1.0009, 0.4997001 ],
			"faces": {
				"down": { "uv": [ 0.000625, 0.000624657, 15.99938, 7.999374 ], "texture": "#birch_door_4", "cullface": "down", "rotation": 270 },
				"up": { "uv": [ 0.000625, 0.000624657, 15.99938, 7.999374 ], "texture": "#birch_door_4", "rotation": 90 },
				"north": { "uv": [ 0.000625, 0.000624657, 15.99938, 7.999374 ], "texture": "#birch_door_4", "cullface": "north" },
				"south": { "uv": [ 0.000625, 0.000624657, 15.99938, 7.999374 ], "texture": "#birch_door_4" },
				"east": { "uv": [ 0.000625, 0.000624657, 15.99938, 7.999374 ], "texture": "#birch_door_4" }
			}
		},
		{
			"__comment": "Element",
			"from": [ -0.4995, 0.0005, 14.4999 ],
			"to": [ 0.000500023, 4.5005, 14.9999 ],
			"faces": {
				"down": { "uv": [ 0.000625, 0.000624657, 15.99938, 15.99938 ], "texture": "#birch_door_5" },
				"up": { "uv": [ 0.000625, 0.000624657, 15.99938, 15.99938 ], "texture": "#birch_door_5" },
				"north": { "uv": [ 0.000625, 0.000624657, 15.99938, 15.99938 ], "texture": "#birch_door_5" },
				"south": { "uv": [ 0.000625, 0.000624657, 15.99938, 15.99938 ], "texture": "#birch_door_5" },
				"west": { "uv": [ 0.000625, 0.000624657, 15.99938, 15.99938 ], "texture": "#birch_door_5" },
				"east": { "uv": [ 0.000625, 0.000624657, 15.99938, 15.99938 ], "texture": "#birch_door_5" }
			}
		},
		{
			"__comment": "Element",
			"from": [ 0.0005, 2.4992, 14.5007 ],
			"to": [ 0.5005001, 2.9992, 15.0007 ],
			"faces": {
				"down": { "uv": [ 0.000625, 0.000624657, 15.99938, 15.99938 ], "texture": "#birch_door_5" },
				"up": { "uv": [ 0.000625, 0.000624657, 15.99938, 15.99938 ], "texture": "#birch_door_5" },
				"north": { "uv": [ 0.000625, 0.000624657, 15.99938, 15.99938 ], "texture": "#birch_door_5" },
				"south": { "uv": [ 0.000625, 0.000624657, 15.99938, 15.99938 ], "texture": "#birch_door_5" }
			}
		},
		{
			"__comment": "Element",
			"from": [ 2.4995, 2.5003, 14.5002 ],
			"to": [ 2.9995, 3.0003, 15.0002 ],
			"faces": {
				"down": { "uv": [ 0.000625, 0.000624657, 15.99938, 15.99938 ], "texture": "#birch_door_5" },
				"up": { "uv": [ 0.000625, 0.000624657, 15.99938, 15.99938 ], "texture": "#birch_door_5" },
				"north": { "uv": [ 0.000625, 0.000624657, 15.99938, 15.99938 ], "texture": "#birch_door_5" },
				"south": { "uv": [ 0.000625, 0.000624657, 15.99938, 15.99938 ], "texture": "#birch_door_5" }
			}
		},
		{
			"__comment": "Element",
			"from": [ 3.0006, -0.0007, 14.4991 ],
			"to": [ 3.5006, 4.4993, 14.9991 ],
			"faces": {
				"down": { "uv": [ 0.000625, 0.000624657, 15.99938, 15.99938 ], "texture": "#birch_door_5", "cullface": "down" },
				"up": { "uv": [ 0.000625, 0.000624657, 15.99938, 15.99938 ], "texture": "#birch_door_5" },
				"north": { "uv": [ 0.000625, 0.000624657, 15.99938, 15.99938 ], "texture": "#birch_door_5" },
				"south": { "uv": [ 0.000625, 0.000624657, 15.99938, 15.99938 ], "texture": "#birch_door_5" },
				"west": { "uv": [ 0.000625, 0.000624657, 15.99938, 15.99938 ], "texture": "#birch_door_5" },
				"east": { "uv": [ 0.000625, 0.000624657, 15.99938, 15.99938 ], "texture": "#birch_door_5" }
			}
		},
		{
			"__comment": "Element",
			"from": [ 0.9996, 0.0007, -0.0009 ],
			"to": [ 1.9996, 16.0007, 0.4991 ],
			"faces": {
				"down": { "uv": [ 14.99938, 0.4993753, 14.00062, 0.000624657 ], "texture": "#birch_door_2", "cullface": "down" },
				"up": { "uv": [ 1.000625, 0.000624657, 1.999375, 0.4993753 ], "texture": "#birch_door_2", "cullface": "up" },
				"north": { "uv": [ 14.00062, 0.000624657, 14.99938, 15.99938 ], "texture": "#birch_door_2", "cullface": "north" },
				"south": { "uv": [ 1.000625, 0.000624657, 1.999375, 15.99938 ], "texture": "#birch_door_2" },
				"west": { "uv": [ 0.000625, 0.000624657, 0.499375, 15.99938 ], "texture": "#birch_door_2" },
				"east": { "uv": [ 15.50062, 0.000624657, 15.99938, 15.99938 ], "texture": "#birch_door_2" }
			}
		},
		{
			"__comment": "Element",
			"from": [ 0.9995, 0.0004, 15.4994 ],
			"to": [ 1.9995, 16.0004, 15.9994 ],
			"faces": {
				"down": { "uv": [ 14.99938, 15.99938, 14.00062, 15.50062 ], "texture": "#birch_door_2", "cullface": "down" },
				"up": { "uv": [ 1.000625, 15.50062, 1.999375, 15.99938 ], "texture": "#birch_door_2", "cullface": "up" },
				"north": { "uv": [ 14.00062, 0.000624657, 14.99938, 15.99938 ], "texture": "#birch_door_2" },
				"south": { "uv": [ 1.000625, 0.000624657, 1.999375, 15.99938 ], "texture": "#birch_door_2", "cullface": "south" },
				"west": { "uv": [ 15.50062, 0.000624657, 15.99938, 15.99938 ], "texture": "#birch_door_2" },
				"east": { "uv": [ 0.000625, 0.000624657, 0.499375, 15.99938 ], "texture": "#birch_door_2" }
			}
		},
		{
			"__comment": "Element",
			"from": [ 1.0005, 15.501, 0.5001 ],
			"to": [ 2.0005, 16.001, 15.5001 ],
			"faces": {
				"down": { "uv": [ 14.99938, 15.49938, 14.00062, 0.5006247 ], "texture": "#birch_door_2" },
				"up": { "uv": [ 1.000625, 0.5006247, 1.999375, 15.49938 ], "texture": "#birch_door_2", "cullface": "up" },
				"west": { "uv": [ 0.500625, 0.000624657, 15.49938, 0.4993753 ], "texture": "#birch_door_2" },
				"east": { "uv": [ 0.500625, 0.000624657, 15.49938, 0.4993753 ], "texture": "#birch_door_2" }
			}
		},
		{
			"__comment": "Element",
			"from": [ 0.4992, 2, 0.5003 ],
			"to": [ 2.4992, 15.5, 2.0003 ],
			"faces": {
				"up": { "uv": [ 0.500625, 0.5006247, 2.499375, 2.999375 ], "texture": "#birch_door_1" },
				"north": { "uv": [ 13.50062, 0.5006247, 15.49938, 12.99938 ], "texture": "#birch_door_1" },
				"south": { "uv": [ 0.500625, 0.5006247, 2.499375, 12.99938 ], "texture": "#birch_door_1" },
				"west": { "uv": [ 0.500625, 0.5006247, 2.999375, 12.99938 ], "texture": "#birch_door_1" },
				"east": { "uv": [ 13.00062, 0.5006247, 15.49938, 12.99938 ], "texture": "#birch_door_1" }
			}
		},
		{
			"__comment": "Element",
			"from": [ 0.4992, 1.9996, 13.9998 ],
			"to": [ 2.4992, 15.4996, 15.4998 ],
			"faces": {
				"up": { "uv": [ 0.500625, 13.00062, 2.499375, 15.49938 ], "texture": "#birch_door_1" },
				"north": { "uv": [ 13.50062, 0.5006247, 15.49938, 12.99938 ], "texture": "#birch_door_1" },
				"south": { "uv": [ 0.500625, 0.5006247, 2.499375, 12.99938 ], "texture": "#birch_door_1" },
				"west": { "uv": [ 13.00062, 0.5006247, 15.49938, 12.99938 ], "texture": "#birch_door_1" },
				"east": { "uv": [ 0.500625, 0.5006247, 2.999375, 12.99938 ], "texture": "#birch_door_1" }
			}
		},
		{
			"__comment": "Element",
			"from": [ 0.4993, 14.0002, 1.9997 ],
			"to": [ 2.499299, 15.5002, 13.9997 ],
			"faces": {
				"down": { "uv": [ 15.49938, 12.99938, 13.50062, 3.000625 ], "texture": "#birch_door_1" },
				"up": { "uv": [ 0.500625, 3.000625, 2.499375, 12.99938 ], "texture": "#birch_door_1" },
				"west": { "uv": [ 3.000625, 0.5006247, 12.99938, 2.999375 ], "texture": "#birch_door_1" },
				"east": { "uv": [ 3.000625, 0.5006247, 12.99938, 2.999375 ], "texture": "#birch_door_1" }
			}
		},
		{
			"__comment": "Element",
			"from": [ 0.5001, -0.0007, 0.4997 ],
			"to": [ 2.500101, 1.9993, 15.4997 ],
			"faces": {
				"down": { "uv": [ 15.49938, 15.49938, 13.50062, 0.5006247 ], "texture": "#birch_door_1", "cullface": "down" },
				"up": { "uv": [ 0.500625, 0.5006247, 2.499375, 15.49938 ], "texture": "#birch_door_1" },
				"north": { "uv": [ 0.000625, 0.000624657, 15.99938, 8.499375 ], "texture": "#birch_door_1" },
				"south": { "uv": [ 0.000625, 0.000624657, 15.99938, 8.499375 ], "texture": "#birch_door_1" },
				"west": { "uv": [ 0.500625, 6.500626, 15.49938, 8.499375 ], "texture": "#birch_door_1" },
				"east": { "uv": [ 0.500625, 6.500626, 15.49938, 8.499375 ], "texture": "#birch_door_1" }
			}
		},
		{
			"__comment": "Box17",
			"from": [ 0.9999, 13.4995, 2.0001 ],
			"to": [ 1.9999, 13.9995, 14.0001 ],
			"faces": {
				"down": { "uv": [ 1.000625, 2.000625, 1.999375, 13.99938 ], "texture": "#birch_door_3" },
				"west": { "uv": [ 2.000625, 2.000625, 13.99938, 2.499375 ], "texture": "#birch_door_3" },
				"east": { "uv": [ 2.000625, 2.000625, 13.99938, 2.499375 ], "texture": "#birch_door_3" }
			}
		},
		{
			"__comment": "Box17",
			"from": [ 1.0001, 2.0006, 1.9993 ],
			"to": [ 2.0001, 2.5006, 13.9993 ],
			"faces": {
				"up": { "uv": [ 1.000625, 2.000625, 1.999375, 13.99938 ], "texture": "#birch_door_3" },
				"west": { "uv": [ 2.000625, 13.50062, 13.99938, 13.99938 ], "texture": "#birch_door_3" },
				"east": { "uv": [ 2.000625, 13.50062, 13.99938, 13.99938 ], "texture": "#birch_door_3" }
			}
		},
		{
			"__comment": "Box19",
			"from": [ 1.0009, 2.5008, 1.9992 ],
			"to": [ 2.0009, 13.5008, 2.4992 ],
			"faces": {
				"south": { "uv": [ 1.000625, 2.500625, 1.999375, 13.49938 ], "texture": "#birch_door_3" },
				"west": { "uv": [ 2.000625, 2.500625, 2.499375, 13.49938 ], "texture": "#birch_door_3" },
				"east": { "uv": [ 13.50062, 2.500625, 13.99938, 13.49938 ], "texture": "#birch_door_3" }
			}
		},
		{
			"__comment": "Box19",
			"from": [ 0.9991, 2.499, 13.5002 ],
			"to": [ 1.9991, 13.499, 14.0002 ],
			"faces": {
				"north": { "uv": [ 14.00062, 2.500625, 14.99938, 13.49938 ], "texture": "#birch_door_3" },
				"west": { "uv": [ 13.50062, 2.500625, 13.99938, 13.49938 ], "texture": "#birch_door_3" },
				"east": { "uv": [ 2.000625, 2.500625, 2.499375, 13.49938 ], "texture": "#birch_door_3" }
			}
		},
		{
			"__comment": "Element",
			"from": [ 1.5003, 2.5005, 2.5006 ],
			"to": [ 1.5013, 13.5005, 13.5006 ],
			"faces": {
				"west": { "uv": [ 0.000625, 0.000624657, 15.99938, 15.99938 ], "texture": "#birch_door_6" },
				"east": { "uv": [ 0.000625, 0.000624657, 15.99938, 15.99938 ], "texture": "#birch_door_6" }
			}
		}
	]
}