{
	"__comment": "Designed by Interhell2000 with Cubik Studio - https://cubik.studio",
	"gui_light": "front",
	"ambientocclusion": false,
	"textures": {
		"particle": "block/b/birch_log/birch_log",
		"birch_log_1": "block/b/birch_log/birch_log_1",
		"birch_log_2": "block/b/birch_log/birch_log_2"
	},
	"elements": [ 	 
		{
			"__comment": "Box1",
			"from": [ 0.5001, -0.1247, -0.5009 ],
			"to": [ 15.5001, 15.8753, -0.00090003 ],
			"faces": {
				"down": { "uv": [ 0.500625, 0.000624657, 15.49938, 0.4993753 ], "texture": "#birch_log_1" },
				"up": { "uv": [ 0.500625, 15.50062, 15.49938, 15.99938 ], "texture": "#birch_log_1" },
				"north": { "uv": [ 0.500625, 0.000624657, 15.49938, 15.99938 ], "texture": "#birch_log_1" },
				"west": { "uv": [ 15.50062, 0.000624657, 15.99938, 15.99938 ], "texture": "#birch_log_1" },
				"east": { "uv": [ 0.000625, 0.000624657, 0.499375, 15.99938 ], "texture": "#birch_log_1" }
			}
		},
		{
			"__comment": "Box1",
			"from": [ 0.9996, -0.2508, -1.0004 ],
			"to": [ 14.9996, 15.74921, -0.5003998 ],
			"faces": {
				"down": { "uv": [ 1.000625, 0.5006247, 14.99938, 0.9993753 ], "texture": "#birch_log_1" },
				"up": { "uv": [ 1.000625, 15.00062, 14.99938, 15.49938 ], "texture": "#birch_log_1" },
				"north": { "uv": [ 1.000625, 0.000624657, 14.99938, 15.99938 ], "texture": "#birch_log_1" },
				"west": { "uv": [ 15.00062, 0.000624657, 15.49938, 15.99938 ], "texture": "#birch_log_1" },
				"east": { "uv": [ 0.500625, 0.000624657, 0.999375, 15.99938 ], "texture": "#birch_log_1" }
			}
		},
		{
			"__comment": "Box1",
			"from": [ 1.9993, -0.3757, -1.5008 ],
			"to": [ 13.9993, 15.6243, -1.0008 ],
			"faces": {
				"down": { "uv": [ 2.000625, 1.000625, 13.99938, 1.499375 ], "texture": "#birch_log_1" },
				"up": { "uv": [ 2.000625, 14.50062, 13.99938, 14.99938 ], "texture": "#birch_log_1" },
				"north": { "uv": [ 2.000625, 0.000624657, 13.99938, 15.99938 ], "texture": "#birch_log_1" },
				"west": { "uv": [ 14.50062, 0.000624657, 14.99938, 15.99938 ], "texture": "#birch_log_1" },
				"east": { "uv": [ 1.000625, 0.000624657, 1.499375, 15.99938 ], "texture": "#birch_log_1" }
			}
		},
		{
			"__comment": "Box1",
			"from": [ 2.9994, -0.5006, -2.0004 ],
			"to": [ 12.9994, 15.4994, -1.5004 ],
			"faces": {
				"down": { "uv": [ 3.000625, 1.500625, 12.99938, 1.999375 ], "texture": "#birch_log_1" },
				"up": { "uv": [ 3.000625, 14.00062, 12.99938, 14.49938 ], "texture": "#birch_log_1" },
				"north": { "uv": [ 3.000625, 0.000624657, 12.99938, 15.99938 ], "texture": "#birch_log_1" },
				"west": { "uv": [ 14.00062, 0.000624657, 14.49938, 15.99938 ], "texture": "#birch_log_1" },
				"east": { "uv": [ 1.500625, 0.000624657, 1.999375, 15.99938 ], "texture": "#birch_log_1" }
			}
		},
		{
			"__comment": "Box1",
			"from": [ 4.5006, -0.6247, -2.5008 ],
			"to": [ 11.5006, 15.3753, -2.0008 ],
			"faces": {
				"down": { "uv": [ 4.500625, 2.000625, 11.49938, 2.499375 ], "texture": "#birch_log_1" },
				"up": { "uv": [ 4.500625, 13.50062, 11.49938, 13.99938 ], "texture": "#birch_log_1" },
				"north": { "uv": [ 4.500625, 0.000624657, 11.49938, 15.99938 ], "texture": "#birch_log_1" },
				"west": { "uv": [ 13.50062, 0.000624657, 13.99938, 15.99938 ], "texture": "#birch_log_1" },
				"east": { "uv": [ 2.000625, 0.000624657, 2.499375, 15.99938 ], "texture": "#birch_log_1" }
			}
		},
		{
			"__comment": "Box21",
			"from": [ 0, 0, 0 ],
			"to": [ 16, 16, 16 ],
			"faces": {
				"down": { "uv": [ 0.000625, 0.000624657, 15.99938, 15.99938 ], "texture": "#birch_log_2", "cullface": "down" },
				"up": { "uv": [ 0.000625, 0.000624657, 15.99938, 15.99938 ], "texture": "#birch_log_2", "cullface": "up" },
				"north": { "uv": [ 0.000625, 0.000624657, 15.99938, 15.99938 ], "texture": "#birch_log_1", "cullface": "north" },
				"south": { "uv": [ 0.000625, 0.000624657, 15.99938, 15.99938 ], "texture": "#birch_log_1", "cullface": "south" },
				"west": { "uv": [ 0.000625, 0.000624657, 15.99938, 15.99938 ], "texture": "#birch_log_1", "cullface": "west" },
				"east": { "uv": [ 0.000625, 0.000624657, 15.99938, 15.99938 ], "texture": "#birch_log_1", "cullface": "east" }
			}
		},
		{
			"__comment": "Box22",
			"from": [ 6, -0.749, -2.9999 ],
			"to": [ 9.999998, 15.251, -2.4999 ],
			"faces": {
				"down": { "uv": [ 6.000625, 2.500625, 9.999375, 2.999375 ], "texture": "#birch_log_1" },
				"up": { "uv": [ 6.000625, 13.00062, 9.999375, 13.49938 ], "texture": "#birch_log_1" },
				"north": { "uv": [ 6.000625, 0.000624657, 9.999375, 15.99938 ], "texture": "#birch_log_1" },
				"west": { "uv": [ 13.00062, 0.000624657, 13.49938, 15.99938 ], "texture": "#birch_log_1" },
				"east": { "uv": [ 2.500625, 0.000624657, 2.999375, 15.99938 ], "texture": "#birch_log_1" }
			}
		},
		{
			"__comment": "Box1",
			"from": [ 0.5001, -0.1242, 15.9997 ],
			"to": [ 15.5001, 15.8758, 16.4997 ],
			"faces": {
				"down": { "uv": [ 0.500625, 15.50062, 15.49938, 15.99938 ], "texture": "#birch_log_1", "cullface": "down" },
				"up": { "uv": [ 0.500625, 0.000624657, 15.49938, 0.4993753 ], "texture": "#birch_log_1", "cullface": "up" },
				"south": { "uv": [ 0.500625, 0.000624657, 15.49938, 15.99938 ], "texture": "#birch_log_1", "cullface": "south" },
				"west": { "uv": [ 0.000625, 0.000624657, 0.499375, 15.99938 ], "texture": "#birch_log_1" },
				"east": { "uv": [ 15.50062, 0.000624657, 15.99938, 15.99938 ], "texture": "#birch_log_1" }
			}
		},
		{
			"__comment": "Box1",
			"from": [ 1.0006, -0.2492, 16.5003 ],
			"to": [ 15.0006, 15.7508, 17.0003 ],
			"faces": {
				"down": { "uv": [ 1.000625, 15.00062, 14.99938, 15.49938 ], "texture": "#birch_log_1", "cullface": "down" },
				"up": { "uv": [ 1.000625, 0.5006247, 14.99938, 0.9993753 ], "texture": "#birch_log_1", "cullface": "up" },
				"south": { "uv": [ 1.000625, 0.000624657, 14.99938, 15.99938 ], "texture": "#birch_log_1", "cullface": "south" },
				"west": { "uv": [ 0.500625, 0.000624657, 0.999375, 15.99938 ], "texture": "#birch_log_1" },
				"east": { "uv": [ 15.00062, 0.000624657, 15.49938, 15.99938 ], "texture": "#birch_log_1" }
			}
		},
		{
			"__comment": "Box1",
			"from": [ 1.9993, -0.374, 16.9994 ],
			"to": [ 13.9993, 15.626, 17.4994 ],
			"faces": {
				"down": { "uv": [ 2.000625, 14.50062, 13.99938, 14.99938 ], "texture": "#birch_log_1", "cullface": "down" },
				"up": { "uv": [ 2.000625, 1.000625, 13.99938, 1.499375 ], "texture": "#birch_log_1", "cullface": "up" },
				"south": { "uv": [ 2.000625, 0.000624657, 13.99938, 15.99938 ], "texture": "#birch_log_1", "cullface": "south" },
				"west": { "uv": [ 1.000625, 0.000624657, 1.499375, 15.99938 ], "texture": "#birch_log_1" },
				"east": { "uv": [ 14.50062, 0.000624657, 14.99938, 15.99938 ], "texture": "#birch_log_1" }
			}
		},
		{
			"__comment": "Box1",
			"from": [ 3, -0.4991, 17.5007 ],
			"to": [ 12.5, 15.5009, 18.0007 ],
			"faces": {
				"down": { "uv": [ 3.000625, 14.00062, 12.49938, 14.49938 ], "texture": "#birch_log_1", "cullface": "down" },
				"up": { "uv": [ 3.000625, 1.500625, 12.49938, 1.999375 ], "texture": "#birch_log_1", "cullface": "up" },
				"south": { "uv": [ 3.000625, 0.000624657, 12.49938, 15.99938 ], "texture": "#birch_log_1", "cullface": "south" },
				"west": { "uv": [ 1.500625, 0.000624657, 1.999375, 15.99938 ], "texture": "#birch_log_1" },
				"east": { "uv": [ 14.00062, 0.000624657, 14.49938, 15.99938 ], "texture": "#birch_log_1" }
			}
		},
		{
			"__comment": "Box1",
			"from": [ 4.5008, -0.624, 18.0006 ],
			"to": [ 11.5008, 15.376, 18.5006 ],
			"faces": {
				"down": { "uv": [ 4.500625, 13.50062, 11.49938, 13.99938 ], "texture": "#birch_log_1", "cullface": "down" },
				"up": { "uv": [ 4.500625, 2.000625, 11.49938, 2.499375 ], "texture": "#birch_log_1", "cullface": "up" },
				"south": { "uv": [ 4.500625, 0.000624657, 11.49938, 15.99938 ], "texture": "#birch_log_1", "cullface": "south" },
				"west": { "uv": [ 2.000625, 0.000624657, 2.499375, 15.99938 ], "texture": "#birch_log_1" },
				"east": { "uv": [ 13.50062, 0.000624657, 13.99938, 15.99938 ], "texture": "#birch_log_1" }
			}
		},
		{
			"__comment": "Box22",
			"from": [ 5.9998, -0.7494, 18.5009 ],
			"to": [ 9.9998, 15.2506, 19.0009 ],
			"faces": {
				"down": { "uv": [ 6.000625, 13.00062, 9.999375, 13.49938 ], "texture": "#birch_log_1", "cullface": "down" },
				"up": { "uv": [ 6.000625, 2.500625, 9.999375, 2.999375 ], "texture": "#birch_log_1", "cullface": "up" },
				"south": { "uv": [ 6.000625, 0.000624657, 9.999375, 15.99938 ], "texture": "#birch_log_1", "cullface": "south" },
				"west": { "uv": [ 2.500625, 0.000624657, 2.999375, 15.99938 ], "texture": "#birch_log_1" },
				"east": { "uv": [ 13.00062, 0.000624657, 13.49938, 15.99938 ], "texture": "#birch_log_1" }
			}
		},
		{
			"__comment": "Box34",
			"from": [ -0.5009, -0.1253, 0.4996 ],
			"to": [ -0.000899971, 15.8747, 15.4996 ],
			"faces": {
				"down": { "uv": [ 15.50062, 0.5006247, 15.99938, 15.49938 ], "texture": "#birch_log_1" },
				"up": { "uv": [ 15.50062, 0.5006247, 15.99938, 15.49938 ], "texture": "#birch_log_1" },
				"north": { "uv": [ 0.000625, 0.000624657, 0.499375, 15.99938 ], "texture": "#birch_log_1" },
				"south": { "uv": [ 15.50062, 0.000624657, 15.99938, 15.99938 ], "texture": "#birch_log_1" },
				"west": { "uv": [ 0.500625, 0.000624657, 15.49938, 15.99938 ], "texture": "#birch_log_1" }
			}
		},
		{
			"__comment": "Box34",
			"from": [ 15.9996, -0.1249, 0.4992 ],
			"to": [ 16.4996, 15.8751, 15.4992 ],
			"faces": {
				"down": { "uv": [ 0.000625, 0.5006247, 0.499375, 15.49938 ], "texture": "#birch_log_1" },
				"up": { "uv": [ 0.000625, 0.5006247, 0.499375, 15.49938 ], "texture": "#birch_log_1" },
				"north": { "uv": [ 15.50062, 0.000624657, 15.99938, 15.99938 ], "texture": "#birch_log_1" },
				"south": { "uv": [ 0.000625, 0.000624657, 0.499375, 15.99938 ], "texture": "#birch_log_1" },
				"east": { "uv": [ 0.500625, 0.000624657, 15.49938, 15.99938 ], "texture": "#birch_log_1" }
			}
		},
		{
			"__comment": "Box34",
			"from": [ -0.9993, -0.2502, 1.0009 ],
			"to": [ -0.4993, 15.74981, 15.0009 ],
			"faces": {
				"down": { "uv": [ 15.00062, 1.000625, 15.49938, 14.99938 ], "texture": "#birch_log_1" },
				"up": { "uv": [ 15.00062, 1.000625, 15.49938, 14.99938 ], "texture": "#birch_log_1" },
				"north": { "uv": [ 0.500625, 0.000624657, 0.999375, 15.99938 ], "texture": "#birch_log_1" },
				"south": { "uv": [ 15.00062, 0.000624657, 15.49938, 15.99938 ], "texture": "#birch_log_1" },
				"west": { "uv": [ 1.000625, 0.000624657, 14.99938, 15.99938 ], "texture": "#birch_log_1" }
			}
		},
		{
			"__comment": "Box34",
			"from": [ 16.4991, -0.2492, 0.9991 ],
			"to": [ 16.9991, 15.7508, 14.9991 ],
			"faces": {
				"down": { "uv": [ 0.500625, 1.000625, 0.999375, 14.99938 ], "texture": "#birch_log_1" },
				"up": { "uv": [ 0.500625, 1.000625, 0.999375, 14.99938 ], "texture": "#birch_log_1" },
				"north": { "uv": [ 15.00062, 0.000624657, 15.49938, 15.99938 ], "texture": "#birch_log_1" },
				"south": { "uv": [ 0.500625, 0.000624657, 0.999375, 15.99938 ], "texture": "#birch_log_1" },
				"east": { "uv": [ 1.000625, 0.000624657, 14.99938, 15.99938 ], "texture": "#birch_log_1" }
			}
		},
		{
			"__comment": "Box34",
			"from": [ -1.4998, -0.3753, 1.9996 ],
			"to": [ -0.9997997, 15.6247, 13.9996 ],
			"faces": {
				"down": { "uv": [ 14.50062, 2.000625, 14.99938, 13.99938 ], "texture": "#birch_log_1" },
				"up": { "uv": [ 14.50062, 2.000625, 14.99938, 13.99938 ], "texture": "#birch_log_1" },
				"north": { "uv": [ 1.000625, 0.000624657, 1.499375, 15.99938 ], "texture": "#birch_log_1" },
				"south": { "uv": [ 14.50062, 0.000624657, 14.99938, 15.99938 ], "texture": "#birch_log_1" },
				"west": { "uv": [ 2.000625, 0.000624657, 13.99938, 15.99938 ], "texture": "#birch_log_1" }
			}
		},
		{
			"__comment": "Box34",
			"from": [ 16.9995, -0.3749, 1.9996 ],
			"to": [ 17.4995, 15.6251, 13.9996 ],
			"faces": {
				"down": { "uv": [ 1.000625, 2.000625, 1.499375, 13.99938 ], "texture": "#birch_log_1" },
				"up": { "uv": [ 1.000625, 2.000625, 1.499375, 13.99938 ], "texture": "#birch_log_1" },
				"north": { "uv": [ 14.50062, 0.000624657, 14.99938, 15.99938 ], "texture": "#birch_log_1" },
				"south": { "uv": [ 1.000625, 0.000624657, 1.499375, 15.99938 ], "texture": "#birch_log_1" },
				"east": { "uv": [ 2.000625, 0.000624657, 13.99938, 15.99938 ], "texture": "#birch_log_1" }
			}
		},
		{
			"__comment": "Box34",
			"from": [ -1.9999, -0.5001, 3.0001 ],
			"to": [ -1.4999, 15.4999, 13.0001 ],
			"faces": {
				"down": { "uv": [ 14.00062, 3.000625, 14.49938, 12.99938 ], "texture": "#birch_log_1" },
				"up": { "uv": [ 14.00062, 3.000625, 14.49938, 12.99938 ], "texture": "#birch_log_1" },
				"north": { "uv": [ 1.500625, 0.000624657, 1.999375, 15.99938 ], "texture": "#birch_log_1" },
				"south": { "uv": [ 14.00062, 0.000624657, 14.49938, 15.99938 ], "texture": "#birch_log_1" },
				"west": { "uv": [ 3.000625, 0.000624657, 12.99938, 15.99938 ], "texture": "#birch_log_1" }
			}
		},
		{
			"__comment": "Box34",
			"from": [ 17.5003, -0.4996, 3.0002 ],
			"to": [ 18.0003, 15.5004, 13.0002 ],
			"faces": {
				"down": { "uv": [ 1.500625, 3.000625, 1.999375, 12.99938 ], "texture": "#birch_log_1" },
				"up": { "uv": [ 1.500625, 3.000625, 1.999375, 12.99938 ], "texture": "#birch_log_1" },
				"north": { "uv": [ 14.00062, 0.000624657, 14.49938, 15.99938 ], "texture": "#birch_log_1" },
				"south": { "uv": [ 1.500625, 0.000624657, 1.999375, 15.99938 ], "texture": "#birch_log_1" },
				"east": { "uv": [ 3.000625, 0.000624657, 12.99938, 15.99938 ], "texture": "#birch_log_1" }
			}
		},
		{
			"__comment": "Box34",
			"from": [ -2.4991, -0.6252, 4.4993 ],
			"to": [ -1.9991, 15.3748, 11.4993 ],
			"faces": {
				"down": { "uv": [ 13.50062, 4.500626, 13.99938, 11.49938 ], "texture": "#birch_log_1" },
				"up": { "uv": [ 13.50062, 4.500626, 13.99938, 11.49938 ], "texture": "#birch_log_1" },
				"north": { "uv": [ 2.000625, 0.000624657, 2.499375, 15.99938 ], "texture": "#birch_log_1" },
				"south": { "uv": [ 13.50062, 0.000624657, 13.99938, 15.99938 ], "texture": "#birch_log_1" },
				"west": { "uv": [ 4.500625, 0.000624657, 11.49938, 15.99938 ], "texture": "#birch_log_1" }
			}
		},
		{
			"__comment": "Box34",
			"from": [ 18.0008, -0.6248, 4.4999 ],
			"to": [ 18.5008, 15.3752, 11.4999 ],
			"faces": {
				"down": { "uv": [ 2.000625, 4.500626, 2.499375, 11.49938 ], "texture": "#birch_log_1" },
				"up": { "uv": [ 2.000625, 4.500626, 2.499375, 11.49938 ], "texture": "#birch_log_1" },
				"north": { "uv": [ 13.50062, 0.000624657, 13.99938, 15.99938 ], "texture": "#birch_log_1" },
				"south": { "uv": [ 2.000625, 0.000624657, 2.499375, 15.99938 ], "texture": "#birch_log_1" },
				"east": { "uv": [ 4.500625, 0.000624657, 11.49938, 15.99938 ], "texture": "#birch_log_1" }
			}
		},
		{
			"__comment": "Box34",
			"from": [ -2.9994, -0.75, 5.9996 ],
			"to": [ -2.4994, 15.25, 9.9996 ],
			"faces": {
				"down": { "uv": [ 13.00062, 6.000626, 13.49938, 9.999375 ], "texture": "#birch_log_1" },
				"up": { "uv": [ 13.00062, 6.000626, 13.49938, 9.999375 ], "texture": "#birch_log_1" },
				"north": { "uv": [ 2.500625, 0.000624657, 2.999375, 15.99938 ], "texture": "#birch_log_1" },
				"south": { "uv": [ 13.00062, 0.000624657, 13.49938, 15.99938 ], "texture": "#birch_log_1" },
				"west": { "uv": [ 6.000625, 0.000624657, 9.999375, 15.99938 ], "texture": "#birch_log_1" }
			}
		},
		{
			"__comment": "Box34",
			"from": [ 18.4999, -0.7491, 6 ],
			"to": [ 18.9999, 15.2509, 10 ],
			"faces": {
				"down": { "uv": [ 2.500625, 6.000626, 2.999375, 9.999375 ], "texture": "#birch_log_1" },
				"up": { "uv": [ 2.500625, 6.000626, 2.999375, 9.999375 ], "texture": "#birch_log_1" },
				"north": { "uv": [ 13.00062, 0.000624657, 13.49938, 15.99938 ], "texture": "#birch_log_1" },
				"south": { "uv": [ 2.500625, 0.000624657, 2.999375, 15.99938 ], "texture": "#birch_log_1" },
				"east": { "uv": [ 6.000625, 0.000624657, 9.999375, 15.99938 ], "texture": "#birch_log_1" }
			}
		}
	],
	"display": {
		"thirdperson_righthand": {
			"rotation":  [ 75, 45, 0 ],
			"translation":  [ 0, 2.5, 0 ],
			"scale":  [ 0.375, 0.375, 0.375 ]
		},
		"thirdperson_lefthand": {
			"rotation":  [ 75, 45, 0 ],
			"translation":  [ 0, 2.5, 0 ],
			"scale":  [ 0.375, 0.375, 0.375 ]
		},
		"firstperson_righthand": {
			"rotation":  [ 0, 45, 0 ],
			"scale":  [ 0.4, 0.4, 0.4 ]
		},
		"firstperson_lefthand": {
			"rotation":  [ 0, 45, 0 ],
			"scale":  [ 0.4, 0.4, 0.4 ]
		},
		"gui": {
			"rotation":  [ 30, 225, 0 ],
			"scale":  [ 0.625, 0.625, 0.625 ]
		},
		"ground": {
			"translation":  [ 0, 3, 0 ],
			"scale":  [ 0.25, 0.25, 0.25 ]
		}
	}
}