{
	"__comment": "Designed by Intermacgod with BDcraft Cubik PRO 0.87 Beta - http://bdcraft.net",
	"gui_light": "front",
	"ambientocclusion": false,
	"textures": {
		"particle": "block/b/birch_door/birch_door",
		"birch_door_1": "block/b/birch_door/birch_door_1",
		"birch_door_2": "block/b/birch_door/birch_door_2",
		"birch_door_3": "block/b/birch_door/birch_door_3",
		"birch_door_4": "block/b/birch_door/birch_door_4",
		"birch_door_5": "block/b/birch_door/birch_door_5",
		"birch_door_7": "block/b/birch_door/birch_door_7"
	},
	"elements": [ 	 
		{
			"__comment": "Element",
			"from": [ 0.5006, 0.5009, 0.4997 ],
			"to": [ 2.5006, 15.5009, 1.9997 ],
			"faces": {
				"down": { "uv": [ 14.99938, 8.999375, 1.000625, 7.000626 ], "texture": "#birch_door_1", "rotation": 270 },
				"north": { "uv": [ 0.000625, 8.000625, 15.99938, 15.99938 ], "texture": "#birch_door_1" },
				"south": { "uv": [ 0.000625, 8.000625, 15.99938, 15.99938 ], "texture": "#birch_door_1" },
				"west": { "uv": [ 0.000625, 8.000625, 15.99938, 15.99938 ], "texture": "#birch_door_1" },
				"east": { "uv": [ 0.000625, 8.000625, 15.99938, 15.99938 ], "texture": "#birch_door_1" }
			}
		},
		{
			"__comment": "Element",
			"from": [ 0.0006, 3.0005, 15.5004 ],
			"to": [ 1.0006, 5.0005, 16.0004 ],
			"faces": {
				"down": { "uv": [ 0.000625, 0.000624657, 15.99938, 15.99938 ], "texture": "#birch_door_4", "rotation": 270 },
				"up": { "uv": [ 0.000625, 0.000624657, 15.99938, 15.99938 ], "texture": "#birch_door_4", "rotation": 90 },
				"north": { "uv": [ 0.000625, 0.000624657, 15.99938, 15.99938 ], "texture": "#birch_door_4", "cullface": "north" },
				"south": { "uv": [ 0.000625, 0.000624657, 15.99938, 15.99938 ], "texture": "#birch_door_4", "cullface": "south" },
				"west": { "uv": [ 0.000625, 0.000624657, 15.99938, 15.99938 ], "texture": "#birch_door_4", "cullface": "west" }
			}
		},
		{
			"__comment": "Element",
			"from": [ -0.0001, 14.9993, 15.5008 ],
			"to": [ 0.9999, 15.9993, 16.0008 ],
			"faces": {
				"down": { "uv": [ 0.000625, 7.500626, 15.99938, 15.99938 ], "texture": "#birch_door_4", "rotation": 270 },
				"up": { "uv": [ 0.000625, 8.000625, 15.99938, 15.99938 ], "texture": "#birch_door_4", "cullface": "up", "rotation": 90 },
				"north": { "uv": [ 0.000625, 8.000625, 15.99938, 15.99938 ], "texture": "#birch_door_4", "cullface": "north" },
				"south": { "uv": [ 0.000625, 7.500626, 15.99938, 15.99938 ], "texture": "#birch_door_4", "cullface": "south" },
				"west": { "uv": [ 0.000625, 8.000625, 15.99938, 15.99938 ], "texture": "#birch_door_4", "cullface": "west" }
			}
		},
		{
			"__comment": "Element",
			"from": [ 1.9993, 2.9992, 15.4996 ],
			"to": [ 2.9993, 4.9992, 15.9996 ],
			"faces": {
				"down": { "uv": [ 0.000625, 0.000624657, 15.99938, 15.99938 ], "texture": "#birch_door_4", "rotation": 270 },
				"up": { "uv": [ 0.000625, 0.000624657, 15.99938, 15.99938 ], "texture": "#birch_door_4", "rotation": 90 },
				"north": { "uv": [ 0.000625, 0.000624657, 15.99938, 15.99938 ], "texture": "#birch_door_4", "cullface": "north" },
				"south": { "uv": [ 0.000625, 0.000624657, 15.99938, 15.99938 ], "texture": "#birch_door_4", "cullface": "south" },
				"east": { "uv": [ 0.000625, 0.000624657, 15.99938, 15.99938 ], "texture": "#birch_door_4" }
			}
		},
		{
			"__comment": "Element",
			"from": [ 1.9992, 15.0002, 15.5003 ],
			"to": [ 2.9992, 16.0002, 16.0003 ],
			"faces": {
				"down": { "uv": [ 0.000625, 8.000625, 15.99938, 15.99938 ], "texture": "#birch_door_4", "rotation": 270 },
				"up": { "uv": [ 0.000625, 8.000625, 15.99938, 15.99938 ], "texture": "#birch_door_4", "cullface": "up", "rotation": 90 },
				"north": { "uv": [ 0.000625, 8.000625, 15.99938, 15.99938 ], "texture": "#birch_door_4", "cullface": "north" },
				"south": { "uv": [ 0.000625, 8.000625, 15.99938, 15.99938 ], "texture": "#birch_door_4", "cullface": "south" },
				"east": { "uv": [ 0.000625, 8.000625, 15.99938, 15.99938 ], "texture": "#birch_door_4" }
			}
		},
		{
			"__comment": "Element",
			"from": [ 1.0003, 0.4994, -0.0004 ],
			"to": [ 2.0003, 15.9994, 0.4996 ],
			"faces": {
				"down": { "uv": [ 14.99938, 0.4993753, 14.00062, 0.000624657 ], "texture": "#birch_door_2" },
				"up": { "uv": [ 1.000625, 0.000624657, 1.999375, 0.4993753 ], "texture": "#birch_door_2", "cullface": "up" },
				"north": { "uv": [ 14.00062, 0.000624657, 14.99938, 15.49938 ], "texture": "#birch_door_2", "cullface": "north" },
				"south": { "uv": [ 1.000625, 0.000624657, 1.999375, 15.49938 ], "texture": "#birch_door_2" },
				"west": { "uv": [ 0.000625, 0.000624657, 0.499375, 15.49938 ], "texture": "#birch_door_2" },
				"east": { "uv": [ 15.50062, 0.000624657, 15.99938, 15.49938 ], "texture": "#birch_door_2" }
			}
		},
		{
			"__comment": "Element",
			"from": [ 1.0003, 0.5009, 15.5006 ],
			"to": [ 2.0003, 16.0009, 16.0006 ],
			"faces": {
				"down": { "uv": [ 14.99938, 15.99938, 14.00062, 15.50062 ], "texture": "#birch_door_2" },
				"up": { "uv": [ 1.000625, 15.50062, 1.999375, 15.99938 ], "texture": "#birch_door_2", "cullface": "up" },
				"north": { "uv": [ 14.00062, 0.000624657, 14.99938, 15.49938 ], "texture": "#birch_door_2" },
				"south": { "uv": [ 1.000625, 0.000624657, 1.999375, 15.49938 ], "texture": "#birch_door_2", "cullface": "south" },
				"west": { "uv": [ 15.50062, 0.000624657, 15.99938, 15.49938 ], "texture": "#birch_door_2" },
				"east": { "uv": [ 0.000625, 0.000624657, 0.499375, 15.49938 ], "texture": "#birch_door_2" }
			}
		},
		{
			"__comment": "Element",
			"from": [ 0.5, 0.5002, 14.0002 ],
			"to": [ 2.5, 15.5002, 15.5002 ],
			"faces": {
				"down": { "uv": [ 14.99938, 8.999375, 1.000625, 7.000626 ], "texture": "#birch_door_1", "rotation": 270 },
				"north": { "uv": [ 0.000625, 8.000625, 15.99938, 15.99938 ], "texture": "#birch_door_1" },
				"south": { "uv": [ 0.000625, 8.000625, 15.99938, 15.99938 ], "texture": "#birch_door_1" },
				"west": { "uv": [ 0.000625, 8.000625, 15.99938, 15.99938 ], "texture": "#birch_door_1" },
				"east": { "uv": [ 0.000625, 8.000625, 15.99938, 15.99938 ], "texture": "#birch_door_1" }
			}
		},
		{
			"__comment": "Element",
			"from": [ 0.5006, 0.5007, 2.0008 ],
			"to": [ 2.5006, 3.0007, 14.0008 ],
			"faces": {
				"down": { "uv": [ 15.99938, 15.99938, 0.000624657, 13.50062 ], "texture": "#birch_door_1", "rotation": 270 },
				"up": { "uv": [ 0.000625, 13.00062, 15.99938, 15.99938 ], "texture": "#birch_door_1", "rotation": 90 },
				"west": { "uv": [ 0.000625, 13.50062, 15.99938, 15.99938 ], "texture": "#birch_door_1" },
				"east": { "uv": [ 0.000625, 13.50062, 15.99938, 15.99938 ], "texture": "#birch_door_1" }
			}
		},
		{
			"__comment": "Element",
			"from": [ 0.0006, 12.9995, 1.0002 ],
			"to": [ 0.5006, 13.4995, 1.5002 ],
			"faces": {
				"down": { "uv": [ 0.000625, 0.000624657, 15.99938, 15.99938 ], "texture": "#birch_door_5" },
				"up": { "uv": [ 0.000625, 0.000624657, 15.99938, 15.99938 ], "texture": "#birch_door_5" },
				"north": { "uv": [ 0.000625, 0.000624657, 15.99938, 15.99938 ], "texture": "#birch_door_5" },
				"south": { "uv": [ 0.000625, 0.000624657, 15.99938, 15.99938 ], "texture": "#birch_door_5" }
			}
		},
		{
			"__comment": "Element",
			"from": [ 2.5, 12.9992, 0.9991 ],
			"to": [ 3, 13.4992, 1.4991 ],
			"faces": {
				"down": { "uv": [ 0.000625, 0.000624657, 15.99938, 15.99938 ], "texture": "#birch_door_5" },
				"up": { "uv": [ 0.000625, 0.000624657, 15.99938, 15.99938 ], "texture": "#birch_door_5" },
				"north": { "uv": [ 0.000625, 0.000624657, 15.99938, 15.99938 ], "texture": "#birch_door_5" },
				"south": { "uv": [ 0.000625, 0.000624657, 15.99938, 15.99938 ], "texture": "#birch_door_5" }
			}
		},
		{
			"__comment": "Element",
			"from": [ -0.4996, 11.5007, 0.9999 ],
			"to": [ 0.000399947, 16.0007, 1.4999 ],
			"faces": {
				"down": { "uv": [ 0.000625, 0.000624657, 15.99938, 15.99938 ], "texture": "#birch_door_5" },
				"up": { "uv": [ 0.000625, 0.000624657, 15.99938, 15.99938 ], "texture": "#birch_door_5" },
				"north": { "uv": [ 0.000625, 0.000624657, 15.99938, 15.99938 ], "texture": "#birch_door_5" },
				"south": { "uv": [ 0.000625, 0.000624657, 15.99938, 15.99938 ], "texture": "#birch_door_5" },
				"west": { "uv": [ 0.000625, 0.000624657, 15.99938, 15.99938 ], "texture": "#birch_door_5" },
				"east": { "uv": [ 0.000625, 0.000624657, 15.99938, 15.99938 ], "texture": "#birch_door_5" }
			}
		},
		{
			"__comment": "Element",
			"from": [ 3, 11.4993, 0.9991 ],
			"to": [ 3.5, 15.9993, 1.4991 ],
			"faces": {
				"down": { "uv": [ 0.000625, 0.000624657, 15.99938, 15.99938 ], "texture": "#birch_door_5" },
				"up": { "uv": [ 0.000625, 0.000624657, 15.99938, 15.99938 ], "texture": "#birch_door_5", "cullface": "up" },
				"north": { "uv": [ 0.000625, 0.000624657, 15.99938, 15.99938 ], "texture": "#birch_door_5" },
				"south": { "uv": [ 0.000625, 0.000624657, 15.99938, 15.99938 ], "texture": "#birch_door_5" },
				"west": { "uv": [ 0.000625, 0.000624657, 15.99938, 15.99938 ], "texture": "#birch_door_5" },
				"east": { "uv": [ 0.000625, 0.000624657, 15.99938, 15.99938 ], "texture": "#birch_door_5" }
			}
		},
		{
			"__comment": "Element",
			"from": [ 0.7505, 3.5008, 8.9999 ],
			"to": [ 2.2505, 15.0008, 13.4999 ],
			"faces": {
				"down": { "uv": [ 1.000625, 2.000625, 1.999375, 7.499374 ], "texture": "#birch_door_7" },
				"up": { "uv": [ 1.000625, 8.500625, 1.999375, 13.99938 ], "texture": "#birch_door_7" },
				"north": { "uv": [ 14.00062, 0.5006247, 14.99938, 12.99938 ], "texture": "#birch_door_7" },
				"south": { "uv": [ 1.000625, 0.5006247, 1.999375, 12.99938 ], "texture": "#birch_door_7" },
				"west": { "uv": [ 0.000625, 0.000624657, 7.999375, 15.99938 ], "texture": "#birch_door_7" },
				"east": { "uv": [ 0.000625, 0.000624657, 7.999375, 15.99938 ], "texture": "#birch_door_7" }
			}
		},
		{
			"__comment": "Element",
			"from": [ 0.4999, 2.9995, 7.5009 ],
			"to": [ 2.4999, 15.4995, 8.500898 ],
			"faces": {
				"north": { "uv": [ 0.000625, 8.000625, 15.99938, 15.99938 ], "texture": "#birch_door_1" },
				"south": { "uv": [ 0.000625, 8.000625, 15.99938, 15.99938 ], "texture": "#birch_door_1" },
				"west": { "uv": [ 0.000625, 8.000625, 15.99938, 15.99938 ], "texture": "#birch_door_1" },
				"east": { "uv": [ 0.000625, 8.000625, 15.99938, 15.99938 ], "texture": "#birch_door_1" }
			}
		},
		{
			"__comment": "Element",
			"from": [ 0.7505, 3.4994, 2.4993 ],
			"to": [ 2.2505, 14.9994, 6.9993 ],
			"faces": {
				"down": { "uv": [ 1.000625, 8.500625, 1.999375, 13.99938 ], "texture": "#birch_door_7" },
				"up": { "uv": [ 1.000625, 2.000625, 1.999375, 7.499374 ], "texture": "#birch_door_7" },
				"north": { "uv": [ 14.00062, 0.5006247, 14.99938, 12.99938 ], "texture": "#birch_door_7" },
				"south": { "uv": [ 1.000625, 0.5006247, 1.999375, 12.99938 ], "texture": "#birch_door_7" },
				"west": { "uv": [ 0.000625, 0.000624657, 7.999375, 15.99938 ], "texture": "#birch_door_7" },
				"east": { "uv": [ 0.000625, 0.000624657, 7.999375, 15.99938 ], "texture": "#birch_door_7" }
			}
		},
		{
			"__comment": "Element",
			"from": [ 0.5, 15.4993, 0.5008 ],
			"to": [ 2.5, 15.9993, 15.5008 ],
			"faces": {
				"down": { "uv": [ 15.49938, 15.49938, 13.50062, 0.5006247 ], "texture": "#birch_door_1" },
				"up": { "uv": [ 0.500625, 0.5006247, 2.499375, 15.49938 ], "texture": "#birch_door_1", "cullface": "up" },
				"north": { "uv": [ 0.000625, 8.000625, 15.99938, 8.999375 ], "texture": "#birch_door_1" },
				"south": { "uv": [ 0.000625, 8.000625, 15.99938, 8.999375 ], "texture": "#birch_door_1" },
				"west": { "uv": [ 0.000625, 8.000625, 15.99938, 8.999375 ], "texture": "#birch_door_1" },
				"east": { "uv": [ 0.000625, 8.000625, 15.99938, 8.999375 ], "texture": "#birch_door_1" }
			}
		},
		{
			"__comment": "Box18",
			"from": [ 0.9993, 3.0007, 2.0004 ],
			"to": [ 1.9993, 15.5007, 2.5004 ],
			"faces": {
				"south": { "uv": [ 1.000625, 0.5006247, 1.999375, 12.99938 ], "texture": "#birch_door_3" },
				"west": { "uv": [ 2.000625, 0.5006247, 2.499375, 12.99938 ], "texture": "#birch_door_3" },
				"east": { "uv": [ 13.50062, 0.5006247, 13.99938, 12.99938 ], "texture": "#birch_door_3" }
			}
		},
		{
			"__comment": "Box18",
			"from": [ 0.9998, 3.0004, 6.9996 ],
			"to": [ 1.9998, 15.5004, 7.4996 ],
			"faces": {
				"north": { "uv": [ 14.00062, 0.5006247, 14.99938, 12.99938 ], "texture": "#birch_door_3" },
				"west": { "uv": [ 7.000625, 0.5006247, 7.499375, 12.99938 ], "texture": "#birch_door_3" },
				"east": { "uv": [ 8.500625, 0.5006247, 8.999375, 12.99938 ], "texture": "#birch_door_3" }
			}
		},
		{
			"__comment": "Box18",
			"from": [ 0.9993, 3.001, 8.499499 ],
			"to": [ 1.9993, 15.501, 8.999499 ],
			"faces": {
				"south": { "uv": [ 1.000625, 0.5006247, 1.999375, 12.99938 ], "texture": "#birch_door_3" },
				"west": { "uv": [ 8.500625, 0.5006247, 8.999375, 12.99938 ], "texture": "#birch_door_3" },
				"east": { "uv": [ 7.000625, 0.5006247, 7.499375, 12.99938 ], "texture": "#birch_door_3" }
			}
		},
		{
			"__comment": "Box18",
			"from": [ 0.9998, 3.001, 13.5007 ],
			"to": [ 1.9998, 15.501, 14.0007 ],
			"faces": {
				"north": { "uv": [ 14.00062, 0.5006247, 14.99938, 12.99938 ], "texture": "#birch_door_3" },
				"west": { "uv": [ 13.50062, 0.5006247, 13.99938, 12.99938 ], "texture": "#birch_door_3" },
				"east": { "uv": [ 2.000625, 0.5006247, 2.499375, 12.99938 ], "texture": "#birch_door_3" }
			}
		},
		{
			"__comment": "Box22",
			"from": [ 0.9994, 15.0003, 2.5005 ],
			"to": [ 1.9994, 15.5003, 7.0005 ],
			"faces": {
				"west": { "uv": [ 2.500625, 0.5006247, 6.999373, 0.9993753 ], "texture": "#birch_door_3" },
				"east": { "uv": [ 9.000625, 0.5006247, 13.49938, 0.9993753 ], "texture": "#birch_door_3" }
			}
		},
		{
			"__comment": "Box22",
			"from": [ 1.0005, 3.0002, 2.5005 ],
			"to": [ 2.0005, 3.5002, 7.0005 ],
			"faces": {
				"west": { "uv": [ 2.500625, 12.50062, 6.999373, 12.99938 ], "texture": "#birch_door_3" },
				"east": { "uv": [ 9.000625, 12.50062, 13.49938, 12.99938 ], "texture": "#birch_door_3" }
			}
		},
		{
			"__comment": "Box22",
			"from": [ 0.9993, 15.0004, 8.9999 ],
			"to": [ 1.9993, 15.5004, 13.4999 ],
			"faces": {
				"west": { "uv": [ 9.000625, 0.5006247, 13.49938, 0.9993753 ], "texture": "#birch_door_3" },
				"east": { "uv": [ 2.500625, 0.5006247, 6.999373, 0.9993753 ], "texture": "#birch_door_3" }
			}
		},
		{
			"__comment": "Box22",
			"from": [ 0.9998, 2.9997, 8.9993 ],
			"to": [ 1.9998, 3.4997, 13.4993 ],
			"faces": {
				"west": { "uv": [ 9.000625, 12.50062, 13.49938, 12.99938 ], "texture": "#birch_door_3" },
				"east": { "uv": [ 2.500625, 12.50062, 6.999373, 12.99938 ], "texture": "#birch_door_3" }
			}
		}
	]
}