{
	"__comment": "Designed by Intermacgod with BDcraft Cubik PRO 0.87 Beta - http://bdcraft.net",
	"textures": {
		"particle": "block/b/birch_fence/birch_fence",
		"birch_fence_1": "block/b/birch_fence/birch_fence_1"
	},
	"elements": [ 	 
		{
			"__comment": "Element",
			"from": [ 6.4999, -0.0007, 6.501 ],
			"to": [ 9.499899, 13.4993, 9.500999 ],
			"faces": {
				"down": { "uv": [ 0.000625, 0.000624657, 3.999375, 15.99938 ], "texture": "#birch_fence_1" },
				"up": { "uv": [ 0.500625, 0.000624657, 3.999375, 15.99938 ], "texture": "#birch_fence_1" },
				"north": { "uv": [ 0.500625, 0.000624657, 3.999375, 15.99938 ], "texture": "#birch_fence_1" },
				"south": { "uv": [ 0.500625, 0.000624657, 3.999375, 15.99938 ], "texture": "#birch_fence_1" },
				"west": { "uv": [ 0.500625, 0.000624657, 3.999375, 15.99938 ], "texture": "#birch_fence_1" },
				"east": { "uv": [ 0.500625, 0.000624657, 3.999375, 15.99938 ], "texture": "#birch_fence_1" }
			}
		},
		{
			"__comment": "Element",
			"from": [ 6.9995, 13.4994, 6.9993 ],
			"to": [ 8.9995, 14.4994, 8.9993 ],
			"faces": {
				"north": { "uv": [ 0.000625, 0.000624657, 15.99938, 3.499375 ], "texture": "#birch_fence_1" },
				"south": { "uv": [ 0.000625, 0.000624657, 15.99938, 3.499375 ], "texture": "#birch_fence_1" },
				"west": { "uv": [ 0.000625, 0.000624657, 15.99938, 3.499375 ], "texture": "#birch_fence_1" },
				"east": { "uv": [ 0.000625, 0.000624657, 15.99938, 3.499375 ], "texture": "#birch_fence_1" }
			}
		},
		{
			"__comment": "Element",
			"from": [ 6.5007, 14.4998, 6.4994 ],
			"to": [ 9.5007, 14.9998, 9.499399 ],
			"faces": {
				"down": { "uv": [ 0.000625, 7.499374, 15.99938, 4.000626 ], "texture": "#birch_fence_1" },
				"up": { "uv": [ 0.000625, 4.000626, 15.99938, 7.999374 ], "texture": "#birch_fence_1" },
				"north": { "uv": [ 0.000625, 4.000626, 15.99938, 7.499374 ], "texture": "#birch_fence_1" },
				"south": { "uv": [ 0.000625, 4.000626, 15.99938, 7.499374 ], "texture": "#birch_fence_1" },
				"west": { "uv": [ 0.000625, 4.000626, 15.99938, 6.999374 ], "texture": "#birch_fence_1" },
				"east": { "uv": [ 0.000625, 4.000626, 15.99938, 7.499374 ], "texture": "#birch_fence_1" }
			}
		},
		{
			"__comment": "Element",
			"from": [ 6.9993, 14.9991, 6.9996 ],
			"to": [ 8.999301, 15.4991, 8.999599 ],
			"faces": {
				"up": { "uv": [ 0.000625, 8.000625, 15.99938, 11.49938 ], "texture": "#birch_fence_1" },
				"north": { "uv": [ 0.000625, 8.000625, 15.99938, 11.49938 ], "texture": "#birch_fence_1" },
				"south": { "uv": [ 0.000625, 8.000625, 15.99938, 11.49938 ], "texture": "#birch_fence_1" },
				"west": { "uv": [ 0.000625, 8.000625, 15.99938, 11.49938 ], "texture": "#birch_fence_1" },
				"east": { "uv": [ 0.000625, 8.000625, 15.99938, 11.49938 ], "texture": "#birch_fence_1" }
			}
		},
		{
			"__comment": "Element",
			"from": [ 7.5004, 15.5007, 7.5003 ],
			"to": [ 8.500399, 16.0007, 8.500299 ],
			"faces": {
				"up": { "uv": [ 0.000625, 12.00062, 15.99938, 15.49938 ], "texture": "#birch_fence_1" },
				"north": { "uv": [ 0.000625, 12.00062, 15.99938, 15.49938 ], "texture": "#birch_fence_1" },
				"south": { "uv": [ 0.000625, 12.00062, 15.99938, 15.49938 ], "texture": "#birch_fence_1" },
				"west": { "uv": [ 0.000625, 12.00062, 15.99938, 14.99938 ], "texture": "#birch_fence_1" },
				"east": { "uv": [ 0.000625, 12.00062, 15.99938, 15.49938 ], "texture": "#birch_fence_1" }
			}
		}
	],
	"display": {
		"gui": {
			"rotation":  [ 30, 225, 0 ],
			"scale":  [ 0.925, 0.925, 0.925 ]
		},
		"ground": {
			"translation":  [ 0, 3, 0 ],
			"scale":  [ 0.25, 0.25, 0.25 ]
		},
		"fixed": {
			"scale":  [ 0.5, 0.5, 0.5 ]
		}
	}
}