{
	"__comment": "Designed by Interhell2000 with Cubik Studio - https://cubik.studio",
	"gui_light": "front",
	"ambientocclusion": false,
	"textures": {
		"particle": "block/b/birch_slab/birch_slab_top",
		"birch_slab_1": "block/b/birch_slab/birch_slab_1",
		"birch_slab_2": "block/b/birch_slab/birch_slab_2",
		"birch_slab_3": "block/b/birch_slab/birch_slab_3",
		"birch_slab_4": "block/b/birch_slab/birch_slab_4"
	},
	"elements": [ 	 
		{
			"__comment": "Box1",
			"from": [ 0, 8, 0 ],
			"to": [ 2, 9, 13.5 ],
			"faces": {
				"down": { "uv": [ 6.5, 13, 16, 16 ], "texture": "#birch_slab_2", "rotation": 270 },
				"up": { "uv": [ 6.5, 13, 16, 16 ], "texture": "#birch_slab_1", "rotation": 270 },
				"north": { "uv": [ 13.5, 6.5, 16, 7.5 ], "texture": "#birch_slab_1", "cullface": "north" },
				"south": { "uv": [ 0, 7, 2.5, 9.5 ], "texture": "#birch_slab_1" },
				"west": { "uv": [ 0, 6.5, 13.5, 7.5 ], "texture": "#birch_slab_1", "cullface": "west" },
				"east": { "uv": [ 0, 7, 10, 9 ], "texture": "#birch_slab_1" }
			}
		},
		{
			"__comment": "Box1",
			"from": [ 0, 9.5, 0 ],
			"to": [ 8.5, 12.5, 7 ],
			"faces": {
				"down": { "uv": [ 6.5, 13, 16, 16 ], "texture": "#birch_slab_1" },
				"up": { "uv": [ 6.5, 13, 16, 16 ], "texture": "#birch_slab_1" },
				"north": { "uv": [ 7, 3, 16, 6.5 ], "texture": "#birch_slab_1", "cullface": "north" },
				"south": { "uv": [ 7.5, 13, 16, 16 ], "texture": "#birch_slab_1" },
				"west": { "uv": [ 0, 3, 7, 6.5 ], "texture": "#birch_slab_1", "cullface": "west" },
				"east": { "uv": [ 9, 3.5, 16, 6.5 ], "texture": "#birch_slab_1" }
			}
		},
		{
			"__comment": "Box1",
			"from": [ 0, 8, 14 ],
			"to": [ 13.5, 9, 16 ],
			"faces": {
				"down": { "uv": [ 7, 13, 16, 16 ], "texture": "#birch_slab_2" },
				"up": { "uv": [ 6.5, 13, 16, 16 ], "texture": "#birch_slab_1" },
				"north": { "uv": [ 6.5, 13, 16, 16 ], "texture": "#birch_slab_1" },
				"south": { "uv": [ 0, 6.5, 13.5, 7.5 ], "texture": "#birch_slab_1", "cullface": "south" },
				"west": { "uv": [ 13.5, 6.5, 16, 7.5 ], "texture": "#birch_slab_1", "cullface": "west" },
				"east": { "uv": [ 0, 7, 2, 9.5 ], "texture": "#birch_slab_1" }
			}
		},
		{
			"__comment": "Box1",
			"from": [ 0, 9.5, 7.5 ],
			"to": [ 7, 12.5, 16 ],
			"faces": {
				"down": { "uv": [ 7, 16, 16, 13 ], "texture": "#birch_slab_1" },
				"up": { "uv": [ 7, 13, 16, 16 ], "texture": "#birch_slab_1" },
				"north": { "uv": [ 15.5, 3.5, 16, 6.5 ], "texture": "#birch_slab_1" },
				"south": { "uv": [ 0, 3, 7, 6.5 ], "texture": "#birch_slab_1", "cullface": "south" },
				"west": { "uv": [ 7, 3, 16, 6.5 ], "texture": "#birch_slab_1", "cullface": "west" },
				"east": { "uv": [ 0, 3.5, 4.5, 6.5 ], "texture": "#birch_slab_1" }
			}
		},
		{
			"__comment": "Box1",
			"from": [ 0, 13, 0 ],
			"to": [ 14.5, 15.5, 1 ],
			"faces": {
				"down": { "uv": [ 6, 13.5, 16, 15.5 ], "texture": "#birch_slab_1" },
				"up": { "uv": [ 6.5, 13, 16, 16 ], "texture": "#birch_slab_1", "rotation": 180 },
				"north": { "uv": [ 1, 0, 16, 3 ], "texture": "#birch_slab_1", "cullface": "north" },
				"south": { "uv": [ 6.5, 13, 16, 16 ], "texture": "#birch_slab_1" },
				"west": { "uv": [ 0, 0, 1, 3 ], "texture": "#birch_slab_1", "cullface": "west" },
				"east": { "uv": [ 11, 13, 12, 15.5 ], "texture": "#birch_slab_1" }
			}
		},
		{
			"__comment": "Box1",
			"from": [ 0, 13, 1.5 ],
			"to": [ 1, 15.5, 16 ],
			"faces": {
				"down": { "uv": [ 6.5, 13, 16, 16 ], "texture": "#birch_slab_1", "rotation": 270 },
				"up": { "uv": [ 6.5, 13, 16, 16 ], "texture": "#birch_slab_1", "rotation": 270 },
				"north": { "uv": [ 11.5, 13, 13.5, 16 ], "texture": "#birch_slab_1" },
				"south": { "uv": [ 0, 0, 1, 3 ], "texture": "#birch_slab_1", "cullface": "south" },
				"west": { "uv": [ 1, 0, 16, 3 ], "texture": "#birch_slab_1", "cullface": "west" },
				"east": { "uv": [ 6.5, 13, 16, 16 ], "texture": "#birch_slab_1" }
			}
		},
		{
			"__comment": "Box1",
			"from": [ 14, 8, 2.5 ],
			"to": [ 16, 9, 16 ],
			"faces": {
				"down": { "uv": [ 6.5, 13, 16, 16 ], "texture": "#birch_slab_2", "rotation": 270 },
				"up": { "uv": [ 6.5, 13, 16, 16 ], "texture": "#birch_slab_1", "rotation": 270 },
				"north": { "uv": [ 5, 6.5, 7.5, 9.5 ], "texture": "#birch_slab_1" },
				"south": { "uv": [ 13.5, 6.5, 16, 7.5 ], "texture": "#birch_slab_1", "cullface": "south" },
				"west": { "uv": [ 0, 6.5, 10, 9.5 ], "texture": "#birch_slab_1" },
				"east": { "uv": [ 0, 6.5, 13.5, 7.5 ], "texture": "#birch_slab_1", "cullface": "east" }
			}
		},
		{
			"__comment": "Box1",
			"from": [ 2.5, 8, 0 ],
			"to": [ 16, 9, 2 ],
			"faces": {
				"down": { "uv": [ 7, 13, 16, 16 ], "texture": "#birch_slab_2" },
				"up": { "uv": [ 6.5, 13, 16, 16 ], "texture": "#birch_slab_1" },
				"north": { "uv": [ 0, 6.5, 13.5, 7.5 ], "texture": "#birch_slab_1", "cullface": "north" },
				"south": { "uv": [ 0, 6.5, 10.5, 9.5 ], "texture": "#birch_slab_1" },
				"west": { "uv": [ 13.5, 6.5, 16, 9.5 ], "texture": "#birch_slab_1" },
				"east": { "uv": [ 13.5, 6.5, 16, 7.5 ], "texture": "#birch_slab_1", "cullface": "east" }
			}
		},
		{
			"__comment": "Box15",
			"from": [ 0.5, 9, 0.5 ],
			"to": [ 15.5, 9.5, 15.5 ],
			"faces": {
				"down": { "uv": [ 0.5, 0.5, 15.5, 15.5 ], "texture": "#birch_slab_2" },
				"up": { "uv": [ 0.5, 0.5, 15.5, 15.5 ], "texture": "#birch_slab_2" },
				"north": { "uv": [ 0.5, 6.5, 15.5, 7 ], "texture": "#birch_slab_2" },
				"south": { "uv": [ 0.5, 6.5, 15.5, 7 ], "texture": "#birch_slab_2" },
				"west": { "uv": [ 0.5, 6.5, 15.5, 7 ], "texture": "#birch_slab_2" },
				"east": { "uv": [ 0.5, 6.5, 15.5, 7 ], "texture": "#birch_slab_2" }
			}
		},
		{
			"__comment": "Box1",
			"from": [ 9, 9.5, 0 ],
			"to": [ 16, 12.5, 8.5 ],
			"faces": {
				"down": { "uv": [ 7, 16, 16, 13 ], "texture": "#birch_slab_1" },
				"up": { "uv": [ 7, 13, 16, 16 ], "texture": "#birch_slab_1" },
				"north": { "uv": [ 0, 3, 7, 6.5 ], "texture": "#birch_slab_1", "cullface": "north" },
				"south": { "uv": [ 7, 13, 16, 16 ], "texture": "#birch_slab_1" },
				"west": { "uv": [ 7, 3, 16, 6.5 ], "texture": "#birch_slab_1" },
				"east": { "uv": [ 7, 3, 16, 6.5 ], "texture": "#birch_slab_1", "cullface": "east" }
			}
		},
		{
			"__comment": "Box1",
			"from": [ 7.5, 9.5, 9 ],
			"to": [ 16, 12.5, 16 ],
			"faces": {
				"down": { "uv": [ 6.5, 13, 16, 16 ], "texture": "#birch_slab_1" },
				"up": { "uv": [ 6.5, 13, 16, 16 ], "texture": "#birch_slab_1" },
				"north": { "uv": [ 8.5, 13, 15.5, 16 ], "texture": "#birch_slab_1" },
				"south": { "uv": [ 7, 3, 16, 6.5 ], "texture": "#birch_slab_1", "cullface": "south" },
				"west": { "uv": [ 9, 13, 16, 16 ], "texture": "#birch_slab_1" },
				"east": { "uv": [ 0, 3, 7, 6.5 ], "texture": "#birch_slab_1", "cullface": "east" }
			}
		},
		{
			"__comment": "Box39",
			"from": [ 7, 9.5, 15 ],
			"to": [ 7.5, 12.5, 15.5 ],
			"faces": {
				"north": { "uv": [ 8.5, 3.5, 9, 6.5 ], "texture": "#birch_slab_2" },
				"south": { "uv": [ 7, 3.5, 7.5, 6.5 ], "texture": "#birch_slab_2" }
			}
		},
		{
			"__comment": "Box39",
			"from": [ 15, 9.5, 8.5 ],
			"to": [ 15.5, 12.5, 9 ],
			"faces": {
				"west": { "uv": [ 8.5, 3.5, 9, 6.5 ], "texture": "#birch_slab_2" },
				"east": { "uv": [ 7, 3.5, 7.5, 6.5 ], "texture": "#birch_slab_2" }
			}
		},
		{
			"__comment": "Box39",
			"from": [ 0.5, 9.5, 7 ],
			"to": [ 1, 12.5, 7.5 ],
			"faces": {
				"west": { "uv": [ 7, 3.5, 7.5, 6.5 ], "texture": "#birch_slab_2" },
				"east": { "uv": [ 8.5, 3.5, 9, 6.5 ], "texture": "#birch_slab_2" }
			}
		},
		{
			"__comment": "Box39",
			"from": [ 8.5, 9.5, 0.5 ],
			"to": [ 9, 12.5, 1 ],
			"faces": {
				"north": { "uv": [ 7, 3.5, 7.5, 6.5 ], "texture": "#birch_slab_2" },
				"south": { "uv": [ 8.5, 3.5, 9, 6.5 ], "texture": "#birch_slab_2" }
			}
		},
		{
			"__comment": "Box15",
			"from": [ 0.5, 12.5, 0.5 ],
			"to": [ 15.5, 13, 15.5 ],
			"faces": {
				"down": { "uv": [ 0.5, 0.5, 15.5, 15.5 ], "texture": "#birch_slab_2" },
				"up": { "uv": [ 0.5, 0.5, 15.5, 15.5 ], "texture": "#birch_slab_2" },
				"north": { "uv": [ 0.5, 3, 15.5, 3.5 ], "texture": "#birch_slab_2" },
				"south": { "uv": [ 0.5, 3, 15.5, 3.5 ], "texture": "#birch_slab_2" },
				"west": { "uv": [ 0.5, 3, 15.5, 3.5 ], "texture": "#birch_slab_2" },
				"east": { "uv": [ 0.5, 3, 15.5, 3.5 ], "texture": "#birch_slab_2" }
			}
		},
		{
			"__comment": "Box1",
			"from": [ 15, 13, 0 ],
			"to": [ 16, 15.5, 14.5 ],
			"faces": {
				"down": { "uv": [ 6.5, 13, 16, 16 ], "texture": "#birch_slab_1", "rotation": 270 },
				"up": { "uv": [ 6.5, 13, 16, 16 ], "texture": "#birch_slab_1", "rotation": 270 },
				"north": { "uv": [ 0, 0, 1, 3 ], "texture": "#birch_slab_1", "cullface": "north" },
				"south": { "uv": [ 13.5, 13, 14.5, 16 ], "texture": "#birch_slab_1" },
				"west": { "uv": [ 7, 13, 16, 16 ], "texture": "#birch_slab_1" },
				"east": { "uv": [ 1, 0, 16, 3.5 ], "texture": "#birch_slab_1", "cullface": "east" }
			}
		},
		{
			"__comment": "Box1",
			"from": [ 1.5, 13, 15 ],
			"to": [ 16, 15.5, 16 ],
			"faces": {
				"down": { "uv": [ 6, 13.5, 16, 15.5 ], "texture": "#birch_slab_1" },
				"up": { "uv": [ 6.5, 13, 16, 16 ], "texture": "#birch_slab_1", "rotation": 180 },
				"north": { "uv": [ 1, 0, 16, 3 ], "texture": "#birch_slab_1" },
				"south": { "uv": [ 1, 0, 16, 3 ], "texture": "#birch_slab_1", "cullface": "south" },
				"west": { "uv": [ 10.5, 13, 11.5, 16 ], "texture": "#birch_slab_1" },
				"east": { "uv": [ 0, 0, 1, 3 ], "texture": "#birch_slab_1", "cullface": "east" }
			}
		},
		{
			"__comment": "Box46",
			"from": [ 1, 13, 15 ],
			"to": [ 1.5, 15.5, 15.5 ],
			"faces": {
				"north": { "uv": [ 14.5, 0.5, 15, 3 ], "texture": "#birch_slab_2" },
				"south": { "uv": [ 1, 0.5, 1.5, 3 ], "texture": "#birch_slab_2" }
			}
		},
		{
			"__comment": "Box46",
			"from": [ 15, 13, 14.5 ],
			"to": [ 15.5, 15.5, 15 ],
			"faces": {
				"west": { "uv": [ 14.5, 0.5, 15, 3 ], "texture": "#birch_slab_2" },
				"east": { "uv": [ 1, 0.5, 1.5, 3 ], "texture": "#birch_slab_2" }
			}
		},
		{
			"__comment": "Box46",
			"from": [ 0.5, 13, 1 ],
			"to": [ 1, 15.5, 1.5 ],
			"faces": {
				"west": { "uv": [ 1, 0.5, 1.5, 3 ], "texture": "#birch_slab_2" },
				"east": { "uv": [ 14.5, 0.5, 15, 3 ], "texture": "#birch_slab_2" }
			}
		},
		{
			"__comment": "Box46",
			"from": [ 14.5, 13, 0.5 ],
			"to": [ 15, 15.5, 1 ],
			"faces": {
				"north": { "uv": [ 1, 0.5, 1.5, 3 ], "texture": "#birch_slab_2" },
				"south": { "uv": [ 14.5, 0.5, 15, 3 ], "texture": "#birch_slab_2" }
			}
		},
		{
			"__comment": "Box15",
			"from": [ 0.5, 15.5, 0.5 ],
			"to": [ 15.5, 16, 15.5 ],
			"faces": {
				"down": { "uv": [ 0.5, 0.5, 15.5, 15.5 ], "texture": "#birch_slab_2" },
				"north": { "uv": [ 0.5, 0, 15.5, 0.5 ], "texture": "#birch_slab_2" },
				"south": { "uv": [ 0.5, 0, 15.5, 0.5 ], "texture": "#birch_slab_2" },
				"west": { "uv": [ 0.5, 0, 15.5, 0.5 ], "texture": "#birch_slab_2" },
				"east": { "uv": [ 0.5, 0, 15.5, 0.5 ], "texture": "#birch_slab_2" }
			}
		},
		{
			"__comment": "Box48",
			"from": [ 0.5, 7.5, 0.5 ],
			"to": [ 15.5, 8, 15.5 ],
			"faces": {
				"down": { "uv": [ 0, 0, 16, 16 ], "texture": "#birch_slab_4" },
				"up": { "uv": [ 0, 0, 16, 16 ], "texture": "#birch_slab_2" },
				"north": { "uv": [ 0, 0, 16, 16 ], "texture": "#birch_slab_2" },
				"south": { "uv": [ 0, 0, 16, 16 ], "texture": "#birch_slab_2" },
				"west": { "uv": [ 0, 0, 16, 16 ], "texture": "#birch_slab_2" },
				"east": { "uv": [ 0, 0, 16, 16 ], "texture": "#birch_slab_2" }
			}
		},
		{
			"__comment": "Box46",
			"from": [ 0.5, 8, 13.5 ],
			"to": [ 1, 9, 14 ],
			"faces": {
				"west": { "uv": [ 1, 0.5, 1.5, 3 ], "texture": "#birch_slab_2" },
				"east": { "uv": [ 14.5, 0.5, 15, 3 ], "texture": "#birch_slab_2" }
			}
		},
		{
			"__comment": "Box46",
			"from": [ 15, 8, 2 ],
			"to": [ 15.5, 9, 2.5 ],
			"faces": {
				"west": { "uv": [ 1, 0.5, 1.5, 3 ], "texture": "#birch_slab_2" },
				"east": { "uv": [ 14.5, 0.5, 15, 3 ], "texture": "#birch_slab_2" }
			}
		},
		{
			"__comment": "Box46",
			"from": [ 2, 8, 0.5 ],
			"to": [ 2.5, 9, 1 ],
			"faces": {
				"north": { "uv": [ 14.5, 0.5, 15, 3 ], "texture": "#birch_slab_2" },
				"south": { "uv": [ 1, 0.5, 1.5, 3 ], "texture": "#birch_slab_2" }
			}
		},
		{
			"__comment": "Box46",
			"from": [ 13.5, 8, 15 ],
			"to": [ 14, 9, 15.5 ],
			"faces": {
				"north": { "uv": [ 14.5, 0.5, 15, 3 ], "texture": "#birch_slab_2" },
				"south": { "uv": [ 1, 0.5, 1.5, 3 ], "texture": "#birch_slab_2" }
			}
		},
		{
			"__comment": "PlaneY51",
			"from": [ 0, 16, 0 ],
			"to": [ 16, 16.001, 16 ],
			"faces": {
				"down": { "uv": [ 0, 0, 16, 16 ], "texture": "#birch_slab_3" },
				"up": { "uv": [ 0, 0, 16, 16 ], "texture": "#birch_slab_3", "cullface": "up" }
			}
		},
		{
			"__comment": "PlaneX30",
			"from": [ 0, 7.5, 0 ],
			"to": [ 0.001, 16, 22.5 ],
			"rotation": { "origin": [ 0, 7.5, 0 ], "axis": "y", "angle": 45 },
			"faces": {
				"west": { "uv": [ 0, 0, 16, 8.5 ], "texture": "#birch_slab_2" },
				"east": { "uv": [ 0, 0, 16, 8.5 ], "texture": "#birch_slab_2" }
			}
		},
		{
			"__comment": "PlaneX30",
			"from": [ 16, 7.5, 0 ],
			"to": [ 16.001, 16, 22.5 ],
			"rotation": { "origin": [ 16, 7.5, 0 ], "axis": "y", "angle": -45 },
			"faces": {
				"west": { "uv": [ 0, 0, 16, 8.5 ], "texture": "#birch_slab_2" },
				"east": { "uv": [ 0, 0, 16, 8.5 ], "texture": "#birch_slab_2" }
			}
		}
	],
	"display": {
		"thirdperson_righthand": {
			"rotation":  [ 75, 45, 0 ],
			"translation":  [ 0, 2.5, 0 ],
			"scale":  [ 0.375, 0.375, 0.375 ]
		},
		"thirdperson_lefthand": {
			"rotation":  [ 75, 45, 0 ],
			"translation":  [ 0, 2.5, 0 ],
			"scale":  [ 0.375, 0.375, 0.375 ]
		},
		"firstperson_righthand": {
			"rotation":  [ 0, 45, 0 ],
			"scale":  [ 0.4, 0.4, 0.4 ]
		},
		"firstperson_lefthand": {
			"rotation":  [ 0, 45, 0 ],
			"scale":  [ 0.4, 0.4, 0.4 ]
		},
		"gui": {
			"rotation":  [ 30, 225, 0 ],
			"scale":  [ 0.625, 0.625, 0.625 ]
		},
		"ground": {
			"translation":  [ 0, 2, 0 ],
			"scale":  [ 0.5, 0.5, 0.5 ]
		}
	}
}