{
	"__comment": "Designed by Interhell2000 with Cubik Studio - https://cubik.studio",
	"gui_light": "front",
	"ambientocclusion": false,
	"textures": {
		"particle": "block/b/birch_sapling/birch_sapling",
		"birch_sapling_1": "block/b/birch_sapling/birch_sapling_1",
		"birch_sapling_2": "block/b/birch_sapling/birch_sapling_2",
		"birch_sapling_3": "block/b/birch_sapling/birch_sapling_3",
		"birch_sapling_4": "block/b/birch_sapling/birch_sapling_4"
	},
	"elements": [ 	 
		{
			"__comment": "tree",
			"from": [ 7.7248, 0.0002, 8.3737 ],
			"to": [ 8.3248, 1.8002, 8.973701 ],
			"faces": {
				"down": { "uv": [ 0.00125, 0.001249313, 15.99876, 15.99876 ], "texture": "#birch_sapling_2", "cullface": "down" },
				"up": { "uv": [ 0.00125, 0.001249313, 15.99876, 15.99876 ], "texture": "#birch_sapling_2" },
				"south": { "uv": [ 0.00125, 0.001249313, 15.99876, 15.99876 ], "texture": "#birch_sapling_1" },
				"west": { "uv": [ 0.00125, 0.001249313, 15.99876, 15.99876 ], "texture": "#birch_sapling_1" },
				"east": { "uv": [ 0.00125, 0.001249313, 15.99876, 15.99876 ], "texture": "#birch_sapling_1" }
			}
		},
		{
			"__comment": "tree1",
			"from": [ 7.7242, 0.0006, 7.1752 ],
			"to": [ 8.3242, 1.8006, 7.7752 ],
			"faces": {
				"down": { "uv": [ 0.00125, 0.001249313, 15.99876, 15.99876 ], "texture": "#birch_sapling_2", "cullface": "down" },
				"up": { "uv": [ 0.00125, 0.001249313, 15.99876, 15.99876 ], "texture": "#birch_sapling_2" },
				"north": { "uv": [ 0.00125, 0.001249313, 15.99876, 15.99876 ], "texture": "#birch_sapling_1" },
				"west": { "uv": [ 0.00125, 0.001249313, 15.99876, 15.99876 ], "texture": "#birch_sapling_1" },
				"east": { "uv": [ 0.00125, 0.001249313, 15.99876, 15.99876 ], "texture": "#birch_sapling_1" }
			}
		},
		{
			"__comment": "tree2",
			"from": [ 7.7245, 1.7992, 6.8751 ],
			"to": [ 8.324501, 2.9992, 7.4751 ],
			"faces": {
				"down": { "uv": [ 0.00125, 0.001249313, 15.99876, 15.99876 ], "texture": "#birch_sapling_2" },
				"up": { "uv": [ 0.00125, 0.001249313, 15.99876, 15.99876 ], "texture": "#birch_sapling_2" },
				"north": { "uv": [ 0.00125, 0.001249313, 15.99876, 15.99876 ], "texture": "#birch_sapling_1" },
				"south": { "uv": [ 0.00125, 0.001249313, 15.99876, 15.99876 ], "texture": "#birch_sapling_1" },
				"west": { "uv": [ 0.00125, 0.001249313, 15.99876, 15.99876 ], "texture": "#birch_sapling_1" },
				"east": { "uv": [ 0.00125, 0.001249313, 15.99876, 15.99876 ], "texture": "#birch_sapling_1" }
			}
		},
		{
			"__comment": "tree3",
			"from": [ 7.7245, 3, 6.575 ],
			"to": [ 8.324499, 4.2, 7.175 ],
			"faces": {
				"down": { "uv": [ 0.00125, 0.001249313, 15.99876, 15.99876 ], "texture": "#birch_sapling_2" },
				"up": { "uv": [ 0.00125, 0.001249313, 15.99876, 15.99876 ], "texture": "#birch_sapling_2" },
				"north": { "uv": [ 0.00125, 0.001249313, 15.99876, 15.99876 ], "texture": "#birch_sapling_1" },
				"south": { "uv": [ 0.00125, 0.001249313, 15.99876, 15.99876 ], "texture": "#birch_sapling_1" },
				"west": { "uv": [ 0.00125, 0.001249313, 15.99876, 15.99876 ], "texture": "#birch_sapling_1" },
				"east": { "uv": [ 0.00125, 0.001249313, 15.99876, 15.99876 ], "texture": "#birch_sapling_1" }
			}
		},
		{
			"__comment": "tree4",
			"from": [ 7.7249, 1.7992, 8.674399 ],
			"to": [ 8.3249, 2.9992, 9.2744 ],
			"faces": {
				"down": { "uv": [ 0.00125, 0.001249313, 15.99876, 15.99876 ], "texture": "#birch_sapling_2" },
				"up": { "uv": [ 0.00125, 0.001249313, 15.99876, 15.99876 ], "texture": "#birch_sapling_2" },
				"north": { "uv": [ 0.00125, 0.001249313, 15.99876, 15.99876 ], "texture": "#birch_sapling_1" },
				"south": { "uv": [ 0.00125, 0.001249313, 15.99876, 15.99876 ], "texture": "#birch_sapling_1" },
				"west": { "uv": [ 0.00125, 0.001249313, 15.99876, 15.99876 ], "texture": "#birch_sapling_1" },
				"east": { "uv": [ 0.00125, 0.001249313, 15.99876, 15.99876 ], "texture": "#birch_sapling_1" }
			}
		},
		{
			"__comment": "tree5",
			"from": [ 7.725, 3.0011, 8.9749 ],
			"to": [ 8.324999, 4.201099, 9.574901 ],
			"faces": {
				"down": { "uv": [ 0.00125, 0.001249313, 15.99876, 15.99876 ], "texture": "#birch_sapling_2" },
				"up": { "uv": [ 0.00125, 0.001249313, 15.99876, 15.99876 ], "texture": "#birch_sapling_2" },
				"north": { "uv": [ 0.00125, 0.001249313, 15.99876, 15.99876 ], "texture": "#birch_sapling_1" },
				"south": { "uv": [ 0.00125, 0.001249313, 15.99876, 15.99876 ], "texture": "#birch_sapling_1" },
				"west": { "uv": [ 0.00125, 0.001249313, 15.99876, 15.99876 ], "texture": "#birch_sapling_1" },
				"east": { "uv": [ 0.00125, 0.001249313, 15.99876, 15.99876 ], "texture": "#birch_sapling_1" }
			}
		},
		{
			"__comment": "tree6",
			"from": [ 7.7264, 4.2004, 9.2744 ],
			"to": [ 8.326401, 5.4004, 9.874399 ],
			"faces": {
				"down": { "uv": [ 0.00125, 0.001249313, 15.99876, 15.99876 ], "texture": "#birch_sapling_2" },
				"up": { "uv": [ 0.00125, 0.001249313, 15.99876, 15.99876 ], "texture": "#birch_sapling_2" },
				"north": { "uv": [ 0.00125, 0.001249313, 15.99876, 15.99876 ], "texture": "#birch_sapling_1" },
				"south": { "uv": [ 0.00125, 0.001249313, 15.99876, 15.99876 ], "texture": "#birch_sapling_1" },
				"west": { "uv": [ 0.00125, 0.001249313, 15.99876, 15.99876 ], "texture": "#birch_sapling_1" },
				"east": { "uv": [ 0.00125, 0.001249313, 15.99876, 15.99876 ], "texture": "#birch_sapling_1" }
			}
		},
		{
			"__comment": "tree7",
			"from": [ 7.7246, 4.1994, 6.2762 ],
			"to": [ 8.3246, 5.3994, 6.8762 ],
			"faces": {
				"down": { "uv": [ 0.00125, 0.001249313, 15.99876, 15.99876 ], "texture": "#birch_sapling_2" },
				"up": { "uv": [ 0.00125, 0.001249313, 15.99876, 15.99876 ], "texture": "#birch_sapling_2" },
				"north": { "uv": [ 0.00125, 0.001249313, 15.99876, 15.99876 ], "texture": "#birch_sapling_1" },
				"south": { "uv": [ 0.00125, 0.001249313, 15.99876, 15.99876 ], "texture": "#birch_sapling_1" },
				"west": { "uv": [ 0.00125, 0.001249313, 15.99876, 15.99876 ], "texture": "#birch_sapling_1" },
				"east": { "uv": [ 0.00125, 0.001249313, 15.99876, 15.99876 ], "texture": "#birch_sapling_1" }
			}
		},
		{
			"__comment": "tree8",
			"from": [ 8.3243, -0.0012, 7.7756 ],
			"to": [ 8.924301, 1.7988, 8.375601 ],
			"faces": {
				"down": { "uv": [ 0.00125, 0.001249313, 15.99876, 15.99876 ], "texture": "#birch_sapling_2", "cullface": "down" },
				"up": { "uv": [ 0.00125, 0.001249313, 15.99876, 15.99876 ], "texture": "#birch_sapling_2" },
				"north": { "uv": [ 0.00125, 0.001249313, 15.99876, 15.99876 ], "texture": "#birch_sapling_1" },
				"south": { "uv": [ 0.00125, 0.001249313, 15.99876, 15.99876 ], "texture": "#birch_sapling_1" },
				"east": { "uv": [ 0.00125, 0.001249313, 15.99876, 15.99876 ], "texture": "#birch_sapling_1" }
			}
		},
		{
			"__comment": "tree9",
			"from": [ 8.6248, 1.7995, 7.7756 ],
			"to": [ 9.2248, 2.9995, 8.375599 ],
			"faces": {
				"down": { "uv": [ 0.00125, 0.001249313, 15.99876, 15.99876 ], "texture": "#birch_sapling_2" },
				"up": { "uv": [ 0.00125, 0.001249313, 15.99876, 15.99876 ], "texture": "#birch_sapling_2" },
				"north": { "uv": [ 0.00125, 0.001249313, 15.99876, 15.99876 ], "texture": "#birch_sapling_1" },
				"south": { "uv": [ 0.00125, 0.001249313, 15.99876, 15.99876 ], "texture": "#birch_sapling_1" },
				"west": { "uv": [ 0.00125, 0.001249313, 15.99876, 15.99876 ], "texture": "#birch_sapling_1" },
				"east": { "uv": [ 0.00125, 0.001249313, 15.99876, 15.99876 ], "texture": "#birch_sapling_1" }
			}
		},
		{
			"__comment": "tree10",
			"from": [ 8.9245, 3.0012, 7.7747 ],
			"to": [ 9.5245, 4.201199, 8.374701 ],
			"faces": {
				"down": { "uv": [ 0.00125, 0.001249313, 15.99876, 15.99876 ], "texture": "#birch_sapling_2" },
				"up": { "uv": [ 0.00125, 0.001249313, 15.99876, 15.99876 ], "texture": "#birch_sapling_2" },
				"north": { "uv": [ 0.00125, 0.001249313, 15.99876, 15.99876 ], "texture": "#birch_sapling_1" },
				"south": { "uv": [ 0.00125, 0.001249313, 15.99876, 15.99876 ], "texture": "#birch_sapling_1" },
				"west": { "uv": [ 0.00125, 0.001249313, 15.99876, 15.99876 ], "texture": "#birch_sapling_1" },
				"east": { "uv": [ 0.00125, 0.001249313, 15.99876, 15.99876 ], "texture": "#birch_sapling_1" }
			}
		},
		{
			"__comment": "tree11",
			"from": [ 9.2241, 4.2013, 7.7753 ],
			"to": [ 9.8241, 5.401299, 8.375299 ],
			"faces": {
				"down": { "uv": [ 0.00125, 0.001249313, 15.99876, 15.99876 ], "texture": "#birch_sapling_2" },
				"up": { "uv": [ 0.00125, 0.001249313, 15.99876, 15.99876 ], "texture": "#birch_sapling_2" },
				"north": { "uv": [ 0.00125, 0.001249313, 15.99876, 15.99876 ], "texture": "#birch_sapling_1" },
				"south": { "uv": [ 0.00125, 0.001249313, 15.99876, 15.99876 ], "texture": "#birch_sapling_1" },
				"west": { "uv": [ 0.00125, 0.001249313, 15.99876, 15.99876 ], "texture": "#birch_sapling_1" },
				"east": { "uv": [ 0.00125, 0.001249313, 15.99876, 15.99876 ], "texture": "#birch_sapling_1" }
			}
		},
		{
			"__comment": "tree12",
			"from": [ 7.1254, -0.0002, 7.7753 ],
			"to": [ 7.7254, 1.799801, 8.375299 ],
			"faces": {
				"down": { "uv": [ 0.00125, 0.001249313, 15.99876, 15.99876 ], "texture": "#birch_sapling_2", "cullface": "down" },
				"up": { "uv": [ 0.00125, 0.001249313, 15.99876, 15.99876 ], "texture": "#birch_sapling_2" },
				"north": { "uv": [ 0.00125, 0.001249313, 15.99876, 15.99876 ], "texture": "#birch_sapling_1" },
				"south": { "uv": [ 0.00125, 0.001249313, 15.99876, 15.99876 ], "texture": "#birch_sapling_1" },
				"west": { "uv": [ 0.00125, 0.001249313, 15.99876, 15.99876 ], "texture": "#birch_sapling_1" }
			}
		},
		{
			"__comment": "tree13",
			"from": [ 6.8247, 1.7998, 7.7756 ],
			"to": [ 7.4247, 2.999801, 8.375599 ],
			"faces": {
				"down": { "uv": [ 0.00125, 0.001249313, 15.99876, 15.99876 ], "texture": "#birch_sapling_2" },
				"up": { "uv": [ 0.00125, 0.001249313, 15.99876, 15.99876 ], "texture": "#birch_sapling_2" },
				"north": { "uv": [ 0.00125, 0.001249313, 15.99876, 15.99876 ], "texture": "#birch_sapling_1" },
				"south": { "uv": [ 0.00125, 0.001249313, 15.99876, 15.99876 ], "texture": "#birch_sapling_1" },
				"west": { "uv": [ 0.00125, 0.001249313, 15.99876, 15.99876 ], "texture": "#birch_sapling_1" },
				"east": { "uv": [ 0.00125, 0.001249313, 15.99876, 15.99876 ], "texture": "#birch_sapling_1" }
			}
		},
		{
			"__comment": "tree14",
			"from": [ 6.5259, 2.9989, 7.7754 ],
			"to": [ 7.1259, 4.1989, 8.375399 ],
			"faces": {
				"down": { "uv": [ 0.00125, 0.001249313, 15.99876, 15.99876 ], "texture": "#birch_sapling_2" },
				"up": { "uv": [ 0.00125, 0.001249313, 15.99876, 15.99876 ], "texture": "#birch_sapling_2" },
				"north": { "uv": [ 0.00125, 0.001249313, 15.99876, 15.99876 ], "texture": "#birch_sapling_1" },
				"south": { "uv": [ 0.00125, 0.001249313, 15.99876, 15.99876 ], "texture": "#birch_sapling_1" },
				"west": { "uv": [ 0.00125, 0.001249313, 15.99876, 15.99876 ], "texture": "#birch_sapling_1" },
				"east": { "uv": [ 0.00125, 0.001249313, 15.99876, 15.99876 ], "texture": "#birch_sapling_1" }
			}
		},
		{
			"__comment": "tree15",
			"from": [ 6.2258, 4.1995, 7.7753 ],
			"to": [ 6.8258, 5.3995, 8.375299 ],
			"faces": {
				"down": { "uv": [ 0.00125, 0.001249313, 15.99876, 15.99876 ], "texture": "#birch_sapling_2" },
				"up": { "uv": [ 0.00125, 0.001249313, 15.99876, 15.99876 ], "texture": "#birch_sapling_2" },
				"north": { "uv": [ 0.00125, 0.001249313, 15.99876, 15.99876 ], "texture": "#birch_sapling_1" },
				"south": { "uv": [ 0.00125, 0.001249313, 15.99876, 15.99876 ], "texture": "#birch_sapling_1" },
				"west": { "uv": [ 0.00125, 0.001249313, 15.99876, 15.99876 ], "texture": "#birch_sapling_1" },
				"east": { "uv": [ 0.00125, 0.001249313, 15.99876, 15.99876 ], "texture": "#birch_sapling_1" }
			}
		},
		{
			"__comment": "tree16",
			"from": [ 7.7258, -0.0009, 7.7742 ],
			"to": [ 8.3258, 1.7991, 8.374201 ],
			"faces": {
				"down": { "uv": [ 0.00125, 0.001249313, 15.99876, 15.99876 ], "texture": "#birch_sapling_2", "cullface": "down" },
				"up": { "uv": [ 0.00125, 0.001249313, 15.99876, 15.99876 ], "texture": "#birch_sapling_2" }
			}
		},
		{
			"__comment": "tree17",
			"from": [ 8.3242, -0.0004, 7.4744 ],
			"to": [ 8.6242, 1.7996, 7.7744 ],
			"faces": {
				"down": { "uv": [ 0.00125, 0.001249313, 15.99876, 15.99876 ], "texture": "#birch_sapling_2", "cullface": "down" },
				"up": { "uv": [ 0.00125, 0.001249313, 15.99876, 15.99876 ], "texture": "#birch_sapling_2" },
				"north": { "uv": [ 0.00125, 0.001249313, 15.99876, 15.99876 ], "texture": "#birch_sapling_1" },
				"east": { "uv": [ 0.00125, 0.001249313, 15.99876, 15.99876 ], "texture": "#birch_sapling_1" }
			}
		},
		{
			"__comment": "tree18",
			"from": [ 8.3252, -0.0014, 8.3762 ],
			"to": [ 8.6252, 1.7986, 8.6762 ],
			"faces": {
				"down": { "uv": [ 0.00125, 0.001249313, 15.99876, 15.99876 ], "texture": "#birch_sapling_2", "cullface": "down" },
				"up": { "uv": [ 0.00125, 0.001249313, 15.99876, 15.99876 ], "texture": "#birch_sapling_2" },
				"south": { "uv": [ 0.00125, 0.001249313, 15.99876, 15.99876 ], "texture": "#birch_sapling_1" },
				"east": { "uv": [ 0.00125, 0.001249313, 15.99876, 15.99876 ], "texture": "#birch_sapling_1" }
			}
		},
		{
			"__comment": "tree19",
			"from": [ 7.4251, -0.0002, 8.3748 ],
			"to": [ 7.7251, 1.7998, 8.6748 ],
			"faces": {
				"down": { "uv": [ 0.00125, 0.001249313, 15.99876, 15.99876 ], "texture": "#birch_sapling_2", "cullface": "down" },
				"up": { "uv": [ 0.00125, 0.001249313, 15.99876, 15.99876 ], "texture": "#birch_sapling_2" },
				"south": { "uv": [ 0.00125, 0.001249313, 15.99876, 15.99876 ], "texture": "#birch_sapling_1" },
				"west": { "uv": [ 0.00125, 0.001249313, 15.99876, 15.99876 ], "texture": "#birch_sapling_1" }
			}
		},
		{
			"__comment": "tree20",
			"from": [ 7.4238, -0.0001, 7.4742 ],
			"to": [ 7.7238, 1.7999, 7.774199 ],
			"faces": {
				"down": { "uv": [ 0.00125, 0.001249313, 15.99876, 15.99876 ], "texture": "#birch_sapling_2", "cullface": "down" },
				"up": { "uv": [ 0.00125, 0.001249313, 15.99876, 15.99876 ], "texture": "#birch_sapling_2" },
				"north": { "uv": [ 0.00125, 0.001249313, 15.99876, 15.99876 ], "texture": "#birch_sapling_1" },
				"west": { "uv": [ 0.00125, 0.001249313, 15.99876, 15.99876 ], "texture": "#birch_sapling_1" }
			}
		},
		{
			"__comment": "tree21",
			"from": [ 5.6247, 4.8003, 7.7743 ],
			"to": [ 6.2247, 6.000299, 8.374299 ],
			"faces": {
				"down": { "uv": [ 0.00125, 0.001249313, 15.99876, 15.99876 ], "texture": "#birch_sapling_2" },
				"up": { "uv": [ 0.00125, 0.001249313, 15.99876, 15.99876 ], "texture": "#birch_sapling_2" },
				"north": { "uv": [ 0.00125, 0.001249313, 15.99876, 15.99876 ], "texture": "#birch_sapling_1" },
				"south": { "uv": [ 0.00125, 0.001249313, 15.99876, 15.99876 ], "texture": "#birch_sapling_1" },
				"west": { "uv": [ 0.00125, 0.001249313, 15.99876, 15.99876 ], "texture": "#birch_sapling_1" },
				"east": { "uv": [ 0.00125, 0.001249313, 15.99876, 15.99876 ], "texture": "#birch_sapling_1" }
			}
		},
		{
			"__comment": "tree22",
			"from": [ 5.0244, 5.4003, 7.7742 ],
			"to": [ 5.6244, 6.6003, 8.374199 ],
			"faces": {
				"down": { "uv": [ 0.00125, 0.001249313, 15.99876, 15.99876 ], "texture": "#birch_sapling_2" },
				"up": { "uv": [ 0.00125, 0.001249313, 15.99876, 15.99876 ], "texture": "#birch_sapling_2" },
				"north": { "uv": [ 0.00125, 0.001249313, 15.99876, 15.99876 ], "texture": "#birch_sapling_1" },
				"south": { "uv": [ 0.00125, 0.001249313, 15.99876, 15.99876 ], "texture": "#birch_sapling_1" },
				"west": { "uv": [ 0.00125, 0.001249313, 15.99876, 15.99876 ], "texture": "#birch_sapling_1" },
				"east": { "uv": [ 0.00125, 0.001249313, 15.99876, 15.99876 ], "texture": "#birch_sapling_1" }
			}
		},
		{
			"__comment": "tree23",
			"from": [ 4.4241, 6.0004, 7.7751 ],
			"to": [ 5.0241, 7.200399, 8.375098 ],
			"faces": {
				"down": { "uv": [ 0.00125, 0.001249313, 15.99876, 15.99876 ], "texture": "#birch_sapling_2" },
				"up": { "uv": [ 0.00125, 0.001249313, 15.99876, 15.99876 ], "texture": "#birch_sapling_2" },
				"north": { "uv": [ 0.00125, 0.001249313, 15.99876, 15.99876 ], "texture": "#birch_sapling_1" },
				"south": { "uv": [ 0.00125, 0.001249313, 15.99876, 15.99876 ], "texture": "#birch_sapling_1" },
				"west": { "uv": [ 0.00125, 0.001249313, 15.99876, 15.99876 ], "texture": "#birch_sapling_1" },
				"east": { "uv": [ 0.00125, 0.001249313, 15.99876, 15.99876 ], "texture": "#birch_sapling_1" }
			}
		},
		{
			"__comment": "tree24",
			"from": [ 3.8262, 6.6011, 7.775 ],
			"to": [ 4.4262, 7.8011, 8.374998 ],
			"faces": {
				"down": { "uv": [ 0.00125, 0.001249313, 15.99876, 15.99876 ], "texture": "#birch_sapling_2" },
				"up": { "uv": [ 0.00125, 0.001249313, 15.99876, 15.99876 ], "texture": "#birch_sapling_2" },
				"north": { "uv": [ 0.00125, 0.001249313, 15.99876, 15.99876 ], "texture": "#birch_sapling_1" },
				"south": { "uv": [ 0.00125, 0.001249313, 15.99876, 15.99876 ], "texture": "#birch_sapling_1" },
				"west": { "uv": [ 0.00125, 0.001249313, 15.99876, 15.99876 ], "texture": "#birch_sapling_1" },
				"east": { "uv": [ 0.00125, 0.001249313, 15.99876, 15.99876 ], "texture": "#birch_sapling_1" }
			}
		},
		{
			"__comment": "tree25",
			"from": [ 3.2242, 7.5008, 7.7744 ],
			"to": [ 3.824199, 8.4008, 8.3744 ],
			"faces": {
				"down": { "uv": [ 0.00125, 0.001249313, 15.99876, 15.99876 ], "texture": "#birch_sapling_2" },
				"up": { "uv": [ 0.000625, 0.000624657, 15.99938, 15.99938 ], "texture": "#birch_sapling_2" },
				"north": { "uv": [ 0.00125, 0.001249313, 15.99876, 15.99876 ], "texture": "#birch_sapling_1" },
				"south": { "uv": [ 0.00125, 0.001249313, 15.99876, 15.99876 ], "texture": "#birch_sapling_1" },
				"west": { "uv": [ 0.00125, 0.001249313, 15.99876, 15.99876 ], "texture": "#birch_sapling_1", "cullface": "west" },
				"east": { "uv": [ 0.00125, 0.001249313, 15.99876, 15.99876 ], "texture": "#birch_sapling_1" }
			}
		},
		{
			"__comment": "tree26",
			"from": [ 5.6241, 6.301, 7.7746 ],
			"to": [ 6.2241, 7.201, 8.3746 ],
			"faces": {
				"down": { "uv": [ 0.00125, 0.001249313, 15.99876, 15.99876 ], "texture": "#birch_sapling_2" },
				"up": { "uv": [ 0.00125, 0.001249313, 15.99876, 15.99876 ], "texture": "#birch_sapling_2" },
				"north": { "uv": [ 0.00125, 0.001249313, 15.99876, 15.99876 ], "texture": "#birch_sapling_1" },
				"south": { "uv": [ 0.00125, 0.001249313, 15.99876, 15.99876 ], "texture": "#birch_sapling_1" },
				"west": { "uv": [ 0.00125, 0.001249313, 15.99876, 15.99876 ], "texture": "#birch_sapling_1" },
				"east": { "uv": [ 0.00125, 0.001249313, 15.99876, 15.99876 ], "texture": "#birch_sapling_1" }
			}
		},
		{
			"__comment": "tree27",
			"from": [ 6.2244, 6.9007, 7.7744 ],
			"to": [ 6.8244, 7.800701, 8.374399 ],
			"faces": {
				"down": { "uv": [ 0.00125, 0.001249313, 15.99876, 15.99876 ], "texture": "#birch_sapling_2" },
				"up": { "uv": [ 0.000625, 0.000624657, 15.99938, 15.99938 ], "texture": "#birch_sapling_2" },
				"north": { "uv": [ 0.00125, 0.001249313, 15.99876, 15.99876 ], "texture": "#birch_sapling_1" },
				"south": { "uv": [ 0.00125, 0.001249313, 15.99876, 15.99876 ], "texture": "#birch_sapling_1" },
				"west": { "uv": [ 0.00125, 0.001249313, 15.99876, 15.99876 ], "texture": "#birch_sapling_1" },
				"east": { "uv": [ 0.00125, 0.001249313, 15.99876, 15.99876 ], "texture": "#birch_sapling_1" }
			}
		},
		{
			"__comment": "tree28",
			"from": [ 9.8251, 6.2985, 7.7746 ],
			"to": [ 10.4251, 7.1985, 8.374599 ],
			"faces": {
				"down": { "uv": [ 0.00125, 0.001249313, 15.99876, 15.99876 ], "texture": "#birch_sapling_2" },
				"up": { "uv": [ 0.000625, 0.000624657, 15.99938, 15.99938 ], "texture": "#birch_sapling_2" },
				"north": { "uv": [ 0.00125, 0.001249313, 15.99876, 15.99876 ], "texture": "#birch_sapling_1" },
				"south": { "uv": [ 0.00125, 0.001249313, 15.99876, 15.99876 ], "texture": "#birch_sapling_1" },
				"west": { "uv": [ 0.00125, 0.001249313, 15.99876, 15.99876 ], "texture": "#birch_sapling_1" },
				"east": { "uv": [ 0.00125, 0.001249313, 15.99876, 15.99876 ], "texture": "#birch_sapling_1" }
			}
		},
		{
			"__comment": "tree29",
			"from": [ 9.8258, 4.7999, 7.7759 ],
			"to": [ 10.4258, 5.999901, 8.375899 ],
			"faces": {
				"down": { "uv": [ 0.00125, 0.001249313, 15.99876, 15.99876 ], "texture": "#birch_sapling_2" },
				"up": { "uv": [ 0.00125, 0.001249313, 15.99876, 15.99876 ], "texture": "#birch_sapling_2" },
				"north": { "uv": [ 0.00125, 0.001249313, 15.99876, 15.99876 ], "texture": "#birch_sapling_1" },
				"south": { "uv": [ 0.00125, 0.001249313, 15.99876, 15.99876 ], "texture": "#birch_sapling_1" },
				"west": { "uv": [ 0.00125, 0.001249313, 15.99876, 15.99876 ], "texture": "#birch_sapling_1" },
				"east": { "uv": [ 0.00125, 0.001249313, 15.99876, 15.99876 ], "texture": "#birch_sapling_1" }
			}
		},
		{
			"__comment": "tree30",
			"from": [ 10.4253, 5.4005, 7.7736 ],
			"to": [ 11.0253, 6.6005, 8.3736 ],
			"faces": {
				"down": { "uv": [ 0.00125, 0.001249313, 15.99876, 15.99876 ], "texture": "#birch_sapling_2" },
				"up": { "uv": [ 0.00125, 0.001249313, 15.99876, 15.99876 ], "texture": "#birch_sapling_2" },
				"north": { "uv": [ 0.00125, 0.001249313, 15.99876, 15.99876 ], "texture": "#birch_sapling_1" },
				"south": { "uv": [ 0.00125, 0.001249313, 15.99876, 15.99876 ], "texture": "#birch_sapling_1" },
				"west": { "uv": [ 0.00125, 0.001249313, 15.99876, 15.99876 ], "texture": "#birch_sapling_1" },
				"east": { "uv": [ 0.00125, 0.001249313, 15.99876, 15.99876 ], "texture": "#birch_sapling_1" }
			}
		},
		{
			"__comment": "tree31",
			"from": [ 11.0245, 5.9995, 7.7745 ],
			"to": [ 11.6245, 7.1995, 8.374499 ],
			"faces": {
				"down": { "uv": [ 0.00125, 0.001249313, 15.99876, 15.99876 ], "texture": "#birch_sapling_2" },
				"up": { "uv": [ 0.000625, 0.000624657, 15.99938, 15.99938 ], "texture": "#birch_sapling_2" },
				"north": { "uv": [ 0.00125, 0.001249313, 15.99876, 15.99876 ], "texture": "#birch_sapling_1" },
				"south": { "uv": [ 0.00125, 0.001249313, 15.99876, 15.99876 ], "texture": "#birch_sapling_1" },
				"west": { "uv": [ 0.00125, 0.001249313, 15.99876, 15.99876 ], "texture": "#birch_sapling_1" },
				"east": { "uv": [ 0.00125, 0.001249313, 15.99876, 15.99876 ], "texture": "#birch_sapling_1" }
			}
		},
		{
			"__comment": "tree32",
			"from": [ 11.6243, 6.5994, 7.7753 ],
			"to": [ 12.2243, 7.199399, 8.375299 ],
			"faces": {
				"down": { "uv": [ 0.00125, 0.001249313, 15.99876, 15.99876 ], "texture": "#birch_sapling_2" },
				"up": { "uv": [ 0.00125, 0.001249313, 15.99876, 15.99876 ], "texture": "#birch_sapling_2" },
				"north": { "uv": [ 0.00125, 0.001249313, 15.99876, 15.99876 ], "texture": "#birch_sapling_1" },
				"south": { "uv": [ 0.00125, 0.001249313, 15.99876, 15.99876 ], "texture": "#birch_sapling_1" }
			}
		},
		{
			"__comment": "tree33",
			"from": [ 12.2258, 6.5992, 7.7754 ],
			"to": [ 12.8258, 7.1992, 8.375399 ],
			"faces": {
				"down": { "uv": [ 0.00125, 0.001249313, 15.99876, 15.99876 ], "texture": "#birch_sapling_2" },
				"north": { "uv": [ 0.00125, 0.001249313, 15.99876, 15.99876 ], "texture": "#birch_sapling_1" },
				"south": { "uv": [ 0.00125, 0.001249313, 15.99876, 15.99876 ], "texture": "#birch_sapling_1" },
				"east": { "uv": [ 0.00125, 0.001249313, 15.99876, 15.99876 ], "texture": "#birch_sapling_1", "cullface": "east" }
			}
		},
		{
			"__comment": "tree34",
			"from": [ 12.224, 7.1996, 7.7748 ],
			"to": [ 12.824, 7.7996, 8.3748 ],
			"faces": {
				"up": { "uv": [ 0.000625, 0.000624657, 15.99938, 15.99938 ], "texture": "#birch_sapling_2" },
				"north": { "uv": [ 0.00125, 0.001249313, 15.99876, 15.99876 ], "texture": "#birch_sapling_1" },
				"south": { "uv": [ 0.00125, 0.001249313, 15.99876, 15.99876 ], "texture": "#birch_sapling_1" },
				"west": { "uv": [ 0.00125, 0.001249313, 15.99876, 15.99876 ], "texture": "#birch_sapling_1" },
				"east": { "uv": [ 0.00125, 0.001249313, 15.99876, 15.99876 ], "texture": "#birch_sapling_1", "cullface": "east" }
			}
		},
		{
			"__comment": "tree35",
			"from": [ 7.7258, 4.7997, 5.6745 ],
			"to": [ 8.3258, 6.599699, 6.2745 ],
			"faces": {
				"down": { "uv": [ 0.00125, 0.001249313, 15.99876, 15.99876 ], "texture": "#birch_sapling_2" },
				"up": { "uv": [ 0.000625, 0.000624657, 15.99938, 15.99938 ], "texture": "#birch_sapling_2" },
				"north": { "uv": [ 0.00125, 0.001249313, 15.99876, 15.99876 ], "texture": "#birch_sapling_1" },
				"south": { "uv": [ 0.00125, 0.001249313, 15.99876, 15.99876 ], "texture": "#birch_sapling_1" },
				"west": { "uv": [ 0.00125, 0.001249313, 15.99876, 15.99876 ], "texture": "#birch_sapling_1" },
				"east": { "uv": [ 0.00125, 0.001249313, 15.99876, 15.99876 ], "texture": "#birch_sapling_1" }
			}
		},
		{
			"__comment": "tree36",
			"from": [ 7.7238, 5.3999, 5.0749 ],
			"to": [ 8.323801, 5.9999, 5.674899 ],
			"faces": {
				"down": { "uv": [ 0.00125, 0.001249313, 15.99876, 15.99876 ], "texture": "#birch_sapling_2" },
				"up": { "uv": [ 0.00125, 0.001249313, 15.99876, 15.99876 ], "texture": "#birch_sapling_2" },
				"west": { "uv": [ 0.00125, 0.001249313, 15.99876, 15.99876 ], "texture": "#birch_sapling_1" },
				"east": { "uv": [ 0.00125, 0.001249313, 15.99876, 15.99876 ], "texture": "#birch_sapling_1" }
			}
		},
		{
			"__comment": "tree37",
			"from": [ 7.7245, 5.4001, 4.4764 ],
			"to": [ 8.324501, 6.0001, 5.0764 ],
			"faces": {
				"down": { "uv": [ 0.00125, 0.001249313, 15.99876, 15.99876 ], "texture": "#birch_sapling_2" },
				"up": { "uv": [ 0.00125, 0.001249313, 15.99876, 15.99876 ], "texture": "#birch_sapling_2" },
				"north": { "uv": [ 0.00125, 0.001249313, 15.99876, 15.99876 ], "texture": "#birch_sapling_1" },
				"west": { "uv": [ 0.00125, 0.001249313, 15.99876, 15.99876 ], "texture": "#birch_sapling_1" },
				"east": { "uv": [ 0.00125, 0.001249313, 15.99876, 15.99876 ], "texture": "#birch_sapling_1" }
			}
		},
		{
			"__comment": "tree38",
			"from": [ 7.7253, 5.7006, 3.8742 ],
			"to": [ 8.3253, 6.600599, 4.4742 ],
			"faces": {
				"down": { "uv": [ 0.00125, 0.001249313, 15.99876, 15.99876 ], "texture": "#birch_sapling_2" },
				"up": { "uv": [ 0.00125, 0.001249313, 15.99876, 15.99876 ], "texture": "#birch_sapling_2" },
				"north": { "uv": [ 0.00125, 0.001249313, 15.99876, 15.99876 ], "texture": "#birch_sapling_1" },
				"south": { "uv": [ 0.00125, 0.001249313, 15.99876, 15.99876 ], "texture": "#birch_sapling_1" },
				"west": { "uv": [ 0.00125, 0.001249313, 15.99876, 15.99876 ], "texture": "#birch_sapling_1" },
				"east": { "uv": [ 0.00125, 0.001249313, 15.99876, 15.99876 ], "texture": "#birch_sapling_1" }
			}
		},
		{
			"__comment": "tree39",
			"from": [ 7.725, 6.2991, 3.2764 ],
			"to": [ 8.325, 7.7991, 3.8764 ],
			"faces": {
				"down": { "uv": [ 0.00125, 0.001249313, 15.99876, 15.99876 ], "texture": "#birch_sapling_2" },
				"up": { "uv": [ 0.000625, 0.000624657, 15.99938, 15.99938 ], "texture": "#birch_sapling_2" },
				"north": { "uv": [ 0.00125, 0.001249313, 15.99876, 15.99876 ], "texture": "#birch_sapling_1", "cullface": "north" },
				"south": { "uv": [ 0.00125, 0.001249313, 15.99876, 15.99876 ], "texture": "#birch_sapling_1" },
				"west": { "uv": [ 0.00125, 0.001249313, 15.99876, 15.99876 ], "texture": "#birch_sapling_1" },
				"east": { "uv": [ 0.00125, 0.001249313, 15.99876, 15.99876 ], "texture": "#birch_sapling_1" }
			}
		},
		{
			"__comment": "tree40",
			"from": [ 7.7264, 4.8, 9.8755 ],
			"to": [ 8.3264, 6, 10.4755 ],
			"faces": {
				"down": { "uv": [ 0.00125, 0.001249313, 15.99876, 15.99876 ], "texture": "#birch_sapling_2" },
				"up": { "uv": [ 0.00125, 0.001249313, 15.99876, 15.99876 ], "texture": "#birch_sapling_2" },
				"north": { "uv": [ 0.00125, 0.001249313, 15.99876, 15.99876 ], "texture": "#birch_sapling_1" },
				"south": { "uv": [ 0.00125, 0.001249313, 15.99876, 15.99876 ], "texture": "#birch_sapling_1" },
				"west": { "uv": [ 0.00125, 0.001249313, 15.99876, 15.99876 ], "texture": "#birch_sapling_1" },
				"east": { "uv": [ 0.00125, 0.001249313, 15.99876, 15.99876 ], "texture": "#birch_sapling_1" }
			}
		},
		{
			"__comment": "tree41",
			"from": [ 7.7256, 5.7012, 9.2752 ],
			"to": [ 8.3256, 6.9012, 9.8752 ],
			"faces": {
				"down": { "uv": [ 0.00125, 0.001249313, 15.99876, 15.99876 ], "texture": "#birch_sapling_2" },
				"up": { "uv": [ 0.00125, 0.001249313, 15.99876, 15.99876 ], "texture": "#birch_sapling_2" },
				"north": { "uv": [ 0.00125, 0.001249313, 15.99876, 15.99876 ], "texture": "#birch_sapling_1" },
				"south": { "uv": [ 0.00125, 0.001249313, 15.99876, 15.99876 ], "texture": "#birch_sapling_1" },
				"west": { "uv": [ 0.00125, 0.001249313, 15.99876, 15.99876 ], "texture": "#birch_sapling_1" },
				"east": { "uv": [ 0.00125, 0.001249313, 15.99876, 15.99876 ], "texture": "#birch_sapling_1" }
			}
		},
		{
			"__comment": "tree42",
			"from": [ 7.725, 6.6005, 8.675799 ],
			"to": [ 8.324999, 7.8005, 9.2758 ],
			"faces": {
				"down": { "uv": [ 0.00125, 0.001249313, 15.99876, 15.99876 ], "texture": "#birch_sapling_2" },
				"up": { "uv": [ 0.00125, 0.001249313, 15.99876, 15.99876 ], "texture": "#birch_sapling_2" },
				"north": { "uv": [ 0.00125, 0.001249313, 15.99876, 15.99876 ], "texture": "#birch_sapling_1" },
				"south": { "uv": [ 0.00125, 0.001249313, 15.99876, 15.99876 ], "texture": "#birch_sapling_1" },
				"west": { "uv": [ 0.00125, 0.001249313, 15.99876, 15.99876 ], "texture": "#birch_sapling_1" },
				"east": { "uv": [ 0.00125, 0.001249313, 15.99876, 15.99876 ], "texture": "#birch_sapling_1" }
			}
		},
		{
			"__comment": "tree43",
			"from": [ 7.7247, 5.401, 10.4758 ],
			"to": [ 8.324699, 6.001001, 11.0758 ],
			"faces": {
				"down": { "uv": [ 0.00125, 0.001249313, 15.99876, 15.99876 ], "texture": "#birch_sapling_2" },
				"up": { "uv": [ 0.00125, 0.001249313, 15.99876, 15.99876 ], "texture": "#birch_sapling_2" },
				"west": { "uv": [ 0.00125, 0.001249313, 15.99876, 15.99876 ], "texture": "#birch_sapling_1" },
				"east": { "uv": [ 0.00125, 0.001249313, 15.99876, 15.99876 ], "texture": "#birch_sapling_1" }
			}
		},
		{
			"__comment": "tree44",
			"from": [ 7.7246, 5.3995, 11.0739 ],
			"to": [ 8.324599, 5.9995, 11.6739 ],
			"faces": {
				"down": { "uv": [ 0.00125, 0.001249313, 15.99876, 15.99876 ], "texture": "#birch_sapling_2" },
				"up": { "uv": [ 0.00125, 0.001249313, 15.99876, 15.99876 ], "texture": "#birch_sapling_2" },
				"south": { "uv": [ 0.00125, 0.001249313, 15.99876, 15.99876 ], "texture": "#birch_sapling_1" },
				"west": { "uv": [ 0.00125, 0.001249313, 15.99876, 15.99876 ], "texture": "#birch_sapling_1" },
				"east": { "uv": [ 0.00125, 0.001249313, 15.99876, 15.99876 ], "texture": "#birch_sapling_1" }
			}
		},
		{
			"__comment": "tree47",
			"from": [ 7.7254, 6.0004, 12.274 ],
			"to": [ 8.3254, 6.9004, 12.874 ],
			"faces": {
				"down": { "uv": [ 0.00125, 0.001249313, 15.99876, 15.99876 ], "texture": "#birch_sapling_2" },
				"up": { "uv": [ 0.000625, 0.000624657, 15.99938, 15.99938 ], "texture": "#birch_sapling_2" },
				"north": { "uv": [ 0.00125, 0.001249313, 15.99876, 15.99876 ], "texture": "#birch_sapling_1" },
				"south": { "uv": [ 0.00125, 0.001249313, 15.99876, 15.99876 ], "texture": "#birch_sapling_1", "cullface": "south" },
				"west": { "uv": [ 0.00125, 0.001249313, 15.99876, 15.99876 ], "texture": "#birch_sapling_1" },
				"east": { "uv": [ 0.00125, 0.001249313, 15.99876, 15.99876 ], "texture": "#birch_sapling_1" }
			}
		},
		{
			"__comment": "tree44",
			"from": [ 7.7243, 6.0004, 10.175 ],
			"to": [ 8.324301, 7.800401, 10.775 ],
			"faces": {
				"down": { "uv": [ 0.00125, 0.001249313, 15.99876, 15.99876 ], "texture": "#birch_sapling_2" },
				"up": { "uv": [ 0.000625, 0.000624657, 15.99938, 15.99938 ], "texture": "#birch_sapling_2" },
				"north": { "uv": [ 0.00125, 0.001249313, 15.99876, 15.99876 ], "texture": "#birch_sapling_1" },
				"south": { "uv": [ 0.00125, 0.001249313, 15.99876, 15.99876 ], "texture": "#birch_sapling_1" },
				"west": { "uv": [ 0.00125, 0.001249313, 15.99876, 15.99876 ], "texture": "#birch_sapling_1" },
				"east": { "uv": [ 0.00125, 0.001249313, 15.99876, 15.99876 ], "texture": "#birch_sapling_1" }
			}
		},
		{
			"__comment": "tree44",
			"from": [ 7.724, 5.6997, 11.6758 ],
			"to": [ 8.323999, 6.2997, 12.2758 ],
			"faces": {
				"down": { "uv": [ 0.00125, 0.001249313, 15.99876, 15.99876 ], "texture": "#birch_sapling_2" },
				"up": { "uv": [ 0.00125, 0.001249313, 15.99876, 15.99876 ], "texture": "#birch_sapling_2" },
				"north": { "uv": [ 7.501226, 5.499825, 8.499975, 6.498575 ], "texture": "#birch_sapling_1" },
				"south": { "uv": [ 0.00125, 0.001249313, 15.99876, 15.99876 ], "texture": "#birch_sapling_1" },
				"west": { "uv": [ 0.00125, 0.001249313, 15.99876, 15.99876 ], "texture": "#birch_sapling_1" },
				"east": { "uv": [ 0.00125, 0.001249313, 15.99876, 15.99876 ], "texture": "#birch_sapling_1" }
			}
		},
		{
			"__comment": "PlaneY2",
			"from": [ -0.3741, 2.7002, -0.6242 ],
			"to": [ 16.42591, 2.7008, 7.775801 ],
			"rotation": { "origin": [ -0.375, 2.7, -0.625 ], "axis": "z", "angle": 45 },
			"faces": {
				"down": { "uv": [ 0.000625, 8.000625, 15.99938, 15.99938 ], "texture": "#birch_sapling_4", "cullface": "west" },
				"up": { "uv": [ 0.000625, 0.000624657, 15.99938, 7.999374 ], "texture": "#birch_sapling_4", "cullface": "west" }
			}
		},
		{
			"__comment": "PlaneY2",
			"from": [ -0.3752, 3.0009, 7.7743 ],
			"to": [ 16.4248, 3.0015, 16.1743 ],
			"rotation": { "origin": [ -0.375, 3, 7.775001 ], "axis": "z", "angle": 45 },
			"faces": {
				"down": { "uv": [ 0.000625, 0.000624657, 15.99938, 7.999374 ], "texture": "#birch_sapling_4", "cullface": "west" },
				"up": { "uv": [ 0.000625, 8.000625, 15.99938, 15.99938 ], "texture": "#birch_sapling_4", "cullface": "west" }
			}
		},
		{
			"__comment": "PlaneY2",
			"from": [ -0.3754, 2.6998, -0.6254 ],
			"to": [ 16.4246, 2.7004, 7.774601 ],
			"rotation": { "origin": [ 16.425, 2.7, -0.625 ], "axis": "z", "angle": -45 },
			"faces": {
				"down": { "uv": [ 0.000625, 8.000625, 15.99938, 15.99938 ], "texture": "#birch_sapling_4", "cullface": "east" },
				"up": { "uv": [ 0.000625, 0.000624657, 15.99938, 7.999374 ], "texture": "#birch_sapling_4", "cullface": "east" }
			}
		},
		{
			"__comment": "PlaneY2",
			"from": [ -0.3749, 2.9988, 7.7757 ],
			"to": [ 16.4251, 2.999399, 16.1757 ],
			"rotation": { "origin": [ 16.425, 3, 7.775001 ], "axis": "z", "angle": -45 },
			"faces": {
				"down": { "uv": [ 0.000625, 0.000624657, 15.99938, 7.999374 ], "texture": "#birch_sapling_4", "cullface": "east" },
				"up": { "uv": [ 0.000625, 8.000625, 15.99938, 15.99938 ], "texture": "#birch_sapling_4", "cullface": "east" }
			}
		},
		{
			"__comment": "PlaneY7",
			"from": [ -0.3749, 2.701, -0.625 ],
			"to": [ 8.025101, 2.7016, 16.175 ],
			"rotation": { "origin": [ -0.375, 2.7, -0.625 ], "axis": "x", "angle": -45 },
			"faces": {
				"down": { "uv": [ 0.000625, 0.000624657, 7.999375, 15.99938 ], "texture": "#birch_sapling_4", "cullface": "west" },
				"up": { "uv": [ 0.000625, 0.000624657, 7.999375, 15.99938 ], "texture": "#birch_sapling_4", "cullface": "west" }
			}
		},
		{
			"__comment": "PlaneY7",
			"from": [ 8.024199, 2.9992, -0.6257 ],
			"to": [ 16.4242, 2.9998, 16.1743 ],
			"rotation": { "origin": [ 8.025001, 3, -0.625 ], "axis": "x", "angle": -45 },
			"faces": {
				"down": { "uv": [ 8.000625, 0.000624657, 15.99938, 15.99938 ], "texture": "#birch_sapling_4", "cullface": "east" },
				"up": { "uv": [ 8.000625, 0.000624657, 15.99938, 15.99938 ], "texture": "#birch_sapling_4", "cullface": "east" }
			}
		},
		{
			"__comment": "PlaneY7",
			"from": [ 8.0247, 3.0002, -0.6258 ],
			"to": [ 16.4247, 3.000799, 16.1742 ],
			"rotation": { "origin": [ 8.025001, 3, 16.175 ], "axis": "x", "angle": 45 },
			"faces": {
				"down": { "uv": [ 8.000625, 0.000624657, 15.99938, 15.99938 ], "texture": "#birch_sapling_4", "cullface": "east" },
				"up": { "uv": [ 8.000625, 0.000624657, 15.99938, 15.99938 ], "texture": "#birch_sapling_4", "cullface": "east" }
			}
		},
		{
			"__comment": "PlaneY7",
			"from": [ -0.3744, 2.6986, -0.6245 ],
			"to": [ 8.0256, 2.6992, 16.1755 ],
			"rotation": { "origin": [ -0.375, 2.7, 16.175 ], "axis": "x", "angle": 45 },
			"faces": {
				"down": { "uv": [ 0.000625, 0.000624657, 7.999375, 15.99938 ], "texture": "#birch_sapling_4", "cullface": "west" },
				"up": { "uv": [ 0.000625, 0.000624657, 7.999375, 15.99938 ], "texture": "#birch_sapling_4", "cullface": "west" }
			}
		},
		{
			"__comment": "PlaneY2",
			"from": [ -0.3748, 7.5002, -0.6256 ],
			"to": [ 13.1252, 7.500799, 7.774401 ],
			"rotation": { "origin": [ -0.375, 7.5, -0.625 ], "axis": "z", "angle": 45 },
			"faces": {
				"down": { "uv": [ 0.000625, 8.000638, 15.99938, 15.99938 ], "texture": "#birch_sapling_3" },
				"up": { "uv": [ 0.000625, 0.000624657, 15.99938, 7.999362 ], "texture": "#birch_sapling_3" }
			}
		},
		{
			"__comment": "PlaneY2",
			"from": [ -0.3755, 7.799, 7.7747 ],
			"to": [ 13.1245, 7.799599, 16.1747 ],
			"rotation": { "origin": [ -0.375, 7.8, 7.775001 ], "axis": "z", "angle": 45 },
			"faces": {
				"down": { "uv": [ 0.000625, 0.000624657, 15.99938, 7.999388 ], "texture": "#birch_sapling_3" },
				"up": { "uv": [ 0.000625, 8.000611, 15.99938, 15.99938 ], "texture": "#birch_sapling_3" }
			}
		},
		{
			"__comment": "PlaneY2",
			"from": [ 2.9243, 7.4998, 7.7755 ],
			"to": [ 16.4243, 7.5004, 16.1755 ],
			"rotation": { "origin": [ 16.425, 7.5, 7.775001 ], "axis": "z", "angle": -45 },
			"faces": {
				"down": { "uv": [ 0.000625, 0.000624657, 15.99938, 7.999374 ], "texture": "#birch_sapling_3" },
				"up": { "uv": [ 0.000625, 8.000609, 15.99938, 15.99938 ], "texture": "#birch_sapling_3" }
			}
		},
		{
			"__comment": "PlaneY2",
			"from": [ 2.9244, 7.7997, -0.6252 ],
			"to": [ 16.4244, 7.8003, 7.774802 ],
			"rotation": { "origin": [ 16.425, 7.8, -0.625 ], "axis": "z", "angle": -45 },
			"faces": {
				"down": { "uv": [ 0.000625, 8.000624, 15.99938, 15.99938 ], "texture": "#birch_sapling_3" },
				"up": { "uv": [ 0.000625, 0.000624657, 15.99938, 7.999374 ], "texture": "#birch_sapling_3" }
			}
		},
		{
			"__comment": "PlaneY7",
			"from": [ -0.3754, 7.5009, 2.975 ],
			"to": [ 8.024601, 7.5015, 16.175 ],
			"rotation": { "origin": [ -0.375, 7.5, 16.175 ], "axis": "x", "angle": 45 },
			"faces": {
				"down": { "uv": [ 0.000625, 0.000624657, 7.999375, 15.99938 ], "texture": "#birch_sapling_3" },
				"up": { "uv": [ 0.000625, 0.000624657, 7.999375, 15.99938 ], "texture": "#birch_sapling_3" }
			}
		},
		{
			"__comment": "PlaneY7",
			"from": [ 8.0251, 7.7998, 2.9753 ],
			"to": [ 16.4251, 7.8004, 16.1753 ],
			"rotation": { "origin": [ 8.025001, 7.8, 16.175 ], "axis": "x", "angle": 45 },
			"faces": {
				"down": { "uv": [ 8.000625, 0.000624657, 15.99938, 15.99938 ], "texture": "#birch_sapling_3" },
				"up": { "uv": [ 8.000625, 0.000624657, 15.99938, 15.99938 ], "texture": "#birch_sapling_3" }
			}
		},
		{
			"__comment": "PlaneY7",
			"from": [ 8.0258, 7.8006, 2.9755 ],
			"to": [ 16.4258, 7.801199, 16.1755 ],
			"rotation": { "origin": [ 8.025001, 7.8, 16.175 ], "axis": "x", "angle": 45 },
			"faces": {
				"down": { "uv": [ 8.000625, 0.000624657, 15.99938, 15.99938 ], "texture": "#birch_sapling_3" },
				"up": { "uv": [ 8.000625, 0.000624657, 15.99938, 15.99938 ], "texture": "#birch_sapling_3" }
			}
		},
		{
			"__comment": "PlaneY7",
			"from": [ 8.0251, 7.8009, -0.625 ],
			"to": [ 16.4251, 21.0009, -0.6244 ],
			"rotation": { "origin": [ 8.025001, 7.8, -0.625 ], "axis": "x", "angle": 45 },
			"faces": {
				"north": { "uv": [ 0.000625, 0.000624657, 7.999375, 15.99938 ], "texture": "#birch_sapling_3" },
				"south": { "uv": [ 8.000625, 0.000624657, 15.99938, 15.99938 ], "texture": "#birch_sapling_3" }
			}
		},
		{
			"__comment": "PlaneY7",
			"from": [ -0.3741, 7.5004, -0.6251 ],
			"to": [ 8.025901, 20.70041, -0.6245 ],
			"rotation": { "origin": [ -0.375, 7.5, -0.625 ], "axis": "x", "angle": 45 },
			"faces": {
				"north": { "uv": [ 8.000625, 0.000624657, 15.99938, 15.99938 ], "texture": "#birch_sapling_3" },
				"south": { "uv": [ 0.000625, 0.000624657, 7.999375, 15.99938 ], "texture": "#birch_sapling_3" }
			}
		}
	],
	"display": {
		"thirdperson_righthand": {
			"rotation":  [ 45, 45, 0 ],
			"translation":  [ 0, 2.5, 3 ],
			"scale":  [ 0.375, 0.375, 0.375 ]
		},
		"thirdperson_lefthand": {
			"rotation":  [ 45, 45, 0 ],
			"translation":  [ 0, 2.5, 3 ],
			"scale":  [ 0.375, 0.375, 0.375 ]
		},
		"firstperson_righthand": {
			"rotation":  [ 0, 45, 0 ],
			"translation":  [ 0, 4, 0 ],
			"scale":  [ 0.4, 0.4, 0.4 ]
		},
		"firstperson_lefthand": {
			"rotation":  [ 0, 45, 0 ],
			"translation":  [ 0, 4, 0 ],
			"scale":  [ 0.4, 0.4, 0.4 ]
		},
		"gui": {
			"rotation":  [ 0, 45, 0 ]
		},
		"ground": {
			"translation":  [ 0, 3, 0 ],
			"scale":  [ 0.25, 0.25, 0.25 ]
		}
	}
}