{
	"__comment": "Designed by Intermacgod with BDcraft Cubik PRO 0.87 Beta - http://bdcraft.net",
	"gui_light": "front",
	"ambientocclusion": false,
	"textures": {
		"particle": "block/b/birch_trapdoor/birch_trapdoor",
		"birch_trapdoor_1": "block/b/birch_trapdoor/birch_trapdoor_1",
		"birch_trapdoor_2": "block/b/birch_trapdoor/birch_trapdoor_2",
		"birch_trapdoor_3": "block/b/birch_trapdoor/birch_trapdoor_3",
		"birch_trapdoor_4": "block/b/birch_trapdoor/birch_trapdoor_4"
	},
	"elements": [ 	 
		{
			"__comment": "Element",
			"from": [ 0.0003, 1.4993, -0.0005 ],
			"to": [ 2.0003, 1.9993, 1.9995 ],
			"faces": {
				"up": { "uv": [ 0.000625, 0.000624657, 15.99938, 15.99938 ], "texture": "#birch_trapdoor_2" },
				"north": { "uv": [ 0.000625, 0.000624657, 15.99938, 15.99938 ], "texture": "#birch_trapdoor_2", "cullface": "north" },
				"south": { "uv": [ 0.000625, 0.000624657, 15.99938, 15.99938 ], "texture": "#birch_trapdoor_2" },
				"west": { "uv": [ 0.000625, 0.000624657, 15.99938, 15.99938 ], "texture": "#birch_trapdoor_2", "cullface": "west" },
				"east": { "uv": [ 0.000625, 0.000624657, 15.99938, 15.99938 ], "texture": "#birch_trapdoor_2" }
			}
		},
		{
			"__comment": "Element",
			"from": [ 13.9995, 1.4992, -0.0001 ],
			"to": [ 15.9995, 1.9992, 1.9999 ],
			"faces": {
				"up": { "uv": [ 0.000625, 0.000624657, 15.99938, 15.99938 ], "texture": "#birch_trapdoor_2" },
				"north": { "uv": [ 0.000625, 0.000624657, 15.99938, 15.99938 ], "texture": "#birch_trapdoor_2", "cullface": "north" },
				"south": { "uv": [ 0.000625, 0.000624657, 15.99938, 15.99938 ], "texture": "#birch_trapdoor_2" },
				"west": { "uv": [ 0.000625, 0.000624657, 15.99938, 15.99938 ], "texture": "#birch_trapdoor_2" },
				"east": { "uv": [ 0.000625, 0.000624657, 15.99938, 15.99938 ], "texture": "#birch_trapdoor_2", "cullface": "east" }
			}
		},
		{
			"__comment": "Element",
			"from": [ 13.9999, 1.5008, 13.9993 ],
			"to": [ 15.9999, 2.0008, 15.9993 ],
			"faces": {
				"up": { "uv": [ 0.000625, 0.000624657, 15.99938, 15.99938 ], "texture": "#birch_trapdoor_2" },
				"north": { "uv": [ 0.000625, 0.000624657, 15.99938, 15.99938 ], "texture": "#birch_trapdoor_2" },
				"south": { "uv": [ 0.000625, 0.000624657, 15.99938, 15.99938 ], "texture": "#birch_trapdoor_2", "cullface": "south" },
				"west": { "uv": [ 0.000625, 0.000624657, 15.99938, 15.99938 ], "texture": "#birch_trapdoor_2" },
				"east": { "uv": [ 0.000625, 0.000624657, 15.99938, 15.99938 ], "texture": "#birch_trapdoor_2", "cullface": "east" }
			}
		},
		{
			"__comment": "Element",
			"from": [ 0, 1.4994, 14.0008 ],
			"to": [ 2, 1.9994, 16.0008 ],
			"faces": {
				"up": { "uv": [ 0.000625, 0.000624657, 15.99938, 15.99938 ], "texture": "#birch_trapdoor_2" },
				"north": { "uv": [ 0.000625, 0.000624657, 15.99938, 15.99938 ], "texture": "#birch_trapdoor_2" },
				"south": { "uv": [ 0.000625, 0.000624657, 15.99938, 15.99938 ], "texture": "#birch_trapdoor_2", "cullface": "south" },
				"west": { "uv": [ 0.000625, 0.000624657, 15.99938, 15.99938 ], "texture": "#birch_trapdoor_2", "cullface": "west" },
				"east": { "uv": [ 0.000625, 0.000624657, 15.99938, 15.99938 ], "texture": "#birch_trapdoor_2" }
			}
		},
		{
			"__comment": "Element",
			"from": [ 0, 0, 0 ],
			"to": [ 2, 0.5, 2 ],
			"faces": {
				"down": { "uv": [ 0.000625, 0.000624657, 15.99938, 15.99938 ], "texture": "#birch_trapdoor_2", "cullface": "down" },
				"north": { "uv": [ 0.000625, 0.000624657, 15.99938, 15.99938 ], "texture": "#birch_trapdoor_2", "cullface": "north" },
				"south": { "uv": [ 0.000625, 0.000624657, 15.99938, 15.99938 ], "texture": "#birch_trapdoor_2" },
				"west": { "uv": [ 0.000625, 0.000624657, 15.99938, 15.99938 ], "texture": "#birch_trapdoor_2", "cullface": "west" },
				"east": { "uv": [ 0.000625, 0.000624657, 15.99938, 15.99938 ], "texture": "#birch_trapdoor_2" }
			}
		},
		{
			"__comment": "Element",
			"from": [ -0.0005, -0.0003, 14.0004 ],
			"to": [ 1.9995, 0.4997, 16.0004 ],
			"faces": {
				"down": { "uv": [ 0.000625, 0.000624657, 15.99938, 15.99938 ], "texture": "#birch_trapdoor_2", "cullface": "down" },
				"north": { "uv": [ 0.000625, 0.000624657, 15.99938, 15.99938 ], "texture": "#birch_trapdoor_2" },
				"south": { "uv": [ 0.000625, 0.000624657, 15.99938, 15.99938 ], "texture": "#birch_trapdoor_2", "cullface": "south" },
				"west": { "uv": [ 0.000625, 0.000624657, 15.99938, 15.99938 ], "texture": "#birch_trapdoor_2", "cullface": "west" },
				"east": { "uv": [ 0.000625, 0.000624657, 15.99938, 15.99938 ], "texture": "#birch_trapdoor_2" }
			}
		},
		{
			"__comment": "Element",
			"from": [ 14.0003, 0.0008, 0 ],
			"to": [ 16.00031, 0.5008, 2 ],
			"faces": {
				"down": { "uv": [ 0.000625, 0.000624657, 15.99938, 15.99938 ], "texture": "#birch_trapdoor_2", "cullface": "down" },
				"north": { "uv": [ 0.000625, 0.000624657, 15.99938, 15.99938 ], "texture": "#birch_trapdoor_2", "cullface": "north" },
				"south": { "uv": [ 0.000625, 0.000624657, 15.99938, 15.99938 ], "texture": "#birch_trapdoor_2" },
				"west": { "uv": [ 0.000625, 0.000624657, 15.99938, 15.99938 ], "texture": "#birch_trapdoor_2" },
				"east": { "uv": [ 0.000625, 0.000624657, 15.99938, 15.99938 ], "texture": "#birch_trapdoor_2", "cullface": "east" }
			}
		},
		{
			"__comment": "Element",
			"from": [ 13.9992, -0.0005, 14.0009 ],
			"to": [ 15.9992, 0.4995001, 16.0009 ],
			"faces": {
				"down": { "uv": [ 0.000625, 0.000624657, 15.99938, 15.99938 ], "texture": "#birch_trapdoor_2", "cullface": "down" },
				"north": { "uv": [ 0.000625, 0.000624657, 15.99938, 15.99938 ], "texture": "#birch_trapdoor_2" },
				"south": { "uv": [ 0.000625, 0.000624657, 15.99938, 15.99938 ], "texture": "#birch_trapdoor_2", "cullface": "south" },
				"west": { "uv": [ 0.000625, 0.000624657, 15.99938, 15.99938 ], "texture": "#birch_trapdoor_2" },
				"east": { "uv": [ 0.000625, 0.000624657, 15.99938, 15.99938 ], "texture": "#birch_trapdoor_2", "cullface": "east" }
			}
		},
		{
			"__comment": "Element",
			"from": [ 2.0007, 0.5009, 13.4996 ],
			"to": [ 14.0007, 1.5009, 13.9996 ],
			"faces": {
				"down": { "uv": [ 13.99938, 13.99938, 2.000625, 13.50062 ], "texture": "#birch_trapdoor_4" },
				"up": { "uv": [ 2.000625, 13.50062, 13.99938, 13.99938 ], "texture": "#birch_trapdoor_4" },
				"north": { "uv": [ 2.000625, 9.500625, 13.99938, 10.49938 ], "texture": "#birch_trapdoor_4" }
			}
		},
		{
			"__comment": "Element",
			"from": [ 2, 0.5003, 1.999 ],
			"to": [ 14, 1.5003, 2.499 ],
			"faces": {
				"down": { "uv": [ 13.99938, 2.499375, 2.000625, 2.000625 ], "texture": "#birch_trapdoor_4" },
				"up": { "uv": [ 2.000625, 2.000625, 13.99938, 2.499375 ], "texture": "#birch_trapdoor_4" },
				"south": { "uv": [ 2.000625, 9.500625, 13.99938, 10.49938 ], "texture": "#birch_trapdoor_4" }
			}
		},
		{
			"__comment": "Element",
			"from": [ 2.0006, 0.5006, 2.5007 ],
			"to": [ 2.5006, 1.5006, 13.5007 ],
			"faces": {
				"down": { "uv": [ 13.99938, 13.49938, 13.50062, 2.500625 ], "texture": "#birch_trapdoor_4" },
				"up": { "uv": [ 13.50062, 2.500625, 13.99938, 13.49938 ], "texture": "#birch_trapdoor_4" },
				"east": { "uv": [ 2.500625, 9.500625, 13.49938, 10.49938 ], "texture": "#birch_trapdoor_4" }
			}
		},
		{
			"__comment": "Element",
			"from": [ 13.4996, 0.5007, 2.5007 ],
			"to": [ 13.9996, 1.5007, 13.5007 ],
			"faces": {
				"down": { "uv": [ 13.99938, 13.49938, 13.50062, 2.500625 ], "texture": "#birch_trapdoor_4" },
				"up": { "uv": [ 13.50062, 2.500625, 13.99938, 13.49938 ], "texture": "#birch_trapdoor_4" },
				"west": { "uv": [ 2.500625, 9.500625, 13.49938, 10.49938 ], "texture": "#birch_trapdoor_4" }
			}
		},
		{
			"__comment": "Element",
			"from": [ 0.0002, 0.5005, 0.0006 ],
			"to": [ 2.0002, 1.5005, 16.0006 ],
			"faces": {
				"down": { "uv": [ 15.99938, 15.49938, 13.50062, 0.000624657 ], "texture": "#birch_trapdoor_1" },
				"up": { "uv": [ 0.500625, 0.000624657, 3.499375, 15.99938 ], "texture": "#birch_trapdoor_1" },
				"north": { "uv": [ 14.00062, 14.50062, 15.99938, 15.49938 ], "texture": "#birch_trapdoor_1", "cullface": "north" },
				"south": { "uv": [ 0.500625, 14.50062, 2.499375, 15.49938 ], "texture": "#birch_trapdoor_1", "cullface": "south" },
				"west": { "uv": [ 4.500625, 0.000624657, 5.999375, 15.99938 ], "texture": "#birch_trapdoor_1", "cullface": "west", "rotation": 270 },
				"east": { "uv": [ 4.500625, 0.000624657, 5.999375, 15.99938 ], "texture": "#birch_trapdoor_1" }
			}
		},
		{
			"__comment": "Element",
			"from": [ 14.0003, 0.4992, -0.0001 ],
			"to": [ 16.0003, 1.4992, 15.9999 ],
			"faces": {
				"down": { "uv": [ 6.999375, 15.99938, 4.500625, 0.000624657 ], "texture": "#birch_trapdoor_1" },
				"up": { "uv": [ 13.00062, 0.000624657, 15.49938, 15.99938 ], "texture": "#birch_trapdoor_1" },
				"north": { "uv": [ 1.000625, 13.50062, 2.999375, 14.49938 ], "texture": "#birch_trapdoor_1", "cullface": "north" },
				"south": { "uv": [ 13.50062, 13.00062, 15.49938, 13.99938 ], "texture": "#birch_trapdoor_1", "cullface": "south" },
				"west": { "uv": [ 5.000625, 0.000624657, 7.499375, 15.99938 ], "texture": "#birch_trapdoor_1", "rotation": 270 },
				"east": { "uv": [ 9.000625, 0.000624657, 11.49938, 15.99938 ], "texture": "#birch_trapdoor_1", "cullface": "east", "rotation": 270 }
			}
		},
		{
			"__comment": "Element",
			"from": [ 1.9999, 0.5007, 0.0001 ],
			"to": [ 13.9999, 1.5007, 2.0001 ],
			"faces": {
				"down": { "uv": [ 0.000625, 2.999375, 14.99938, 0.000624657 ], "texture": "#birch_trapdoor_1" },
				"up": { "uv": [ 0.000625, 0.000624657, 13.99938, 3.499375 ], "texture": "#birch_trapdoor_1" },
				"north": { "uv": [ 0.000625, 13.00062, 15.99938, 15.49938 ], "texture": "#birch_trapdoor_1", "cullface": "north" }
			}
		},
		{
			"__comment": "Element",
			"from": [ 1.9999, 0.5008, 14.0003 ],
			"to": [ 13.9999, 1.5008, 16.0003 ],
			"faces": {
				"down": { "uv": [ 15.99938, 15.49938, 0.000624657, 12.00062 ], "texture": "#birch_trapdoor_1" },
				"up": { "uv": [ 0.000625, 8.000625, 15.99938, 11.49938 ], "texture": "#birch_trapdoor_1" },
				"south": { "uv": [ 0.000625, 13.50062, 15.49938, 15.99938 ], "texture": "#birch_trapdoor_1", "cullface": "south" }
			}
		},
		{
			"__comment": "PlaneY34",
			"from": [ 2.5006, 0.9997, 2.5006 ],
			"to": [ 13.5006, 1.0007, 13.5006 ],
			"faces": {
				"down": { "uv": [ 0.000625, 0.000624657, 15.99938, 15.99938 ], "texture": "#birch_trapdoor_3" },
				"up": { "uv": [ 0.000625, 0.000624657, 15.99938, 15.99938 ], "texture": "#birch_trapdoor_3" }
			}
		}
	],
	"display": {
		"thirdperson_righthand": {
			"rotation":  [ 75, 45, 0 ],
			"translation":  [ 0, 3.5, 3 ],
			"scale":  [ 0.375, 0.375, 0.375 ]
		},
		"thirdperson_lefthand": {
			"rotation":  [ 75, 45, 0 ],
			"translation":  [ 0, 3.5, 3 ],
			"scale":  [ 0.375, 0.375, 0.375 ]
		},
		"firstperson_righthand": {
			"rotation":  [ 0, 45, 0 ],
			"translation":  [ 0, 4, 0 ],
			"scale":  [ 0.4, 0.4, 0.4 ]
		},
		"firstperson_lefthand": {
			"rotation":  [ 0, 45, 0 ],
			"translation":  [ 0, 4, 0 ],
			"scale":  [ 0.4, 0.4, 0.4 ]
		},
		"gui": {
			"rotation":  [ 30, 225, 0 ],
			"scale":  [ 0.625, 0.625, 0.625 ]
		},
		"ground": {
			"translation":  [ 0, 3, 0 ],
			"scale":  [ 0.25, 0.25, 0.25 ]
		},
		"fixed": {
			"rotation":  [ 90, 0, 0 ],
			"translation":  [ 0, 0, 7 ]
		}
	}
}