{
	"__comment": "Designed by Interhell2000 with Cubik Studio - https://cubik.studio",
	"gui_light": "front",
	"ambientocclusion": false,
	"textures": {
		"particle": "block/b/birch_stairs/birch_stairs_outer",
		"birch_stairs_1": "block/b/birch_stairs/birch_stairs_1"
	},
	"elements": [ 	 
		{
			"__comment": "Box1",
			"from": [ 0, 0, 0 ],
			"to": [ 16, 4, 16 ],
			"faces": {
				"down": { "uv": [ 0.000625, 0.000624657, 15.99938, 15.99938 ], "texture": "#birch_stairs_1", "cullface": "down" },
				"up": { "uv": [ 0.000625, 0.000624657, 15.99938, 15.99938 ], "texture": "#birch_stairs_1" },
				"north": { "uv": [ 0.000625, 12.00062, 15.99938, 15.99938 ], "texture": "#birch_stairs_1", "cullface": "north" },
				"south": { "uv": [ 0.000625, 12.00062, 15.99938, 15.99938 ], "texture": "#birch_stairs_1", "cullface": "south" },
				"west": { "uv": [ 0.000625, 12.00062, 15.99938, 15.99938 ], "texture": "#birch_stairs_1", "cullface": "west" },
				"east": { "uv": [ 0.000625, 12.00062, 15.99938, 15.99938 ], "texture": "#birch_stairs_1", "cullface": "east" }
			}
		},
		{
			"__comment": "Box2",
			"from": [ 3.9996, 3.9991, 3.9994 ],
			"to": [ 15.9996, 7.9991, 15.9994 ],
			"faces": {
				"up": { "uv": [ 4.000625, 4.000626, 15.99938, 15.99938 ], "texture": "#birch_stairs_1" },
				"north": { "uv": [ 0.000625, 8.000625, 11.99938, 11.99938 ], "texture": "#birch_stairs_1" },
				"south": { "uv": [ 4.000625, 8.000625, 15.99938, 11.99938 ], "texture": "#birch_stairs_1", "cullface": "south" },
				"west": { "uv": [ 4.000625, 8.000625, 15.99938, 11.99938 ], "texture": "#birch_stairs_1" },
				"east": { "uv": [ 0.000625, 8.000625, 11.99938, 11.99938 ], "texture": "#birch_stairs_1", "cullface": "east" }
			}
		},
		{
			"__comment": "Box3",
			"from": [ 7.9999, 8.0007, 8.0001 ],
			"to": [ 15.9999, 12.0007, 16.0001 ],
			"faces": {
				"up": { "uv": [ 8.000625, 8.000625, 15.99938, 15.99938 ], "texture": "#birch_stairs_1" },
				"north": { "uv": [ 0.000625, 4.000626, 7.999375, 7.999374 ], "texture": "#birch_stairs_1" },
				"south": { "uv": [ 8.000625, 4.000626, 15.99938, 7.999374 ], "texture": "#birch_stairs_1", "cullface": "south" },
				"west": { "uv": [ 8.000625, 4.000626, 15.99938, 7.999374 ], "texture": "#birch_stairs_1" },
				"east": { "uv": [ 0.000625, 4.000626, 7.999375, 7.999374 ], "texture": "#birch_stairs_1", "cullface": "east" }
			}
		},
		{
			"__comment": "Box5",
			"from": [ 12.0003, 12.0002, 12 ],
			"to": [ 16.0003, 16.0002, 16 ],
			"faces": {
				"up": { "uv": [ 12.00062, 12.00062, 15.99938, 15.99938 ], "texture": "#birch_stairs_1", "cullface": "up" },
				"north": { "uv": [ 0.000625, 0.000624657, 3.999375, 3.999375 ], "texture": "#birch_stairs_1" },
				"south": { "uv": [ 12.00062, 0.000624657, 15.99938, 3.999375 ], "texture": "#birch_stairs_1", "cullface": "south" },
				"west": { "uv": [ 12.00062, 0.000624657, 15.99938, 3.999375 ], "texture": "#birch_stairs_1" },
				"east": { "uv": [ 0.000625, 0.000624657, 3.999375, 3.999375 ], "texture": "#birch_stairs_1", "cullface": "east" }
			}
		}
	]
}