{
	"__comment": "Designed by Interhell2000 with Cubik Studio - https://cubik.studio",
	"gui_light": "front",
	"ambientocclusion": false,
	"parent": "block/block",
	"textures": {
		"particle": "block/b/black_candle/black_candle_four_candles",
		"black_candle_1": "block/b/black_candle/black_candle_1",
		"black_candle_2": "block/b/black_candle/black_candle_2",
		"black_candle_3": "block/b/black_candle/black_candle_3"
	},
	"elements": [ 	 
		{
			"__comment": "Voxels",
			"from": [ 7.625, 0, 5.25 ],
			"to": [ 10.505, 0.7200002, 6.69 ],
			"faces": {
				"down": { "uv": [ 4.00125, 6.001251, 11.99876, 9.998751 ], "texture": "#black_candle_2", "cullface": "down" },
				"up": { "uv": [ 4.00125, 6.001251, 11.99876, 9.998751 ], "texture": "#black_candle_2" },
				"north": { "uv": [ 4.00125, 15.00124, 11.99876, 15.99876 ], "texture": "#black_candle_2" },
				"south": { "uv": [ 4.00125, 15.00124, 11.99876, 15.99876 ], "texture": "#black_candle_2" },
				"west": { "uv": [ 6.00125, 15.00124, 9.998751, 15.99876 ], "texture": "#black_candle_2" },
				"east": { "uv": [ 6.00125, 15.00124, 9.998751, 15.99876 ], "texture": "#black_candle_2" }
			}
		},
		{
			"__comment": "Voxels",
			"from": [ 7.984, -0.0002, 4.8892 ],
			"to": [ 10.144, 0.7198001, 5.249198 ],
			"faces": {
				"down": { "uv": [ 5.00125, 10.00124, 10.99876, 10.99876 ], "texture": "#black_candle_2", "cullface": "down" },
				"up": { "uv": [ 5.00125, 5.001251, 10.99876, 5.998749 ], "texture": "#black_candle_2" },
				"north": { "uv": [ 5.00125, 15.00124, 10.99876, 15.99876 ], "texture": "#black_candle_2" },
				"west": { "uv": [ 5.00125, 15.00124, 5.99875, 15.99876 ], "texture": "#black_candle_2" },
				"east": { "uv": [ 10.00124, 15.00124, 10.99876, 15.99876 ], "texture": "#black_candle_2" }
			}
		},
		{
			"__comment": "Voxels",
			"from": [ 7.9848, -0.0001, 6.69 ],
			"to": [ 10.1448, 0.7199003, 7.050001 ],
			"faces": {
				"down": { "uv": [ 5.00125, 5.001251, 10.99876, 5.998749 ], "texture": "#black_candle_2", "cullface": "down" },
				"up": { "uv": [ 5.00125, 10.00124, 10.99876, 10.99876 ], "texture": "#black_candle_2" },
				"south": { "uv": [ 5.00125, 15.00124, 10.99876, 15.99876 ], "texture": "#black_candle_2" },
				"west": { "uv": [ 10.00124, 15.00124, 10.99876, 15.99876 ], "texture": "#black_candle_2" },
				"east": { "uv": [ 5.00125, 15.00124, 5.99875, 15.99876 ], "texture": "#black_candle_2" }
			}
		},
		{
			"__comment": "Voxels",
			"from": [ 7.9837, 0.7193, 5.249 ],
			"to": [ 10.1437, 1.0793, 6.689001 ],
			"faces": {
				"up": { "uv": [ 5.00125, 6.001251, 10.99876, 9.998751 ], "texture": "#black_candle_2" },
				"north": { "uv": [ 5.00125, 14.00124, 10.99876, 14.99876 ], "texture": "#black_candle_2" },
				"south": { "uv": [ 5.00125, 14.00124, 10.99876, 14.99876 ], "texture": "#black_candle_2" },
				"west": { "uv": [ 6.00125, 14.00124, 9.998751, 14.99876 ], "texture": "#black_candle_2" },
				"east": { "uv": [ 6.00125, 14.00124, 9.998751, 14.99876 ], "texture": "#black_candle_2" }
			}
		},
		{
			"__comment": "Voxels",
			"from": [ 7.9828, 1.7983, 5.61 ],
			"to": [ 10.1428, 2.8783, 6.329998 ],
			"faces": {
				"down": { "uv": [ 5.00125, 7.001251, 10.99876, 8.998751 ], "texture": "#black_candle_2" },
				"up": { "uv": [ 5.00125, 7.001251, 10.99876, 8.998751 ], "texture": "#black_candle_2" },
				"north": { "uv": [ 5.00125, 9.001249, 10.99876, 11.99876 ], "texture": "#black_candle_2" },
				"south": { "uv": [ 5.00125, 9.001249, 10.99876, 11.99876 ], "texture": "#black_candle_2" },
				"west": { "uv": [ 7.00125, 9.001249, 8.998751, 11.99876 ], "texture": "#black_candle_2" },
				"east": { "uv": [ 7.00125, 9.001249, 8.998751, 11.99876 ], "texture": "#black_candle_2" }
			}
		},
		{
			"__comment": "Voxels",
			"from": [ 7.9849, 2.1593, 5.2508 ],
			"to": [ 10.1449, 2.5193, 5.610798 ],
			"faces": {
				"down": { "uv": [ 5.00125, 9.001249, 10.99876, 9.998751 ], "texture": "#black_candle_2" },
				"up": { "uv": [ 5.00125, 6.001251, 10.99876, 6.998749 ], "texture": "#black_candle_2" },
				"north": { "uv": [ 5.00125, 10.00124, 10.99876, 10.99876 ], "texture": "#black_candle_2" },
				"west": { "uv": [ 6.00125, 10.00124, 6.99875, 10.99876 ], "texture": "#black_candle_2" },
				"east": { "uv": [ 9.001249, 10.00124, 9.998751, 10.99876 ], "texture": "#black_candle_2" }
			}
		},
		{
			"__comment": "Voxels",
			"from": [ 7.9836, 2.1593, 6.33 ],
			"to": [ 10.1436, 2.5193, 6.690001 ],
			"faces": {
				"down": { "uv": [ 5.00125, 6.001251, 10.99876, 6.998749 ], "texture": "#black_candle_2" },
				"up": { "uv": [ 5.00125, 9.001249, 10.99876, 9.998751 ], "texture": "#black_candle_2" },
				"south": { "uv": [ 5.00125, 10.00124, 10.99876, 10.99876 ], "texture": "#black_candle_2" },
				"west": { "uv": [ 9.001249, 10.00124, 9.998751, 10.99876 ], "texture": "#black_candle_2" },
				"east": { "uv": [ 6.00125, 10.00124, 6.99875, 10.99876 ], "texture": "#black_candle_2" }
			}
		},
		{
			"__comment": "Voxels",
			"from": [ 7.4432, 3.5994, 5.2487 ],
			"to": [ 10.6832, 3.9594, 6.6887 ],
			"faces": {
				"down": { "uv": [ 3.50125, 6.001251, 12.49875, 9.998751 ], "texture": "#black_candle_2" },
				"up": { "uv": [ 3.50125, 6.001251, 12.49875, 9.998751 ], "texture": "#black_candle_2" },
				"north": { "uv": [ 3.50125, 6.001251, 12.49875, 6.998749 ], "texture": "#black_candle_2" },
				"south": { "uv": [ 3.50125, 6.001251, 12.49875, 6.998749 ], "texture": "#black_candle_2" },
				"west": { "uv": [ 6.00125, 6.001251, 9.998751, 6.998749 ], "texture": "#black_candle_2" },
				"east": { "uv": [ 6.00125, 6.001251, 9.998751, 6.998749 ], "texture": "#black_candle_2" }
			}
		},
		{
			"__comment": "Voxels",
			"from": [ 8.3439, -0.0006, 4.5286 ],
			"to": [ 9.783899, 0.7193998, 4.888597 ],
			"faces": {
				"down": { "uv": [ 6.00125, 11.00124, 9.998751, 11.99876 ], "texture": "#black_candle_2", "cullface": "down" },
				"up": { "uv": [ 6.00125, 4.001251, 9.998751, 4.998749 ], "texture": "#black_candle_2" },
				"north": { "uv": [ 6.00125, 15.00124, 9.998751, 15.99876 ], "texture": "#black_candle_2" },
				"west": { "uv": [ 4.00125, 15.00124, 4.99875, 15.99876 ], "texture": "#black_candle_2" },
				"east": { "uv": [ 11.00124, 15.00124, 11.99876, 15.99876 ], "texture": "#black_candle_2" }
			}
		},
		{
			"__comment": "Voxels",
			"from": [ 8.3447, -0.0016, 7.0498 ],
			"to": [ 9.784699, 0.7184003, 7.4098 ],
			"faces": {
				"down": { "uv": [ 6.00125, 4.001251, 9.998751, 4.998749 ], "texture": "#black_candle_2", "cullface": "down" },
				"up": { "uv": [ 6.00125, 11.00124, 9.998751, 11.99876 ], "texture": "#black_candle_2" },
				"south": { "uv": [ 6.00125, 15.00124, 9.998751, 15.99876 ], "texture": "#black_candle_2" },
				"west": { "uv": [ 11.00124, 15.00124, 11.99876, 15.99876 ], "texture": "#black_candle_2" },
				"east": { "uv": [ 4.00125, 15.00124, 4.99875, 15.99876 ], "texture": "#black_candle_2" }
			}
		},
		{
			"__comment": "Voxels",
			"from": [ 8.3438, 0.7178, 4.8895 ],
			"to": [ 9.783799, 1.0778, 5.249501 ],
			"faces": {
				"up": { "uv": [ 6.00125, 5.001251, 9.998751, 5.998749 ], "texture": "#black_candle_2" },
				"north": { "uv": [ 6.00125, 14.00124, 9.998751, 14.99876 ], "texture": "#black_candle_2" },
				"west": { "uv": [ 5.00125, 14.00124, 5.99875, 14.99876 ], "texture": "#black_candle_2" },
				"east": { "uv": [ 10.00124, 14.00124, 10.99876, 14.99876 ], "texture": "#black_candle_2" }
			}
		},
		{
			"__comment": "Voxels",
			"from": [ 8.3449, 0.7196, 6.6905 ],
			"to": [ 9.784901, 1.0796, 7.0505 ],
			"faces": {
				"up": { "uv": [ 6.00125, 10.00124, 9.998751, 10.99876 ], "texture": "#black_candle_2" },
				"south": { "uv": [ 6.00125, 14.00124, 9.998751, 14.99876 ], "texture": "#black_candle_2" },
				"west": { "uv": [ 10.00124, 14.00124, 10.99876, 14.99876 ], "texture": "#black_candle_2" },
				"east": { "uv": [ 5.00125, 14.00124, 5.99875, 14.99876 ], "texture": "#black_candle_2" }
			}
		},
		{
			"__comment": "Voxels",
			"from": [ 8.344299, 1.0789, 5.6098 ],
			"to": [ 9.7843, 1.7989, 6.3298 ],
			"faces": {
				"north": { "uv": [ 6.00125, 12.00124, 9.998751, 13.99876 ], "texture": "#black_candle_2" },
				"south": { "uv": [ 6.00125, 12.00124, 9.998751, 13.99876 ], "texture": "#black_candle_2" },
				"west": { "uv": [ 7.00125, 12.00124, 8.998751, 13.99876 ], "texture": "#black_candle_2" },
				"east": { "uv": [ 7.00125, 12.00124, 8.998751, 13.99876 ], "texture": "#black_candle_2" }
			}
		},
		{
			"__comment": "Voxels",
			"from": [ 8.3433, 1.7994, 5.2488 ],
			"to": [ 9.7833, 2.159399, 5.608799 ],
			"faces": {
				"down": { "uv": [ 6.00125, 9.001249, 9.998751, 9.998751 ], "texture": "#black_candle_2" },
				"north": { "uv": [ 6.00125, 11.00124, 9.998751, 11.99876 ], "texture": "#black_candle_2" },
				"west": { "uv": [ 6.00125, 11.00124, 6.99875, 11.99876 ], "texture": "#black_candle_2" },
				"east": { "uv": [ 9.001249, 11.00124, 9.998751, 11.99876 ], "texture": "#black_candle_2" }
			}
		},
		{
			"__comment": "Voxels",
			"from": [ 8.3445, 1.8001, 6.3288 ],
			"to": [ 9.7845, 2.1601, 6.688798 ],
			"faces": {
				"down": { "uv": [ 6.00125, 6.001251, 9.998751, 6.998749 ], "texture": "#black_candle_2" },
				"south": { "uv": [ 6.00125, 11.00124, 9.998751, 11.99876 ], "texture": "#black_candle_2" },
				"west": { "uv": [ 9.001249, 11.00124, 9.998751, 11.99876 ], "texture": "#black_candle_2" },
				"east": { "uv": [ 6.00125, 11.00124, 6.99875, 11.99876 ], "texture": "#black_candle_2" }
			}
		},
		{
			"__comment": "Voxels",
			"from": [ 8.343599, 2.1585, 4.889 ],
			"to": [ 9.7836, 2.5185, 5.249 ],
			"faces": {
				"down": { "uv": [ 6.00125, 10.00124, 9.998751, 10.99876 ], "texture": "#black_candle_2" },
				"up": { "uv": [ 6.00125, 5.001251, 9.998751, 5.998749 ], "texture": "#black_candle_2" },
				"north": { "uv": [ 6.00125, 10.00124, 9.998751, 10.99876 ], "texture": "#black_candle_2" },
				"west": { "uv": [ 5.00125, 10.00124, 5.99875, 10.99876 ], "texture": "#black_candle_2" },
				"east": { "uv": [ 10.00124, 10.00124, 10.99876, 10.99876 ], "texture": "#black_candle_2" }
			}
		},
		{
			"__comment": "Voxels",
			"from": [ 8.3428, 2.159, 6.6896 ],
			"to": [ 9.782801, 2.519, 7.049601 ],
			"faces": {
				"down": { "uv": [ 6.00125, 5.001251, 9.998751, 5.998749 ], "texture": "#black_candle_2" },
				"up": { "uv": [ 6.00125, 10.00124, 9.998751, 10.99876 ], "texture": "#black_candle_2" },
				"south": { "uv": [ 6.00125, 10.00124, 9.998751, 10.99876 ], "texture": "#black_candle_2" },
				"west": { "uv": [ 10.00124, 10.00124, 10.99876, 10.99876 ], "texture": "#black_candle_2" },
				"east": { "uv": [ 5.00125, 10.00124, 5.99875, 10.99876 ], "texture": "#black_candle_2" }
			}
		},
		{
			"__comment": "Voxels",
			"from": [ 8.3426, 2.5196, 5.2498 ],
			"to": [ 9.7826, 2.8796, 5.609798 ],
			"faces": {
				"up": { "uv": [ 6.00125, 6.001251, 9.998751, 6.998749 ], "texture": "#black_candle_2" },
				"north": { "uv": [ 6.00125, 9.001249, 9.998751, 9.998751 ], "texture": "#black_candle_2" },
				"west": { "uv": [ 6.00125, 9.001249, 6.99875, 9.998751 ], "texture": "#black_candle_2" },
				"east": { "uv": [ 9.001249, 9.001249, 9.998751, 9.998751 ], "texture": "#black_candle_2" }
			}
		},
		{
			"__comment": "Voxels",
			"from": [ 8.3427, 2.5187, 6.3301 ],
			"to": [ 9.782701, 2.8787, 6.690101 ],
			"faces": {
				"up": { "uv": [ 6.00125, 9.001249, 9.998751, 9.998751 ], "texture": "#black_candle_2" },
				"south": { "uv": [ 6.00125, 9.001249, 9.998751, 9.998751 ], "texture": "#black_candle_2" },
				"west": { "uv": [ 9.001249, 9.001249, 9.998751, 9.998751 ], "texture": "#black_candle_2" },
				"east": { "uv": [ 6.00125, 9.001249, 6.99875, 9.998751 ], "texture": "#black_candle_2" }
			}
		},
		{
			"__comment": "Voxels",
			"from": [ 8.3434, 2.8794, 5.6103 ],
			"to": [ 9.783401, 3.5994, 6.330301 ],
			"faces": {
				"north": { "uv": [ 6.00125, 7.001251, 9.998751, 8.998751 ], "texture": "#black_candle_2" },
				"south": { "uv": [ 6.00125, 7.001251, 9.998751, 8.998751 ], "texture": "#black_candle_2" },
				"west": { "uv": [ 7.00125, 7.001251, 8.998751, 8.998751 ], "texture": "#black_candle_2" },
				"east": { "uv": [ 7.00125, 7.001251, 8.998751, 8.998751 ], "texture": "#black_candle_2" }
			}
		},
		{
			"__comment": "Voxels",
			"from": [ 8.344999, 3.5981, 4.3496 ],
			"to": [ 9.784999, 3.9581, 5.249599 ],
			"faces": {
				"down": { "uv": [ 6.00125, 10.00124, 9.998751, 12.49876 ], "texture": "#black_candle_2" },
				"up": { "uv": [ 6.00125, 3.50125, 9.998751, 5.998749 ], "texture": "#black_candle_2" },
				"north": { "uv": [ 6.00125, 6.001251, 9.998751, 6.998749 ], "texture": "#black_candle_2" },
				"west": { "uv": [ 3.50125, 6.001251, 5.99875, 6.998749 ], "texture": "#black_candle_2" },
				"east": { "uv": [ 10.00124, 6.001251, 12.49876, 6.998749 ], "texture": "#black_candle_2" }
			}
		},
		{
			"__comment": "Voxels",
			"from": [ 8.3445, 3.5984, 6.6897 ],
			"to": [ 9.7845, 3.9584, 7.589696 ],
			"faces": {
				"down": { "uv": [ 6.00125, 3.50125, 9.998751, 5.998749 ], "texture": "#black_candle_2" },
				"up": { "uv": [ 6.00125, 10.00124, 9.998751, 12.49876 ], "texture": "#black_candle_2" },
				"south": { "uv": [ 6.00125, 6.001251, 9.998751, 6.998749 ], "texture": "#black_candle_2" },
				"west": { "uv": [ 10.00124, 6.001251, 12.49876, 6.998749 ], "texture": "#black_candle_2" },
				"east": { "uv": [ 3.50125, 6.001251, 5.99875, 6.998749 ], "texture": "#black_candle_2" }
			}
		},
		{
			"__comment": "Voxels",
			"from": [ 8.7031, 1.078, 5.2506 ],
			"to": [ 9.423099, 1.798, 5.6106 ],
			"faces": {
				"north": { "uv": [ 7.00125, 12.00124, 8.998751, 13.99876 ], "texture": "#black_candle_2" },
				"west": { "uv": [ 6.00125, 12.00124, 6.99875, 13.99876 ], "texture": "#black_candle_2" },
				"east": { "uv": [ 9.001249, 12.00124, 9.998751, 13.99876 ], "texture": "#black_candle_2" }
			}
		},
		{
			"__comment": "Voxels",
			"from": [ 8.7043, 1.078, 6.3284 ],
			"to": [ 9.424299, 1.798, 6.688398 ],
			"faces": {
				"south": { "uv": [ 7.00125, 12.00124, 8.998751, 13.99876 ], "texture": "#black_candle_2" },
				"west": { "uv": [ 9.001249, 12.00124, 9.998751, 13.99876 ], "texture": "#black_candle_2" },
				"east": { "uv": [ 6.00125, 12.00124, 6.99875, 13.99876 ], "texture": "#black_candle_2" }
			}
		},
		{
			"__comment": "Voxels",
			"from": [ 8.7049, 1.7989, 4.8891 ],
			"to": [ 9.424899, 2.1589, 5.2491 ],
			"faces": {
				"down": { "uv": [ 7.00125, 10.00124, 8.998751, 10.99876 ], "texture": "#black_candle_2" },
				"north": { "uv": [ 7.00125, 11.00124, 8.998751, 11.99876 ], "texture": "#black_candle_2" },
				"west": { "uv": [ 5.00125, 11.00124, 5.99875, 11.99876 ], "texture": "#black_candle_2" },
				"east": { "uv": [ 10.00124, 11.00124, 10.99876, 11.99876 ], "texture": "#black_candle_2" }
			}
		},
		{
			"__comment": "Voxels",
			"from": [ 8.7031, 1.7995, 6.6891 ],
			"to": [ 9.4231, 2.1595, 7.0491 ],
			"faces": {
				"down": { "uv": [ 7.00125, 5.001251, 8.998751, 5.998749 ], "texture": "#black_candle_2" },
				"south": { "uv": [ 7.00125, 11.00124, 8.998751, 11.99876 ], "texture": "#black_candle_2" },
				"west": { "uv": [ 10.00124, 11.00124, 10.99876, 11.99876 ], "texture": "#black_candle_2" },
				"east": { "uv": [ 5.00125, 11.00124, 5.99875, 11.99876 ], "texture": "#black_candle_2" }
			}
		},
		{
			"__comment": "Voxels",
			"from": [ 8.7027, 2.5177, 4.8902 ],
			"to": [ 9.422699, 2.877699, 5.250197 ],
			"faces": {
				"up": { "uv": [ 7.00125, 5.001251, 8.998751, 5.998749 ], "texture": "#black_candle_2" },
				"north": { "uv": [ 7.00125, 9.001249, 8.998751, 9.998751 ], "texture": "#black_candle_2" },
				"west": { "uv": [ 5.00125, 9.001249, 5.99875, 9.998751 ], "texture": "#black_candle_2" },
				"east": { "uv": [ 10.00124, 9.001249, 10.99876, 9.998751 ], "texture": "#black_candle_2" }
			}
		},
		{
			"__comment": "Voxels",
			"from": [ 8.7037, 2.5187, 6.6894 ],
			"to": [ 9.4237, 2.8787, 7.049398 ],
			"faces": {
				"up": { "uv": [ 7.00125, 10.00124, 8.998751, 10.99876 ], "texture": "#black_candle_2" },
				"south": { "uv": [ 7.00125, 9.001249, 8.998751, 9.998751 ], "texture": "#black_candle_2" },
				"west": { "uv": [ 10.00124, 9.001249, 10.99876, 9.998751 ], "texture": "#black_candle_2" },
				"east": { "uv": [ 5.00125, 9.001249, 5.99875, 9.998751 ], "texture": "#black_candle_2" }
			}
		},
		{
			"__comment": "Voxels",
			"from": [ 8.7037, 2.8785, 5.2496 ],
			"to": [ 9.423699, 3.5985, 5.6096 ],
			"faces": {
				"north": { "uv": [ 7.00125, 7.001251, 8.998751, 8.998751 ], "texture": "#black_candle_2" },
				"west": { "uv": [ 6.00125, 7.001251, 6.99875, 8.998751 ], "texture": "#black_candle_2" },
				"east": { "uv": [ 9.001249, 7.001251, 9.998751, 8.998751 ], "texture": "#black_candle_2" }
			}
		},
		{
			"__comment": "Voxels",
			"from": [ 8.7044, 2.8798, 6.3296 ],
			"to": [ 9.4244, 3.5998, 6.6896 ],
			"faces": {
				"south": { "uv": [ 7.00125, 7.001251, 8.998751, 8.998751 ], "texture": "#black_candle_2" },
				"west": { "uv": [ 9.001249, 7.001251, 9.998751, 8.998751 ], "texture": "#black_candle_2" },
				"east": { "uv": [ 6.00125, 7.001251, 6.99875, 8.998751 ], "texture": "#black_candle_2" }
			}
		},
		{
			"__comment": "Voxels",
			"from": [ 7.8042, 3.5991, 4.7087 ],
			"to": [ 8.344198, 3.9591, 5.2487 ],
			"faces": {
				"down": { "uv": [ 4.50125, 10.00124, 5.99875, 11.49876 ], "texture": "#black_candle_2" },
				"up": { "uv": [ 4.50125, 4.501251, 5.99875, 5.998749 ], "texture": "#black_candle_2" },
				"north": { "uv": [ 10.00124, 6.001251, 11.49876, 6.998749 ], "texture": "#black_candle_2" },
				"west": { "uv": [ 4.50125, 6.001251, 5.99875, 6.998749 ], "texture": "#black_candle_2" }
			}
		},
		{
			"__comment": "Voxels",
			"from": [ 9.7836, 3.6003, 4.709 ],
			"to": [ 10.3236, 3.9603, 5.249 ],
			"faces": {
				"down": { "uv": [ 10.00124, 10.00124, 11.49876, 11.49876 ], "texture": "#black_candle_2" },
				"up": { "uv": [ 10.00124, 4.501251, 11.49876, 5.998749 ], "texture": "#black_candle_2" },
				"north": { "uv": [ 4.50125, 6.001251, 5.99875, 6.998749 ], "texture": "#black_candle_2" },
				"east": { "uv": [ 10.00124, 6.001251, 11.49876, 6.998749 ], "texture": "#black_candle_2" }
			}
		},
		{
			"__comment": "Voxels",
			"from": [ 9.7836, 3.5991, 6.6892 ],
			"to": [ 10.3236, 3.959099, 7.2292 ],
			"faces": {
				"down": { "uv": [ 10.00124, 4.501251, 11.49876, 5.998749 ], "texture": "#black_candle_2" },
				"up": { "uv": [ 10.00124, 10.00124, 11.49876, 11.49876 ], "texture": "#black_candle_2" },
				"south": { "uv": [ 10.00124, 6.001251, 11.49876, 6.998749 ], "texture": "#black_candle_2" },
				"east": { "uv": [ 4.50125, 6.001251, 5.99875, 6.998749 ], "texture": "#black_candle_2" }
			}
		},
		{
			"__comment": "Voxels",
			"from": [ 7.8031, 3.5983, 6.6896 ],
			"to": [ 8.3431, 3.958299, 7.229597 ],
			"faces": {
				"down": { "uv": [ 4.50125, 4.501251, 5.99875, 5.998749 ], "texture": "#black_candle_2" },
				"up": { "uv": [ 4.50125, 10.00124, 5.99875, 11.49876 ], "texture": "#black_candle_2" },
				"south": { "uv": [ 4.50125, 6.001251, 5.99875, 6.998749 ], "texture": "#black_candle_2" },
				"west": { "uv": [ 10.00124, 6.001251, 11.49876, 6.998749 ], "texture": "#black_candle_2" }
			}
		},
		{
			"__comment": "Box43",
			"from": [ 8.8989, 7.1983, 5.8488 ],
			"to": [ 9.1989, 7.4983, 6.148798 ],
			"faces": {
				"up": { "uv": [ 7.75125, 7.751251, 8.248751, 8.248751 ], "texture": "#black_candle_3" },
				"north": { "uv": [ 7.75125, 3.50125, 8.248751, 3.99875 ], "texture": "#black_candle_3" },
				"south": { "uv": [ 7.75125, 3.50125, 8.248751, 3.99875 ], "texture": "#black_candle_3" },
				"west": { "uv": [ 7.75125, 3.50125, 8.248751, 3.99875 ], "texture": "#black_candle_3" },
				"east": { "uv": [ 7.75125, 3.50125, 8.248751, 3.99875 ], "texture": "#black_candle_3" }
			}
		},
		{
			"__comment": "candle7",
			"from": [ 7.6234, 3.9586, 5.2502 ],
			"to": [ 10.5034, 7.1986, 6.690199 ],
			"faces": {
				"up": { "uv": [ 4.00125, 12.00124, 11.99876, 13.99876 ], "texture": "#black_candle_1" },
				"north": { "uv": [ 4.00125, 0.001249313, 11.99876, 15.99876 ], "texture": "#black_candle_1" },
				"south": { "uv": [ 4.00125, 0.001249313, 11.99876, 15.99876 ], "texture": "#black_candle_1" },
				"west": { "uv": [ 6.00125, 0.001249313, 9.998751, 15.99876 ], "texture": "#black_candle_1" },
				"east": { "uv": [ 6.00125, 0.001249313, 9.998751, 15.99876 ], "texture": "#black_candle_1" }
			}
		},
		{
			"__comment": "candle5",
			"from": [ 7.9835, 3.9592, 4.8886 ],
			"to": [ 10.1435, 7.199198, 5.2486 ],
			"faces": {
				"down": { "uv": [ 4.00125, 9.501249, 11.99876, 15.99876 ], "texture": "#black_candle_1" },
				"up": { "uv": [ 5.00125, 11.00124, 10.99876, 11.99876 ], "texture": "#black_candle_1" },
				"north": { "uv": [ 5.00125, 0.001249313, 10.99876, 15.99876 ], "texture": "#black_candle_1" },
				"west": { "uv": [ 5.00125, 0.001249313, 5.99875, 15.99876 ], "texture": "#black_candle_1" },
				"east": { "uv": [ 10.00124, 0.001249313, 10.99876, 15.99876 ], "texture": "#black_candle_1" }
			}
		},
		{
			"__comment": "candle6",
			"from": [ 7.9827, 3.9585, 6.6898 ],
			"to": [ 10.1427, 7.198501, 7.0498 ],
			"faces": {
				"down": { "uv": [ 4.00125, 9.501249, 11.99876, 15.99876 ], "texture": "#black_candle_1" },
				"up": { "uv": [ 5.00125, 14.00124, 10.99876, 14.99876 ], "texture": "#black_candle_1" },
				"south": { "uv": [ 5.00125, 0.001249313, 10.99876, 15.99876 ], "texture": "#black_candle_1" },
				"west": { "uv": [ 10.00124, 0.001249313, 10.99876, 15.99876 ], "texture": "#black_candle_1" },
				"east": { "uv": [ 5.00125, 0.001249313, 5.99875, 15.99876 ], "texture": "#black_candle_1" }
			}
		},
		{
			"__comment": "candle4",
			"from": [ 8.3432, 3.9581, 4.5303 ],
			"to": [ 9.783199, 7.1981, 4.890297 ],
			"faces": {
				"up": { "uv": [ 6.00125, 10.00124, 8.998751, 10.99876 ], "texture": "#black_candle_1" },
				"north": { "uv": [ 6.00125, 0.001249313, 9.998751, 15.99876 ], "texture": "#black_candle_1" },
				"west": { "uv": [ 4.00125, 0.001249313, 4.99875, 15.99876 ], "texture": "#black_candle_1" },
				"east": { "uv": [ 11.00124, 0.001249313, 11.99876, 15.99876 ], "texture": "#black_candle_1" }
			}
		},
		{
			"__comment": "candle",
			"from": [ 8.344299, 3.9594, 7.0495 ],
			"to": [ 9.784299, 7.199402, 7.4095 ],
			"faces": {
				"up": { "uv": [ 6.00125, 15.00124, 8.998751, 15.99876 ], "texture": "#black_candle_1" },
				"south": { "uv": [ 6.00125, 0.001249313, 9.998751, 15.99876 ], "texture": "#black_candle_1" },
				"west": { "uv": [ 11.00124, 0.001249313, 11.99876, 15.99876 ], "texture": "#black_candle_1" },
				"east": { "uv": [ 4.00125, 0.001249313, 4.99875, 15.99876 ], "texture": "#black_candle_1" }
			}
		},
		{
			"__comment": "Voxels",
			"from": [ 4.875, 0, 5.5 ],
			"to": [ 7.178999, 0.5760002, 6.652 ],
			"faces": {
				"down": { "uv": [ 4.00125, 6.001251, 11.99876, 9.998751 ], "texture": "#black_candle_2", "cullface": "down" },
				"up": { "uv": [ 4.00125, 6.001251, 11.99876, 9.998751 ], "texture": "#black_candle_2" },
				"north": { "uv": [ 4.00125, 15.00124, 11.99876, 15.99876 ], "texture": "#black_candle_2" },
				"south": { "uv": [ 4.00125, 15.00124, 11.99876, 15.99876 ], "texture": "#black_candle_2" },
				"west": { "uv": [ 6.00125, 15.00124, 9.998751, 15.99876 ], "texture": "#black_candle_2" },
				"east": { "uv": [ 6.00125, 15.00124, 9.998751, 15.99876 ], "texture": "#black_candle_2" }
			}
		},
		{
			"__comment": "Voxels",
			"from": [ 5.1622, -0.0002, 5.2114 ],
			"to": [ 6.890201, 0.5758001, 5.4994 ],
			"faces": {
				"down": { "uv": [ 5.00125, 10.00124, 10.99876, 10.99876 ], "texture": "#black_candle_2", "cullface": "down" },
				"up": { "uv": [ 5.00125, 5.001251, 10.99876, 5.998749 ], "texture": "#black_candle_2" },
				"north": { "uv": [ 5.00125, 15.00124, 10.99876, 15.99876 ], "texture": "#black_candle_2" },
				"west": { "uv": [ 5.00125, 15.00124, 5.99875, 15.99876 ], "texture": "#black_candle_2" },
				"east": { "uv": [ 10.00124, 15.00124, 10.99876, 15.99876 ], "texture": "#black_candle_2" }
			}
		},
		{
			"__comment": "Voxels",
			"from": [ 5.1629, -0.0001, 6.652 ],
			"to": [ 6.8909, 0.5759003, 6.940001 ],
			"faces": {
				"down": { "uv": [ 5.00125, 5.001251, 10.99876, 5.998749 ], "texture": "#black_candle_2", "cullface": "down" },
				"up": { "uv": [ 5.00125, 10.00124, 10.99876, 10.99876 ], "texture": "#black_candle_2" },
				"south": { "uv": [ 5.00125, 15.00124, 10.99876, 15.99876 ], "texture": "#black_candle_2" },
				"west": { "uv": [ 10.00124, 15.00124, 10.99876, 15.99876 ], "texture": "#black_candle_2" },
				"east": { "uv": [ 5.00125, 15.00124, 5.99875, 15.99876 ], "texture": "#black_candle_2" }
			}
		},
		{
			"__comment": "Voxels",
			"from": [ 5.162, 0.5754, 5.4992 ],
			"to": [ 6.889998, 0.8633997, 6.651201 ],
			"faces": {
				"up": { "uv": [ 5.00125, 6.001251, 10.99876, 9.998751 ], "texture": "#black_candle_2" },
				"north": { "uv": [ 5.00125, 14.00124, 10.99876, 14.99876 ], "texture": "#black_candle_2" },
				"south": { "uv": [ 5.00125, 14.00124, 10.99876, 14.99876 ], "texture": "#black_candle_2" },
				"west": { "uv": [ 6.00125, 14.00124, 9.998751, 14.99876 ], "texture": "#black_candle_2" },
				"east": { "uv": [ 6.00125, 14.00124, 9.998751, 14.99876 ], "texture": "#black_candle_2" }
			}
		},
		{
			"__comment": "Voxels",
			"from": [ 5.1612, 1.4386, 5.788 ],
			"to": [ 6.889201, 2.3026, 6.363997 ],
			"faces": {
				"down": { "uv": [ 5.00125, 7.001251, 10.99876, 8.998751 ], "texture": "#black_candle_2" },
				"up": { "uv": [ 5.00125, 7.001251, 10.99876, 8.998751 ], "texture": "#black_candle_2" },
				"north": { "uv": [ 5.00125, 9.001249, 10.99876, 11.99876 ], "texture": "#black_candle_2" },
				"south": { "uv": [ 5.00125, 9.001249, 10.99876, 11.99876 ], "texture": "#black_candle_2" },
				"west": { "uv": [ 7.00125, 9.001249, 8.998751, 11.99876 ], "texture": "#black_candle_2" },
				"east": { "uv": [ 7.00125, 9.001249, 8.998751, 11.99876 ], "texture": "#black_candle_2" }
			}
		},
		{
			"__comment": "Voxels",
			"from": [ 5.1629, 1.7275, 5.5007 ],
			"to": [ 6.8909, 2.0155, 5.7887 ],
			"faces": {
				"down": { "uv": [ 5.00125, 9.001249, 10.99876, 9.998751 ], "texture": "#black_candle_2" },
				"up": { "uv": [ 5.00125, 6.001251, 10.99876, 6.998749 ], "texture": "#black_candle_2" },
				"north": { "uv": [ 5.00125, 10.00124, 10.99876, 10.99876 ], "texture": "#black_candle_2" },
				"west": { "uv": [ 6.00125, 10.00124, 6.99875, 10.99876 ], "texture": "#black_candle_2" },
				"east": { "uv": [ 9.001249, 10.00124, 9.998751, 10.99876 ], "texture": "#black_candle_2" }
			}
		},
		{
			"__comment": "Voxels",
			"from": [ 5.1619, 1.7275, 6.364 ],
			"to": [ 6.889901, 2.0155, 6.652 ],
			"faces": {
				"down": { "uv": [ 5.00125, 6.001251, 10.99876, 6.998749 ], "texture": "#black_candle_2" },
				"up": { "uv": [ 5.00125, 9.001249, 10.99876, 9.998751 ], "texture": "#black_candle_2" },
				"south": { "uv": [ 5.00125, 10.00124, 10.99876, 10.99876 ], "texture": "#black_candle_2" },
				"west": { "uv": [ 9.001249, 10.00124, 9.998751, 10.99876 ], "texture": "#black_candle_2" },
				"east": { "uv": [ 6.00125, 10.00124, 6.99875, 10.99876 ], "texture": "#black_candle_2" }
			}
		},
		{
			"__comment": "Voxels",
			"from": [ 4.7295, 2.8795, 5.499 ],
			"to": [ 7.321498, 3.1675, 6.651 ],
			"faces": {
				"down": { "uv": [ 3.50125, 6.001251, 12.49875, 9.998751 ], "texture": "#black_candle_2" },
				"up": { "uv": [ 3.50125, 6.001251, 12.49875, 9.998751 ], "texture": "#black_candle_2" },
				"north": { "uv": [ 3.50125, 6.001251, 12.49875, 6.998749 ], "texture": "#black_candle_2" },
				"south": { "uv": [ 3.50125, 6.001251, 12.49875, 6.998749 ], "texture": "#black_candle_2" },
				"west": { "uv": [ 6.00125, 6.001251, 9.998751, 6.998749 ], "texture": "#black_candle_2" },
				"east": { "uv": [ 6.00125, 6.001251, 9.998751, 6.998749 ], "texture": "#black_candle_2" }
			}
		},
		{
			"__comment": "Voxels",
			"from": [ 5.4501, -0.0005, 4.9229 ],
			"to": [ 6.6021, 0.5754998, 5.210897 ],
			"faces": {
				"down": { "uv": [ 6.00125, 11.00124, 9.998751, 11.99876 ], "texture": "#black_candle_2", "cullface": "down" },
				"up": { "uv": [ 6.00125, 4.001251, 9.998751, 4.998749 ], "texture": "#black_candle_2" },
				"north": { "uv": [ 6.00125, 15.00124, 9.998751, 15.99876 ], "texture": "#black_candle_2" },
				"west": { "uv": [ 4.00125, 15.00124, 4.99875, 15.99876 ], "texture": "#black_candle_2" },
				"east": { "uv": [ 11.00124, 15.00124, 11.99876, 15.99876 ], "texture": "#black_candle_2" }
			}
		},
		{
			"__comment": "Voxels",
			"from": [ 5.4508, -0.0013, 6.9399 ],
			"to": [ 6.602799, 0.5747003, 7.2279 ],
			"faces": {
				"down": { "uv": [ 6.00125, 4.001251, 9.998751, 4.998749 ], "texture": "#black_candle_2", "cullface": "down" },
				"up": { "uv": [ 6.00125, 11.00124, 9.998751, 11.99876 ], "texture": "#black_candle_2" },
				"south": { "uv": [ 6.00125, 15.00124, 9.998751, 15.99876 ], "texture": "#black_candle_2" },
				"west": { "uv": [ 11.00124, 15.00124, 11.99876, 15.99876 ], "texture": "#black_candle_2" },
				"east": { "uv": [ 4.00125, 15.00124, 4.99875, 15.99876 ], "texture": "#black_candle_2" }
			}
		},
		{
			"__comment": "Voxels",
			"from": [ 5.45, 0.5742, 5.2116 ],
			"to": [ 6.601999, 0.8621998, 5.499601 ],
			"faces": {
				"up": { "uv": [ 6.00125, 5.001251, 9.998751, 5.998749 ], "texture": "#black_candle_2" },
				"north": { "uv": [ 6.00125, 14.00124, 9.998751, 14.99876 ], "texture": "#black_candle_2" },
				"west": { "uv": [ 5.00125, 14.00124, 5.99875, 14.99876 ], "texture": "#black_candle_2" },
				"east": { "uv": [ 10.00124, 14.00124, 10.99876, 14.99876 ], "texture": "#black_candle_2" }
			}
		},
		{
			"__comment": "Voxels",
			"from": [ 5.4509, 0.5757, 6.6524 ],
			"to": [ 6.6029, 0.8636999, 6.940401 ],
			"faces": {
				"up": { "uv": [ 6.00125, 10.00124, 9.998751, 10.99876 ], "texture": "#black_candle_2" },
				"south": { "uv": [ 6.00125, 14.00124, 9.998751, 14.99876 ], "texture": "#black_candle_2" },
				"west": { "uv": [ 10.00124, 14.00124, 10.99876, 14.99876 ], "texture": "#black_candle_2" },
				"east": { "uv": [ 5.00125, 14.00124, 5.99875, 14.99876 ], "texture": "#black_candle_2" }
			}
		},
		{
			"__comment": "Voxels",
			"from": [ 5.4504, 0.8631, 5.7878 ],
			"to": [ 6.6024, 1.4391, 6.3638 ],
			"faces": {
				"north": { "uv": [ 6.00125, 12.00124, 9.998751, 13.99876 ], "texture": "#black_candle_2" },
				"south": { "uv": [ 6.00125, 12.00124, 9.998751, 13.99876 ], "texture": "#black_candle_2" },
				"west": { "uv": [ 7.00125, 12.00124, 8.998751, 13.99876 ], "texture": "#black_candle_2" },
				"east": { "uv": [ 7.00125, 12.00124, 8.998751, 13.99876 ], "texture": "#black_candle_2" }
			}
		},
		{
			"__comment": "Voxels",
			"from": [ 5.4497, 1.4395, 5.499 ],
			"to": [ 6.6017, 1.727499, 5.787 ],
			"faces": {
				"down": { "uv": [ 6.00125, 9.001249, 9.998751, 9.998751 ], "texture": "#black_candle_2" },
				"north": { "uv": [ 6.00125, 11.00124, 9.998751, 11.99876 ], "texture": "#black_candle_2" },
				"west": { "uv": [ 6.00125, 11.00124, 6.99875, 11.99876 ], "texture": "#black_candle_2" },
				"east": { "uv": [ 9.001249, 11.00124, 9.998751, 11.99876 ], "texture": "#black_candle_2" }
			}
		},
		{
			"__comment": "Voxels",
			"from": [ 5.4506, 1.4401, 6.363 ],
			"to": [ 6.6026, 1.7281, 6.651 ],
			"faces": {
				"down": { "uv": [ 6.00125, 6.001251, 9.998751, 6.998749 ], "texture": "#black_candle_2" },
				"south": { "uv": [ 6.00125, 11.00124, 9.998751, 11.99876 ], "texture": "#black_candle_2" },
				"west": { "uv": [ 9.001249, 11.00124, 9.998751, 11.99876 ], "texture": "#black_candle_2" },
				"east": { "uv": [ 6.00125, 11.00124, 6.99875, 11.99876 ], "texture": "#black_candle_2" }
			}
		},
		{
			"__comment": "Voxels",
			"from": [ 5.4498, 1.7268, 5.2112 ],
			"to": [ 6.6018, 2.0148, 5.499198 ],
			"faces": {
				"down": { "uv": [ 6.00125, 10.00124, 9.998751, 10.99876 ], "texture": "#black_candle_2" },
				"up": { "uv": [ 6.00125, 5.001251, 9.998751, 5.998749 ], "texture": "#black_candle_2" },
				"north": { "uv": [ 6.00125, 10.00124, 9.998751, 10.99876 ], "texture": "#black_candle_2" },
				"west": { "uv": [ 5.00125, 10.00124, 5.99875, 10.99876 ], "texture": "#black_candle_2" },
				"east": { "uv": [ 10.00124, 10.00124, 10.99876, 10.99876 ], "texture": "#black_candle_2" }
			}
		},
		{
			"__comment": "Voxels",
			"from": [ 5.4493, 1.7272, 6.6517 ],
			"to": [ 6.6013, 2.0152, 6.939701 ],
			"faces": {
				"down": { "uv": [ 6.00125, 5.001251, 9.998751, 5.998749 ], "texture": "#black_candle_2" },
				"up": { "uv": [ 6.00125, 10.00124, 9.998751, 10.99876 ], "texture": "#black_candle_2" },
				"south": { "uv": [ 6.00125, 10.00124, 9.998751, 10.99876 ], "texture": "#black_candle_2" },
				"west": { "uv": [ 10.00124, 10.00124, 10.99876, 10.99876 ], "texture": "#black_candle_2" },
				"east": { "uv": [ 5.00125, 10.00124, 5.99875, 10.99876 ], "texture": "#black_candle_2" }
			}
		},
		{
			"__comment": "Voxels",
			"from": [ 5.4491, 2.0156, 5.4999 ],
			"to": [ 6.6011, 2.3036, 5.7879 ],
			"faces": {
				"up": { "uv": [ 6.00125, 6.001251, 9.998751, 6.998749 ], "texture": "#black_candle_2" },
				"north": { "uv": [ 6.00125, 9.001249, 9.998751, 9.998751 ], "texture": "#black_candle_2" },
				"west": { "uv": [ 6.00125, 9.001249, 6.99875, 9.998751 ], "texture": "#black_candle_2" },
				"east": { "uv": [ 9.001249, 9.001249, 9.998751, 9.998751 ], "texture": "#black_candle_2" }
			}
		},
		{
			"__comment": "Voxels",
			"from": [ 5.4492, 2.015, 6.364 ],
			"to": [ 6.6012, 2.303, 6.652 ],
			"faces": {
				"up": { "uv": [ 6.00125, 9.001249, 9.998751, 9.998751 ], "texture": "#black_candle_2" },
				"south": { "uv": [ 6.00125, 9.001249, 9.998751, 9.998751 ], "texture": "#black_candle_2" },
				"west": { "uv": [ 9.001249, 9.001249, 9.998751, 9.998751 ], "texture": "#black_candle_2" },
				"east": { "uv": [ 6.00125, 9.001249, 6.99875, 9.998751 ], "texture": "#black_candle_2" }
			}
		},
		{
			"__comment": "Voxels",
			"from": [ 5.4497, 2.3035, 5.7883 ],
			"to": [ 6.6017, 2.8795, 6.364301 ],
			"faces": {
				"north": { "uv": [ 6.00125, 7.001251, 9.998751, 8.998751 ], "texture": "#black_candle_2" },
				"south": { "uv": [ 6.00125, 7.001251, 9.998751, 8.998751 ], "texture": "#black_candle_2" },
				"west": { "uv": [ 7.00125, 7.001251, 8.998751, 8.998751 ], "texture": "#black_candle_2" },
				"east": { "uv": [ 7.00125, 7.001251, 8.998751, 8.998751 ], "texture": "#black_candle_2" }
			}
		},
		{
			"__comment": "Voxels",
			"from": [ 5.451, 2.8785, 4.7797 ],
			"to": [ 6.603, 3.1665, 5.4997 ],
			"faces": {
				"down": { "uv": [ 6.00125, 10.00124, 9.998751, 12.49876 ], "texture": "#black_candle_2" },
				"up": { "uv": [ 6.00125, 3.50125, 9.998751, 5.998749 ], "texture": "#black_candle_2" },
				"north": { "uv": [ 6.00125, 6.001251, 9.998751, 6.998749 ], "texture": "#black_candle_2" },
				"west": { "uv": [ 3.50125, 6.001251, 5.99875, 6.998749 ], "texture": "#black_candle_2" },
				"east": { "uv": [ 10.00124, 6.001251, 12.49876, 6.998749 ], "texture": "#black_candle_2" }
			}
		},
		{
			"__comment": "Voxels",
			"from": [ 5.4506, 2.8788, 6.6517 ],
			"to": [ 6.602601, 3.1668, 7.371699 ],
			"faces": {
				"down": { "uv": [ 6.00125, 3.50125, 9.998751, 5.998749 ], "texture": "#black_candle_2" },
				"up": { "uv": [ 6.00125, 10.00124, 9.998751, 12.49876 ], "texture": "#black_candle_2" },
				"south": { "uv": [ 6.00125, 6.001251, 9.998751, 6.998749 ], "texture": "#black_candle_2" },
				"west": { "uv": [ 10.00124, 6.001251, 12.49876, 6.998749 ], "texture": "#black_candle_2" },
				"east": { "uv": [ 3.50125, 6.001251, 5.99875, 6.998749 ], "texture": "#black_candle_2" }
			}
		},
		{
			"__comment": "Voxels",
			"from": [ 5.7375, 0.8624, 5.5004 ],
			"to": [ 6.313498, 1.4384, 5.7884 ],
			"faces": {
				"north": { "uv": [ 7.00125, 12.00124, 8.998751, 13.99876 ], "texture": "#black_candle_2" },
				"west": { "uv": [ 6.00125, 12.00124, 6.99875, 13.99876 ], "texture": "#black_candle_2" },
				"east": { "uv": [ 9.001249, 12.00124, 9.998751, 13.99876 ], "texture": "#black_candle_2" }
			}
		},
		{
			"__comment": "Voxels",
			"from": [ 5.7385, 0.8624, 6.3627 ],
			"to": [ 6.314497, 1.4384, 6.650701 ],
			"faces": {
				"south": { "uv": [ 7.00125, 12.00124, 8.998751, 13.99876 ], "texture": "#black_candle_2" },
				"west": { "uv": [ 9.001249, 12.00124, 9.998751, 13.99876 ], "texture": "#black_candle_2" },
				"east": { "uv": [ 6.00125, 12.00124, 6.99875, 13.99876 ], "texture": "#black_candle_2" }
			}
		},
		{
			"__comment": "Voxels",
			"from": [ 5.739, 1.4391, 5.2113 ],
			"to": [ 6.314999, 1.7271, 5.4993 ],
			"faces": {
				"down": { "uv": [ 7.00125, 10.00124, 8.998751, 10.99876 ], "texture": "#black_candle_2" },
				"north": { "uv": [ 7.00125, 11.00124, 8.998751, 11.99876 ], "texture": "#black_candle_2" },
				"west": { "uv": [ 5.00125, 11.00124, 5.99875, 11.99876 ], "texture": "#black_candle_2" },
				"east": { "uv": [ 10.00124, 11.00124, 10.99876, 11.99876 ], "texture": "#black_candle_2" }
			}
		},
		{
			"__comment": "Voxels",
			"from": [ 5.7375, 1.4396, 6.6513 ],
			"to": [ 6.313498, 1.7276, 6.939301 ],
			"faces": {
				"down": { "uv": [ 7.00125, 5.001251, 8.998751, 5.998749 ], "texture": "#black_candle_2" },
				"south": { "uv": [ 7.00125, 11.00124, 8.998751, 11.99876 ], "texture": "#black_candle_2" },
				"west": { "uv": [ 10.00124, 11.00124, 10.99876, 11.99876 ], "texture": "#black_candle_2" },
				"east": { "uv": [ 5.00125, 11.00124, 5.99875, 11.99876 ], "texture": "#black_candle_2" }
			}
		},
		{
			"__comment": "Voxels",
			"from": [ 5.7372, 2.0142, 5.2122 ],
			"to": [ 6.3132, 2.302199, 5.500197 ],
			"faces": {
				"up": { "uv": [ 7.00125, 5.001251, 8.998751, 5.998749 ], "texture": "#black_candle_2" },
				"north": { "uv": [ 7.00125, 9.001249, 8.998751, 9.998751 ], "texture": "#black_candle_2" },
				"west": { "uv": [ 5.00125, 9.001249, 5.99875, 9.998751 ], "texture": "#black_candle_2" },
				"east": { "uv": [ 10.00124, 9.001249, 10.99876, 9.998751 ], "texture": "#black_candle_2" }
			}
		},
		{
			"__comment": "Voxels",
			"from": [ 5.7379, 2.0149, 6.6515 ],
			"to": [ 6.3139, 2.3029, 6.939498 ],
			"faces": {
				"up": { "uv": [ 7.00125, 10.00124, 8.998751, 10.99876 ], "texture": "#black_candle_2" },
				"south": { "uv": [ 7.00125, 9.001249, 8.998751, 9.998751 ], "texture": "#black_candle_2" },
				"west": { "uv": [ 10.00124, 9.001249, 10.99876, 9.998751 ], "texture": "#black_candle_2" },
				"east": { "uv": [ 5.00125, 9.001249, 5.99875, 9.998751 ], "texture": "#black_candle_2" }
			}
		},
		{
			"__comment": "Voxels",
			"from": [ 5.7379, 2.3028, 5.4997 ],
			"to": [ 6.313899, 2.8788, 5.7877 ],
			"faces": {
				"north": { "uv": [ 7.00125, 7.001251, 8.998751, 8.998751 ], "texture": "#black_candle_2" },
				"west": { "uv": [ 6.00125, 7.001251, 6.99875, 8.998751 ], "texture": "#black_candle_2" },
				"east": { "uv": [ 9.001249, 7.001251, 9.998751, 8.998751 ], "texture": "#black_candle_2" }
			}
		},
		{
			"__comment": "Voxels",
			"from": [ 5.7385, 2.3038, 6.3637 ],
			"to": [ 6.314498, 2.8798, 6.6517 ],
			"faces": {
				"south": { "uv": [ 7.00125, 7.001251, 8.998751, 8.998751 ], "texture": "#black_candle_2" },
				"west": { "uv": [ 9.001249, 7.001251, 9.998751, 8.998751 ], "texture": "#black_candle_2" },
				"east": { "uv": [ 6.00125, 7.001251, 6.99875, 8.998751 ], "texture": "#black_candle_2" }
			}
		},
		{
			"__comment": "Voxels",
			"from": [ 5.0184, 2.8793, 5.067 ],
			"to": [ 5.450397, 3.1673, 5.499 ],
			"faces": {
				"down": { "uv": [ 4.50125, 10.00124, 5.99875, 11.49876 ], "texture": "#black_candle_2" },
				"up": { "uv": [ 4.50125, 4.501251, 5.99875, 5.998749 ], "texture": "#black_candle_2" },
				"north": { "uv": [ 10.00124, 6.001251, 11.49876, 6.998749 ], "texture": "#black_candle_2" },
				"west": { "uv": [ 4.50125, 6.001251, 5.99875, 6.998749 ], "texture": "#black_candle_2" }
			}
		},
		{
			"__comment": "Voxels",
			"from": [ 6.6018, 2.8803, 5.0672 ],
			"to": [ 7.033799, 3.1683, 5.499198 ],
			"faces": {
				"down": { "uv": [ 10.00124, 10.00124, 11.49876, 11.49876 ], "texture": "#black_candle_2" },
				"up": { "uv": [ 10.00124, 4.501251, 11.49876, 5.998749 ], "texture": "#black_candle_2" },
				"north": { "uv": [ 4.50125, 6.001251, 5.99875, 6.998749 ], "texture": "#black_candle_2" },
				"east": { "uv": [ 10.00124, 6.001251, 11.49876, 6.998749 ], "texture": "#black_candle_2" }
			}
		},
		{
			"__comment": "Voxels",
			"from": [ 6.6019, 2.8793, 6.6514 ],
			"to": [ 7.033895, 3.167299, 7.083398 ],
			"faces": {
				"down": { "uv": [ 10.00124, 4.501251, 11.49876, 5.998749 ], "texture": "#black_candle_2" },
				"up": { "uv": [ 10.00124, 10.00124, 11.49876, 11.49876 ], "texture": "#black_candle_2" },
				"south": { "uv": [ 10.00124, 6.001251, 11.49876, 6.998749 ], "texture": "#black_candle_2" },
				"east": { "uv": [ 4.50125, 6.001251, 5.99875, 6.998749 ], "texture": "#black_candle_2" }
			}
		},
		{
			"__comment": "Voxels",
			"from": [ 5.0175, 2.8786, 6.6517 ],
			"to": [ 5.4495, 3.166599, 7.083698 ],
			"faces": {
				"down": { "uv": [ 4.50125, 4.501251, 5.99875, 5.998749 ], "texture": "#black_candle_2" },
				"up": { "uv": [ 4.50125, 10.00124, 5.99875, 11.49876 ], "texture": "#black_candle_2" },
				"south": { "uv": [ 4.50125, 6.001251, 5.99875, 6.998749 ], "texture": "#black_candle_2" },
				"west": { "uv": [ 10.00124, 6.001251, 11.49876, 6.998749 ], "texture": "#black_candle_2" }
			}
		},
		{
			"__comment": "Box43",
			"from": [ 5.8941, 5.7587, 5.9791 ],
			"to": [ 6.134099, 5.9987, 6.2191 ],
			"faces": {
				"up": { "uv": [ 7.75125, 7.751251, 8.248751, 8.248751 ], "texture": "#black_candle_3" },
				"north": { "uv": [ 7.75125, 3.50125, 8.248751, 3.99875 ], "texture": "#black_candle_3" },
				"south": { "uv": [ 7.75125, 3.50125, 8.248751, 3.99875 ], "texture": "#black_candle_3" },
				"west": { "uv": [ 7.75125, 3.50125, 8.248751, 3.99875 ], "texture": "#black_candle_3" },
				"east": { "uv": [ 7.75125, 3.50125, 8.248751, 3.99875 ], "texture": "#black_candle_3" }
			}
		},
		{
			"__comment": "candle7",
			"from": [ 4.8737, 3.1669, 5.5001 ],
			"to": [ 7.177699, 5.7589, 6.6521 ],
			"faces": {
				"up": { "uv": [ 4.00125, 12.00124, 11.99876, 13.99876 ], "texture": "#black_candle_1" },
				"north": { "uv": [ 4.00125, 0.001249313, 11.99876, 15.99876 ], "texture": "#black_candle_1" },
				"south": { "uv": [ 4.00125, 0.001249313, 11.99876, 15.99876 ], "texture": "#black_candle_1" },
				"west": { "uv": [ 6.00125, 0.001249313, 9.998751, 15.99876 ], "texture": "#black_candle_1" },
				"east": { "uv": [ 6.00125, 0.001249313, 9.998751, 15.99876 ], "texture": "#black_candle_1" }
			}
		},
		{
			"__comment": "candle5",
			"from": [ 5.1618, 3.1673, 5.2109 ],
			"to": [ 6.8898, 5.759298, 5.4989 ],
			"faces": {
				"down": { "uv": [ 4.00125, 9.501249, 11.99876, 15.99876 ], "texture": "#black_candle_1" },
				"up": { "uv": [ 5.00125, 11.00124, 10.99876, 11.99876 ], "texture": "#black_candle_1" },
				"north": { "uv": [ 5.00125, 0.001249313, 10.99876, 15.99876 ], "texture": "#black_candle_1" },
				"west": { "uv": [ 5.00125, 0.001249313, 5.99875, 15.99876 ], "texture": "#black_candle_1" },
				"east": { "uv": [ 10.00124, 0.001249313, 10.99876, 15.99876 ], "texture": "#black_candle_1" }
			}
		},
		{
			"__comment": "candle6",
			"from": [ 5.1612, 3.1668, 6.6519 ],
			"to": [ 6.8892, 5.758801, 6.9399 ],
			"faces": {
				"down": { "uv": [ 4.00125, 9.501249, 11.99876, 15.99876 ], "texture": "#black_candle_1" },
				"up": { "uv": [ 5.00125, 14.00124, 10.99876, 14.99876 ], "texture": "#black_candle_1" },
				"south": { "uv": [ 5.00125, 0.001249313, 10.99876, 15.99876 ], "texture": "#black_candle_1" },
				"west": { "uv": [ 10.00124, 0.001249313, 10.99876, 15.99876 ], "texture": "#black_candle_1" },
				"east": { "uv": [ 5.00125, 0.001249313, 5.99875, 15.99876 ], "texture": "#black_candle_1" }
			}
		},
		{
			"__comment": "candle4",
			"from": [ 5.4496, 3.1665, 4.9242 ],
			"to": [ 6.6016, 5.7585, 5.2122 ],
			"faces": {
				"up": { "uv": [ 6.00125, 10.00124, 8.998751, 10.99876 ], "texture": "#black_candle_1" },
				"north": { "uv": [ 6.00125, 0.001249313, 9.998751, 15.99876 ], "texture": "#black_candle_1" },
				"west": { "uv": [ 4.00125, 0.001249313, 4.99875, 15.99876 ], "texture": "#black_candle_1" },
				"east": { "uv": [ 11.00124, 0.001249313, 11.99876, 15.99876 ], "texture": "#black_candle_1" }
			}
		},
		{
			"__comment": "candle",
			"from": [ 5.4504, 3.1675, 6.9396 ],
			"to": [ 6.6024, 5.759501, 7.2276 ],
			"faces": {
				"up": { "uv": [ 6.00125, 15.00124, 8.998751, 15.99876 ], "texture": "#black_candle_1" },
				"south": { "uv": [ 6.00125, 0.001249313, 9.998751, 15.99876 ], "texture": "#black_candle_1" },
				"west": { "uv": [ 11.00124, 0.001249313, 11.99876, 15.99876 ], "texture": "#black_candle_1" },
				"east": { "uv": [ 4.00125, 0.001249313, 4.99875, 15.99876 ], "texture": "#black_candle_1" }
			}
		},
		{
			"__comment": "Voxels",
			"from": [ 8.875, 0, 8.375 ],
			"to": [ 11.179, 0.5760002, 9.527 ],
			"faces": {
				"down": { "uv": [ 4.00125, 6.001251, 11.99876, 9.998751 ], "texture": "#black_candle_2", "cullface": "down" },
				"up": { "uv": [ 4.00125, 6.001251, 11.99876, 9.998751 ], "texture": "#black_candle_2" },
				"north": { "uv": [ 4.00125, 15.00124, 11.99876, 15.99876 ], "texture": "#black_candle_2" },
				"south": { "uv": [ 4.00125, 15.00124, 11.99876, 15.99876 ], "texture": "#black_candle_2" },
				"west": { "uv": [ 6.00125, 15.00124, 9.998751, 15.99876 ], "texture": "#black_candle_2" },
				"east": { "uv": [ 6.00125, 15.00124, 9.998751, 15.99876 ], "texture": "#black_candle_2" }
			}
		},
		{
			"__comment": "Voxels",
			"from": [ 9.1622, -0.0002, 8.0864 ],
			"to": [ 10.8902, 0.5758001, 8.3744 ],
			"faces": {
				"down": { "uv": [ 5.00125, 10.00124, 10.99876, 10.99876 ], "texture": "#black_candle_2", "cullface": "down" },
				"up": { "uv": [ 5.00125, 5.001251, 10.99876, 5.998749 ], "texture": "#black_candle_2" },
				"north": { "uv": [ 5.00125, 15.00124, 10.99876, 15.99876 ], "texture": "#black_candle_2" },
				"west": { "uv": [ 5.00125, 15.00124, 5.99875, 15.99876 ], "texture": "#black_candle_2" },
				"east": { "uv": [ 10.00124, 15.00124, 10.99876, 15.99876 ], "texture": "#black_candle_2" }
			}
		},
		{
			"__comment": "Voxels",
			"from": [ 9.1629, -0.0001, 9.526999 ],
			"to": [ 10.8909, 0.5759003, 9.815 ],
			"faces": {
				"down": { "uv": [ 5.00125, 5.001251, 10.99876, 5.998749 ], "texture": "#black_candle_2", "cullface": "down" },
				"up": { "uv": [ 5.00125, 10.00124, 10.99876, 10.99876 ], "texture": "#black_candle_2" },
				"south": { "uv": [ 5.00125, 15.00124, 10.99876, 15.99876 ], "texture": "#black_candle_2" },
				"west": { "uv": [ 10.00124, 15.00124, 10.99876, 15.99876 ], "texture": "#black_candle_2" },
				"east": { "uv": [ 5.00125, 15.00124, 5.99875, 15.99876 ], "texture": "#black_candle_2" }
			}
		},
		{
			"__comment": "Voxels",
			"from": [ 9.162, 0.5754, 8.3742 ],
			"to": [ 10.89, 0.8633997, 9.5262 ],
			"faces": {
				"up": { "uv": [ 5.00125, 6.001251, 10.99876, 9.998751 ], "texture": "#black_candle_2" },
				"north": { "uv": [ 5.00125, 14.00124, 10.99876, 14.99876 ], "texture": "#black_candle_2" },
				"south": { "uv": [ 5.00125, 14.00124, 10.99876, 14.99876 ], "texture": "#black_candle_2" },
				"west": { "uv": [ 6.00125, 14.00124, 9.998751, 14.99876 ], "texture": "#black_candle_2" },
				"east": { "uv": [ 6.00125, 14.00124, 9.998751, 14.99876 ], "texture": "#black_candle_2" }
			}
		},
		{
			"__comment": "Voxels",
			"from": [ 9.1612, 1.4386, 8.663 ],
			"to": [ 10.8892, 2.3026, 9.239 ],
			"faces": {
				"down": { "uv": [ 5.00125, 7.001251, 10.99876, 8.998751 ], "texture": "#black_candle_2" },
				"up": { "uv": [ 5.00125, 7.001251, 10.99876, 8.998751 ], "texture": "#black_candle_2" },
				"north": { "uv": [ 5.00125, 9.001249, 10.99876, 11.99876 ], "texture": "#black_candle_2" },
				"south": { "uv": [ 5.00125, 9.001249, 10.99876, 11.99876 ], "texture": "#black_candle_2" },
				"west": { "uv": [ 7.00125, 9.001249, 8.998751, 11.99876 ], "texture": "#black_candle_2" },
				"east": { "uv": [ 7.00125, 9.001249, 8.998751, 11.99876 ], "texture": "#black_candle_2" }
			}
		},
		{
			"__comment": "Voxels",
			"from": [ 9.1629, 1.7275, 8.3757 ],
			"to": [ 10.8909, 2.0155, 8.6637 ],
			"faces": {
				"down": { "uv": [ 5.00125, 9.001249, 10.99876, 9.998751 ], "texture": "#black_candle_2" },
				"up": { "uv": [ 5.00125, 6.001251, 10.99876, 6.998749 ], "texture": "#black_candle_2" },
				"north": { "uv": [ 5.00125, 10.00124, 10.99876, 10.99876 ], "texture": "#black_candle_2" },
				"west": { "uv": [ 6.00125, 10.00124, 6.99875, 10.99876 ], "texture": "#black_candle_2" },
				"east": { "uv": [ 9.001249, 10.00124, 9.998751, 10.99876 ], "texture": "#black_candle_2" }
			}
		},
		{
			"__comment": "Voxels",
			"from": [ 9.1619, 1.7275, 9.238999 ],
			"to": [ 10.8899, 2.0155, 9.526999 ],
			"faces": {
				"down": { "uv": [ 5.00125, 6.001251, 10.99876, 6.998749 ], "texture": "#black_candle_2" },
				"up": { "uv": [ 5.00125, 9.001249, 10.99876, 9.998751 ], "texture": "#black_candle_2" },
				"south": { "uv": [ 5.00125, 10.00124, 10.99876, 10.99876 ], "texture": "#black_candle_2" },
				"west": { "uv": [ 9.001249, 10.00124, 9.998751, 10.99876 ], "texture": "#black_candle_2" },
				"east": { "uv": [ 6.00125, 10.00124, 6.99875, 10.99876 ], "texture": "#black_candle_2" }
			}
		},
		{
			"__comment": "Voxels",
			"from": [ 8.7295, 2.8795, 8.374 ],
			"to": [ 11.3215, 3.1675, 9.526 ],
			"faces": {
				"down": { "uv": [ 3.50125, 6.001251, 12.49875, 9.998751 ], "texture": "#black_candle_2" },
				"up": { "uv": [ 3.50125, 6.001251, 12.49875, 9.998751 ], "texture": "#black_candle_2" },
				"north": { "uv": [ 3.50125, 6.001251, 12.49875, 6.998749 ], "texture": "#black_candle_2" },
				"south": { "uv": [ 3.50125, 6.001251, 12.49875, 6.998749 ], "texture": "#black_candle_2" },
				"west": { "uv": [ 6.00125, 6.001251, 9.998751, 6.998749 ], "texture": "#black_candle_2" },
				"east": { "uv": [ 6.00125, 6.001251, 9.998751, 6.998749 ], "texture": "#black_candle_2" }
			}
		},
		{
			"__comment": "Voxels",
			"from": [ 9.4501, -0.0005, 7.7979 ],
			"to": [ 10.6021, 0.5754998, 8.085899 ],
			"faces": {
				"down": { "uv": [ 6.00125, 11.00124, 9.998751, 11.99876 ], "texture": "#black_candle_2", "cullface": "down" },
				"up": { "uv": [ 6.00125, 4.001251, 9.998751, 4.998749 ], "texture": "#black_candle_2" },
				"north": { "uv": [ 6.00125, 15.00124, 9.998751, 15.99876 ], "texture": "#black_candle_2" },
				"west": { "uv": [ 4.00125, 15.00124, 4.99875, 15.99876 ], "texture": "#black_candle_2" },
				"east": { "uv": [ 11.00124, 15.00124, 11.99876, 15.99876 ], "texture": "#black_candle_2" }
			}
		},
		{
			"__comment": "Voxels",
			"from": [ 9.4508, -0.0013, 9.814899 ],
			"to": [ 10.6028, 0.5747003, 10.1029 ],
			"faces": {
				"down": { "uv": [ 6.00125, 4.001251, 9.998751, 4.998749 ], "texture": "#black_candle_2", "cullface": "down" },
				"up": { "uv": [ 6.00125, 11.00124, 9.998751, 11.99876 ], "texture": "#black_candle_2" },
				"south": { "uv": [ 6.00125, 15.00124, 9.998751, 15.99876 ], "texture": "#black_candle_2" },
				"west": { "uv": [ 11.00124, 15.00124, 11.99876, 15.99876 ], "texture": "#black_candle_2" },
				"east": { "uv": [ 4.00125, 15.00124, 4.99875, 15.99876 ], "texture": "#black_candle_2" }
			}
		},
		{
			"__comment": "Voxels",
			"from": [ 9.45, 0.5742, 8.086599 ],
			"to": [ 10.602, 0.8621998, 8.3746 ],
			"faces": {
				"up": { "uv": [ 6.00125, 5.001251, 9.998751, 5.998749 ], "texture": "#black_candle_2" },
				"north": { "uv": [ 6.00125, 14.00124, 9.998751, 14.99876 ], "texture": "#black_candle_2" },
				"west": { "uv": [ 5.00125, 14.00124, 5.99875, 14.99876 ], "texture": "#black_candle_2" },
				"east": { "uv": [ 10.00124, 14.00124, 10.99876, 14.99876 ], "texture": "#black_candle_2" }
			}
		},
		{
			"__comment": "Voxels",
			"from": [ 9.4509, 0.5757, 9.5274 ],
			"to": [ 10.6029, 0.8636999, 9.8154 ],
			"faces": {
				"up": { "uv": [ 6.00125, 10.00124, 9.998751, 10.99876 ], "texture": "#black_candle_2" },
				"south": { "uv": [ 6.00125, 14.00124, 9.998751, 14.99876 ], "texture": "#black_candle_2" },
				"west": { "uv": [ 10.00124, 14.00124, 10.99876, 14.99876 ], "texture": "#black_candle_2" },
				"east": { "uv": [ 5.00125, 14.00124, 5.99875, 14.99876 ], "texture": "#black_candle_2" }
			}
		},
		{
			"__comment": "Voxels",
			"from": [ 9.450399, 0.8631, 8.6628 ],
			"to": [ 10.6024, 1.4391, 9.2388 ],
			"faces": {
				"north": { "uv": [ 6.00125, 12.00124, 9.998751, 13.99876 ], "texture": "#black_candle_2" },
				"south": { "uv": [ 6.00125, 12.00124, 9.998751, 13.99876 ], "texture": "#black_candle_2" },
				"west": { "uv": [ 7.00125, 12.00124, 8.998751, 13.99876 ], "texture": "#black_candle_2" },
				"east": { "uv": [ 7.00125, 12.00124, 8.998751, 13.99876 ], "texture": "#black_candle_2" }
			}
		},
		{
			"__comment": "Voxels",
			"from": [ 9.449699, 1.4395, 8.374 ],
			"to": [ 10.6017, 1.727499, 8.662 ],
			"faces": {
				"down": { "uv": [ 6.00125, 9.001249, 9.998751, 9.998751 ], "texture": "#black_candle_2" },
				"north": { "uv": [ 6.00125, 11.00124, 9.998751, 11.99876 ], "texture": "#black_candle_2" },
				"west": { "uv": [ 6.00125, 11.00124, 6.99875, 11.99876 ], "texture": "#black_candle_2" },
				"east": { "uv": [ 9.001249, 11.00124, 9.998751, 11.99876 ], "texture": "#black_candle_2" }
			}
		},
		{
			"__comment": "Voxels",
			"from": [ 9.4506, 1.4401, 9.238 ],
			"to": [ 10.6026, 1.7281, 9.526 ],
			"faces": {
				"down": { "uv": [ 6.00125, 6.001251, 9.998751, 6.998749 ], "texture": "#black_candle_2" },
				"south": { "uv": [ 6.00125, 11.00124, 9.998751, 11.99876 ], "texture": "#black_candle_2" },
				"west": { "uv": [ 9.001249, 11.00124, 9.998751, 11.99876 ], "texture": "#black_candle_2" },
				"east": { "uv": [ 6.00125, 11.00124, 6.99875, 11.99876 ], "texture": "#black_candle_2" }
			}
		},
		{
			"__comment": "Voxels",
			"from": [ 9.4498, 1.7268, 8.0862 ],
			"to": [ 10.6018, 2.0148, 8.3742 ],
			"faces": {
				"down": { "uv": [ 6.00125, 10.00124, 9.998751, 10.99876 ], "texture": "#black_candle_2" },
				"up": { "uv": [ 6.00125, 5.001251, 9.998751, 5.998749 ], "texture": "#black_candle_2" },
				"north": { "uv": [ 6.00125, 10.00124, 9.998751, 10.99876 ], "texture": "#black_candle_2" },
				"west": { "uv": [ 5.00125, 10.00124, 5.99875, 10.99876 ], "texture": "#black_candle_2" },
				"east": { "uv": [ 10.00124, 10.00124, 10.99876, 10.99876 ], "texture": "#black_candle_2" }
			}
		},
		{
			"__comment": "Voxels",
			"from": [ 9.4493, 1.7272, 9.5267 ],
			"to": [ 10.6013, 2.0152, 9.8147 ],
			"faces": {
				"down": { "uv": [ 6.00125, 5.001251, 9.998751, 5.998749 ], "texture": "#black_candle_2" },
				"up": { "uv": [ 6.00125, 10.00124, 9.998751, 10.99876 ], "texture": "#black_candle_2" },
				"south": { "uv": [ 6.00125, 10.00124, 9.998751, 10.99876 ], "texture": "#black_candle_2" },
				"west": { "uv": [ 10.00124, 10.00124, 10.99876, 10.99876 ], "texture": "#black_candle_2" },
				"east": { "uv": [ 5.00125, 10.00124, 5.99875, 10.99876 ], "texture": "#black_candle_2" }
			}
		},
		{
			"__comment": "Voxels",
			"from": [ 9.4491, 2.0156, 8.3749 ],
			"to": [ 10.6011, 2.3036, 8.6629 ],
			"faces": {
				"up": { "uv": [ 6.00125, 6.001251, 9.998751, 6.998749 ], "texture": "#black_candle_2" },
				"north": { "uv": [ 6.00125, 9.001249, 9.998751, 9.998751 ], "texture": "#black_candle_2" },
				"west": { "uv": [ 6.00125, 9.001249, 6.99875, 9.998751 ], "texture": "#black_candle_2" },
				"east": { "uv": [ 9.001249, 9.001249, 9.998751, 9.998751 ], "texture": "#black_candle_2" }
			}
		},
		{
			"__comment": "Voxels",
			"from": [ 9.4492, 2.015, 9.238999 ],
			"to": [ 10.6012, 2.303, 9.526999 ],
			"faces": {
				"up": { "uv": [ 6.00125, 9.001249, 9.998751, 9.998751 ], "texture": "#black_candle_2" },
				"south": { "uv": [ 6.00125, 9.001249, 9.998751, 9.998751 ], "texture": "#black_candle_2" },
				"west": { "uv": [ 9.001249, 9.001249, 9.998751, 9.998751 ], "texture": "#black_candle_2" },
				"east": { "uv": [ 6.00125, 9.001249, 6.99875, 9.998751 ], "texture": "#black_candle_2" }
			}
		},
		{
			"__comment": "Voxels",
			"from": [ 9.449699, 2.3035, 8.6633 ],
			"to": [ 10.6017, 2.8795, 9.2393 ],
			"faces": {
				"north": { "uv": [ 6.00125, 7.001251, 9.998751, 8.998751 ], "texture": "#black_candle_2" },
				"south": { "uv": [ 6.00125, 7.001251, 9.998751, 8.998751 ], "texture": "#black_candle_2" },
				"west": { "uv": [ 7.00125, 7.001251, 8.998751, 8.998751 ], "texture": "#black_candle_2" },
				"east": { "uv": [ 7.00125, 7.001251, 8.998751, 8.998751 ], "texture": "#black_candle_2" }
			}
		},
		{
			"__comment": "Voxels",
			"from": [ 9.451, 2.8785, 7.6547 ],
			"to": [ 10.603, 3.1665, 8.3747 ],
			"faces": {
				"down": { "uv": [ 6.00125, 10.00124, 9.998751, 12.49876 ], "texture": "#black_candle_2" },
				"up": { "uv": [ 6.00125, 3.50125, 9.998751, 5.998749 ], "texture": "#black_candle_2" },
				"north": { "uv": [ 6.00125, 6.001251, 9.998751, 6.998749 ], "texture": "#black_candle_2" },
				"west": { "uv": [ 3.50125, 6.001251, 5.99875, 6.998749 ], "texture": "#black_candle_2" },
				"east": { "uv": [ 10.00124, 6.001251, 12.49876, 6.998749 ], "texture": "#black_candle_2" }
			}
		},
		{
			"__comment": "Voxels",
			"from": [ 9.4506, 2.8788, 9.5267 ],
			"to": [ 10.6026, 3.1668, 10.2467 ],
			"faces": {
				"down": { "uv": [ 6.00125, 3.50125, 9.998751, 5.998749 ], "texture": "#black_candle_2" },
				"up": { "uv": [ 6.00125, 10.00124, 9.998751, 12.49876 ], "texture": "#black_candle_2" },
				"south": { "uv": [ 6.00125, 6.001251, 9.998751, 6.998749 ], "texture": "#black_candle_2" },
				"west": { "uv": [ 10.00124, 6.001251, 12.49876, 6.998749 ], "texture": "#black_candle_2" },
				"east": { "uv": [ 3.50125, 6.001251, 5.99875, 6.998749 ], "texture": "#black_candle_2" }
			}
		},
		{
			"__comment": "Voxels",
			"from": [ 9.7375, 0.8624, 8.3754 ],
			"to": [ 10.3135, 1.4384, 8.6634 ],
			"faces": {
				"north": { "uv": [ 7.00125, 12.00124, 8.998751, 13.99876 ], "texture": "#black_candle_2" },
				"west": { "uv": [ 6.00125, 12.00124, 6.99875, 13.99876 ], "texture": "#black_candle_2" },
				"east": { "uv": [ 9.001249, 12.00124, 9.998751, 13.99876 ], "texture": "#black_candle_2" }
			}
		},
		{
			"__comment": "Voxels",
			"from": [ 9.7385, 0.8624, 9.2377 ],
			"to": [ 10.3145, 1.4384, 9.525698 ],
			"faces": {
				"south": { "uv": [ 7.00125, 12.00124, 8.998751, 13.99876 ], "texture": "#black_candle_2" },
				"west": { "uv": [ 9.001249, 12.00124, 9.998751, 13.99876 ], "texture": "#black_candle_2" },
				"east": { "uv": [ 6.00125, 12.00124, 6.99875, 13.99876 ], "texture": "#black_candle_2" }
			}
		},
		{
			"__comment": "Voxels",
			"from": [ 9.738999, 1.4391, 8.0863 ],
			"to": [ 10.315, 1.7271, 8.3743 ],
			"faces": {
				"down": { "uv": [ 7.00125, 10.00124, 8.998751, 10.99876 ], "texture": "#black_candle_2" },
				"north": { "uv": [ 7.00125, 11.00124, 8.998751, 11.99876 ], "texture": "#black_candle_2" },
				"west": { "uv": [ 5.00125, 11.00124, 5.99875, 11.99876 ], "texture": "#black_candle_2" },
				"east": { "uv": [ 10.00124, 11.00124, 10.99876, 11.99876 ], "texture": "#black_candle_2" }
			}
		},
		{
			"__comment": "Voxels",
			"from": [ 9.7375, 1.4396, 9.526299 ],
			"to": [ 10.3135, 1.7276, 9.8143 ],
			"faces": {
				"down": { "uv": [ 7.00125, 5.001251, 8.998751, 5.998749 ], "texture": "#black_candle_2" },
				"south": { "uv": [ 7.00125, 11.00124, 8.998751, 11.99876 ], "texture": "#black_candle_2" },
				"west": { "uv": [ 10.00124, 11.00124, 10.99876, 11.99876 ], "texture": "#black_candle_2" },
				"east": { "uv": [ 5.00125, 11.00124, 5.99875, 11.99876 ], "texture": "#black_candle_2" }
			}
		},
		{
			"__comment": "Voxels",
			"from": [ 9.7372, 2.0142, 8.0872 ],
			"to": [ 10.3132, 2.302199, 8.3752 ],
			"faces": {
				"up": { "uv": [ 7.00125, 5.001251, 8.998751, 5.998749 ], "texture": "#black_candle_2" },
				"north": { "uv": [ 7.00125, 9.001249, 8.998751, 9.998751 ], "texture": "#black_candle_2" },
				"west": { "uv": [ 5.00125, 9.001249, 5.99875, 9.998751 ], "texture": "#black_candle_2" },
				"east": { "uv": [ 10.00124, 9.001249, 10.99876, 9.998751 ], "texture": "#black_candle_2" }
			}
		},
		{
			"__comment": "Voxels",
			"from": [ 9.7379, 2.0149, 9.5265 ],
			"to": [ 10.3139, 2.3029, 9.8145 ],
			"faces": {
				"up": { "uv": [ 7.00125, 10.00124, 8.998751, 10.99876 ], "texture": "#black_candle_2" },
				"south": { "uv": [ 7.00125, 9.001249, 8.998751, 9.998751 ], "texture": "#black_candle_2" },
				"west": { "uv": [ 10.00124, 9.001249, 10.99876, 9.998751 ], "texture": "#black_candle_2" },
				"east": { "uv": [ 5.00125, 9.001249, 5.99875, 9.998751 ], "texture": "#black_candle_2" }
			}
		},
		{
			"__comment": "Voxels",
			"from": [ 9.7379, 2.3028, 8.3747 ],
			"to": [ 10.3139, 2.8788, 8.6627 ],
			"faces": {
				"north": { "uv": [ 7.00125, 7.001251, 8.998751, 8.998751 ], "texture": "#black_candle_2" },
				"west": { "uv": [ 6.00125, 7.001251, 6.99875, 8.998751 ], "texture": "#black_candle_2" },
				"east": { "uv": [ 9.001249, 7.001251, 9.998751, 8.998751 ], "texture": "#black_candle_2" }
			}
		},
		{
			"__comment": "Voxels",
			"from": [ 9.7385, 2.3038, 9.2387 ],
			"to": [ 10.3145, 2.8798, 9.5267 ],
			"faces": {
				"south": { "uv": [ 7.00125, 7.001251, 8.998751, 8.998751 ], "texture": "#black_candle_2" },
				"west": { "uv": [ 9.001249, 7.001251, 9.998751, 8.998751 ], "texture": "#black_candle_2" },
				"east": { "uv": [ 6.00125, 7.001251, 6.99875, 8.998751 ], "texture": "#black_candle_2" }
			}
		},
		{
			"__comment": "Voxels",
			"from": [ 9.0184, 2.8793, 7.942 ],
			"to": [ 9.450399, 3.1673, 8.374 ],
			"faces": {
				"down": { "uv": [ 4.50125, 10.00124, 5.99875, 11.49876 ], "texture": "#black_candle_2" },
				"up": { "uv": [ 4.50125, 4.501251, 5.99875, 5.998749 ], "texture": "#black_candle_2" },
				"north": { "uv": [ 10.00124, 6.001251, 11.49876, 6.998749 ], "texture": "#black_candle_2" },
				"west": { "uv": [ 4.50125, 6.001251, 5.99875, 6.998749 ], "texture": "#black_candle_2" }
			}
		},
		{
			"__comment": "Voxels",
			"from": [ 10.6018, 2.8803, 7.9422 ],
			"to": [ 11.0338, 3.1683, 8.374199 ],
			"faces": {
				"down": { "uv": [ 10.00124, 10.00124, 11.49876, 11.49876 ], "texture": "#black_candle_2" },
				"up": { "uv": [ 10.00124, 4.501251, 11.49876, 5.998749 ], "texture": "#black_candle_2" },
				"north": { "uv": [ 4.50125, 6.001251, 5.99875, 6.998749 ], "texture": "#black_candle_2" },
				"east": { "uv": [ 10.00124, 6.001251, 11.49876, 6.998749 ], "texture": "#black_candle_2" }
			}
		},
		{
			"__comment": "Voxels",
			"from": [ 10.6019, 2.8793, 9.5264 ],
			"to": [ 11.0339, 3.167299, 9.9584 ],
			"faces": {
				"down": { "uv": [ 10.00124, 4.501251, 11.49876, 5.998749 ], "texture": "#black_candle_2" },
				"up": { "uv": [ 10.00124, 10.00124, 11.49876, 11.49876 ], "texture": "#black_candle_2" },
				"south": { "uv": [ 10.00124, 6.001251, 11.49876, 6.998749 ], "texture": "#black_candle_2" },
				"east": { "uv": [ 4.50125, 6.001251, 5.99875, 6.998749 ], "texture": "#black_candle_2" }
			}
		},
		{
			"__comment": "Voxels",
			"from": [ 9.0175, 2.8786, 9.5267 ],
			"to": [ 9.4495, 3.166599, 9.958697 ],
			"faces": {
				"down": { "uv": [ 4.50125, 4.501251, 5.99875, 5.998749 ], "texture": "#black_candle_2" },
				"up": { "uv": [ 4.50125, 10.00124, 5.99875, 11.49876 ], "texture": "#black_candle_2" },
				"south": { "uv": [ 4.50125, 6.001251, 5.99875, 6.998749 ], "texture": "#black_candle_2" },
				"west": { "uv": [ 10.00124, 6.001251, 11.49876, 6.998749 ], "texture": "#black_candle_2" }
			}
		},
		{
			"__comment": "Box43",
			"from": [ 9.8941, 5.7587, 8.8541 ],
			"to": [ 10.1341, 5.9987, 9.0941 ],
			"faces": {
				"up": { "uv": [ 7.75125, 7.751251, 8.248751, 8.248751 ], "texture": "#black_candle_3" },
				"north": { "uv": [ 7.75125, 3.50125, 8.248751, 3.99875 ], "texture": "#black_candle_3" },
				"south": { "uv": [ 7.75125, 3.50125, 8.248751, 3.99875 ], "texture": "#black_candle_3" },
				"west": { "uv": [ 7.75125, 3.50125, 8.248751, 3.99875 ], "texture": "#black_candle_3" },
				"east": { "uv": [ 7.75125, 3.50125, 8.248751, 3.99875 ], "texture": "#black_candle_3" }
			}
		},
		{
			"__comment": "candle7",
			"from": [ 8.8737, 3.1669, 8.3751 ],
			"to": [ 11.1777, 5.7589, 9.5271 ],
			"faces": {
				"up": { "uv": [ 4.00125, 12.00124, 11.99876, 13.99876 ], "texture": "#black_candle_1" },
				"north": { "uv": [ 4.00125, 0.001249313, 11.99876, 15.99876 ], "texture": "#black_candle_1" },
				"south": { "uv": [ 4.00125, 0.001249313, 11.99876, 15.99876 ], "texture": "#black_candle_1" },
				"west": { "uv": [ 6.00125, 0.001249313, 9.998751, 15.99876 ], "texture": "#black_candle_1" },
				"east": { "uv": [ 6.00125, 0.001249313, 9.998751, 15.99876 ], "texture": "#black_candle_1" }
			}
		},
		{
			"__comment": "candle5",
			"from": [ 9.161799, 3.1673, 8.085899 ],
			"to": [ 10.8898, 5.759298, 8.373899 ],
			"faces": {
				"down": { "uv": [ 4.00125, 9.501249, 11.99876, 15.99876 ], "texture": "#black_candle_1" },
				"up": { "uv": [ 5.00125, 11.00124, 10.99876, 11.99876 ], "texture": "#black_candle_1" },
				"north": { "uv": [ 5.00125, 0.001249313, 10.99876, 15.99876 ], "texture": "#black_candle_1" },
				"west": { "uv": [ 5.00125, 0.001249313, 5.99875, 15.99876 ], "texture": "#black_candle_1" },
				"east": { "uv": [ 10.00124, 0.001249313, 10.99876, 15.99876 ], "texture": "#black_candle_1" }
			}
		},
		{
			"__comment": "candle6",
			"from": [ 9.1612, 3.1668, 9.526899 ],
			"to": [ 10.8892, 5.758801, 9.814899 ],
			"faces": {
				"down": { "uv": [ 4.00125, 9.501249, 11.99876, 15.99876 ], "texture": "#black_candle_1" },
				"up": { "uv": [ 5.00125, 14.00124, 10.99876, 14.99876 ], "texture": "#black_candle_1" },
				"south": { "uv": [ 5.00125, 0.001249313, 10.99876, 15.99876 ], "texture": "#black_candle_1" },
				"west": { "uv": [ 10.00124, 0.001249313, 10.99876, 15.99876 ], "texture": "#black_candle_1" },
				"east": { "uv": [ 5.00125, 0.001249313, 5.99875, 15.99876 ], "texture": "#black_candle_1" }
			}
		},
		{
			"__comment": "candle4",
			"from": [ 9.4496, 3.1665, 7.7992 ],
			"to": [ 10.6016, 5.7585, 8.087198 ],
			"faces": {
				"up": { "uv": [ 6.00125, 10.00124, 8.998751, 10.99876 ], "texture": "#black_candle_1" },
				"north": { "uv": [ 6.00125, 0.001249313, 9.998751, 15.99876 ], "texture": "#black_candle_1" },
				"west": { "uv": [ 4.00125, 0.001249313, 4.99875, 15.99876 ], "texture": "#black_candle_1" },
				"east": { "uv": [ 11.00124, 0.001249313, 11.99876, 15.99876 ], "texture": "#black_candle_1" }
			}
		},
		{
			"__comment": "candle",
			"from": [ 9.450399, 3.1675, 9.8146 ],
			"to": [ 10.6024, 5.759501, 10.1026 ],
			"faces": {
				"up": { "uv": [ 6.00125, 15.00124, 8.998751, 15.99876 ], "texture": "#black_candle_1" },
				"south": { "uv": [ 6.00125, 0.001249313, 9.998751, 15.99876 ], "texture": "#black_candle_1" },
				"west": { "uv": [ 11.00124, 0.001249313, 11.99876, 15.99876 ], "texture": "#black_candle_1" },
				"east": { "uv": [ 4.00125, 0.001249313, 4.99875, 15.99876 ], "texture": "#black_candle_1" }
			}
		},
		{
			"__comment": "Voxels",
			"from": [ 6.125, 0, 8.625 ],
			"to": [ 7.737799, 0.4032001, 9.4314 ],
			"faces": {
				"down": { "uv": [ 4.00125, 6.001251, 11.99876, 9.998751 ], "texture": "#black_candle_2", "cullface": "down" },
				"up": { "uv": [ 4.00125, 6.001251, 11.99876, 9.998751 ], "texture": "#black_candle_2" },
				"north": { "uv": [ 4.00125, 15.00124, 11.99876, 15.99876 ], "texture": "#black_candle_2" },
				"south": { "uv": [ 4.00125, 15.00124, 11.99876, 15.99876 ], "texture": "#black_candle_2" },
				"west": { "uv": [ 6.00125, 15.00124, 9.998751, 15.99876 ], "texture": "#black_candle_2" },
				"east": { "uv": [ 6.00125, 15.00124, 9.998751, 15.99876 ], "texture": "#black_candle_2" }
			}
		},
		{
			"__comment": "Voxels",
			"from": [ 6.326, -0.0001, 8.422999 ],
			"to": [ 7.5356, 0.4031, 8.624599 ],
			"faces": {
				"down": { "uv": [ 5.00125, 10.00124, 10.99876, 10.99876 ], "texture": "#black_candle_2", "cullface": "down" },
				"up": { "uv": [ 5.00125, 5.001251, 10.99876, 5.998749 ], "texture": "#black_candle_2" },
				"north": { "uv": [ 5.00125, 15.00124, 10.99876, 15.99876 ], "texture": "#black_candle_2" },
				"west": { "uv": [ 5.00125, 15.00124, 5.99875, 15.99876 ], "texture": "#black_candle_2" },
				"east": { "uv": [ 10.00124, 15.00124, 10.99876, 15.99876 ], "texture": "#black_candle_2" }
			}
		},
		{
			"__comment": "Voxels",
			"from": [ 6.3265, -0.0001, 9.431399 ],
			"to": [ 7.5361, 0.4031002, 9.632999 ],
			"faces": {
				"down": { "uv": [ 5.00125, 5.001251, 10.99876, 5.998749 ], "texture": "#black_candle_2", "cullface": "down" },
				"up": { "uv": [ 5.00125, 10.00124, 10.99876, 10.99876 ], "texture": "#black_candle_2" },
				"south": { "uv": [ 5.00125, 15.00124, 10.99876, 15.99876 ], "texture": "#black_candle_2" },
				"west": { "uv": [ 10.00124, 15.00124, 10.99876, 15.99876 ], "texture": "#black_candle_2" },
				"east": { "uv": [ 5.00125, 15.00124, 5.99875, 15.99876 ], "texture": "#black_candle_2" }
			}
		},
		{
			"__comment": "Voxels",
			"from": [ 6.3259, 0.4028, 8.6244 ],
			"to": [ 7.535501, 0.6043998, 9.4308 ],
			"faces": {
				"up": { "uv": [ 5.00125, 6.001251, 10.99876, 9.998751 ], "texture": "#black_candle_2" },
				"north": { "uv": [ 5.00125, 14.00124, 10.99876, 14.99876 ], "texture": "#black_candle_2" },
				"south": { "uv": [ 5.00125, 14.00124, 10.99876, 14.99876 ], "texture": "#black_candle_2" },
				"west": { "uv": [ 6.00125, 14.00124, 9.998751, 14.99876 ], "texture": "#black_candle_2" },
				"east": { "uv": [ 6.00125, 14.00124, 9.998751, 14.99876 ], "texture": "#black_candle_2" }
			}
		},
		{
			"__comment": "Voxels",
			"from": [ 6.3254, 1.007, 8.8266 ],
			"to": [ 7.535, 1.6118, 9.2298 ],
			"faces": {
				"down": { "uv": [ 5.00125, 7.001251, 10.99876, 8.998751 ], "texture": "#black_candle_2" },
				"up": { "uv": [ 5.00125, 7.001251, 10.99876, 8.998751 ], "texture": "#black_candle_2" },
				"north": { "uv": [ 5.00125, 9.001249, 10.99876, 11.99876 ], "texture": "#black_candle_2" },
				"south": { "uv": [ 5.00125, 9.001249, 10.99876, 11.99876 ], "texture": "#black_candle_2" },
				"west": { "uv": [ 7.00125, 9.001249, 8.998751, 11.99876 ], "texture": "#black_candle_2" },
				"east": { "uv": [ 7.00125, 9.001249, 8.998751, 11.99876 ], "texture": "#black_candle_2" }
			}
		},
		{
			"__comment": "Voxels",
			"from": [ 6.3265, 1.2092, 8.6255 ],
			"to": [ 7.5361, 1.4108, 8.8271 ],
			"faces": {
				"down": { "uv": [ 5.00125, 9.001249, 10.99876, 9.998751 ], "texture": "#black_candle_2" },
				"up": { "uv": [ 5.00125, 6.001251, 10.99876, 6.998749 ], "texture": "#black_candle_2" },
				"north": { "uv": [ 5.00125, 10.00124, 10.99876, 10.99876 ], "texture": "#black_candle_2" },
				"west": { "uv": [ 6.00125, 10.00124, 6.99875, 10.99876 ], "texture": "#black_candle_2" },
				"east": { "uv": [ 9.001249, 10.00124, 9.998751, 10.99876 ], "texture": "#black_candle_2" }
			}
		},
		{
			"__comment": "Voxels",
			"from": [ 6.3258, 1.2092, 9.2298 ],
			"to": [ 7.5354, 1.4108, 9.4314 ],
			"faces": {
				"down": { "uv": [ 5.00125, 6.001251, 10.99876, 6.998749 ], "texture": "#black_candle_2" },
				"up": { "uv": [ 5.00125, 9.001249, 10.99876, 9.998751 ], "texture": "#black_candle_2" },
				"south": { "uv": [ 5.00125, 10.00124, 10.99876, 10.99876 ], "texture": "#black_candle_2" },
				"west": { "uv": [ 9.001249, 10.00124, 9.998751, 10.99876 ], "texture": "#black_candle_2" },
				"east": { "uv": [ 6.00125, 10.00124, 6.99875, 10.99876 ], "texture": "#black_candle_2" }
			}
		},
		{
			"__comment": "Voxels",
			"from": [ 6.0232, 2.0156, 8.6243 ],
			"to": [ 7.837599, 2.2172, 9.4307 ],
			"faces": {
				"down": { "uv": [ 3.50125, 6.001251, 12.49875, 9.998751 ], "texture": "#black_candle_2" },
				"up": { "uv": [ 3.50125, 6.001251, 12.49875, 9.998751 ], "texture": "#black_candle_2" },
				"north": { "uv": [ 3.50125, 6.001251, 12.49875, 6.998749 ], "texture": "#black_candle_2" },
				"south": { "uv": [ 3.50125, 6.001251, 12.49875, 6.998749 ], "texture": "#black_candle_2" },
				"west": { "uv": [ 6.00125, 6.001251, 9.998751, 6.998749 ], "texture": "#black_candle_2" },
				"east": { "uv": [ 6.00125, 6.001251, 9.998751, 6.998749 ], "texture": "#black_candle_2" }
			}
		},
		{
			"__comment": "Voxels",
			"from": [ 6.5276, -0.0003, 8.221 ],
			"to": [ 7.334, 0.4028999, 8.4226 ],
			"faces": {
				"down": { "uv": [ 6.00125, 11.00124, 9.998751, 11.99876 ], "texture": "#black_candle_2", "cullface": "down" },
				"up": { "uv": [ 6.00125, 4.001251, 9.998751, 4.998749 ], "texture": "#black_candle_2" },
				"north": { "uv": [ 6.00125, 15.00124, 9.998751, 15.99876 ], "texture": "#black_candle_2" },
				"west": { "uv": [ 4.00125, 15.00124, 4.99875, 15.99876 ], "texture": "#black_candle_2" },
				"east": { "uv": [ 11.00124, 15.00124, 11.99876, 15.99876 ], "texture": "#black_candle_2" }
			}
		},
		{
			"__comment": "Voxels",
			"from": [ 6.528, -0.0009, 9.632899 ],
			"to": [ 7.3344, 0.4023002, 9.834499 ],
			"faces": {
				"down": { "uv": [ 6.00125, 4.001251, 9.998751, 4.998749 ], "texture": "#black_candle_2", "cullface": "down" },
				"up": { "uv": [ 6.00125, 11.00124, 9.998751, 11.99876 ], "texture": "#black_candle_2" },
				"south": { "uv": [ 6.00125, 15.00124, 9.998751, 15.99876 ], "texture": "#black_candle_2" },
				"west": { "uv": [ 11.00124, 15.00124, 11.99876, 15.99876 ], "texture": "#black_candle_2" },
				"east": { "uv": [ 4.00125, 15.00124, 4.99875, 15.99876 ], "texture": "#black_candle_2" }
			}
		},
		{
			"__comment": "Voxels",
			"from": [ 6.5275, 0.402, 8.4231 ],
			"to": [ 7.333899, 0.6035998, 8.624699 ],
			"faces": {
				"up": { "uv": [ 6.00125, 5.001251, 9.998751, 5.998749 ], "texture": "#black_candle_2" },
				"north": { "uv": [ 6.00125, 14.00124, 9.998751, 14.99876 ], "texture": "#black_candle_2" },
				"west": { "uv": [ 5.00125, 14.00124, 5.99875, 14.99876 ], "texture": "#black_candle_2" },
				"east": { "uv": [ 10.00124, 14.00124, 10.99876, 14.99876 ], "texture": "#black_candle_2" }
			}
		},
		{
			"__comment": "Voxels",
			"from": [ 6.5282, 0.403, 9.4317 ],
			"to": [ 7.334599, 0.6046, 9.6333 ],
			"faces": {
				"up": { "uv": [ 6.00125, 10.00124, 9.998751, 10.99876 ], "texture": "#black_candle_2" },
				"south": { "uv": [ 6.00125, 14.00124, 9.998751, 14.99876 ], "texture": "#black_candle_2" },
				"west": { "uv": [ 10.00124, 14.00124, 10.99876, 14.99876 ], "texture": "#black_candle_2" },
				"east": { "uv": [ 5.00125, 14.00124, 5.99875, 14.99876 ], "texture": "#black_candle_2" }
			}
		},
		{
			"__comment": "Voxels",
			"from": [ 6.5278, 0.6042, 8.8265 ],
			"to": [ 7.334198, 1.0074, 9.2297 ],
			"faces": {
				"north": { "uv": [ 6.00125, 12.00124, 9.998751, 13.99876 ], "texture": "#black_candle_2" },
				"south": { "uv": [ 6.00125, 12.00124, 9.998751, 13.99876 ], "texture": "#black_candle_2" },
				"west": { "uv": [ 7.00125, 12.00124, 8.998751, 13.99876 ], "texture": "#black_candle_2" },
				"east": { "uv": [ 7.00125, 12.00124, 8.998751, 13.99876 ], "texture": "#black_candle_2" }
			}
		},
		{
			"__comment": "Voxels",
			"from": [ 6.5273, 1.0077, 8.6243 ],
			"to": [ 7.3337, 1.209299, 8.8259 ],
			"faces": {
				"down": { "uv": [ 6.00125, 9.001249, 9.998751, 9.998751 ], "texture": "#black_candle_2" },
				"north": { "uv": [ 6.00125, 11.00124, 9.998751, 11.99876 ], "texture": "#black_candle_2" },
				"west": { "uv": [ 6.00125, 11.00124, 6.99875, 11.99876 ], "texture": "#black_candle_2" },
				"east": { "uv": [ 9.001249, 11.00124, 9.998751, 11.99876 ], "texture": "#black_candle_2" }
			}
		},
		{
			"__comment": "Voxels",
			"from": [ 6.5279, 1.0081, 9.2291 ],
			"to": [ 7.3343, 1.2097, 9.4307 ],
			"faces": {
				"down": { "uv": [ 6.00125, 6.001251, 9.998751, 6.998749 ], "texture": "#black_candle_2" },
				"south": { "uv": [ 6.00125, 11.00124, 9.998751, 11.99876 ], "texture": "#black_candle_2" },
				"west": { "uv": [ 9.001249, 11.00124, 9.998751, 11.99876 ], "texture": "#black_candle_2" },
				"east": { "uv": [ 6.00125, 11.00124, 6.99875, 11.99876 ], "texture": "#black_candle_2" }
			}
		},
		{
			"__comment": "Voxels",
			"from": [ 6.5274, 1.2087, 8.4228 ],
			"to": [ 7.3338, 1.4103, 8.6244 ],
			"faces": {
				"down": { "uv": [ 6.00125, 10.00124, 9.998751, 10.99876 ], "texture": "#black_candle_2" },
				"up": { "uv": [ 6.00125, 5.001251, 9.998751, 5.998749 ], "texture": "#black_candle_2" },
				"north": { "uv": [ 6.00125, 10.00124, 9.998751, 10.99876 ], "texture": "#black_candle_2" },
				"west": { "uv": [ 5.00125, 10.00124, 5.99875, 10.99876 ], "texture": "#black_candle_2" },
				"east": { "uv": [ 10.00124, 10.00124, 10.99876, 10.99876 ], "texture": "#black_candle_2" }
			}
		},
		{
			"__comment": "Voxels",
			"from": [ 6.527, 1.209, 9.4312 ],
			"to": [ 7.3334, 1.4106, 9.6328 ],
			"faces": {
				"down": { "uv": [ 6.00125, 5.001251, 9.998751, 5.998749 ], "texture": "#black_candle_2" },
				"up": { "uv": [ 6.00125, 10.00124, 9.998751, 10.99876 ], "texture": "#black_candle_2" },
				"south": { "uv": [ 6.00125, 10.00124, 9.998751, 10.99876 ], "texture": "#black_candle_2" },
				"west": { "uv": [ 10.00124, 10.00124, 10.99876, 10.99876 ], "texture": "#black_candle_2" },
				"east": { "uv": [ 5.00125, 10.00124, 5.99875, 10.99876 ], "texture": "#black_candle_2" }
			}
		},
		{
			"__comment": "Voxels",
			"from": [ 6.5269, 1.4109, 8.6249 ],
			"to": [ 7.3333, 1.6125, 8.8265 ],
			"faces": {
				"up": { "uv": [ 6.00125, 6.001251, 9.998751, 6.998749 ], "texture": "#black_candle_2" },
				"north": { "uv": [ 6.00125, 9.001249, 9.998751, 9.998751 ], "texture": "#black_candle_2" },
				"west": { "uv": [ 6.00125, 9.001249, 6.99875, 9.998751 ], "texture": "#black_candle_2" },
				"east": { "uv": [ 9.001249, 9.001249, 9.998751, 9.998751 ], "texture": "#black_candle_2" }
			}
		},
		{
			"__comment": "Voxels",
			"from": [ 6.5269, 1.4105, 9.2298 ],
			"to": [ 7.3333, 1.6121, 9.4314 ],
			"faces": {
				"up": { "uv": [ 6.00125, 9.001249, 9.998751, 9.998751 ], "texture": "#black_candle_2" },
				"south": { "uv": [ 6.00125, 9.001249, 9.998751, 9.998751 ], "texture": "#black_candle_2" },
				"west": { "uv": [ 9.001249, 9.001249, 9.998751, 9.998751 ], "texture": "#black_candle_2" },
				"east": { "uv": [ 6.00125, 9.001249, 6.99875, 9.998751 ], "texture": "#black_candle_2" }
			}
		},
		{
			"__comment": "Voxels",
			"from": [ 6.5273, 1.6125, 8.826799 ],
			"to": [ 7.3337, 2.0157, 9.23 ],
			"faces": {
				"north": { "uv": [ 6.00125, 7.001251, 9.998751, 8.998751 ], "texture": "#black_candle_2" },
				"south": { "uv": [ 6.00125, 7.001251, 9.998751, 8.998751 ], "texture": "#black_candle_2" },
				"west": { "uv": [ 7.00125, 7.001251, 8.998751, 8.998751 ], "texture": "#black_candle_2" },
				"east": { "uv": [ 7.00125, 7.001251, 8.998751, 8.998751 ], "texture": "#black_candle_2" }
			}
		},
		{
			"__comment": "Voxels",
			"from": [ 6.5282, 2.0149, 8.1208 ],
			"to": [ 7.334599, 2.2165, 8.6248 ],
			"faces": {
				"down": { "uv": [ 6.00125, 10.00124, 9.998751, 12.49876 ], "texture": "#black_candle_2" },
				"up": { "uv": [ 6.00125, 3.50125, 9.998751, 5.998749 ], "texture": "#black_candle_2" },
				"north": { "uv": [ 6.00125, 6.001251, 9.998751, 6.998749 ], "texture": "#black_candle_2" },
				"west": { "uv": [ 3.50125, 6.001251, 5.99875, 6.998749 ], "texture": "#black_candle_2" },
				"east": { "uv": [ 10.00124, 6.001251, 12.49876, 6.998749 ], "texture": "#black_candle_2" }
			}
		},
		{
			"__comment": "Voxels",
			"from": [ 6.5279, 2.0151, 9.4312 ],
			"to": [ 7.3343, 2.2167, 9.9352 ],
			"faces": {
				"down": { "uv": [ 6.00125, 3.50125, 9.998751, 5.998749 ], "texture": "#black_candle_2" },
				"up": { "uv": [ 6.00125, 10.00124, 9.998751, 12.49876 ], "texture": "#black_candle_2" },
				"south": { "uv": [ 6.00125, 6.001251, 9.998751, 6.998749 ], "texture": "#black_candle_2" },
				"west": { "uv": [ 10.00124, 6.001251, 12.49876, 6.998749 ], "texture": "#black_candle_2" },
				"east": { "uv": [ 3.50125, 6.001251, 5.99875, 6.998749 ], "texture": "#black_candle_2" }
			}
		},
		{
			"__comment": "Voxels",
			"from": [ 6.7287, 0.6037, 8.625299 ],
			"to": [ 7.131897, 1.0069, 8.8269 ],
			"faces": {
				"north": { "uv": [ 7.00125, 12.00124, 8.998751, 13.99876 ], "texture": "#black_candle_2" },
				"west": { "uv": [ 6.00125, 12.00124, 6.99875, 13.99876 ], "texture": "#black_candle_2" },
				"east": { "uv": [ 9.001249, 12.00124, 9.998751, 13.99876 ], "texture": "#black_candle_2" }
			}
		},
		{
			"__comment": "Voxels",
			"from": [ 6.7294, 0.6037, 9.2289 ],
			"to": [ 7.132597, 1.0069, 9.4305 ],
			"faces": {
				"south": { "uv": [ 7.00125, 12.00124, 8.998751, 13.99876 ], "texture": "#black_candle_2" },
				"west": { "uv": [ 9.001249, 12.00124, 9.998751, 13.99876 ], "texture": "#black_candle_2" },
				"east": { "uv": [ 6.00125, 12.00124, 6.99875, 13.99876 ], "texture": "#black_candle_2" }
			}
		},
		{
			"__comment": "Voxels",
			"from": [ 6.7298, 1.0074, 8.4229 ],
			"to": [ 7.132998, 1.209, 8.6245 ],
			"faces": {
				"down": { "uv": [ 7.00125, 10.00124, 8.998751, 10.99876 ], "texture": "#black_candle_2" },
				"north": { "uv": [ 7.00125, 11.00124, 8.998751, 11.99876 ], "texture": "#black_candle_2" },
				"west": { "uv": [ 5.00125, 11.00124, 5.99875, 11.99876 ], "texture": "#black_candle_2" },
				"east": { "uv": [ 10.00124, 11.00124, 10.99876, 11.99876 ], "texture": "#black_candle_2" }
			}
		},
		{
			"__comment": "Voxels",
			"from": [ 6.7287, 1.0077, 9.4309 ],
			"to": [ 7.131898, 1.2093, 9.6325 ],
			"faces": {
				"down": { "uv": [ 7.00125, 5.001251, 8.998751, 5.998749 ], "texture": "#black_candle_2" },
				"south": { "uv": [ 7.00125, 11.00124, 8.998751, 11.99876 ], "texture": "#black_candle_2" },
				"west": { "uv": [ 10.00124, 11.00124, 10.99876, 11.99876 ], "texture": "#black_candle_2" },
				"east": { "uv": [ 5.00125, 11.00124, 5.99875, 11.99876 ], "texture": "#black_candle_2" }
			}
		},
		{
			"__comment": "Voxels",
			"from": [ 6.7285, 1.4099, 8.4235 ],
			"to": [ 7.1317, 1.611499, 8.6251 ],
			"faces": {
				"up": { "uv": [ 7.00125, 5.001251, 8.998751, 5.998749 ], "texture": "#black_candle_2" },
				"north": { "uv": [ 7.00125, 9.001249, 8.998751, 9.998751 ], "texture": "#black_candle_2" },
				"west": { "uv": [ 5.00125, 9.001249, 5.99875, 9.998751 ], "texture": "#black_candle_2" },
				"east": { "uv": [ 10.00124, 9.001249, 10.99876, 9.998751 ], "texture": "#black_candle_2" }
			}
		},
		{
			"__comment": "Voxels",
			"from": [ 6.729, 1.4105, 9.4311 ],
			"to": [ 7.132197, 1.6121, 9.6327 ],
			"faces": {
				"up": { "uv": [ 7.00125, 10.00124, 8.998751, 10.99876 ], "texture": "#black_candle_2" },
				"south": { "uv": [ 7.00125, 9.001249, 8.998751, 9.998751 ], "texture": "#black_candle_2" },
				"west": { "uv": [ 10.00124, 9.001249, 10.99876, 9.998751 ], "texture": "#black_candle_2" },
				"east": { "uv": [ 5.00125, 9.001249, 5.99875, 9.998751 ], "texture": "#black_candle_2" }
			}
		},
		{
			"__comment": "Voxels",
			"from": [ 6.7291, 1.612, 8.6248 ],
			"to": [ 7.132298, 2.0152, 8.8264 ],
			"faces": {
				"north": { "uv": [ 7.00125, 7.001251, 8.998751, 8.998751 ], "texture": "#black_candle_2" },
				"west": { "uv": [ 6.00125, 7.001251, 6.99875, 8.998751 ], "texture": "#black_candle_2" },
				"east": { "uv": [ 9.001249, 7.001251, 9.998751, 8.998751 ], "texture": "#black_candle_2" }
			}
		},
		{
			"__comment": "Voxels",
			"from": [ 6.7295, 1.6127, 9.2296 ],
			"to": [ 7.1327, 2.0159, 9.4312 ],
			"faces": {
				"south": { "uv": [ 7.00125, 7.001251, 8.998751, 8.998751 ], "texture": "#black_candle_2" },
				"west": { "uv": [ 9.001249, 7.001251, 9.998751, 8.998751 ], "texture": "#black_candle_2" },
				"east": { "uv": [ 6.00125, 7.001251, 6.99875, 8.998751 ], "texture": "#black_candle_2" }
			}
		},
		{
			"__comment": "Voxels",
			"from": [ 6.2254, 2.0155, 8.321899 ],
			"to": [ 6.5278, 2.2171, 8.624299 ],
			"faces": {
				"down": { "uv": [ 4.50125, 10.00124, 5.99875, 11.49876 ], "texture": "#black_candle_2" },
				"up": { "uv": [ 4.50125, 4.501251, 5.99875, 5.998749 ], "texture": "#black_candle_2" },
				"north": { "uv": [ 10.00124, 6.001251, 11.49876, 6.998749 ], "texture": "#black_candle_2" },
				"west": { "uv": [ 4.50125, 6.001251, 5.99875, 6.998749 ], "texture": "#black_candle_2" }
			}
		},
		{
			"__comment": "Voxels",
			"from": [ 7.3338, 2.0162, 8.322 ],
			"to": [ 7.636199, 2.2178, 8.624399 ],
			"faces": {
				"down": { "uv": [ 10.00124, 10.00124, 11.49876, 11.49876 ], "texture": "#black_candle_2" },
				"up": { "uv": [ 10.00124, 4.501251, 11.49876, 5.998749 ], "texture": "#black_candle_2" },
				"north": { "uv": [ 4.50125, 6.001251, 5.99875, 6.998749 ], "texture": "#black_candle_2" },
				"east": { "uv": [ 10.00124, 6.001251, 11.49876, 6.998749 ], "texture": "#black_candle_2" }
			}
		},
		{
			"__comment": "Voxels",
			"from": [ 7.3338, 2.0155, 9.431 ],
			"to": [ 7.636198, 2.217099, 9.733399 ],
			"faces": {
				"down": { "uv": [ 10.00124, 4.501251, 11.49876, 5.998749 ], "texture": "#black_candle_2" },
				"up": { "uv": [ 10.00124, 10.00124, 11.49876, 11.49876 ], "texture": "#black_candle_2" },
				"south": { "uv": [ 10.00124, 6.001251, 11.49876, 6.998749 ], "texture": "#black_candle_2" },
				"east": { "uv": [ 4.50125, 6.001251, 5.99875, 6.998749 ], "texture": "#black_candle_2" }
			}
		},
		{
			"__comment": "Voxels",
			"from": [ 6.2247, 2.015, 9.4312 ],
			"to": [ 6.5271, 2.216599, 9.733599 ],
			"faces": {
				"down": { "uv": [ 4.50125, 4.501251, 5.99875, 5.998749 ], "texture": "#black_candle_2" },
				"up": { "uv": [ 4.50125, 10.00124, 5.99875, 11.49876 ], "texture": "#black_candle_2" },
				"south": { "uv": [ 4.50125, 6.001251, 5.99875, 6.998749 ], "texture": "#black_candle_2" },
				"west": { "uv": [ 10.00124, 6.001251, 11.49876, 6.998749 ], "texture": "#black_candle_2" }
			}
		},
		{
			"__comment": "Box43",
			"from": [ 6.8384, 4.0311, 8.960299 ],
			"to": [ 7.0064, 4.1991, 9.128302 ],
			"faces": {
				"up": { "uv": [ 7.75125, 7.751251, 8.248751, 8.248751 ], "texture": "#black_candle_3" },
				"north": { "uv": [ 7.75125, 3.50125, 8.248751, 3.99875 ], "texture": "#black_candle_3" },
				"south": { "uv": [ 7.75125, 3.50125, 8.248751, 3.99875 ], "texture": "#black_candle_3" },
				"west": { "uv": [ 7.75125, 3.50125, 8.248751, 3.99875 ], "texture": "#black_candle_3" },
				"east": { "uv": [ 7.75125, 3.50125, 8.248751, 3.99875 ], "texture": "#black_candle_3" }
			}
		},
		{
			"__comment": "candle7",
			"from": [ 6.1241, 2.2168, 8.6251 ],
			"to": [ 7.736897, 4.0312, 9.431499 ],
			"faces": {
				"up": { "uv": [ 4.00125, 12.00124, 11.99876, 13.99876 ], "texture": "#black_candle_1" },
				"north": { "uv": [ 4.00125, 0.001249313, 11.99876, 15.99876 ], "texture": "#black_candle_1" },
				"south": { "uv": [ 4.00125, 0.001249313, 11.99876, 15.99876 ], "texture": "#black_candle_1" },
				"west": { "uv": [ 6.00125, 0.001249313, 9.998751, 15.99876 ], "texture": "#black_candle_1" },
				"east": { "uv": [ 6.00125, 0.001249313, 9.998751, 15.99876 ], "texture": "#black_candle_1" }
			}
		},
		{
			"__comment": "candle5",
			"from": [ 6.3258, 2.2171, 8.4226 ],
			"to": [ 7.5354, 4.031499, 8.6242 ],
			"faces": {
				"down": { "uv": [ 4.00125, 9.501249, 11.99876, 15.99876 ], "texture": "#black_candle_1" },
				"up": { "uv": [ 5.00125, 11.00124, 10.99876, 11.99876 ], "texture": "#black_candle_1" },
				"north": { "uv": [ 5.00125, 0.001249313, 10.99876, 15.99876 ], "texture": "#black_candle_1" },
				"west": { "uv": [ 5.00125, 0.001249313, 5.99875, 15.99876 ], "texture": "#black_candle_1" },
				"east": { "uv": [ 10.00124, 0.001249313, 10.99876, 15.99876 ], "texture": "#black_candle_1" }
			}
		},
		{
			"__comment": "candle6",
			"from": [ 6.3253, 2.2168, 9.4313 ],
			"to": [ 7.5349, 4.0312, 9.6329 ],
			"faces": {
				"down": { "uv": [ 4.00125, 9.501249, 11.99876, 15.99876 ], "texture": "#black_candle_1" },
				"up": { "uv": [ 5.00125, 14.00124, 10.99876, 14.99876 ], "texture": "#black_candle_1" },
				"south": { "uv": [ 5.00125, 0.001249313, 10.99876, 15.99876 ], "texture": "#black_candle_1" },
				"west": { "uv": [ 10.00124, 0.001249313, 10.99876, 15.99876 ], "texture": "#black_candle_1" },
				"east": { "uv": [ 5.00125, 0.001249313, 5.99875, 15.99876 ], "texture": "#black_candle_1" }
			}
		},
		{
			"__comment": "candle4",
			"from": [ 6.5272, 2.2165, 8.222 ],
			"to": [ 7.3336, 4.0309, 8.4236 ],
			"faces": {
				"up": { "uv": [ 6.00125, 10.00124, 8.998751, 10.99876 ], "texture": "#black_candle_1" },
				"north": { "uv": [ 6.00125, 0.001249313, 9.998751, 15.99876 ], "texture": "#black_candle_1" },
				"west": { "uv": [ 4.00125, 0.001249313, 4.99875, 15.99876 ], "texture": "#black_candle_1" },
				"east": { "uv": [ 11.00124, 0.001249313, 11.99876, 15.99876 ], "texture": "#black_candle_1" }
			}
		},
		{
			"__comment": "candle",
			"from": [ 6.5278, 2.2173, 9.6327 ],
			"to": [ 7.334198, 4.031701, 9.8343 ],
			"faces": {
				"up": { "uv": [ 6.00125, 15.00124, 8.998751, 15.99876 ], "texture": "#black_candle_1" },
				"south": { "uv": [ 6.00125, 0.001249313, 9.998751, 15.99876 ], "texture": "#black_candle_1" },
				"west": { "uv": [ 11.00124, 0.001249313, 11.99876, 15.99876 ], "texture": "#black_candle_1" },
				"east": { "uv": [ 4.00125, 0.001249313, 4.99875, 15.99876 ], "texture": "#black_candle_1" }
			}
		}
	]
}