{
	"__comment": "Designed by Intermacgod with BDcraft Cubik PRO 0.85 Beta - http://bdcraft.net",
	"gui_light": "front",
	"ambientocclusion": false,
	"textures": {
		"particle": "block/b/blackstone_wall/blackstone_wall",
		"blackstone_wall_1": "block/b/blackstone_wall/blackstone_wall_1",
		"blackstone_wall_2": "block/b/blackstone_wall/blackstone_wall_2",
		"blackstone_wall_3": "block/b/blackstone_wall/blackstone_wall_3",
		"blackstone_wall_4": "block/b/blackstone_wall/blackstone_wall_4",
		"blackstone_wall_5": "block/b/blackstone_wall/blackstone_wall_5"
	},
	"elements": [ 	 
		{
			"__comment": "Element",
			"from": [ 5.9999, 5.9991, 2.5007 ],
			"to": [ 6.4999, 8.4991, 7.5007 ],
			"faces": {
				"down": { "uv": [ 6.000625, 8.500625, 6.499375, 13.49938 ], "texture": "#blackstone_wall_1" },
				"up": { "uv": [ 6.000625, 2.500625, 6.499375, 7.499374 ], "texture": "#blackstone_wall_1" },
				"north": { "uv": [ 9.500625, 7.500626, 9.999375, 9.999375 ], "texture": "#blackstone_wall_1" },
				"south": { "uv": [ 6.000625, 7.500626, 6.499375, 9.999375 ], "texture": "#blackstone_wall_1" },
				"west": { "uv": [ 2.500625, 7.500626, 7.499372, 9.999375 ], "texture": "#blackstone_wall_1" }
			}
		},
		{
			"__comment": "Element",
			"from": [ 5.9995, 0.0005, -0.0006 ],
			"to": [ 6.4995, 2.5005, 1.9994 ],
			"faces": {
				"down": { "uv": [ 6.000625, 14.00062, 6.499375, 15.99938 ], "texture": "#blackstone_wall_1" },
				"up": { "uv": [ 6.000625, 0.000624657, 6.499375, 1.999375 ], "texture": "#blackstone_wall_1" },
				"north": { "uv": [ 9.500625, 13.50062, 9.999375, 15.99938 ], "texture": "#blackstone_wall_1" },
				"south": { "uv": [ 6.000625, 13.50062, 6.499375, 15.99938 ], "texture": "#blackstone_wall_1" },
				"west": { "uv": [ 0.000625, 13.50062, 1.999375, 15.99938 ], "texture": "#blackstone_wall_1" }
			}
		},
		{
			"__comment": "Element",
			"from": [ 6.5, -0.0001, -0.0005 ],
			"to": [ 9.5, 8.9999, 7.999501 ],
			"faces": {
				"down": { "uv": [ 6.499658, 8.001454, 9.498408, 15.99938 ], "texture": "#blackstone_wall_2" },
				"north": { "uv": [ 6.501592, 7.001572, 9.500342, 15.99938 ], "texture": "#blackstone_wall_2" },
				"south": { "uv": [ 6.499658, 7.001572, 9.498408, 15.99938 ], "texture": "#blackstone_wall_2" },
				"west": { "uv": [ 0.000625, 7.001572, 7.998545, 15.99938 ], "texture": "#blackstone_wall_2" },
				"east": { "uv": [ 8.001455, 7.001572, 15.99938, 15.99938 ], "texture": "#blackstone_wall_2" }
			}
		},
		{
			"__comment": "Element",
			"from": [ 5.5002, 9.0001, -0.0019 ],
			"to": [ 10.5002, 10.0001, 7.9981 ],
			"faces": {
				"down": { "uv": [ 5.500894, 8.001569, 10.49964, 15.99938 ], "texture": "#blackstone_wall_3" },
				"up": { "uv": [ 5.500894, 0.000624657, 10.49964, 7.99843 ], "texture": "#blackstone_wall_3" },
				"north": { "uv": [ 5.500356, 6.000307, 10.49911, 6.999056 ], "texture": "#blackstone_wall_3" },
				"south": { "uv": [ 5.500894, 6.000307, 10.49964, 6.999056 ], "texture": "#blackstone_wall_3" },
				"west": { "uv": [ 0.000625, 6.000307, 7.99843, 6.999056 ], "texture": "#blackstone_wall_3" },
				"east": { "uv": [ 8.00157, 6.000307, 15.99938, 6.999056 ], "texture": "#blackstone_wall_3" }
			}
		},
		{
			"__comment": "Element",
			"from": [ 7.7496, 10.0001, 5.0001 ],
			"to": [ 8.249599, 15.0001, 5.5001 ],
			"faces": {
				"up": { "uv": [ 7.750808, 5.001049, 8.249558, 5.499798 ], "texture": "#blackstone_wall_4" },
				"north": { "uv": [ 7.750443, 1.000295, 8.249192, 5.999043 ], "texture": "#blackstone_wall_4" },
				"south": { "uv": [ 7.750808, 1.000295, 8.249558, 5.999043 ], "texture": "#blackstone_wall_4" },
				"west": { "uv": [ 5.001048, 1.000295, 5.499798, 5.999043 ], "texture": "#blackstone_wall_4" },
				"east": { "uv": [ 10.5002, 1.000295, 10.99895, 5.999043 ], "texture": "#blackstone_wall_4" }
			}
		},
		{
			"__comment": "Element",
			"from": [ 7.7495, 9.9993, 1.9984 ],
			"to": [ 8.249499, 14.9993, 2.4984 ],
			"faces": {
				"up": { "uv": [ 7.749347, 1.999886, 8.248097, 2.498636 ], "texture": "#blackstone_wall_4" },
				"north": { "uv": [ 7.751904, 1.001325, 8.250653, 6.000076 ], "texture": "#blackstone_wall_4" },
				"south": { "uv": [ 7.749347, 1.001325, 8.248097, 6.000076 ], "texture": "#blackstone_wall_4" },
				"west": { "uv": [ 1.999886, 1.001325, 2.498636, 6.000076 ], "texture": "#blackstone_wall_4" },
				"east": { "uv": [ 13.50136, 1.001325, 14.00011, 6.000076 ], "texture": "#blackstone_wall_4" }
			}
		},
		{
			"__comment": "Element",
			"from": [ 7.7508, 13.4997, 0.0004 ],
			"to": [ 8.250801, 13.9997, 0.5003999 ],
			"faces": {
				"down": { "uv": [ 7.750404, 15.50042, 8.249154, 15.99917 ], "texture": "#blackstone_wall_4" },
				"up": { "uv": [ 7.750404, 0.000829697, 8.249154, 0.4995804 ], "texture": "#blackstone_wall_4" },
				"north": { "uv": [ 7.750846, 2.001925, 8.249597, 2.500675 ], "texture": "#blackstone_wall_1" },
				"west": { "uv": [ 0.000830081, 2.001925, 0.4995801, 2.500675 ], "texture": "#blackstone_wall_4" },
				"east": { "uv": [ 15.50042, 2.001925, 15.99917, 2.500675 ], "texture": "#blackstone_wall_4" }
			}
		},
		{
			"__comment": "Element",
			"from": [ 7.7492, 10.9997, 0.0012 ],
			"to": [ 8.249199, 11.4997, 0.5012 ],
			"faces": {
				"down": { "uv": [ 7.750153, 15.49964, 8.248903, 15.99839 ], "texture": "#blackstone_wall_4" },
				"up": { "uv": [ 7.750153, 0.001610756, 8.248903, 0.5003614 ], "texture": "#blackstone_wall_4" },
				"north": { "uv": [ 7.751097, 4.501925, 8.249847, 5.000675 ], "texture": "#blackstone_wall_1" },
				"west": { "uv": [ 0.001611285, 4.501925, 0.5003613, 5.000675 ], "texture": "#blackstone_wall_4" },
				"east": { "uv": [ 15.49964, 4.501925, 15.99839, 5.000675 ], "texture": "#blackstone_wall_4" }
			}
		},
		{
			"__comment": "Element",
			"from": [ 7.7498, 9.999599, 6.5013 ],
			"to": [ 8.2498, 14.9996, 7.0013 ],
			"faces": {
				"up": { "uv": [ 7.749724, 6.501358, 8.248475, 7.000107 ], "texture": "#blackstone_wall_4" },
				"north": { "uv": [ 7.751526, 1.000965, 8.250277, 5.999713 ], "texture": "#blackstone_wall_4" },
				"south": { "uv": [ 7.749724, 1.000965, 8.248475, 5.999713 ], "texture": "#blackstone_wall_4" },
				"west": { "uv": [ 6.501358, 1.000965, 7.000108, 5.999713 ], "texture": "#blackstone_wall_4" },
				"east": { "uv": [ 8.999892, 1.000965, 9.498643, 5.999713 ], "texture": "#blackstone_wall_4" }
			}
		},
		{
			"__comment": "Element",
			"from": [ 5.9987, 5.9992, 0.0002 ],
			"to": [ 6.4987, 8.499199, 2.0002 ],
			"faces": {
				"down": { "uv": [ 5.999805, 14.00052, 6.498555, 15.99927 ], "texture": "#blackstone_wall_1" },
				"up": { "uv": [ 5.999805, 0.000728607, 6.498555, 1.999479 ], "texture": "#blackstone_wall_1" },
				"north": { "uv": [ 9.501445, 7.501034, 10.0002, 9.999784 ], "texture": "#blackstone_wall_1" },
				"south": { "uv": [ 5.999805, 7.501034, 6.498555, 9.999784 ], "texture": "#blackstone_wall_1" },
				"west": { "uv": [ 0.000728996, 7.501034, 1.999479, 9.999784 ], "texture": "#blackstone_wall_1" }
			}
		},
		{
			"__comment": "Element",
			"from": [ 5.9997, -0.0005, 2.5005 ],
			"to": [ 6.4997, 2.4995, 7.5005 ],
			"faces": {
				"down": { "uv": [ 6.000625, 8.500625, 6.499375, 13.49938 ], "texture": "#blackstone_wall_1" },
				"up": { "uv": [ 6.000625, 2.500625, 6.499375, 7.499374 ], "texture": "#blackstone_wall_1" },
				"north": { "uv": [ 9.500625, 13.50062, 9.999375, 15.99938 ], "texture": "#blackstone_wall_1" },
				"south": { "uv": [ 6.000625, 13.50062, 6.499375, 15.99938 ], "texture": "#blackstone_wall_1" },
				"west": { "uv": [ 2.500625, 13.50062, 7.499372, 15.99938 ], "texture": "#blackstone_wall_1" }
			}
		},
		{
			"__comment": "Element",
			"from": [ 7.7482, 9.998899, 3.5012 ],
			"to": [ 8.248199, 14.9989, 4.0012 ],
			"faces": {
				"up": { "uv": [ 7.749617, 3.500978, 8.248366, 3.999728 ], "texture": "#blackstone_wall_4" },
				"north": { "uv": [ 7.751634, 1.000805, 8.250383, 5.99955 ], "texture": "#blackstone_wall_4" },
				"south": { "uv": [ 7.749617, 1.000805, 8.248366, 5.99955 ], "texture": "#blackstone_wall_4" },
				"west": { "uv": [ 3.500978, 1.000805, 3.999728, 5.99955 ], "texture": "#blackstone_wall_4" },
				"east": { "uv": [ 12.00027, 1.000805, 12.49902, 5.99955 ], "texture": "#blackstone_wall_4" }
			}
		},
		{
			"__comment": "Element",
			"from": [ 7.749, 9.9992, 0.4993 ],
			"to": [ 8.248999, 14.99921, 0.9993001 ],
			"faces": {
				"up": { "uv": [ 7.749346, 0.5000944, 8.248097, 0.9988451 ], "texture": "#blackstone_wall_4" },
				"north": { "uv": [ 7.751904, 1.000385, 8.250654, 5.999139 ], "texture": "#blackstone_wall_4" },
				"south": { "uv": [ 7.749346, 1.000385, 8.248097, 5.999139 ], "texture": "#blackstone_wall_4" },
				"west": { "uv": [ 0.5000948, 1.000385, 0.9988449, 5.999139 ], "texture": "#blackstone_wall_4" },
				"east": { "uv": [ 15.00115, 1.000385, 15.49991, 5.999139 ], "texture": "#blackstone_wall_4" }
			}
		},
		{
			"__comment": "Box27",
			"from": [ 7.7502, 11.5002, 6.9994 ],
			"to": [ 8.2502, 13.5002, 7.9994 ],
			"faces": {
				"south": { "uv": [ 6.485, 0.001249313, 9.553751, 15.99876 ], "texture": "#blackstone_wall_5" },
				"west": { "uv": [ 0.00125, 0.001249313, 7.8475, 15.99876 ], "texture": "#blackstone_wall_5" },
				"east": { "uv": [ 8.152499, 0.001249313, 15.99876, 15.99876 ], "texture": "#blackstone_wall_5" }
			}
		},
		{
			"__comment": "Element",
			"from": [ 5.9996, 3, 0.0007 ],
			"to": [ 6.4996, 5.5, 5.0007 ],
			"faces": {
				"down": { "uv": [ 6.000625, 11.00062, 6.499375, 15.99938 ], "texture": "#blackstone_wall_1" },
				"up": { "uv": [ 6.000625, 0.000624657, 6.499375, 4.999374 ], "texture": "#blackstone_wall_1" },
				"north": { "uv": [ 9.500625, 10.50062, 9.999375, 12.99938 ], "texture": "#blackstone_wall_1" },
				"south": { "uv": [ 6.000625, 10.50062, 6.499375, 12.99938 ], "texture": "#blackstone_wall_1" },
				"west": { "uv": [ 0.000625, 10.50062, 4.999375, 12.99938 ], "texture": "#blackstone_wall_1" }
			}
		},
		{
			"__comment": "Element",
			"from": [ 5.9994, 3.0007, 5.4997 ],
			"to": [ 6.4994, 5.5007, 7.9997 ],
			"faces": {
				"down": { "uv": [ 6.000625, 8.000625, 6.499375, 10.49938 ], "texture": "#blackstone_wall_1" },
				"up": { "uv": [ 6.000625, 5.500626, 6.499375, 7.999374 ], "texture": "#blackstone_wall_1" },
				"north": { "uv": [ 9.500625, 10.50062, 9.999375, 12.99938 ], "texture": "#blackstone_wall_1" },
				"south": { "uv": [ 6.000625, 10.50062, 6.499375, 12.99938 ], "texture": "#blackstone_wall_1" },
				"west": { "uv": [ 5.500625, 10.50062, 7.999375, 12.99938 ], "texture": "#blackstone_wall_1" }
			}
		},
		{
			"__comment": "Element",
			"from": [ 7.7493, 13.4996, 1.001 ],
			"to": [ 8.2493, 13.9996, 2.001 ],
			"faces": {
				"down": { "uv": [ 7.750625, 14.00062, 8.249375, 14.99938 ], "texture": "#blackstone_wall_4" },
				"up": { "uv": [ 7.750625, 1.000625, 8.249375, 1.999375 ], "texture": "#blackstone_wall_4" },
				"west": { "uv": [ 1.000625, 2.000625, 1.999375, 2.499375 ], "texture": "#blackstone_wall_4" },
				"east": { "uv": [ 14.00062, 2.000625, 14.99938, 2.499375 ], "texture": "#blackstone_wall_4" }
			}
		},
		{
			"__comment": "Element",
			"from": [ 7.7498, 13.4996, 2.5001 ],
			"to": [ 8.2498, 13.9996, 3.5001 ],
			"faces": {
				"down": { "uv": [ 7.750625, 12.50062, 8.249375, 13.49938 ], "texture": "#blackstone_wall_4" },
				"up": { "uv": [ 7.750625, 2.500625, 8.249375, 3.499375 ], "texture": "#blackstone_wall_4" },
				"west": { "uv": [ 2.500625, 2.000625, 3.499375, 2.499375 ], "texture": "#blackstone_wall_4" },
				"east": { "uv": [ 12.50062, 2.000625, 13.49938, 2.499375 ], "texture": "#blackstone_wall_4" }
			}
		},
		{
			"__comment": "Element",
			"from": [ 7.7502, 13.501, 3.9996 ],
			"to": [ 8.2502, 14.001, 4.9996 ],
			"faces": {
				"down": { "uv": [ 7.750625, 11.00062, 8.249375, 11.99938 ], "texture": "#blackstone_wall_4" },
				"up": { "uv": [ 7.750625, 4.000626, 8.249375, 4.999374 ], "texture": "#blackstone_wall_4" },
				"west": { "uv": [ 4.000625, 2.000625, 4.999375, 2.499375 ], "texture": "#blackstone_wall_4" },
				"east": { "uv": [ 11.00062, 2.000625, 11.99938, 2.499375 ], "texture": "#blackstone_wall_4" }
			}
		},
		{
			"__comment": "Element",
			"from": [ 7.7497, 13.4993, 5.5004 ],
			"to": [ 8.249701, 13.9993, 6.5004 ],
			"faces": {
				"down": { "uv": [ 7.750625, 9.500625, 8.249375, 10.49938 ], "texture": "#blackstone_wall_4" },
				"up": { "uv": [ 7.750625, 5.500626, 8.249375, 6.499374 ], "texture": "#blackstone_wall_4" },
				"west": { "uv": [ 5.500625, 2.000625, 6.499375, 2.499375 ], "texture": "#blackstone_wall_4" },
				"east": { "uv": [ 9.500625, 2.000625, 10.49938, 2.499375 ], "texture": "#blackstone_wall_4" }
			}
		},
		{
			"__comment": "Element",
			"from": [ 7.7495, 13.4995, 7 ],
			"to": [ 8.249499, 13.9995, 8 ],
			"faces": {
				"up": { "uv": [ 7.750625, 7.000626, 8.249375, 7.999374 ], "texture": "#blackstone_wall_4" },
				"south": { "uv": [ 7.750625, 2.000625, 8.249375, 2.499375 ], "texture": "#blackstone_wall_1" },
				"west": { "uv": [ 7.000625, 2.000625, 7.999375, 2.499375 ], "texture": "#blackstone_wall_4" },
				"east": { "uv": [ 8.000625, 2.000625, 8.999375, 2.499375 ], "texture": "#blackstone_wall_4" }
			}
		},
		{
			"__comment": "Element",
			"from": [ 7.7497, 10.9992, 6.9996 ],
			"to": [ 8.249701, 11.4992, 7.9996 ],
			"faces": {
				"down": { "uv": [ 7.750625, 8.000625, 8.249375, 8.999375 ], "texture": "#blackstone_wall_4" },
				"south": { "uv": [ 7.750625, 4.500626, 8.249375, 4.999374 ], "texture": "#blackstone_wall_1" },
				"west": { "uv": [ 7.000625, 4.500626, 7.999375, 4.999374 ], "texture": "#blackstone_wall_4" },
				"east": { "uv": [ 8.000625, 4.500626, 8.999375, 4.999374 ], "texture": "#blackstone_wall_4" }
			}
		},
		{
			"__comment": "Element",
			"from": [ 7.7493, 11.0005, 5.4992 ],
			"to": [ 8.2493, 11.5005, 6.4992 ],
			"faces": {
				"down": { "uv": [ 7.750625, 9.500625, 8.249375, 10.49938 ], "texture": "#blackstone_wall_4" },
				"up": { "uv": [ 7.750625, 5.500626, 8.249375, 6.499374 ], "texture": "#blackstone_wall_4" },
				"west": { "uv": [ 5.500625, 4.500626, 6.499375, 4.999374 ], "texture": "#blackstone_wall_4" },
				"east": { "uv": [ 9.500625, 4.500626, 10.49938, 4.999374 ], "texture": "#blackstone_wall_4" }
			}
		},
		{
			"__comment": "Element",
			"from": [ 7.7495, 11.0003, 4.0006 ],
			"to": [ 8.249499, 11.5003, 5.0006 ],
			"faces": {
				"down": { "uv": [ 7.750625, 11.00062, 8.249375, 11.99938 ], "texture": "#blackstone_wall_4" },
				"up": { "uv": [ 7.750625, 4.000626, 8.249375, 4.999374 ], "texture": "#blackstone_wall_4" },
				"west": { "uv": [ 4.000625, 4.500626, 4.999375, 4.999374 ], "texture": "#blackstone_wall_4" },
				"east": { "uv": [ 11.00062, 4.500626, 11.99938, 4.999374 ], "texture": "#blackstone_wall_4" }
			}
		},
		{
			"__comment": "Element",
			"from": [ 7.7503, 10.9999, 2.4992 ],
			"to": [ 8.250299, 11.4999, 3.4992 ],
			"faces": {
				"down": { "uv": [ 7.750625, 12.50062, 8.249375, 13.49938 ], "texture": "#blackstone_wall_4" },
				"up": { "uv": [ 7.750625, 2.500625, 8.249375, 3.499375 ], "texture": "#blackstone_wall_4" },
				"west": { "uv": [ 2.500625, 4.500626, 3.499375, 4.999374 ], "texture": "#blackstone_wall_4" },
				"east": { "uv": [ 12.50062, 4.500626, 13.49938, 4.999374 ], "texture": "#blackstone_wall_4" }
			}
		},
		{
			"__comment": "Element",
			"from": [ 7.7502, 10.9993, 0.9999 ],
			"to": [ 8.250198, 11.4993, 1.9999 ],
			"faces": {
				"down": { "uv": [ 7.750625, 14.00062, 8.249375, 14.99938 ], "texture": "#blackstone_wall_4" },
				"up": { "uv": [ 7.750625, 1.000625, 8.249375, 1.999375 ], "texture": "#blackstone_wall_4" },
				"west": { "uv": [ 1.000625, 4.500626, 1.999375, 4.999374 ], "texture": "#blackstone_wall_4" },
				"east": { "uv": [ 14.00062, 4.500626, 14.99938, 4.999374 ], "texture": "#blackstone_wall_4" }
			}
		},
		{
			"__comment": "Element",
			"from": [ 9.499599, 6.0004, 2.9998 ],
			"to": [ 9.999599, 8.500401, 7.9998 ],
			"faces": {
				"down": { "uv": [ 9.500625, 8.000625, 9.999375, 12.99938 ], "texture": "#blackstone_wall_1" },
				"up": { "uv": [ 9.500625, 3.000625, 9.999375, 7.999374 ], "texture": "#blackstone_wall_1" },
				"north": { "uv": [ 6.000625, 7.500626, 6.499375, 9.999375 ], "texture": "#blackstone_wall_1" },
				"south": { "uv": [ 9.500625, 7.500626, 9.999375, 9.999375 ], "texture": "#blackstone_wall_1" },
				"east": { "uv": [ 8.000625, 7.500626, 12.99938, 9.999375 ], "texture": "#blackstone_wall_1" }
			}
		},
		{
			"__comment": "Element",
			"from": [ 9.500199, 6.0009, 0.0002 ],
			"to": [ 10.0002, 8.500899, 2.500201 ],
			"faces": {
				"down": { "uv": [ 9.500625, 13.50062, 9.999375, 15.99938 ], "texture": "#blackstone_wall_1" },
				"up": { "uv": [ 9.500625, 0.000624657, 9.999375, 2.499375 ], "texture": "#blackstone_wall_1" },
				"north": { "uv": [ 6.000625, 7.500626, 6.499375, 9.999375 ], "texture": "#blackstone_wall_1" },
				"south": { "uv": [ 9.500625, 7.500626, 9.999375, 9.999375 ], "texture": "#blackstone_wall_1" },
				"east": { "uv": [ 13.50062, 7.500626, 15.99938, 9.999375 ], "texture": "#blackstone_wall_1" }
			}
		},
		{
			"__comment": "Element",
			"from": [ 9.5004, -0.001, 2.9994 ],
			"to": [ 10.0004, 2.499001, 7.999399 ],
			"faces": {
				"down": { "uv": [ 9.500625, 8.000625, 9.999375, 12.99938 ], "texture": "#blackstone_wall_1" },
				"up": { "uv": [ 9.500625, 3.000625, 9.999375, 7.999374 ], "texture": "#blackstone_wall_1" },
				"north": { "uv": [ 6.000625, 13.50062, 6.499375, 15.99938 ], "texture": "#blackstone_wall_1" },
				"south": { "uv": [ 9.500625, 13.50062, 9.999375, 15.99938 ], "texture": "#blackstone_wall_1" },
				"east": { "uv": [ 8.000625, 13.50062, 12.99938, 15.99938 ], "texture": "#blackstone_wall_1" }
			}
		},
		{
			"__comment": "Element",
			"from": [ 9.5001, -0.0001, -0.0004 ],
			"to": [ 10.0001, 2.4999, 2.4996 ],
			"faces": {
				"down": { "uv": [ 9.500625, 13.50062, 9.999375, 15.99938 ], "texture": "#blackstone_wall_1" },
				"up": { "uv": [ 9.500625, 0.000624657, 9.999375, 2.499375 ], "texture": "#blackstone_wall_1" },
				"north": { "uv": [ 6.000625, 13.50062, 6.499375, 15.99938 ], "texture": "#blackstone_wall_1" },
				"south": { "uv": [ 9.500625, 13.50062, 9.999375, 15.99938 ], "texture": "#blackstone_wall_1" },
				"east": { "uv": [ 13.50062, 13.50062, 15.99938, 15.99938 ], "texture": "#blackstone_wall_1" }
			}
		},
		{
			"__comment": "Element",
			"from": [ 9.4999, 3.0002, 5.4991 ],
			"to": [ 9.9999, 5.5002, 7.9991 ],
			"faces": {
				"down": { "uv": [ 9.500625, 8.000625, 9.999375, 10.49938 ], "texture": "#blackstone_wall_1" },
				"up": { "uv": [ 9.500625, 5.500626, 9.999375, 7.999374 ], "texture": "#blackstone_wall_1" },
				"north": { "uv": [ 6.000625, 10.50062, 6.499375, 12.99938 ], "texture": "#blackstone_wall_1" },
				"south": { "uv": [ 9.500625, 10.50062, 9.999375, 12.99938 ], "texture": "#blackstone_wall_1" },
				"east": { "uv": [ 8.000625, 10.50062, 10.49938, 12.99938 ], "texture": "#blackstone_wall_1" }
			}
		},
		{
			"__comment": "Element",
			"from": [ 9.4997, 2.9992, 0.5007 ],
			"to": [ 9.9997, 5.4992, 5.0007 ],
			"faces": {
				"down": { "uv": [ 9.500625, 11.00062, 9.999375, 15.49938 ], "texture": "#blackstone_wall_1" },
				"up": { "uv": [ 9.500625, 0.5006247, 9.999375, 4.999374 ], "texture": "#blackstone_wall_1" },
				"north": { "uv": [ 6.000625, 10.50062, 6.499375, 12.99938 ], "texture": "#blackstone_wall_1" },
				"south": { "uv": [ 9.500625, 10.50062, 9.999375, 12.99938 ], "texture": "#blackstone_wall_1" },
				"east": { "uv": [ 11.00062, 10.50062, 15.49938, 12.99938 ], "texture": "#blackstone_wall_1" }
			}
		}
	],
	"display": {
		"thirdperson_righthand": {
			"rotation":  [ 74, 45, 0 ],
			"translation":  [ 0, -0.5, 0 ],
			"scale":  [ 0.375, 0.375, 0.375 ]
		},
		"thirdperson_lefthand": {
			"rotation":  [ 74, 45, 0 ],
			"translation":  [ 0, -0.5, 0 ],
			"scale":  [ 0.375, 0.375, 0.375 ]
		},
		"firstperson_righthand": {
			"rotation":  [ 0, 45, 0 ],
			"translation":  [ 5, 2, 0 ],
			"scale":  [ 0.4, 0.4, 0.4 ]
		},
		"firstperson_lefthand": {
			"rotation":  [ 0, 45, 0 ],
			"translation":  [ 5, 2, 0 ],
			"scale":  [ 0.4, 0.4, 0.4 ]
		},
		"gui": {
			"rotation":  [ 30, 225, 0 ],
			"scale":  [ 0.625, 0.625, 0.625 ]
		},
		"ground": {
			"translation":  [ 0, 2, 0 ],
			"scale":  [ 0.5, 0.5, 0.5 ]
		}
	}
}