{
	"__comment": "Designed by Intermacgod with BDcraft Cubik PRO 0.85 Beta - http://bdcraft.net",
	"gui_light": "front",
	"ambientocclusion": false,
	"textures": {
		"black_stained_glass_pane_1": "block/b/black_stained_glass_pane/black_stained_glass_pane_1",
		"black_stained_glass_pane_2": "block/b/black_stained_glass_pane/black_stained_glass_pane_2",
		"particle": "block/w/white_stained_glass_pane/white_stained_glass_pane"
	},
	"elements": [ 	 
		{
			"__comment": "Element",
			"from": [ 5, 0, 11 ],
			"to": [ 11, 0.5, 16 ],
			"faces": {
				"down": { "uv": [ 5, 0, 11, 5 ], "texture": "#black_stained_glass_pane_2" },
				"up": { "uv": [ 5, 11, 11, 16 ], "texture": "#black_stained_glass_pane_2" },
				"north": { "uv": [ 5, 15.5, 11, 16 ], "texture": "#black_stained_glass_pane_2" },
				"south": { "uv": [ 5, 15.5, 11, 16 ], "texture": "#black_stained_glass_pane_2" },
				"west": { "uv": [ 11, 15.5, 16, 16 ], "texture": "#black_stained_glass_pane_2" },
				"east": { "uv": [ 0, 15.5, 5, 16 ], "texture": "#black_stained_glass_pane_2" }
			}
		},
		{
			"__comment": "Element",
			"from": [ 5, 15.5, 11 ],
			"to": [ 11, 16, 16 ],
			"faces": {
				"down": { "uv": [ 5, 0, 11, 5 ], "texture": "#black_stained_glass_pane_2" },
				"up": { "uv": [ 5, 11, 11, 16 ], "texture": "#black_stained_glass_pane_2" },
				"north": { "uv": [ 5, 0, 11, 0.5 ], "texture": "#black_stained_glass_pane_2" },
				"south": { "uv": [ 5, 0, 11, 0.5 ], "texture": "#black_stained_glass_pane_2" },
				"west": { "uv": [ 11, 0, 16, 0.5 ], "texture": "#black_stained_glass_pane_2" },
				"east": { "uv": [ 0, 0, 5, 0.5 ], "texture": "#black_stained_glass_pane_2" }
			}
		},
		{
			"__comment": "Element",
			"from": [ 6, 1, 15.5 ],
			"to": [ 10, 15, 16 ],
			"faces": {
				"north": { "uv": [ 6, 1, 10, 15 ], "texture": "#black_stained_glass_pane_2" },
				"south": { "uv": [ 6, 1, 10, 15 ], "texture": "#black_stained_glass_pane_2" },
				"west": { "uv": [ 15.5, 1, 16, 15 ], "texture": "#black_stained_glass_pane_2" },
				"east": { "uv": [ 0, 1, 0.5, 15 ], "texture": "#black_stained_glass_pane_2" }
			}
		},
		{
			"__comment": "Element",
			"from": [ 5.5, 15, 10.5 ],
			"to": [ 10.5, 15.5, 16 ],
			"faces": {
				"down": { "uv": [ 5.5, 0, 10.5, 5.5 ], "texture": "#black_stained_glass_pane_2" },
				"up": { "uv": [ 5.5, 10.5, 10.5, 16 ], "texture": "#black_stained_glass_pane_2" },
				"north": { "uv": [ 5.5, 0.5, 10.5, 1 ], "texture": "#black_stained_glass_pane_2" },
				"south": { "uv": [ 5.5, 0.5, 10.5, 1 ], "texture": "#black_stained_glass_pane_2" },
				"west": { "uv": [ 10.5, 0.5, 16, 1 ], "texture": "#black_stained_glass_pane_2" },
				"east": { "uv": [ 0, 0.5, 5.5, 1 ], "texture": "#black_stained_glass_pane_2" }
			}
		},
		{
			"__comment": "Element",
			"from": [ 5.5, 0.5, 10.5 ],
			"to": [ 10.5, 1, 16 ],
			"faces": {
				"down": { "uv": [ 5.5, 0, 10.5, 5.5 ], "texture": "#black_stained_glass_pane_2" },
				"up": { "uv": [ 5.5, 10.5, 10.5, 16 ], "texture": "#black_stained_glass_pane_2" },
				"north": { "uv": [ 5.5, 15, 10.5, 15.5 ], "texture": "#black_stained_glass_pane_2" },
				"south": { "uv": [ 5.5, 15, 10.5, 15.5 ], "texture": "#black_stained_glass_pane_2" },
				"west": { "uv": [ 10.5, 15, 16, 15.5 ], "texture": "#black_stained_glass_pane_2" },
				"east": { "uv": [ 0, 15, 5.5, 15.5 ], "texture": "#black_stained_glass_pane_2" }
			}
		},
		{
			"__comment": "Element",
			"from": [ 6.5, 1, 15 ],
			"to": [ 9.5, 15, 15.5 ],
			"faces": {
				"north": { "uv": [ 6.5, 1, 9.5, 15 ], "texture": "#black_stained_glass_pane_2" },
				"west": { "uv": [ 15, 1, 15.5, 15 ], "texture": "#black_stained_glass_pane_2" },
				"east": { "uv": [ 0.5, 1, 1, 15 ], "texture": "#black_stained_glass_pane_2" }
			}
		},
		{
			"__comment": "Element",
			"from": [ 6.875, 1, 8 ],
			"to": [ 6.876, 15, 15 ],
			"faces": {
				"west": { "uv": [ 8, 1, 15, 15 ], "texture": "#black_stained_glass_pane_1" },
				"east": { "uv": [ 1, 1, 8, 15 ], "texture": "#black_stained_glass_pane_1" }
			}
		},
		{
			"__comment": "Element",
			"from": [ 9.125, 1, 8 ],
			"to": [ 9.126, 15, 15 ],
			"faces": {
				"west": { "uv": [ 8, 1, 15, 15 ], "texture": "#black_stained_glass_pane_1" },
				"east": { "uv": [ 1, 1, 8, 15 ], "texture": "#black_stained_glass_pane_1" }
			}
		}
	]
}