{
	"__comment": "Designed by Interhell2000 with Cubik Studio - https://cubik.studio",
	"gui_light": "front",
	"ambientocclusion": false,
	"textures": {
		"particle": "block/b/blue_candle/blue_candle_one_candle_lit",
		"blue_candle_4": "block/b/blue_candle/blue_candle_4",
		"blue_candle_2": "block/b/blue_candle/blue_candle_2"
	},
	"elements": [ 	 
		{
			"__comment": "Voxels",
			"from": [ 6.5017, -0.0003, 7.2509 ],
			"to": [ 9.381699, 0.7197002, 8.690899 ],
			"faces": {
				"down": { "uv": [ 4.00125, 6.001251, 11.99876, 9.998751 ], "texture": "#blue_candle_2", "cullface": "down" },
				"up": { "uv": [ 4.00125, 6.001251, 11.99876, 9.998751 ], "texture": "#blue_candle_2" },
				"north": { "uv": [ 4.00125, 15.00124, 11.99876, 15.99876 ], "texture": "#blue_candle_2" },
				"south": { "uv": [ 4.00125, 15.00124, 11.99876, 15.99876 ], "texture": "#blue_candle_2" },
				"west": { "uv": [ 6.00125, 15.00124, 9.998751, 15.99876 ], "texture": "#blue_candle_2" },
				"east": { "uv": [ 6.00125, 15.00124, 9.998751, 15.99876 ], "texture": "#blue_candle_2" }
			}
		},
		{
			"__comment": "Voxels",
			"from": [ 6.8604, 0.0009, 6.8903 ],
			"to": [ 9.020397, 0.7209, 7.2503 ],
			"faces": {
				"down": { "uv": [ 5.00125, 10.00124, 10.99876, 10.99876 ], "texture": "#blue_candle_2", "cullface": "down" },
				"up": { "uv": [ 5.00125, 5.001251, 10.99876, 5.998749 ], "texture": "#blue_candle_2" },
				"north": { "uv": [ 5.00125, 15.00124, 10.99876, 15.99876 ], "texture": "#blue_candle_2" },
				"west": { "uv": [ 5.00125, 15.00124, 5.99875, 15.99876 ], "texture": "#blue_candle_2" },
				"east": { "uv": [ 10.00124, 15.00124, 10.99876, 15.99876 ], "texture": "#blue_candle_2" }
			}
		},
		{
			"__comment": "Voxels",
			"from": [ 6.8602, 0.0002, 8.6912 ],
			"to": [ 9.020201, 0.7202002, 9.051201 ],
			"faces": {
				"down": { "uv": [ 5.00125, 5.001251, 10.99876, 5.998749 ], "texture": "#blue_candle_2", "cullface": "down" },
				"up": { "uv": [ 5.00125, 10.00124, 10.99876, 10.99876 ], "texture": "#blue_candle_2" },
				"south": { "uv": [ 5.00125, 15.00124, 10.99876, 15.99876 ], "texture": "#blue_candle_2" },
				"west": { "uv": [ 10.00124, 15.00124, 10.99876, 15.99876 ], "texture": "#blue_candle_2" },
				"east": { "uv": [ 5.00125, 15.00124, 5.99875, 15.99876 ], "texture": "#blue_candle_2" }
			}
		},
		{
			"__comment": "Voxels",
			"from": [ 6.8606, 0.721, 7.2512 ],
			"to": [ 9.020599, 1.081, 8.6912 ],
			"faces": {
				"up": { "uv": [ 5.00125, 6.001251, 10.99876, 9.998751 ], "texture": "#blue_candle_2" },
				"north": { "uv": [ 5.00125, 14.00124, 10.99876, 14.99876 ], "texture": "#blue_candle_2" },
				"south": { "uv": [ 5.00125, 14.00124, 10.99876, 14.99876 ], "texture": "#blue_candle_2" },
				"west": { "uv": [ 6.00125, 14.00124, 9.998751, 14.99876 ], "texture": "#blue_candle_2" },
				"east": { "uv": [ 6.00125, 14.00124, 9.998751, 14.99876 ], "texture": "#blue_candle_2" }
			}
		},
		{
			"__comment": "Voxels",
			"from": [ 6.8605, 1.7992, 7.6097 ],
			"to": [ 9.0205, 2.8792, 8.3297 ],
			"faces": {
				"down": { "uv": [ 5.00125, 7.001251, 10.99876, 8.998751 ], "texture": "#blue_candle_2" },
				"up": { "uv": [ 5.00125, 7.001251, 10.99876, 8.998751 ], "texture": "#blue_candle_2" },
				"north": { "uv": [ 5.00125, 9.001249, 10.99876, 11.99876 ], "texture": "#blue_candle_2" },
				"south": { "uv": [ 5.00125, 9.001249, 10.99876, 11.99876 ], "texture": "#blue_candle_2" },
				"west": { "uv": [ 7.00125, 9.001249, 8.998751, 11.99876 ], "texture": "#blue_candle_2" },
				"east": { "uv": [ 7.00125, 9.001249, 8.998751, 11.99876 ], "texture": "#blue_candle_2" }
			}
		},
		{
			"__comment": "Voxels",
			"from": [ 6.8599, 2.1605, 7.2507 ],
			"to": [ 9.019899, 2.5205, 7.610701 ],
			"faces": {
				"down": { "uv": [ 5.00125, 9.001249, 10.99876, 9.998751 ], "texture": "#blue_candle_2" },
				"up": { "uv": [ 5.00125, 6.001251, 10.99876, 6.998749 ], "texture": "#blue_candle_2" },
				"north": { "uv": [ 5.00125, 10.00124, 10.99876, 10.99876 ], "texture": "#blue_candle_2" },
				"west": { "uv": [ 6.00125, 10.00124, 6.99875, 10.99876 ], "texture": "#blue_candle_2" },
				"east": { "uv": [ 9.001249, 10.00124, 9.998751, 10.99876 ], "texture": "#blue_candle_2" }
			}
		},
		{
			"__comment": "Voxels",
			"from": [ 6.8594, 2.1607, 8.3294 ],
			"to": [ 9.0194, 2.5207, 8.689401 ],
			"faces": {
				"down": { "uv": [ 5.00125, 6.001251, 10.99876, 6.998749 ], "texture": "#blue_candle_2" },
				"up": { "uv": [ 5.00125, 9.001249, 10.99876, 9.998751 ], "texture": "#blue_candle_2" },
				"south": { "uv": [ 5.00125, 10.00124, 10.99876, 10.99876 ], "texture": "#blue_candle_2" },
				"west": { "uv": [ 9.001249, 10.00124, 9.998751, 10.99876 ], "texture": "#blue_candle_2" },
				"east": { "uv": [ 6.00125, 10.00124, 6.99875, 10.99876 ], "texture": "#blue_candle_2" }
			}
		},
		{
			"__comment": "Voxels",
			"from": [ 6.3194, 3.6, 7.2504 ],
			"to": [ 9.559398, 3.96, 8.690399 ],
			"faces": {
				"down": { "uv": [ 3.50125, 6.001251, 12.49875, 9.998751 ], "texture": "#blue_candle_2" },
				"up": { "uv": [ 3.50125, 6.001251, 12.49875, 9.998751 ], "texture": "#blue_candle_2" },
				"north": { "uv": [ 3.50125, 6.001251, 12.49875, 6.998749 ], "texture": "#blue_candle_2" },
				"south": { "uv": [ 3.50125, 6.001251, 12.49875, 6.998749 ], "texture": "#blue_candle_2" },
				"west": { "uv": [ 6.00125, 6.001251, 9.998751, 6.998749 ], "texture": "#blue_candle_2" },
				"east": { "uv": [ 6.00125, 6.001251, 9.998751, 6.998749 ], "texture": "#blue_candle_2" }
			}
		},
		{
			"__comment": "Voxels",
			"from": [ 7.2208, -0.0012, 6.5298 ],
			"to": [ 8.6608, 0.7187998, 6.8898 ],
			"faces": {
				"down": { "uv": [ 6.00125, 11.00124, 9.998751, 11.99876 ], "texture": "#blue_candle_2", "cullface": "down" },
				"up": { "uv": [ 6.00125, 4.001251, 9.998751, 4.998749 ], "texture": "#blue_candle_2" },
				"north": { "uv": [ 6.00125, 15.00124, 9.998751, 15.99876 ], "texture": "#blue_candle_2" },
				"west": { "uv": [ 4.00125, 15.00124, 4.99875, 15.99876 ], "texture": "#blue_candle_2" },
				"east": { "uv": [ 11.00124, 15.00124, 11.99876, 15.99876 ], "texture": "#blue_candle_2" }
			}
		},
		{
			"__comment": "Voxels",
			"from": [ 7.2197, 0.0005, 9.0498 ],
			"to": [ 8.659699, 0.7205003, 9.4098 ],
			"faces": {
				"down": { "uv": [ 6.00125, 4.001251, 9.998751, 4.998749 ], "texture": "#blue_candle_2", "cullface": "down" },
				"up": { "uv": [ 6.00125, 11.00124, 9.998751, 11.99876 ], "texture": "#blue_candle_2" },
				"south": { "uv": [ 6.00125, 15.00124, 9.998751, 15.99876 ], "texture": "#blue_candle_2" },
				"west": { "uv": [ 11.00124, 15.00124, 11.99876, 15.99876 ], "texture": "#blue_candle_2" },
				"east": { "uv": [ 4.00125, 15.00124, 4.99875, 15.99876 ], "texture": "#blue_candle_2" }
			}
		},
		{
			"__comment": "Voxels",
			"from": [ 7.2191, 0.7193, 6.8915 ],
			"to": [ 8.659101, 1.0793, 7.2515 ],
			"faces": {
				"up": { "uv": [ 6.00125, 5.001251, 9.998751, 5.998749 ], "texture": "#blue_candle_2" },
				"north": { "uv": [ 6.00125, 14.00124, 9.998751, 14.99876 ], "texture": "#blue_candle_2" },
				"west": { "uv": [ 5.00125, 14.00124, 5.99875, 14.99876 ], "texture": "#blue_candle_2" },
				"east": { "uv": [ 10.00124, 14.00124, 10.99876, 14.99876 ], "texture": "#blue_candle_2" }
			}
		},
		{
			"__comment": "Voxels",
			"from": [ 7.2215, 0.72, 8.6914 ],
			"to": [ 8.6615, 1.08, 9.0514 ],
			"faces": {
				"up": { "uv": [ 6.00125, 10.00124, 9.998751, 10.99876 ], "texture": "#blue_candle_2" },
				"south": { "uv": [ 6.00125, 14.00124, 9.998751, 14.99876 ], "texture": "#blue_candle_2" },
				"west": { "uv": [ 10.00124, 14.00124, 10.99876, 14.99876 ], "texture": "#blue_candle_2" },
				"east": { "uv": [ 5.00125, 14.00124, 5.99875, 14.99876 ], "texture": "#blue_candle_2" }
			}
		},
		{
			"__comment": "Voxels",
			"from": [ 7.2202, 1.0807, 7.6103 ],
			"to": [ 8.6602, 1.8007, 8.330299 ],
			"faces": {
				"north": { "uv": [ 6.00125, 12.00124, 9.998751, 13.99876 ], "texture": "#blue_candle_2" },
				"south": { "uv": [ 6.00125, 12.00124, 9.998751, 13.99876 ], "texture": "#blue_candle_2" },
				"west": { "uv": [ 7.00125, 12.00124, 8.998751, 13.99876 ], "texture": "#blue_candle_2" },
				"east": { "uv": [ 7.00125, 12.00124, 8.998751, 13.99876 ], "texture": "#blue_candle_2" }
			}
		},
		{
			"__comment": "Voxels",
			"from": [ 7.2196, 1.8012, 7.249 ],
			"to": [ 8.659599, 2.1612, 7.609 ],
			"faces": {
				"down": { "uv": [ 6.00125, 9.001249, 9.998751, 9.998751 ], "texture": "#blue_candle_2" },
				"north": { "uv": [ 6.00125, 11.00124, 9.998751, 11.99876 ], "texture": "#blue_candle_2" },
				"west": { "uv": [ 6.00125, 11.00124, 6.99875, 11.99876 ], "texture": "#blue_candle_2" },
				"east": { "uv": [ 9.001249, 11.00124, 9.998751, 11.99876 ], "texture": "#blue_candle_2" }
			}
		},
		{
			"__comment": "Voxels",
			"from": [ 7.2199, 1.8001, 8.3302 ],
			"to": [ 8.659899, 2.1601, 8.690201 ],
			"faces": {
				"down": { "uv": [ 6.00125, 6.001251, 9.998751, 6.998749 ], "texture": "#blue_candle_2" },
				"south": { "uv": [ 6.00125, 11.00124, 9.998751, 11.99876 ], "texture": "#blue_candle_2" },
				"west": { "uv": [ 9.001249, 11.00124, 9.998751, 11.99876 ], "texture": "#blue_candle_2" },
				"east": { "uv": [ 6.00125, 11.00124, 6.99875, 11.99876 ], "texture": "#blue_candle_2" }
			}
		},
		{
			"__comment": "Voxels",
			"from": [ 7.2204, 2.1596, 6.8906 ],
			"to": [ 8.6604, 2.5196, 7.250599 ],
			"faces": {
				"down": { "uv": [ 6.00125, 10.00124, 9.998751, 10.99876 ], "texture": "#blue_candle_2" },
				"up": { "uv": [ 6.00125, 5.001251, 9.998751, 5.998749 ], "texture": "#blue_candle_2" },
				"north": { "uv": [ 6.00125, 10.00124, 9.998751, 10.99876 ], "texture": "#blue_candle_2" },
				"west": { "uv": [ 5.00125, 10.00124, 5.99875, 10.99876 ], "texture": "#blue_candle_2" },
				"east": { "uv": [ 10.00124, 10.00124, 10.99876, 10.99876 ], "texture": "#blue_candle_2" }
			}
		},
		{
			"__comment": "Voxels",
			"from": [ 7.2204, 2.1601, 8.6918 ],
			"to": [ 8.6604, 2.5201, 9.051801 ],
			"faces": {
				"down": { "uv": [ 6.00125, 5.001251, 9.998751, 5.998749 ], "texture": "#blue_candle_2" },
				"up": { "uv": [ 6.00125, 10.00124, 9.998751, 10.99876 ], "texture": "#blue_candle_2" },
				"south": { "uv": [ 6.00125, 10.00124, 9.998751, 10.99876 ], "texture": "#blue_candle_2" },
				"west": { "uv": [ 10.00124, 10.00124, 10.99876, 10.99876 ], "texture": "#blue_candle_2" },
				"east": { "uv": [ 5.00125, 10.00124, 5.99875, 10.99876 ], "texture": "#blue_candle_2" }
			}
		},
		{
			"__comment": "Voxels",
			"from": [ 7.2194, 2.5195, 7.2503 ],
			"to": [ 8.659401, 2.879501, 7.6103 ],
			"faces": {
				"up": { "uv": [ 6.00125, 6.001251, 9.998751, 6.998749 ], "texture": "#blue_candle_2" },
				"north": { "uv": [ 6.00125, 9.001249, 9.998751, 9.998751 ], "texture": "#blue_candle_2" },
				"west": { "uv": [ 6.00125, 9.001249, 6.99875, 9.998751 ], "texture": "#blue_candle_2" },
				"east": { "uv": [ 9.001249, 9.001249, 9.998751, 9.998751 ], "texture": "#blue_candle_2" }
			}
		},
		{
			"__comment": "Voxels",
			"from": [ 7.2194, 2.5207, 8.3316 ],
			"to": [ 8.6594, 2.8807, 8.691601 ],
			"faces": {
				"up": { "uv": [ 6.00125, 9.001249, 9.998751, 9.998751 ], "texture": "#blue_candle_2" },
				"south": { "uv": [ 6.00125, 9.001249, 9.998751, 9.998751 ], "texture": "#blue_candle_2" },
				"west": { "uv": [ 9.001249, 9.001249, 9.998751, 9.998751 ], "texture": "#blue_candle_2" },
				"east": { "uv": [ 6.00125, 9.001249, 6.99875, 9.998751 ], "texture": "#blue_candle_2" }
			}
		},
		{
			"__comment": "Voxels",
			"from": [ 7.2202, 2.8798, 7.6118 ],
			"to": [ 8.6602, 3.5998, 8.3318 ],
			"faces": {
				"north": { "uv": [ 6.00125, 7.001251, 9.998751, 8.998751 ], "texture": "#blue_candle_2" },
				"south": { "uv": [ 6.00125, 7.001251, 9.998751, 8.998751 ], "texture": "#blue_candle_2" },
				"west": { "uv": [ 7.00125, 7.001251, 8.998751, 8.998751 ], "texture": "#blue_candle_2" },
				"east": { "uv": [ 7.00125, 7.001251, 8.998751, 8.998751 ], "texture": "#blue_candle_2" }
			}
		},
		{
			"__comment": "Voxels",
			"from": [ 7.2206, 3.5995, 6.3503 ],
			"to": [ 8.660599, 3.9595, 7.250299 ],
			"faces": {
				"down": { "uv": [ 6.00125, 10.00124, 9.998751, 12.49876 ], "texture": "#blue_candle_2" },
				"up": { "uv": [ 6.00125, 3.50125, 9.998751, 5.998749 ], "texture": "#blue_candle_2" },
				"north": { "uv": [ 6.00125, 6.001251, 9.998751, 6.998749 ], "texture": "#blue_candle_2" },
				"west": { "uv": [ 3.50125, 6.001251, 5.99875, 6.998749 ], "texture": "#blue_candle_2" },
				"east": { "uv": [ 10.00124, 6.001251, 12.49876, 6.998749 ], "texture": "#blue_candle_2" }
			}
		},
		{
			"__comment": "Voxels",
			"from": [ 7.2198, 3.5997, 8.6903 ],
			"to": [ 8.6598, 3.9597, 9.590299 ],
			"faces": {
				"down": { "uv": [ 6.00125, 3.50125, 9.998751, 5.998749 ], "texture": "#blue_candle_2" },
				"up": { "uv": [ 6.00125, 10.00124, 9.998751, 12.49876 ], "texture": "#blue_candle_2" },
				"south": { "uv": [ 6.00125, 6.001251, 9.998751, 6.998749 ], "texture": "#blue_candle_2" },
				"west": { "uv": [ 10.00124, 6.001251, 12.49876, 6.998749 ], "texture": "#blue_candle_2" },
				"east": { "uv": [ 3.50125, 6.001251, 5.99875, 6.998749 ], "texture": "#blue_candle_2" }
			}
		},
		{
			"__comment": "Voxels",
			"from": [ 7.5796, 1.0799, 7.2518 ],
			"to": [ 8.299601, 1.7999, 7.611798 ],
			"faces": {
				"north": { "uv": [ 7.00125, 12.00124, 8.998751, 13.99876 ], "texture": "#blue_candle_2" },
				"west": { "uv": [ 6.00125, 12.00124, 6.99875, 13.99876 ], "texture": "#blue_candle_2" },
				"east": { "uv": [ 9.001249, 12.00124, 9.998751, 13.99876 ], "texture": "#blue_candle_2" }
			}
		},
		{
			"__comment": "Voxels",
			"from": [ 7.5796, 1.0806, 8.3309 ],
			"to": [ 8.299601, 1.8006, 8.690901 ],
			"faces": {
				"south": { "uv": [ 7.00125, 12.00124, 8.998751, 13.99876 ], "texture": "#blue_candle_2" },
				"west": { "uv": [ 9.001249, 12.00124, 9.998751, 13.99876 ], "texture": "#blue_candle_2" },
				"east": { "uv": [ 6.00125, 12.00124, 6.99875, 13.99876 ], "texture": "#blue_candle_2" }
			}
		},
		{
			"__comment": "Voxels",
			"from": [ 7.5799, 1.8015, 6.8894 ],
			"to": [ 8.2999, 2.1615, 7.2494 ],
			"faces": {
				"down": { "uv": [ 7.00125, 10.00124, 8.998751, 10.99876 ], "texture": "#blue_candle_2" },
				"north": { "uv": [ 7.00125, 11.00124, 8.998751, 11.99876 ], "texture": "#blue_candle_2" },
				"west": { "uv": [ 5.00125, 11.00124, 5.99875, 11.99876 ], "texture": "#blue_candle_2" },
				"east": { "uv": [ 10.00124, 11.00124, 10.99876, 11.99876 ], "texture": "#blue_candle_2" }
			}
		},
		{
			"__comment": "Voxels",
			"from": [ 7.5793, 1.8, 8.689899 ],
			"to": [ 8.299299, 2.16, 9.0499 ],
			"faces": {
				"down": { "uv": [ 7.00125, 5.001251, 8.998751, 5.998749 ], "texture": "#blue_candle_2" },
				"south": { "uv": [ 7.00125, 11.00124, 8.998751, 11.99876 ], "texture": "#blue_candle_2" },
				"west": { "uv": [ 10.00124, 11.00124, 10.99876, 11.99876 ], "texture": "#blue_candle_2" },
				"east": { "uv": [ 5.00125, 11.00124, 5.99875, 11.99876 ], "texture": "#blue_candle_2" }
			}
		},
		{
			"__comment": "Voxels",
			"from": [ 7.5805, 2.5189, 6.8902 ],
			"to": [ 8.300499, 2.8789, 7.250198 ],
			"faces": {
				"up": { "uv": [ 7.00125, 5.001251, 8.998751, 5.998749 ], "texture": "#blue_candle_2" },
				"north": { "uv": [ 7.00125, 9.001249, 8.998751, 9.998751 ], "texture": "#blue_candle_2" },
				"west": { "uv": [ 5.00125, 9.001249, 5.99875, 9.998751 ], "texture": "#blue_candle_2" },
				"east": { "uv": [ 10.00124, 9.001249, 10.99876, 9.998751 ], "texture": "#blue_candle_2" }
			}
		},
		{
			"__comment": "Voxels",
			"from": [ 7.5805, 2.5216, 8.6911 ],
			"to": [ 8.300501, 2.8816, 9.051101 ],
			"faces": {
				"up": { "uv": [ 7.00125, 10.00124, 8.998751, 10.99876 ], "texture": "#blue_candle_2" },
				"south": { "uv": [ 7.00125, 9.001249, 8.998751, 9.998751 ], "texture": "#blue_candle_2" },
				"west": { "uv": [ 10.00124, 9.001249, 10.99876, 9.998751 ], "texture": "#blue_candle_2" },
				"east": { "uv": [ 5.00125, 9.001249, 5.99875, 9.998751 ], "texture": "#blue_candle_2" }
			}
		},
		{
			"__comment": "Voxels",
			"from": [ 7.5809, 2.8802, 7.2514 ],
			"to": [ 8.300898, 3.6002, 7.611401 ],
			"faces": {
				"north": { "uv": [ 7.00125, 7.001251, 8.998751, 8.998751 ], "texture": "#blue_candle_2" },
				"west": { "uv": [ 6.00125, 7.001251, 6.99875, 8.998751 ], "texture": "#blue_candle_2" },
				"east": { "uv": [ 9.001249, 7.001251, 9.998751, 8.998751 ], "texture": "#blue_candle_2" }
			}
		},
		{
			"__comment": "Voxels",
			"from": [ 7.5811, 2.8794, 8.3292 ],
			"to": [ 8.3011, 3.5994, 8.6892 ],
			"faces": {
				"south": { "uv": [ 7.00125, 7.001251, 8.998751, 8.998751 ], "texture": "#blue_candle_2" },
				"west": { "uv": [ 9.001249, 7.001251, 9.998751, 8.998751 ], "texture": "#blue_candle_2" },
				"east": { "uv": [ 6.00125, 7.001251, 6.99875, 8.998751 ], "texture": "#blue_candle_2" }
			}
		},
		{
			"__comment": "Voxels",
			"from": [ 6.6807, 3.6, 6.7099 ],
			"to": [ 7.2207, 3.96, 7.2499 ],
			"faces": {
				"down": { "uv": [ 4.50125, 10.00124, 5.99875, 11.49876 ], "texture": "#blue_candle_2" },
				"up": { "uv": [ 4.50125, 4.501251, 5.99875, 5.998749 ], "texture": "#blue_candle_2" },
				"north": { "uv": [ 10.00124, 6.001251, 11.49876, 6.998749 ], "texture": "#blue_candle_2" },
				"west": { "uv": [ 4.50125, 6.001251, 5.99875, 6.998749 ], "texture": "#blue_candle_2" }
			}
		},
		{
			"__comment": "Voxels",
			"from": [ 8.6606, 3.6001, 6.7105 ],
			"to": [ 9.200601, 3.9601, 7.2505 ],
			"faces": {
				"down": { "uv": [ 10.00124, 10.00124, 11.49876, 11.49876 ], "texture": "#blue_candle_2" },
				"up": { "uv": [ 10.00124, 4.501251, 11.49876, 5.998749 ], "texture": "#blue_candle_2" },
				"north": { "uv": [ 4.50125, 6.001251, 5.99875, 6.998749 ], "texture": "#blue_candle_2" },
				"east": { "uv": [ 10.00124, 6.001251, 11.49876, 6.998749 ], "texture": "#blue_candle_2" }
			}
		},
		{
			"__comment": "Voxels",
			"from": [ 8.6598, 3.5996, 8.6901 ],
			"to": [ 9.199797, 3.959599, 9.2301 ],
			"faces": {
				"down": { "uv": [ 10.00124, 4.501251, 11.49876, 5.998749 ], "texture": "#blue_candle_2" },
				"up": { "uv": [ 10.00124, 10.00124, 11.49876, 11.49876 ], "texture": "#blue_candle_2" },
				"south": { "uv": [ 10.00124, 6.001251, 11.49876, 6.998749 ], "texture": "#blue_candle_2" },
				"east": { "uv": [ 4.50125, 6.001251, 5.99875, 6.998749 ], "texture": "#blue_candle_2" }
			}
		},
		{
			"__comment": "Voxels",
			"from": [ 6.6794, 3.5994, 8.6895 ],
			"to": [ 7.2194, 3.9594, 9.229497 ],
			"faces": {
				"down": { "uv": [ 4.50125, 4.501251, 5.99875, 5.998749 ], "texture": "#blue_candle_2" },
				"up": { "uv": [ 4.50125, 10.00124, 5.99875, 11.49876 ], "texture": "#blue_candle_2" },
				"south": { "uv": [ 4.50125, 6.001251, 5.99875, 6.998749 ], "texture": "#blue_candle_2" },
				"west": { "uv": [ 10.00124, 6.001251, 11.49876, 6.998749 ], "texture": "#blue_candle_2" }
			}
		},
		{
			"__comment": "Box43",
			"from": [ 7.7749, 7.1993, 7.8506 ],
			"to": [ 8.0749, 7.499301, 8.1506 ],
			"faces": {
				"up": { "uv": [ 8, 0, 8.497501, 0.4974995 ], "texture": "#blue_candle_4" },
				"north": { "uv": [ 8, 0, 8.497501, 0.4974995 ], "texture": "#blue_candle_4" },
				"south": { "uv": [ 8, 0, 8.497501, 0.4974995 ], "texture": "#blue_candle_4" },
				"west": { "uv": [ 8, 0, 8.497501, 0.4974995 ], "texture": "#blue_candle_4" },
				"east": { "uv": [ 8, 0, 8.497501, 0.4974995 ], "texture": "#blue_candle_4" }
			}
		},
		{
			"__comment": "candle7",
			"from": [ 6.5003, 3.9612, 7.2513 ],
			"to": [ 9.380299, 7.2012, 8.6913 ],
			"faces": {
				"up": { "uv": [ 4, 0, 11.99751, 1.99752 ], "texture": "#blue_candle_4" },
				"north": { "uv": [ 4.00125, 0.001249313, 11.99876, 15.99876 ], "texture": "#blue_candle_4" },
				"south": { "uv": [ 4.00125, 0.001249313, 11.99876, 15.99876 ], "texture": "#blue_candle_4" },
				"west": { "uv": [ 6.00125, 0.001249313, 9.998751, 15.99876 ], "texture": "#blue_candle_4" },
				"east": { "uv": [ 6.00125, 0.001249313, 9.998751, 15.99876 ], "texture": "#blue_candle_4" }
			}
		},
		{
			"__comment": "candle5",
			"from": [ 6.8597, 3.9614, 6.8892 ],
			"to": [ 9.019699, 7.201398, 7.249199 ],
			"faces": {
				"down": { "uv": [ 4.00125, 9.501249, 11.99876, 15.99876 ], "texture": "#blue_candle_4" },
				"up": { "uv": [ 5, 0, 10.99751, 0.9975204 ], "texture": "#blue_candle_4" },
				"north": { "uv": [ 5.00125, 0.001249313, 10.99876, 15.99876 ], "texture": "#blue_candle_4" },
				"west": { "uv": [ 5.00125, 0.001249313, 5.99875, 15.99876 ], "texture": "#blue_candle_4" },
				"east": { "uv": [ 10.00124, 0.001249313, 10.99876, 15.99876 ], "texture": "#blue_candle_4" }
			}
		},
		{
			"__comment": "candle6",
			"from": [ 6.8588, 3.9595, 8.6904 ],
			"to": [ 9.018801, 7.199501, 9.050401 ],
			"faces": {
				"down": { "uv": [ 4.00125, 9.501249, 11.99876, 15.99876 ], "texture": "#blue_candle_4" },
				"up": { "uv": [ 5, 0, 10.99751, 0.9975204 ], "texture": "#blue_candle_4" },
				"south": { "uv": [ 5.00125, 0.001249313, 10.99876, 15.99876 ], "texture": "#blue_candle_4" },
				"west": { "uv": [ 10.00124, 0.001249313, 10.99876, 15.99876 ], "texture": "#blue_candle_4" },
				"east": { "uv": [ 5.00125, 0.001249313, 5.99875, 15.99876 ], "texture": "#blue_candle_4" }
			}
		},
		{
			"__comment": "candle4",
			"from": [ 7.2202, 3.9608, 6.5308 ],
			"to": [ 8.660198, 7.2008, 6.8908 ],
			"faces": {
				"up": { "uv": [ 6.5, 0, 9.497501, 0.9975204 ], "texture": "#blue_candle_4" },
				"north": { "uv": [ 6.00125, 0.001249313, 9.998751, 15.99876 ], "texture": "#blue_candle_4" },
				"west": { "uv": [ 4.00125, 0.001249313, 4.99875, 15.99876 ], "texture": "#blue_candle_4" },
				"east": { "uv": [ 11.00124, 0.001249313, 11.99876, 15.99876 ], "texture": "#blue_candle_4" }
			}
		},
		{
			"__comment": "candle",
			"from": [ 7.2212, 3.9607, 9.0505 ],
			"to": [ 8.661201, 7.200702, 9.4105 ],
			"faces": {
				"up": { "uv": [ 6.5, 0, 9.497501, 0.9975204 ], "texture": "#blue_candle_4" },
				"south": { "uv": [ 6.00125, 0.001249313, 9.998751, 15.99876 ], "texture": "#blue_candle_4" },
				"west": { "uv": [ 11.00124, 0.001249313, 11.99876, 15.99876 ], "texture": "#blue_candle_4" },
				"east": { "uv": [ 4.00125, 0.001249313, 4.99875, 15.99876 ], "texture": "#blue_candle_4" }
			}
		}
	],
	"display": {
		"thirdperson_righthand": {
			"rotation":  [ 75, 45, 0 ],
			"translation":  [ 0, 1.5, 3 ],
			"scale":  [ 0.375, 0.375, 0.375 ]
		},
		"thirdperson_lefthand": {
			"rotation":  [ 75, 45, 0 ],
			"translation":  [ 0, 1.5, 3 ],
			"scale":  [ 0.375, 0.375, 0.375 ]
		},
		"firstperson_righthand": {
			"translation":  [ 2, 3, 0 ],
			"scale":  [ 0.4, 0.4, 0.4 ]
		},
		"firstperson_lefthand": {
			"translation":  [ 2, 3, 0 ],
			"scale":  [ 0.4, 0.4, 0.4 ]
		},
		"gui": {
			"rotation":  [ 30, 130, 0 ],
			"translation":  [ 0, 1, 2 ]
		},
		"ground": {
			"translation":  [ 0, 3, 0 ],
			"scale":  [ 0.25, 0.25, 0.25 ]
		},
		"fixed": {
			"rotation":  [ 0, 45, 0 ],
			"scale":  [ 0.5, 0.5, 0.5 ]
		}
	}
}