{
	"__comment": "Designed by Interhell2000 with Cubik Studio - https://cubik.studio",
	"gui_light": "front",
	"ambientocclusion": false,
	"parent": "block/block",
	"textures": {
		"particle": "block/b/blue_candle/blue_candle_three_candles",
		"blue_candle_1": "block/b/blue_candle/blue_candle_1",
		"blue_candle_2": "block/b/blue_candle/blue_candle_2",
		"blue_candle_3": "block/b/blue_candle/blue_candle_3"
	},
	"elements": [ 	 
		{
			"__comment": "Voxels",
			"from": [ 7.625, 0, 6.375 ],
			"to": [ 10.505, 0.7200002, 7.815 ],
			"faces": {
				"down": { "uv": [ 4.00125, 6.001251, 11.99876, 9.998751 ], "texture": "#blue_candle_2", "cullface": "down" },
				"up": { "uv": [ 4.00125, 6.001251, 11.99876, 9.998751 ], "texture": "#blue_candle_2" },
				"north": { "uv": [ 4.00125, 15.00124, 11.99876, 15.99876 ], "texture": "#blue_candle_2" },
				"south": { "uv": [ 4.00125, 15.00124, 11.99876, 15.99876 ], "texture": "#blue_candle_2" },
				"west": { "uv": [ 6.00125, 15.00124, 9.998751, 15.99876 ], "texture": "#blue_candle_2" },
				"east": { "uv": [ 6.00125, 15.00124, 9.998751, 15.99876 ], "texture": "#blue_candle_2" }
			}
		},
		{
			"__comment": "Voxels",
			"from": [ 7.984, -0.0002, 6.0142 ],
			"to": [ 10.144, 0.7198001, 6.374198 ],
			"faces": {
				"down": { "uv": [ 5.00125, 10.00124, 10.99876, 10.99876 ], "texture": "#blue_candle_2", "cullface": "down" },
				"up": { "uv": [ 5.00125, 5.001251, 10.99876, 5.998749 ], "texture": "#blue_candle_2" },
				"north": { "uv": [ 5.00125, 15.00124, 10.99876, 15.99876 ], "texture": "#blue_candle_2" },
				"west": { "uv": [ 5.00125, 15.00124, 5.99875, 15.99876 ], "texture": "#blue_candle_2" },
				"east": { "uv": [ 10.00124, 15.00124, 10.99876, 15.99876 ], "texture": "#blue_candle_2" }
			}
		},
		{
			"__comment": "Voxels",
			"from": [ 7.9848, -0.0001, 7.815 ],
			"to": [ 10.1448, 0.7199003, 8.174999 ],
			"faces": {
				"down": { "uv": [ 5.00125, 5.001251, 10.99876, 5.998749 ], "texture": "#blue_candle_2", "cullface": "down" },
				"up": { "uv": [ 5.00125, 10.00124, 10.99876, 10.99876 ], "texture": "#blue_candle_2" },
				"south": { "uv": [ 5.00125, 15.00124, 10.99876, 15.99876 ], "texture": "#blue_candle_2" },
				"west": { "uv": [ 10.00124, 15.00124, 10.99876, 15.99876 ], "texture": "#blue_candle_2" },
				"east": { "uv": [ 5.00125, 15.00124, 5.99875, 15.99876 ], "texture": "#blue_candle_2" }
			}
		},
		{
			"__comment": "Voxels",
			"from": [ 7.9837, 0.7193, 6.374 ],
			"to": [ 10.1437, 1.0793, 7.814001 ],
			"faces": {
				"up": { "uv": [ 5.00125, 6.001251, 10.99876, 9.998751 ], "texture": "#blue_candle_2" },
				"north": { "uv": [ 5.00125, 14.00124, 10.99876, 14.99876 ], "texture": "#blue_candle_2" },
				"south": { "uv": [ 5.00125, 14.00124, 10.99876, 14.99876 ], "texture": "#blue_candle_2" },
				"west": { "uv": [ 6.00125, 14.00124, 9.998751, 14.99876 ], "texture": "#blue_candle_2" },
				"east": { "uv": [ 6.00125, 14.00124, 9.998751, 14.99876 ], "texture": "#blue_candle_2" }
			}
		},
		{
			"__comment": "Voxels",
			"from": [ 7.9828, 1.7983, 6.735 ],
			"to": [ 10.1428, 2.8783, 7.454998 ],
			"faces": {
				"down": { "uv": [ 5.00125, 7.001251, 10.99876, 8.998751 ], "texture": "#blue_candle_2" },
				"up": { "uv": [ 5.00125, 7.001251, 10.99876, 8.998751 ], "texture": "#blue_candle_2" },
				"north": { "uv": [ 5.00125, 9.001249, 10.99876, 11.99876 ], "texture": "#blue_candle_2" },
				"south": { "uv": [ 5.00125, 9.001249, 10.99876, 11.99876 ], "texture": "#blue_candle_2" },
				"west": { "uv": [ 7.00125, 9.001249, 8.998751, 11.99876 ], "texture": "#blue_candle_2" },
				"east": { "uv": [ 7.00125, 9.001249, 8.998751, 11.99876 ], "texture": "#blue_candle_2" }
			}
		},
		{
			"__comment": "Voxels",
			"from": [ 7.9849, 2.1593, 6.3758 ],
			"to": [ 10.1449, 2.5193, 6.735798 ],
			"faces": {
				"down": { "uv": [ 5.00125, 9.001249, 10.99876, 9.998751 ], "texture": "#blue_candle_2" },
				"up": { "uv": [ 5.00125, 6.001251, 10.99876, 6.998749 ], "texture": "#blue_candle_2" },
				"north": { "uv": [ 5.00125, 10.00124, 10.99876, 10.99876 ], "texture": "#blue_candle_2" },
				"west": { "uv": [ 6.00125, 10.00124, 6.99875, 10.99876 ], "texture": "#blue_candle_2" },
				"east": { "uv": [ 9.001249, 10.00124, 9.998751, 10.99876 ], "texture": "#blue_candle_2" }
			}
		},
		{
			"__comment": "Voxels",
			"from": [ 7.9836, 2.1593, 7.455 ],
			"to": [ 10.1436, 2.5193, 7.815001 ],
			"faces": {
				"down": { "uv": [ 5.00125, 6.001251, 10.99876, 6.998749 ], "texture": "#blue_candle_2" },
				"up": { "uv": [ 5.00125, 9.001249, 10.99876, 9.998751 ], "texture": "#blue_candle_2" },
				"south": { "uv": [ 5.00125, 10.00124, 10.99876, 10.99876 ], "texture": "#blue_candle_2" },
				"west": { "uv": [ 9.001249, 10.00124, 9.998751, 10.99876 ], "texture": "#blue_candle_2" },
				"east": { "uv": [ 6.00125, 10.00124, 6.99875, 10.99876 ], "texture": "#blue_candle_2" }
			}
		},
		{
			"__comment": "Voxels",
			"from": [ 7.4432, 3.5994, 6.3737 ],
			"to": [ 10.6832, 3.9594, 7.8137 ],
			"faces": {
				"down": { "uv": [ 3.50125, 6.001251, 12.49875, 9.998751 ], "texture": "#blue_candle_2" },
				"up": { "uv": [ 3.50125, 6.001251, 12.49875, 9.998751 ], "texture": "#blue_candle_2" },
				"north": { "uv": [ 3.50125, 6.001251, 12.49875, 6.998749 ], "texture": "#blue_candle_2" },
				"south": { "uv": [ 3.50125, 6.001251, 12.49875, 6.998749 ], "texture": "#blue_candle_2" },
				"west": { "uv": [ 6.00125, 6.001251, 9.998751, 6.998749 ], "texture": "#blue_candle_2" },
				"east": { "uv": [ 6.00125, 6.001251, 9.998751, 6.998749 ], "texture": "#blue_candle_2" }
			}
		},
		{
			"__comment": "Voxels",
			"from": [ 8.3439, -0.0006, 5.6536 ],
			"to": [ 9.783899, 0.7193998, 6.013597 ],
			"faces": {
				"down": { "uv": [ 6.00125, 11.00124, 9.998751, 11.99876 ], "texture": "#blue_candle_2", "cullface": "down" },
				"up": { "uv": [ 6.00125, 4.001251, 9.998751, 4.998749 ], "texture": "#blue_candle_2" },
				"north": { "uv": [ 6.00125, 15.00124, 9.998751, 15.99876 ], "texture": "#blue_candle_2" },
				"west": { "uv": [ 4.00125, 15.00124, 4.99875, 15.99876 ], "texture": "#blue_candle_2" },
				"east": { "uv": [ 11.00124, 15.00124, 11.99876, 15.99876 ], "texture": "#blue_candle_2" }
			}
		},
		{
			"__comment": "Voxels",
			"from": [ 8.3447, -0.0016, 8.1748 ],
			"to": [ 9.784699, 0.7184003, 8.5348 ],
			"faces": {
				"down": { "uv": [ 6.00125, 4.001251, 9.998751, 4.998749 ], "texture": "#blue_candle_2", "cullface": "down" },
				"up": { "uv": [ 6.00125, 11.00124, 9.998751, 11.99876 ], "texture": "#blue_candle_2" },
				"south": { "uv": [ 6.00125, 15.00124, 9.998751, 15.99876 ], "texture": "#blue_candle_2" },
				"west": { "uv": [ 11.00124, 15.00124, 11.99876, 15.99876 ], "texture": "#blue_candle_2" },
				"east": { "uv": [ 4.00125, 15.00124, 4.99875, 15.99876 ], "texture": "#blue_candle_2" }
			}
		},
		{
			"__comment": "Voxels",
			"from": [ 8.3438, 0.7178, 6.0145 ],
			"to": [ 9.783799, 1.0778, 6.374501 ],
			"faces": {
				"up": { "uv": [ 6.00125, 5.001251, 9.998751, 5.998749 ], "texture": "#blue_candle_2" },
				"north": { "uv": [ 6.00125, 14.00124, 9.998751, 14.99876 ], "texture": "#blue_candle_2" },
				"west": { "uv": [ 5.00125, 14.00124, 5.99875, 14.99876 ], "texture": "#blue_candle_2" },
				"east": { "uv": [ 10.00124, 14.00124, 10.99876, 14.99876 ], "texture": "#blue_candle_2" }
			}
		},
		{
			"__comment": "Voxels",
			"from": [ 8.3449, 0.7196, 7.8155 ],
			"to": [ 9.784901, 1.0796, 8.175501 ],
			"faces": {
				"up": { "uv": [ 6.00125, 10.00124, 9.998751, 10.99876 ], "texture": "#blue_candle_2" },
				"south": { "uv": [ 6.00125, 14.00124, 9.998751, 14.99876 ], "texture": "#blue_candle_2" },
				"west": { "uv": [ 10.00124, 14.00124, 10.99876, 14.99876 ], "texture": "#blue_candle_2" },
				"east": { "uv": [ 5.00125, 14.00124, 5.99875, 14.99876 ], "texture": "#blue_candle_2" }
			}
		},
		{
			"__comment": "Voxels",
			"from": [ 8.344299, 1.0789, 6.7348 ],
			"to": [ 9.7843, 1.7989, 7.4548 ],
			"faces": {
				"north": { "uv": [ 6.00125, 12.00124, 9.998751, 13.99876 ], "texture": "#blue_candle_2" },
				"south": { "uv": [ 6.00125, 12.00124, 9.998751, 13.99876 ], "texture": "#blue_candle_2" },
				"west": { "uv": [ 7.00125, 12.00124, 8.998751, 13.99876 ], "texture": "#blue_candle_2" },
				"east": { "uv": [ 7.00125, 12.00124, 8.998751, 13.99876 ], "texture": "#blue_candle_2" }
			}
		},
		{
			"__comment": "Voxels",
			"from": [ 8.3433, 1.7994, 6.3738 ],
			"to": [ 9.7833, 2.159399, 6.733799 ],
			"faces": {
				"down": { "uv": [ 6.00125, 9.001249, 9.998751, 9.998751 ], "texture": "#blue_candle_2" },
				"north": { "uv": [ 6.00125, 11.00124, 9.998751, 11.99876 ], "texture": "#blue_candle_2" },
				"west": { "uv": [ 6.00125, 11.00124, 6.99875, 11.99876 ], "texture": "#blue_candle_2" },
				"east": { "uv": [ 9.001249, 11.00124, 9.998751, 11.99876 ], "texture": "#blue_candle_2" }
			}
		},
		{
			"__comment": "Voxels",
			"from": [ 8.3445, 1.8001, 7.4538 ],
			"to": [ 9.7845, 2.1601, 7.813798 ],
			"faces": {
				"down": { "uv": [ 6.00125, 6.001251, 9.998751, 6.998749 ], "texture": "#blue_candle_2" },
				"south": { "uv": [ 6.00125, 11.00124, 9.998751, 11.99876 ], "texture": "#blue_candle_2" },
				"west": { "uv": [ 9.001249, 11.00124, 9.998751, 11.99876 ], "texture": "#blue_candle_2" },
				"east": { "uv": [ 6.00125, 11.00124, 6.99875, 11.99876 ], "texture": "#blue_candle_2" }
			}
		},
		{
			"__comment": "Voxels",
			"from": [ 8.343599, 2.1585, 6.014 ],
			"to": [ 9.7836, 2.5185, 6.374 ],
			"faces": {
				"down": { "uv": [ 6.00125, 10.00124, 9.998751, 10.99876 ], "texture": "#blue_candle_2" },
				"up": { "uv": [ 6.00125, 5.001251, 9.998751, 5.998749 ], "texture": "#blue_candle_2" },
				"north": { "uv": [ 6.00125, 10.00124, 9.998751, 10.99876 ], "texture": "#blue_candle_2" },
				"west": { "uv": [ 5.00125, 10.00124, 5.99875, 10.99876 ], "texture": "#blue_candle_2" },
				"east": { "uv": [ 10.00124, 10.00124, 10.99876, 10.99876 ], "texture": "#blue_candle_2" }
			}
		},
		{
			"__comment": "Voxels",
			"from": [ 8.3428, 2.159, 7.8146 ],
			"to": [ 9.782801, 2.519, 8.174601 ],
			"faces": {
				"down": { "uv": [ 6.00125, 5.001251, 9.998751, 5.998749 ], "texture": "#blue_candle_2" },
				"up": { "uv": [ 6.00125, 10.00124, 9.998751, 10.99876 ], "texture": "#blue_candle_2" },
				"south": { "uv": [ 6.00125, 10.00124, 9.998751, 10.99876 ], "texture": "#blue_candle_2" },
				"west": { "uv": [ 10.00124, 10.00124, 10.99876, 10.99876 ], "texture": "#blue_candle_2" },
				"east": { "uv": [ 5.00125, 10.00124, 5.99875, 10.99876 ], "texture": "#blue_candle_2" }
			}
		},
		{
			"__comment": "Voxels",
			"from": [ 8.3426, 2.5196, 6.3748 ],
			"to": [ 9.7826, 2.8796, 6.734798 ],
			"faces": {
				"up": { "uv": [ 6.00125, 6.001251, 9.998751, 6.998749 ], "texture": "#blue_candle_2" },
				"north": { "uv": [ 6.00125, 9.001249, 9.998751, 9.998751 ], "texture": "#blue_candle_2" },
				"west": { "uv": [ 6.00125, 9.001249, 6.99875, 9.998751 ], "texture": "#blue_candle_2" },
				"east": { "uv": [ 9.001249, 9.001249, 9.998751, 9.998751 ], "texture": "#blue_candle_2" }
			}
		},
		{
			"__comment": "Voxels",
			"from": [ 8.3427, 2.5187, 7.4551 ],
			"to": [ 9.782701, 2.8787, 7.8151 ],
			"faces": {
				"up": { "uv": [ 6.00125, 9.001249, 9.998751, 9.998751 ], "texture": "#blue_candle_2" },
				"south": { "uv": [ 6.00125, 9.001249, 9.998751, 9.998751 ], "texture": "#blue_candle_2" },
				"west": { "uv": [ 9.001249, 9.001249, 9.998751, 9.998751 ], "texture": "#blue_candle_2" },
				"east": { "uv": [ 6.00125, 9.001249, 6.99875, 9.998751 ], "texture": "#blue_candle_2" }
			}
		},
		{
			"__comment": "Voxels",
			"from": [ 8.3434, 2.8794, 6.7353 ],
			"to": [ 9.783401, 3.5994, 7.455301 ],
			"faces": {
				"north": { "uv": [ 6.00125, 7.001251, 9.998751, 8.998751 ], "texture": "#blue_candle_2" },
				"south": { "uv": [ 6.00125, 7.001251, 9.998751, 8.998751 ], "texture": "#blue_candle_2" },
				"west": { "uv": [ 7.00125, 7.001251, 8.998751, 8.998751 ], "texture": "#blue_candle_2" },
				"east": { "uv": [ 7.00125, 7.001251, 8.998751, 8.998751 ], "texture": "#blue_candle_2" }
			}
		},
		{
			"__comment": "Voxels",
			"from": [ 8.344999, 3.5981, 5.4746 ],
			"to": [ 9.784999, 3.9581, 6.374599 ],
			"faces": {
				"down": { "uv": [ 6.00125, 10.00124, 9.998751, 12.49876 ], "texture": "#blue_candle_2" },
				"up": { "uv": [ 6.00125, 3.50125, 9.998751, 5.998749 ], "texture": "#blue_candle_2" },
				"north": { "uv": [ 6.00125, 6.001251, 9.998751, 6.998749 ], "texture": "#blue_candle_2" },
				"west": { "uv": [ 3.50125, 6.001251, 5.99875, 6.998749 ], "texture": "#blue_candle_2" },
				"east": { "uv": [ 10.00124, 6.001251, 12.49876, 6.998749 ], "texture": "#blue_candle_2" }
			}
		},
		{
			"__comment": "Voxels",
			"from": [ 8.3445, 3.5984, 7.8147 ],
			"to": [ 9.7845, 3.9584, 8.714699 ],
			"faces": {
				"down": { "uv": [ 6.00125, 3.50125, 9.998751, 5.998749 ], "texture": "#blue_candle_2" },
				"up": { "uv": [ 6.00125, 10.00124, 9.998751, 12.49876 ], "texture": "#blue_candle_2" },
				"south": { "uv": [ 6.00125, 6.001251, 9.998751, 6.998749 ], "texture": "#blue_candle_2" },
				"west": { "uv": [ 10.00124, 6.001251, 12.49876, 6.998749 ], "texture": "#blue_candle_2" },
				"east": { "uv": [ 3.50125, 6.001251, 5.99875, 6.998749 ], "texture": "#blue_candle_2" }
			}
		},
		{
			"__comment": "Voxels",
			"from": [ 8.7031, 1.078, 6.3756 ],
			"to": [ 9.423099, 1.798, 6.7356 ],
			"faces": {
				"north": { "uv": [ 7.00125, 12.00124, 8.998751, 13.99876 ], "texture": "#blue_candle_2" },
				"west": { "uv": [ 6.00125, 12.00124, 6.99875, 13.99876 ], "texture": "#blue_candle_2" },
				"east": { "uv": [ 9.001249, 12.00124, 9.998751, 13.99876 ], "texture": "#blue_candle_2" }
			}
		},
		{
			"__comment": "Voxels",
			"from": [ 8.7043, 1.078, 7.4534 ],
			"to": [ 9.424299, 1.798, 7.813398 ],
			"faces": {
				"south": { "uv": [ 7.00125, 12.00124, 8.998751, 13.99876 ], "texture": "#blue_candle_2" },
				"west": { "uv": [ 9.001249, 12.00124, 9.998751, 13.99876 ], "texture": "#blue_candle_2" },
				"east": { "uv": [ 6.00125, 12.00124, 6.99875, 13.99876 ], "texture": "#blue_candle_2" }
			}
		},
		{
			"__comment": "Voxels",
			"from": [ 8.7049, 1.7989, 6.0141 ],
			"to": [ 9.424899, 2.1589, 6.3741 ],
			"faces": {
				"down": { "uv": [ 7.00125, 10.00124, 8.998751, 10.99876 ], "texture": "#blue_candle_2" },
				"north": { "uv": [ 7.00125, 11.00124, 8.998751, 11.99876 ], "texture": "#blue_candle_2" },
				"west": { "uv": [ 5.00125, 11.00124, 5.99875, 11.99876 ], "texture": "#blue_candle_2" },
				"east": { "uv": [ 10.00124, 11.00124, 10.99876, 11.99876 ], "texture": "#blue_candle_2" }
			}
		},
		{
			"__comment": "Voxels",
			"from": [ 8.7031, 1.7995, 7.8141 ],
			"to": [ 9.4231, 2.1595, 8.174101 ],
			"faces": {
				"down": { "uv": [ 7.00125, 5.001251, 8.998751, 5.998749 ], "texture": "#blue_candle_2" },
				"south": { "uv": [ 7.00125, 11.00124, 8.998751, 11.99876 ], "texture": "#blue_candle_2" },
				"west": { "uv": [ 10.00124, 11.00124, 10.99876, 11.99876 ], "texture": "#blue_candle_2" },
				"east": { "uv": [ 5.00125, 11.00124, 5.99875, 11.99876 ], "texture": "#blue_candle_2" }
			}
		},
		{
			"__comment": "Voxels",
			"from": [ 8.7027, 2.5177, 6.0152 ],
			"to": [ 9.422699, 2.877699, 6.375197 ],
			"faces": {
				"up": { "uv": [ 7.00125, 5.001251, 8.998751, 5.998749 ], "texture": "#blue_candle_2" },
				"north": { "uv": [ 7.00125, 9.001249, 8.998751, 9.998751 ], "texture": "#blue_candle_2" },
				"west": { "uv": [ 5.00125, 9.001249, 5.99875, 9.998751 ], "texture": "#blue_candle_2" },
				"east": { "uv": [ 10.00124, 9.001249, 10.99876, 9.998751 ], "texture": "#blue_candle_2" }
			}
		},
		{
			"__comment": "Voxels",
			"from": [ 8.7037, 2.5187, 7.8144 ],
			"to": [ 9.4237, 2.8787, 8.1744 ],
			"faces": {
				"up": { "uv": [ 7.00125, 10.00124, 8.998751, 10.99876 ], "texture": "#blue_candle_2" },
				"south": { "uv": [ 7.00125, 9.001249, 8.998751, 9.998751 ], "texture": "#blue_candle_2" },
				"west": { "uv": [ 10.00124, 9.001249, 10.99876, 9.998751 ], "texture": "#blue_candle_2" },
				"east": { "uv": [ 5.00125, 9.001249, 5.99875, 9.998751 ], "texture": "#blue_candle_2" }
			}
		},
		{
			"__comment": "Voxels",
			"from": [ 8.7037, 2.8785, 6.3746 ],
			"to": [ 9.423699, 3.5985, 6.7346 ],
			"faces": {
				"north": { "uv": [ 7.00125, 7.001251, 8.998751, 8.998751 ], "texture": "#blue_candle_2" },
				"west": { "uv": [ 6.00125, 7.001251, 6.99875, 8.998751 ], "texture": "#blue_candle_2" },
				"east": { "uv": [ 9.001249, 7.001251, 9.998751, 8.998751 ], "texture": "#blue_candle_2" }
			}
		},
		{
			"__comment": "Voxels",
			"from": [ 8.7044, 2.8798, 7.4546 ],
			"to": [ 9.4244, 3.5998, 7.8146 ],
			"faces": {
				"south": { "uv": [ 7.00125, 7.001251, 8.998751, 8.998751 ], "texture": "#blue_candle_2" },
				"west": { "uv": [ 9.001249, 7.001251, 9.998751, 8.998751 ], "texture": "#blue_candle_2" },
				"east": { "uv": [ 6.00125, 7.001251, 6.99875, 8.998751 ], "texture": "#blue_candle_2" }
			}
		},
		{
			"__comment": "Voxels",
			"from": [ 7.8042, 3.5991, 5.8337 ],
			"to": [ 8.344198, 3.9591, 6.3737 ],
			"faces": {
				"down": { "uv": [ 4.50125, 10.00124, 5.99875, 11.49876 ], "texture": "#blue_candle_2" },
				"up": { "uv": [ 4.50125, 4.501251, 5.99875, 5.998749 ], "texture": "#blue_candle_2" },
				"north": { "uv": [ 10.00124, 6.001251, 11.49876, 6.998749 ], "texture": "#blue_candle_2" },
				"west": { "uv": [ 4.50125, 6.001251, 5.99875, 6.998749 ], "texture": "#blue_candle_2" }
			}
		},
		{
			"__comment": "Voxels",
			"from": [ 9.7836, 3.6003, 5.834 ],
			"to": [ 10.3236, 3.9603, 6.374 ],
			"faces": {
				"down": { "uv": [ 10.00124, 10.00124, 11.49876, 11.49876 ], "texture": "#blue_candle_2" },
				"up": { "uv": [ 10.00124, 4.501251, 11.49876, 5.998749 ], "texture": "#blue_candle_2" },
				"north": { "uv": [ 4.50125, 6.001251, 5.99875, 6.998749 ], "texture": "#blue_candle_2" },
				"east": { "uv": [ 10.00124, 6.001251, 11.49876, 6.998749 ], "texture": "#blue_candle_2" }
			}
		},
		{
			"__comment": "Voxels",
			"from": [ 9.7836, 3.5991, 7.8142 ],
			"to": [ 10.3236, 3.959099, 8.3542 ],
			"faces": {
				"down": { "uv": [ 10.00124, 4.501251, 11.49876, 5.998749 ], "texture": "#blue_candle_2" },
				"up": { "uv": [ 10.00124, 10.00124, 11.49876, 11.49876 ], "texture": "#blue_candle_2" },
				"south": { "uv": [ 10.00124, 6.001251, 11.49876, 6.998749 ], "texture": "#blue_candle_2" },
				"east": { "uv": [ 4.50125, 6.001251, 5.99875, 6.998749 ], "texture": "#blue_candle_2" }
			}
		},
		{
			"__comment": "Voxels",
			"from": [ 7.8031, 3.5983, 7.8146 ],
			"to": [ 8.3431, 3.958299, 8.354597 ],
			"faces": {
				"down": { "uv": [ 4.50125, 4.501251, 5.99875, 5.998749 ], "texture": "#blue_candle_2" },
				"up": { "uv": [ 4.50125, 10.00124, 5.99875, 11.49876 ], "texture": "#blue_candle_2" },
				"south": { "uv": [ 4.50125, 6.001251, 5.99875, 6.998749 ], "texture": "#blue_candle_2" },
				"west": { "uv": [ 10.00124, 6.001251, 11.49876, 6.998749 ], "texture": "#blue_candle_2" }
			}
		},
		{
			"__comment": "Box43",
			"from": [ 8.8989, 7.1983, 6.9738 ],
			"to": [ 9.1989, 7.4983, 7.273798 ],
			"faces": {
				"up": { "uv": [ 7.75125, 7.751251, 8.248751, 8.248751 ], "texture": "#blue_candle_3" },
				"north": { "uv": [ 7.75125, 3.50125, 8.248751, 3.99875 ], "texture": "#blue_candle_3" },
				"south": { "uv": [ 7.75125, 3.50125, 8.248751, 3.99875 ], "texture": "#blue_candle_3" },
				"west": { "uv": [ 7.75125, 3.50125, 8.248751, 3.99875 ], "texture": "#blue_candle_3" },
				"east": { "uv": [ 7.75125, 3.50125, 8.248751, 3.99875 ], "texture": "#blue_candle_3" }
			}
		},
		{
			"__comment": "candle7",
			"from": [ 7.6234, 3.9586, 6.3752 ],
			"to": [ 10.5034, 7.1986, 7.815199 ],
			"faces": {
				"up": { "uv": [ 4.00125, 12.00124, 11.99876, 13.99876 ], "texture": "#blue_candle_1" },
				"north": { "uv": [ 4.00125, 0.001249313, 11.99876, 15.99876 ], "texture": "#blue_candle_1" },
				"south": { "uv": [ 4.00125, 0.001249313, 11.99876, 15.99876 ], "texture": "#blue_candle_1" },
				"west": { "uv": [ 6.00125, 0.001249313, 9.998751, 15.99876 ], "texture": "#blue_candle_1" },
				"east": { "uv": [ 6.00125, 0.001249313, 9.998751, 15.99876 ], "texture": "#blue_candle_1" }
			}
		},
		{
			"__comment": "candle5",
			"from": [ 7.9835, 3.9592, 6.0136 ],
			"to": [ 10.1435, 7.199198, 6.3736 ],
			"faces": {
				"down": { "uv": [ 4.00125, 9.501249, 11.99876, 15.99876 ], "texture": "#blue_candle_1" },
				"up": { "uv": [ 5.00125, 11.00124, 10.99876, 11.99876 ], "texture": "#blue_candle_1" },
				"north": { "uv": [ 5.00125, 0.001249313, 10.99876, 15.99876 ], "texture": "#blue_candle_1" },
				"west": { "uv": [ 5.00125, 0.001249313, 5.99875, 15.99876 ], "texture": "#blue_candle_1" },
				"east": { "uv": [ 10.00124, 0.001249313, 10.99876, 15.99876 ], "texture": "#blue_candle_1" }
			}
		},
		{
			"__comment": "candle6",
			"from": [ 7.9827, 3.9585, 7.8148 ],
			"to": [ 10.1427, 7.198501, 8.174801 ],
			"faces": {
				"down": { "uv": [ 4.00125, 9.501249, 11.99876, 15.99876 ], "texture": "#blue_candle_1" },
				"up": { "uv": [ 5.00125, 14.00124, 10.99876, 14.99876 ], "texture": "#blue_candle_1" },
				"south": { "uv": [ 5.00125, 0.001249313, 10.99876, 15.99876 ], "texture": "#blue_candle_1" },
				"west": { "uv": [ 10.00124, 0.001249313, 10.99876, 15.99876 ], "texture": "#blue_candle_1" },
				"east": { "uv": [ 5.00125, 0.001249313, 5.99875, 15.99876 ], "texture": "#blue_candle_1" }
			}
		},
		{
			"__comment": "candle4",
			"from": [ 8.3432, 3.9581, 5.6553 ],
			"to": [ 9.783199, 7.1981, 6.015297 ],
			"faces": {
				"up": { "uv": [ 6.00125, 10.00124, 8.998751, 10.99876 ], "texture": "#blue_candle_1" },
				"north": { "uv": [ 6.00125, 0.001249313, 9.998751, 15.99876 ], "texture": "#blue_candle_1" },
				"west": { "uv": [ 4.00125, 0.001249313, 4.99875, 15.99876 ], "texture": "#blue_candle_1" },
				"east": { "uv": [ 11.00124, 0.001249313, 11.99876, 15.99876 ], "texture": "#blue_candle_1" }
			}
		},
		{
			"__comment": "candle",
			"from": [ 8.344299, 3.9594, 8.1745 ],
			"to": [ 9.784299, 7.199402, 8.534497 ],
			"faces": {
				"up": { "uv": [ 6.00125, 15.00124, 8.998751, 15.99876 ], "texture": "#blue_candle_1" },
				"south": { "uv": [ 6.00125, 0.001249313, 9.998751, 15.99876 ], "texture": "#blue_candle_1" },
				"west": { "uv": [ 11.00124, 0.001249313, 11.99876, 15.99876 ], "texture": "#blue_candle_1" },
				"east": { "uv": [ 4.00125, 0.001249313, 4.99875, 15.99876 ], "texture": "#blue_candle_1" }
			}
		},
		{
			"__comment": "Voxels",
			"from": [ 4.875, 0, 7.375 ],
			"to": [ 7.178999, 0.5760002, 8.527 ],
			"faces": {
				"down": { "uv": [ 4.00125, 6.001251, 11.99876, 9.998751 ], "texture": "#blue_candle_2", "cullface": "down" },
				"up": { "uv": [ 4.00125, 6.001251, 11.99876, 9.998751 ], "texture": "#blue_candle_2" },
				"north": { "uv": [ 4.00125, 15.00124, 11.99876, 15.99876 ], "texture": "#blue_candle_2" },
				"south": { "uv": [ 4.00125, 15.00124, 11.99876, 15.99876 ], "texture": "#blue_candle_2" },
				"west": { "uv": [ 6.00125, 15.00124, 9.998751, 15.99876 ], "texture": "#blue_candle_2" },
				"east": { "uv": [ 6.00125, 15.00124, 9.998751, 15.99876 ], "texture": "#blue_candle_2" }
			}
		},
		{
			"__comment": "Voxels",
			"from": [ 5.1622, -0.0002, 7.0864 ],
			"to": [ 6.890201, 0.5758001, 7.3744 ],
			"faces": {
				"down": { "uv": [ 5.00125, 10.00124, 10.99876, 10.99876 ], "texture": "#blue_candle_2", "cullface": "down" },
				"up": { "uv": [ 5.00125, 5.001251, 10.99876, 5.998749 ], "texture": "#blue_candle_2" },
				"north": { "uv": [ 5.00125, 15.00124, 10.99876, 15.99876 ], "texture": "#blue_candle_2" },
				"west": { "uv": [ 5.00125, 15.00124, 5.99875, 15.99876 ], "texture": "#blue_candle_2" },
				"east": { "uv": [ 10.00124, 15.00124, 10.99876, 15.99876 ], "texture": "#blue_candle_2" }
			}
		},
		{
			"__comment": "Voxels",
			"from": [ 5.1629, -0.0001, 8.526999 ],
			"to": [ 6.8909, 0.5759003, 8.815 ],
			"faces": {
				"down": { "uv": [ 5.00125, 5.001251, 10.99876, 5.998749 ], "texture": "#blue_candle_2", "cullface": "down" },
				"up": { "uv": [ 5.00125, 10.00124, 10.99876, 10.99876 ], "texture": "#blue_candle_2" },
				"south": { "uv": [ 5.00125, 15.00124, 10.99876, 15.99876 ], "texture": "#blue_candle_2" },
				"west": { "uv": [ 10.00124, 15.00124, 10.99876, 15.99876 ], "texture": "#blue_candle_2" },
				"east": { "uv": [ 5.00125, 15.00124, 5.99875, 15.99876 ], "texture": "#blue_candle_2" }
			}
		},
		{
			"__comment": "Voxels",
			"from": [ 5.162, 0.5754, 7.3742 ],
			"to": [ 6.889998, 0.8633997, 8.5262 ],
			"faces": {
				"up": { "uv": [ 5.00125, 6.001251, 10.99876, 9.998751 ], "texture": "#blue_candle_2" },
				"north": { "uv": [ 5.00125, 14.00124, 10.99876, 14.99876 ], "texture": "#blue_candle_2" },
				"south": { "uv": [ 5.00125, 14.00124, 10.99876, 14.99876 ], "texture": "#blue_candle_2" },
				"west": { "uv": [ 6.00125, 14.00124, 9.998751, 14.99876 ], "texture": "#blue_candle_2" },
				"east": { "uv": [ 6.00125, 14.00124, 9.998751, 14.99876 ], "texture": "#blue_candle_2" }
			}
		},
		{
			"__comment": "Voxels",
			"from": [ 5.1612, 1.4386, 7.663 ],
			"to": [ 6.889201, 2.3026, 8.238998 ],
			"faces": {
				"down": { "uv": [ 5.00125, 7.001251, 10.99876, 8.998751 ], "texture": "#blue_candle_2" },
				"up": { "uv": [ 5.00125, 7.001251, 10.99876, 8.998751 ], "texture": "#blue_candle_2" },
				"north": { "uv": [ 5.00125, 9.001249, 10.99876, 11.99876 ], "texture": "#blue_candle_2" },
				"south": { "uv": [ 5.00125, 9.001249, 10.99876, 11.99876 ], "texture": "#blue_candle_2" },
				"west": { "uv": [ 7.00125, 9.001249, 8.998751, 11.99876 ], "texture": "#blue_candle_2" },
				"east": { "uv": [ 7.00125, 9.001249, 8.998751, 11.99876 ], "texture": "#blue_candle_2" }
			}
		},
		{
			"__comment": "Voxels",
			"from": [ 5.1629, 1.7275, 7.3757 ],
			"to": [ 6.8909, 2.0155, 7.6637 ],
			"faces": {
				"down": { "uv": [ 5.00125, 9.001249, 10.99876, 9.998751 ], "texture": "#blue_candle_2" },
				"up": { "uv": [ 5.00125, 6.001251, 10.99876, 6.998749 ], "texture": "#blue_candle_2" },
				"north": { "uv": [ 5.00125, 10.00124, 10.99876, 10.99876 ], "texture": "#blue_candle_2" },
				"west": { "uv": [ 6.00125, 10.00124, 6.99875, 10.99876 ], "texture": "#blue_candle_2" },
				"east": { "uv": [ 9.001249, 10.00124, 9.998751, 10.99876 ], "texture": "#blue_candle_2" }
			}
		},
		{
			"__comment": "Voxels",
			"from": [ 5.1619, 1.7275, 8.238999 ],
			"to": [ 6.889901, 2.0155, 8.526999 ],
			"faces": {
				"down": { "uv": [ 5.00125, 6.001251, 10.99876, 6.998749 ], "texture": "#blue_candle_2" },
				"up": { "uv": [ 5.00125, 9.001249, 10.99876, 9.998751 ], "texture": "#blue_candle_2" },
				"south": { "uv": [ 5.00125, 10.00124, 10.99876, 10.99876 ], "texture": "#blue_candle_2" },
				"west": { "uv": [ 9.001249, 10.00124, 9.998751, 10.99876 ], "texture": "#blue_candle_2" },
				"east": { "uv": [ 6.00125, 10.00124, 6.99875, 10.99876 ], "texture": "#blue_candle_2" }
			}
		},
		{
			"__comment": "Voxels",
			"from": [ 4.7295, 2.8795, 7.374 ],
			"to": [ 7.321498, 3.1675, 8.525999 ],
			"faces": {
				"down": { "uv": [ 3.50125, 6.001251, 12.49875, 9.998751 ], "texture": "#blue_candle_2" },
				"up": { "uv": [ 3.50125, 6.001251, 12.49875, 9.998751 ], "texture": "#blue_candle_2" },
				"north": { "uv": [ 3.50125, 6.001251, 12.49875, 6.998749 ], "texture": "#blue_candle_2" },
				"south": { "uv": [ 3.50125, 6.001251, 12.49875, 6.998749 ], "texture": "#blue_candle_2" },
				"west": { "uv": [ 6.00125, 6.001251, 9.998751, 6.998749 ], "texture": "#blue_candle_2" },
				"east": { "uv": [ 6.00125, 6.001251, 9.998751, 6.998749 ], "texture": "#blue_candle_2" }
			}
		},
		{
			"__comment": "Voxels",
			"from": [ 5.4501, -0.0005, 6.7979 ],
			"to": [ 6.6021, 0.5754998, 7.085897 ],
			"faces": {
				"down": { "uv": [ 6.00125, 11.00124, 9.998751, 11.99876 ], "texture": "#blue_candle_2", "cullface": "down" },
				"up": { "uv": [ 6.00125, 4.001251, 9.998751, 4.998749 ], "texture": "#blue_candle_2" },
				"north": { "uv": [ 6.00125, 15.00124, 9.998751, 15.99876 ], "texture": "#blue_candle_2" },
				"west": { "uv": [ 4.00125, 15.00124, 4.99875, 15.99876 ], "texture": "#blue_candle_2" },
				"east": { "uv": [ 11.00124, 15.00124, 11.99876, 15.99876 ], "texture": "#blue_candle_2" }
			}
		},
		{
			"__comment": "Voxels",
			"from": [ 5.4508, -0.0013, 8.814899 ],
			"to": [ 6.602799, 0.5747003, 9.1029 ],
			"faces": {
				"down": { "uv": [ 6.00125, 4.001251, 9.998751, 4.998749 ], "texture": "#blue_candle_2", "cullface": "down" },
				"up": { "uv": [ 6.00125, 11.00124, 9.998751, 11.99876 ], "texture": "#blue_candle_2" },
				"south": { "uv": [ 6.00125, 15.00124, 9.998751, 15.99876 ], "texture": "#blue_candle_2" },
				"west": { "uv": [ 11.00124, 15.00124, 11.99876, 15.99876 ], "texture": "#blue_candle_2" },
				"east": { "uv": [ 4.00125, 15.00124, 4.99875, 15.99876 ], "texture": "#blue_candle_2" }
			}
		},
		{
			"__comment": "Voxels",
			"from": [ 5.45, 0.5742, 7.0866 ],
			"to": [ 6.601999, 0.8621998, 7.374601 ],
			"faces": {
				"up": { "uv": [ 6.00125, 5.001251, 9.998751, 5.998749 ], "texture": "#blue_candle_2" },
				"north": { "uv": [ 6.00125, 14.00124, 9.998751, 14.99876 ], "texture": "#blue_candle_2" },
				"west": { "uv": [ 5.00125, 14.00124, 5.99875, 14.99876 ], "texture": "#blue_candle_2" },
				"east": { "uv": [ 10.00124, 14.00124, 10.99876, 14.99876 ], "texture": "#blue_candle_2" }
			}
		},
		{
			"__comment": "Voxels",
			"from": [ 5.4509, 0.5757, 8.5274 ],
			"to": [ 6.6029, 0.8636999, 8.8154 ],
			"faces": {
				"up": { "uv": [ 6.00125, 10.00124, 9.998751, 10.99876 ], "texture": "#blue_candle_2" },
				"south": { "uv": [ 6.00125, 14.00124, 9.998751, 14.99876 ], "texture": "#blue_candle_2" },
				"west": { "uv": [ 10.00124, 14.00124, 10.99876, 14.99876 ], "texture": "#blue_candle_2" },
				"east": { "uv": [ 5.00125, 14.00124, 5.99875, 14.99876 ], "texture": "#blue_candle_2" }
			}
		},
		{
			"__comment": "Voxels",
			"from": [ 5.4504, 0.8631, 7.6628 ],
			"to": [ 6.6024, 1.4391, 8.2388 ],
			"faces": {
				"north": { "uv": [ 6.00125, 12.00124, 9.998751, 13.99876 ], "texture": "#blue_candle_2" },
				"south": { "uv": [ 6.00125, 12.00124, 9.998751, 13.99876 ], "texture": "#blue_candle_2" },
				"west": { "uv": [ 7.00125, 12.00124, 8.998751, 13.99876 ], "texture": "#blue_candle_2" },
				"east": { "uv": [ 7.00125, 12.00124, 8.998751, 13.99876 ], "texture": "#blue_candle_2" }
			}
		},
		{
			"__comment": "Voxels",
			"from": [ 5.4497, 1.4395, 7.374 ],
			"to": [ 6.6017, 1.727499, 7.661999 ],
			"faces": {
				"down": { "uv": [ 6.00125, 9.001249, 9.998751, 9.998751 ], "texture": "#blue_candle_2" },
				"north": { "uv": [ 6.00125, 11.00124, 9.998751, 11.99876 ], "texture": "#blue_candle_2" },
				"west": { "uv": [ 6.00125, 11.00124, 6.99875, 11.99876 ], "texture": "#blue_candle_2" },
				"east": { "uv": [ 9.001249, 11.00124, 9.998751, 11.99876 ], "texture": "#blue_candle_2" }
			}
		},
		{
			"__comment": "Voxels",
			"from": [ 5.4506, 1.4401, 8.238 ],
			"to": [ 6.6026, 1.7281, 8.526 ],
			"faces": {
				"down": { "uv": [ 6.00125, 6.001251, 9.998751, 6.998749 ], "texture": "#blue_candle_2" },
				"south": { "uv": [ 6.00125, 11.00124, 9.998751, 11.99876 ], "texture": "#blue_candle_2" },
				"west": { "uv": [ 9.001249, 11.00124, 9.998751, 11.99876 ], "texture": "#blue_candle_2" },
				"east": { "uv": [ 6.00125, 11.00124, 6.99875, 11.99876 ], "texture": "#blue_candle_2" }
			}
		},
		{
			"__comment": "Voxels",
			"from": [ 5.4498, 1.7268, 7.0862 ],
			"to": [ 6.6018, 2.0148, 7.374198 ],
			"faces": {
				"down": { "uv": [ 6.00125, 10.00124, 9.998751, 10.99876 ], "texture": "#blue_candle_2" },
				"up": { "uv": [ 6.00125, 5.001251, 9.998751, 5.998749 ], "texture": "#blue_candle_2" },
				"north": { "uv": [ 6.00125, 10.00124, 9.998751, 10.99876 ], "texture": "#blue_candle_2" },
				"west": { "uv": [ 5.00125, 10.00124, 5.99875, 10.99876 ], "texture": "#blue_candle_2" },
				"east": { "uv": [ 10.00124, 10.00124, 10.99876, 10.99876 ], "texture": "#blue_candle_2" }
			}
		},
		{
			"__comment": "Voxels",
			"from": [ 5.4493, 1.7272, 8.5267 ],
			"to": [ 6.6013, 2.0152, 8.8147 ],
			"faces": {
				"down": { "uv": [ 6.00125, 5.001251, 9.998751, 5.998749 ], "texture": "#blue_candle_2" },
				"up": { "uv": [ 6.00125, 10.00124, 9.998751, 10.99876 ], "texture": "#blue_candle_2" },
				"south": { "uv": [ 6.00125, 10.00124, 9.998751, 10.99876 ], "texture": "#blue_candle_2" },
				"west": { "uv": [ 10.00124, 10.00124, 10.99876, 10.99876 ], "texture": "#blue_candle_2" },
				"east": { "uv": [ 5.00125, 10.00124, 5.99875, 10.99876 ], "texture": "#blue_candle_2" }
			}
		},
		{
			"__comment": "Voxels",
			"from": [ 5.4491, 2.0156, 7.3749 ],
			"to": [ 6.6011, 2.3036, 7.6629 ],
			"faces": {
				"up": { "uv": [ 6.00125, 6.001251, 9.998751, 6.998749 ], "texture": "#blue_candle_2" },
				"north": { "uv": [ 6.00125, 9.001249, 9.998751, 9.998751 ], "texture": "#blue_candle_2" },
				"west": { "uv": [ 6.00125, 9.001249, 6.99875, 9.998751 ], "texture": "#blue_candle_2" },
				"east": { "uv": [ 9.001249, 9.001249, 9.998751, 9.998751 ], "texture": "#blue_candle_2" }
			}
		},
		{
			"__comment": "Voxels",
			"from": [ 5.4492, 2.015, 8.238999 ],
			"to": [ 6.6012, 2.303, 8.526999 ],
			"faces": {
				"up": { "uv": [ 6.00125, 9.001249, 9.998751, 9.998751 ], "texture": "#blue_candle_2" },
				"south": { "uv": [ 6.00125, 9.001249, 9.998751, 9.998751 ], "texture": "#blue_candle_2" },
				"west": { "uv": [ 9.001249, 9.001249, 9.998751, 9.998751 ], "texture": "#blue_candle_2" },
				"east": { "uv": [ 6.00125, 9.001249, 6.99875, 9.998751 ], "texture": "#blue_candle_2" }
			}
		},
		{
			"__comment": "Voxels",
			"from": [ 5.4497, 2.3035, 7.6633 ],
			"to": [ 6.6017, 2.8795, 8.239301 ],
			"faces": {
				"north": { "uv": [ 6.00125, 7.001251, 9.998751, 8.998751 ], "texture": "#blue_candle_2" },
				"south": { "uv": [ 6.00125, 7.001251, 9.998751, 8.998751 ], "texture": "#blue_candle_2" },
				"west": { "uv": [ 7.00125, 7.001251, 8.998751, 8.998751 ], "texture": "#blue_candle_2" },
				"east": { "uv": [ 7.00125, 7.001251, 8.998751, 8.998751 ], "texture": "#blue_candle_2" }
			}
		},
		{
			"__comment": "Voxels",
			"from": [ 5.451, 2.8785, 6.6547 ],
			"to": [ 6.603, 3.1665, 7.3747 ],
			"faces": {
				"down": { "uv": [ 6.00125, 10.00124, 9.998751, 12.49876 ], "texture": "#blue_candle_2" },
				"up": { "uv": [ 6.00125, 3.50125, 9.998751, 5.998749 ], "texture": "#blue_candle_2" },
				"north": { "uv": [ 6.00125, 6.001251, 9.998751, 6.998749 ], "texture": "#blue_candle_2" },
				"west": { "uv": [ 3.50125, 6.001251, 5.99875, 6.998749 ], "texture": "#blue_candle_2" },
				"east": { "uv": [ 10.00124, 6.001251, 12.49876, 6.998749 ], "texture": "#blue_candle_2" }
			}
		},
		{
			"__comment": "Voxels",
			"from": [ 5.4506, 2.8788, 8.5267 ],
			"to": [ 6.602601, 3.1668, 9.246699 ],
			"faces": {
				"down": { "uv": [ 6.00125, 3.50125, 9.998751, 5.998749 ], "texture": "#blue_candle_2" },
				"up": { "uv": [ 6.00125, 10.00124, 9.998751, 12.49876 ], "texture": "#blue_candle_2" },
				"south": { "uv": [ 6.00125, 6.001251, 9.998751, 6.998749 ], "texture": "#blue_candle_2" },
				"west": { "uv": [ 10.00124, 6.001251, 12.49876, 6.998749 ], "texture": "#blue_candle_2" },
				"east": { "uv": [ 3.50125, 6.001251, 5.99875, 6.998749 ], "texture": "#blue_candle_2" }
			}
		},
		{
			"__comment": "Voxels",
			"from": [ 5.7375, 0.8624, 7.3754 ],
			"to": [ 6.313498, 1.4384, 7.6634 ],
			"faces": {
				"north": { "uv": [ 7.00125, 12.00124, 8.998751, 13.99876 ], "texture": "#blue_candle_2" },
				"west": { "uv": [ 6.00125, 12.00124, 6.99875, 13.99876 ], "texture": "#blue_candle_2" },
				"east": { "uv": [ 9.001249, 12.00124, 9.998751, 13.99876 ], "texture": "#blue_candle_2" }
			}
		},
		{
			"__comment": "Voxels",
			"from": [ 5.7385, 0.8624, 8.2377 ],
			"to": [ 6.314497, 1.4384, 8.525698 ],
			"faces": {
				"south": { "uv": [ 7.00125, 12.00124, 8.998751, 13.99876 ], "texture": "#blue_candle_2" },
				"west": { "uv": [ 9.001249, 12.00124, 9.998751, 13.99876 ], "texture": "#blue_candle_2" },
				"east": { "uv": [ 6.00125, 12.00124, 6.99875, 13.99876 ], "texture": "#blue_candle_2" }
			}
		},
		{
			"__comment": "Voxels",
			"from": [ 5.739, 1.4391, 7.0863 ],
			"to": [ 6.314999, 1.7271, 7.3743 ],
			"faces": {
				"down": { "uv": [ 7.00125, 10.00124, 8.998751, 10.99876 ], "texture": "#blue_candle_2" },
				"north": { "uv": [ 7.00125, 11.00124, 8.998751, 11.99876 ], "texture": "#blue_candle_2" },
				"west": { "uv": [ 5.00125, 11.00124, 5.99875, 11.99876 ], "texture": "#blue_candle_2" },
				"east": { "uv": [ 10.00124, 11.00124, 10.99876, 11.99876 ], "texture": "#blue_candle_2" }
			}
		},
		{
			"__comment": "Voxels",
			"from": [ 5.7375, 1.4396, 8.526299 ],
			"to": [ 6.313498, 1.7276, 8.8143 ],
			"faces": {
				"down": { "uv": [ 7.00125, 5.001251, 8.998751, 5.998749 ], "texture": "#blue_candle_2" },
				"south": { "uv": [ 7.00125, 11.00124, 8.998751, 11.99876 ], "texture": "#blue_candle_2" },
				"west": { "uv": [ 10.00124, 11.00124, 10.99876, 11.99876 ], "texture": "#blue_candle_2" },
				"east": { "uv": [ 5.00125, 11.00124, 5.99875, 11.99876 ], "texture": "#blue_candle_2" }
			}
		},
		{
			"__comment": "Voxels",
			"from": [ 5.7372, 2.0142, 7.0872 ],
			"to": [ 6.3132, 2.302199, 7.375197 ],
			"faces": {
				"up": { "uv": [ 7.00125, 5.001251, 8.998751, 5.998749 ], "texture": "#blue_candle_2" },
				"north": { "uv": [ 7.00125, 9.001249, 8.998751, 9.998751 ], "texture": "#blue_candle_2" },
				"west": { "uv": [ 5.00125, 9.001249, 5.99875, 9.998751 ], "texture": "#blue_candle_2" },
				"east": { "uv": [ 10.00124, 9.001249, 10.99876, 9.998751 ], "texture": "#blue_candle_2" }
			}
		},
		{
			"__comment": "Voxels",
			"from": [ 5.7379, 2.0149, 8.5265 ],
			"to": [ 6.3139, 2.3029, 8.8145 ],
			"faces": {
				"up": { "uv": [ 7.00125, 10.00124, 8.998751, 10.99876 ], "texture": "#blue_candle_2" },
				"south": { "uv": [ 7.00125, 9.001249, 8.998751, 9.998751 ], "texture": "#blue_candle_2" },
				"west": { "uv": [ 10.00124, 9.001249, 10.99876, 9.998751 ], "texture": "#blue_candle_2" },
				"east": { "uv": [ 5.00125, 9.001249, 5.99875, 9.998751 ], "texture": "#blue_candle_2" }
			}
		},
		{
			"__comment": "Voxels",
			"from": [ 5.7379, 2.3028, 7.3747 ],
			"to": [ 6.313899, 2.8788, 7.662699 ],
			"faces": {
				"north": { "uv": [ 7.00125, 7.001251, 8.998751, 8.998751 ], "texture": "#blue_candle_2" },
				"west": { "uv": [ 6.00125, 7.001251, 6.99875, 8.998751 ], "texture": "#blue_candle_2" },
				"east": { "uv": [ 9.001249, 7.001251, 9.998751, 8.998751 ], "texture": "#blue_candle_2" }
			}
		},
		{
			"__comment": "Voxels",
			"from": [ 5.7385, 2.3038, 8.2387 ],
			"to": [ 6.314498, 2.8798, 8.5267 ],
			"faces": {
				"south": { "uv": [ 7.00125, 7.001251, 8.998751, 8.998751 ], "texture": "#blue_candle_2" },
				"west": { "uv": [ 9.001249, 7.001251, 9.998751, 8.998751 ], "texture": "#blue_candle_2" },
				"east": { "uv": [ 6.00125, 7.001251, 6.99875, 8.998751 ], "texture": "#blue_candle_2" }
			}
		},
		{
			"__comment": "Voxels",
			"from": [ 5.0184, 2.8793, 6.942 ],
			"to": [ 5.450397, 3.1673, 7.374 ],
			"faces": {
				"down": { "uv": [ 4.50125, 10.00124, 5.99875, 11.49876 ], "texture": "#blue_candle_2" },
				"up": { "uv": [ 4.50125, 4.501251, 5.99875, 5.998749 ], "texture": "#blue_candle_2" },
				"north": { "uv": [ 10.00124, 6.001251, 11.49876, 6.998749 ], "texture": "#blue_candle_2" },
				"west": { "uv": [ 4.50125, 6.001251, 5.99875, 6.998749 ], "texture": "#blue_candle_2" }
			}
		},
		{
			"__comment": "Voxels",
			"from": [ 6.6018, 2.8803, 6.9422 ],
			"to": [ 7.033799, 3.1683, 7.374198 ],
			"faces": {
				"down": { "uv": [ 10.00124, 10.00124, 11.49876, 11.49876 ], "texture": "#blue_candle_2" },
				"up": { "uv": [ 10.00124, 4.501251, 11.49876, 5.998749 ], "texture": "#blue_candle_2" },
				"north": { "uv": [ 4.50125, 6.001251, 5.99875, 6.998749 ], "texture": "#blue_candle_2" },
				"east": { "uv": [ 10.00124, 6.001251, 11.49876, 6.998749 ], "texture": "#blue_candle_2" }
			}
		},
		{
			"__comment": "Voxels",
			"from": [ 6.6019, 2.8793, 8.5264 ],
			"to": [ 7.033895, 3.167299, 8.9584 ],
			"faces": {
				"down": { "uv": [ 10.00124, 4.501251, 11.49876, 5.998749 ], "texture": "#blue_candle_2" },
				"up": { "uv": [ 10.00124, 10.00124, 11.49876, 11.49876 ], "texture": "#blue_candle_2" },
				"south": { "uv": [ 10.00124, 6.001251, 11.49876, 6.998749 ], "texture": "#blue_candle_2" },
				"east": { "uv": [ 4.50125, 6.001251, 5.99875, 6.998749 ], "texture": "#blue_candle_2" }
			}
		},
		{
			"__comment": "Voxels",
			"from": [ 5.0175, 2.8786, 8.5267 ],
			"to": [ 5.4495, 3.166599, 8.958697 ],
			"faces": {
				"down": { "uv": [ 4.50125, 4.501251, 5.99875, 5.998749 ], "texture": "#blue_candle_2" },
				"up": { "uv": [ 4.50125, 10.00124, 5.99875, 11.49876 ], "texture": "#blue_candle_2" },
				"south": { "uv": [ 4.50125, 6.001251, 5.99875, 6.998749 ], "texture": "#blue_candle_2" },
				"west": { "uv": [ 10.00124, 6.001251, 11.49876, 6.998749 ], "texture": "#blue_candle_2" }
			}
		},
		{
			"__comment": "Box43",
			"from": [ 5.8941, 5.7587, 7.8541 ],
			"to": [ 6.134099, 5.9987, 8.094099 ],
			"faces": {
				"up": { "uv": [ 7.75125, 7.751251, 8.248751, 8.248751 ], "texture": "#blue_candle_3" },
				"north": { "uv": [ 7.75125, 3.50125, 8.248751, 3.99875 ], "texture": "#blue_candle_3" },
				"south": { "uv": [ 7.75125, 3.50125, 8.248751, 3.99875 ], "texture": "#blue_candle_3" },
				"west": { "uv": [ 7.75125, 3.50125, 8.248751, 3.99875 ], "texture": "#blue_candle_3" },
				"east": { "uv": [ 7.75125, 3.50125, 8.248751, 3.99875 ], "texture": "#blue_candle_3" }
			}
		},
		{
			"__comment": "candle7",
			"from": [ 4.8737, 3.1669, 7.3751 ],
			"to": [ 7.177699, 5.7589, 8.5271 ],
			"faces": {
				"up": { "uv": [ 4.00125, 12.00124, 11.99876, 13.99876 ], "texture": "#blue_candle_1" },
				"north": { "uv": [ 4.00125, 0.001249313, 11.99876, 15.99876 ], "texture": "#blue_candle_1" },
				"south": { "uv": [ 4.00125, 0.001249313, 11.99876, 15.99876 ], "texture": "#blue_candle_1" },
				"west": { "uv": [ 6.00125, 0.001249313, 9.998751, 15.99876 ], "texture": "#blue_candle_1" },
				"east": { "uv": [ 6.00125, 0.001249313, 9.998751, 15.99876 ], "texture": "#blue_candle_1" }
			}
		},
		{
			"__comment": "candle5",
			"from": [ 5.1618, 3.1673, 7.0859 ],
			"to": [ 6.8898, 5.759298, 7.3739 ],
			"faces": {
				"down": { "uv": [ 4.00125, 9.501249, 11.99876, 15.99876 ], "texture": "#blue_candle_1" },
				"up": { "uv": [ 5.00125, 11.00124, 10.99876, 11.99876 ], "texture": "#blue_candle_1" },
				"north": { "uv": [ 5.00125, 0.001249313, 10.99876, 15.99876 ], "texture": "#blue_candle_1" },
				"west": { "uv": [ 5.00125, 0.001249313, 5.99875, 15.99876 ], "texture": "#blue_candle_1" },
				"east": { "uv": [ 10.00124, 0.001249313, 10.99876, 15.99876 ], "texture": "#blue_candle_1" }
			}
		},
		{
			"__comment": "candle6",
			"from": [ 5.1612, 3.1668, 8.526899 ],
			"to": [ 6.8892, 5.758801, 8.814899 ],
			"faces": {
				"down": { "uv": [ 4.00125, 9.501249, 11.99876, 15.99876 ], "texture": "#blue_candle_1" },
				"up": { "uv": [ 5.00125, 14.00124, 10.99876, 14.99876 ], "texture": "#blue_candle_1" },
				"south": { "uv": [ 5.00125, 0.001249313, 10.99876, 15.99876 ], "texture": "#blue_candle_1" },
				"west": { "uv": [ 10.00124, 0.001249313, 10.99876, 15.99876 ], "texture": "#blue_candle_1" },
				"east": { "uv": [ 5.00125, 0.001249313, 5.99875, 15.99876 ], "texture": "#blue_candle_1" }
			}
		},
		{
			"__comment": "candle4",
			"from": [ 5.4496, 3.1665, 6.7992 ],
			"to": [ 6.6016, 5.7585, 7.0872 ],
			"faces": {
				"up": { "uv": [ 6.00125, 10.00124, 8.998751, 10.99876 ], "texture": "#blue_candle_1" },
				"north": { "uv": [ 6.00125, 0.001249313, 9.998751, 15.99876 ], "texture": "#blue_candle_1" },
				"west": { "uv": [ 4.00125, 0.001249313, 4.99875, 15.99876 ], "texture": "#blue_candle_1" },
				"east": { "uv": [ 11.00124, 0.001249313, 11.99876, 15.99876 ], "texture": "#blue_candle_1" }
			}
		},
		{
			"__comment": "candle",
			"from": [ 5.4504, 3.1675, 8.8146 ],
			"to": [ 6.6024, 5.759501, 9.1026 ],
			"faces": {
				"up": { "uv": [ 6.00125, 15.00124, 8.998751, 15.99876 ], "texture": "#blue_candle_1" },
				"south": { "uv": [ 6.00125, 0.001249313, 9.998751, 15.99876 ], "texture": "#blue_candle_1" },
				"west": { "uv": [ 11.00124, 0.001249313, 11.99876, 15.99876 ], "texture": "#blue_candle_1" },
				"east": { "uv": [ 4.00125, 0.001249313, 4.99875, 15.99876 ], "texture": "#blue_candle_1" }
			}
		},
		{
			"__comment": "Voxels",
			"from": [ 7.125, 0, 9.625 ],
			"to": [ 8.7378, 0.4032001, 10.4314 ],
			"faces": {
				"down": { "uv": [ 4.00125, 6.001251, 11.99876, 9.998751 ], "texture": "#blue_candle_2", "cullface": "down" },
				"up": { "uv": [ 4.00125, 6.001251, 11.99876, 9.998751 ], "texture": "#blue_candle_2" },
				"north": { "uv": [ 4.00125, 15.00124, 11.99876, 15.99876 ], "texture": "#blue_candle_2" },
				"south": { "uv": [ 4.00125, 15.00124, 11.99876, 15.99876 ], "texture": "#blue_candle_2" },
				"west": { "uv": [ 6.00125, 15.00124, 9.998751, 15.99876 ], "texture": "#blue_candle_2" },
				"east": { "uv": [ 6.00125, 15.00124, 9.998751, 15.99876 ], "texture": "#blue_candle_2" }
			}
		},
		{
			"__comment": "Voxels",
			"from": [ 7.326, -0.0001, 9.422999 ],
			"to": [ 8.535601, 0.4031, 9.624599 ],
			"faces": {
				"down": { "uv": [ 5.00125, 10.00124, 10.99876, 10.99876 ], "texture": "#blue_candle_2", "cullface": "down" },
				"up": { "uv": [ 5.00125, 5.001251, 10.99876, 5.998749 ], "texture": "#blue_candle_2" },
				"north": { "uv": [ 5.00125, 15.00124, 10.99876, 15.99876 ], "texture": "#blue_candle_2" },
				"west": { "uv": [ 5.00125, 15.00124, 5.99875, 15.99876 ], "texture": "#blue_candle_2" },
				"east": { "uv": [ 10.00124, 15.00124, 10.99876, 15.99876 ], "texture": "#blue_candle_2" }
			}
		},
		{
			"__comment": "Voxels",
			"from": [ 7.3265, -0.0001, 10.4314 ],
			"to": [ 8.5361, 0.4031002, 10.633 ],
			"faces": {
				"down": { "uv": [ 5.00125, 5.001251, 10.99876, 5.998749 ], "texture": "#blue_candle_2", "cullface": "down" },
				"up": { "uv": [ 5.00125, 10.00124, 10.99876, 10.99876 ], "texture": "#blue_candle_2" },
				"south": { "uv": [ 5.00125, 15.00124, 10.99876, 15.99876 ], "texture": "#blue_candle_2" },
				"west": { "uv": [ 10.00124, 15.00124, 10.99876, 15.99876 ], "texture": "#blue_candle_2" },
				"east": { "uv": [ 5.00125, 15.00124, 5.99875, 15.99876 ], "texture": "#blue_candle_2" }
			}
		},
		{
			"__comment": "Voxels",
			"from": [ 7.3259, 0.4028, 9.6244 ],
			"to": [ 8.5355, 0.6043998, 10.4308 ],
			"faces": {
				"up": { "uv": [ 5.00125, 6.001251, 10.99876, 9.998751 ], "texture": "#blue_candle_2" },
				"north": { "uv": [ 5.00125, 14.00124, 10.99876, 14.99876 ], "texture": "#blue_candle_2" },
				"south": { "uv": [ 5.00125, 14.00124, 10.99876, 14.99876 ], "texture": "#blue_candle_2" },
				"west": { "uv": [ 6.00125, 14.00124, 9.998751, 14.99876 ], "texture": "#blue_candle_2" },
				"east": { "uv": [ 6.00125, 14.00124, 9.998751, 14.99876 ], "texture": "#blue_candle_2" }
			}
		},
		{
			"__comment": "Voxels",
			"from": [ 7.3254, 1.007, 9.8266 ],
			"to": [ 8.535, 1.6118, 10.2298 ],
			"faces": {
				"down": { "uv": [ 5.00125, 7.001251, 10.99876, 8.998751 ], "texture": "#blue_candle_2" },
				"up": { "uv": [ 5.00125, 7.001251, 10.99876, 8.998751 ], "texture": "#blue_candle_2" },
				"north": { "uv": [ 5.00125, 9.001249, 10.99876, 11.99876 ], "texture": "#blue_candle_2" },
				"south": { "uv": [ 5.00125, 9.001249, 10.99876, 11.99876 ], "texture": "#blue_candle_2" },
				"west": { "uv": [ 7.00125, 9.001249, 8.998751, 11.99876 ], "texture": "#blue_candle_2" },
				"east": { "uv": [ 7.00125, 9.001249, 8.998751, 11.99876 ], "texture": "#blue_candle_2" }
			}
		},
		{
			"__comment": "Voxels",
			"from": [ 7.3265, 1.2092, 9.6255 ],
			"to": [ 8.5361, 1.4108, 9.8271 ],
			"faces": {
				"down": { "uv": [ 5.00125, 9.001249, 10.99876, 9.998751 ], "texture": "#blue_candle_2" },
				"up": { "uv": [ 5.00125, 6.001251, 10.99876, 6.998749 ], "texture": "#blue_candle_2" },
				"north": { "uv": [ 5.00125, 10.00124, 10.99876, 10.99876 ], "texture": "#blue_candle_2" },
				"west": { "uv": [ 6.00125, 10.00124, 6.99875, 10.99876 ], "texture": "#blue_candle_2" },
				"east": { "uv": [ 9.001249, 10.00124, 9.998751, 10.99876 ], "texture": "#blue_candle_2" }
			}
		},
		{
			"__comment": "Voxels",
			"from": [ 7.3258, 1.2092, 10.2298 ],
			"to": [ 8.5354, 1.4108, 10.4314 ],
			"faces": {
				"down": { "uv": [ 5.00125, 6.001251, 10.99876, 6.998749 ], "texture": "#blue_candle_2" },
				"up": { "uv": [ 5.00125, 9.001249, 10.99876, 9.998751 ], "texture": "#blue_candle_2" },
				"south": { "uv": [ 5.00125, 10.00124, 10.99876, 10.99876 ], "texture": "#blue_candle_2" },
				"west": { "uv": [ 9.001249, 10.00124, 9.998751, 10.99876 ], "texture": "#blue_candle_2" },
				"east": { "uv": [ 6.00125, 10.00124, 6.99875, 10.99876 ], "texture": "#blue_candle_2" }
			}
		},
		{
			"__comment": "Voxels",
			"from": [ 7.0232, 2.0156, 9.6243 ],
			"to": [ 8.837599, 2.2172, 10.4307 ],
			"faces": {
				"down": { "uv": [ 3.50125, 6.001251, 12.49875, 9.998751 ], "texture": "#blue_candle_2" },
				"up": { "uv": [ 3.50125, 6.001251, 12.49875, 9.998751 ], "texture": "#blue_candle_2" },
				"north": { "uv": [ 3.50125, 6.001251, 12.49875, 6.998749 ], "texture": "#blue_candle_2" },
				"south": { "uv": [ 3.50125, 6.001251, 12.49875, 6.998749 ], "texture": "#blue_candle_2" },
				"west": { "uv": [ 6.00125, 6.001251, 9.998751, 6.998749 ], "texture": "#blue_candle_2" },
				"east": { "uv": [ 6.00125, 6.001251, 9.998751, 6.998749 ], "texture": "#blue_candle_2" }
			}
		},
		{
			"__comment": "Voxels",
			"from": [ 7.5276, -0.0003, 9.221 ],
			"to": [ 8.334, 0.4028999, 9.4226 ],
			"faces": {
				"down": { "uv": [ 6.00125, 11.00124, 9.998751, 11.99876 ], "texture": "#blue_candle_2", "cullface": "down" },
				"up": { "uv": [ 6.00125, 4.001251, 9.998751, 4.998749 ], "texture": "#blue_candle_2" },
				"north": { "uv": [ 6.00125, 15.00124, 9.998751, 15.99876 ], "texture": "#blue_candle_2" },
				"west": { "uv": [ 4.00125, 15.00124, 4.99875, 15.99876 ], "texture": "#blue_candle_2" },
				"east": { "uv": [ 11.00124, 15.00124, 11.99876, 15.99876 ], "texture": "#blue_candle_2" }
			}
		},
		{
			"__comment": "Voxels",
			"from": [ 7.528, -0.0009, 10.6329 ],
			"to": [ 8.334399, 0.4023002, 10.8345 ],
			"faces": {
				"down": { "uv": [ 6.00125, 4.001251, 9.998751, 4.998749 ], "texture": "#blue_candle_2", "cullface": "down" },
				"up": { "uv": [ 6.00125, 11.00124, 9.998751, 11.99876 ], "texture": "#blue_candle_2" },
				"south": { "uv": [ 6.00125, 15.00124, 9.998751, 15.99876 ], "texture": "#blue_candle_2" },
				"west": { "uv": [ 11.00124, 15.00124, 11.99876, 15.99876 ], "texture": "#blue_candle_2" },
				"east": { "uv": [ 4.00125, 15.00124, 4.99875, 15.99876 ], "texture": "#blue_candle_2" }
			}
		},
		{
			"__comment": "Voxels",
			"from": [ 7.5275, 0.402, 9.4231 ],
			"to": [ 8.333899, 0.6035998, 9.624699 ],
			"faces": {
				"up": { "uv": [ 6.00125, 5.001251, 9.998751, 5.998749 ], "texture": "#blue_candle_2" },
				"north": { "uv": [ 6.00125, 14.00124, 9.998751, 14.99876 ], "texture": "#blue_candle_2" },
				"west": { "uv": [ 5.00125, 14.00124, 5.99875, 14.99876 ], "texture": "#blue_candle_2" },
				"east": { "uv": [ 10.00124, 14.00124, 10.99876, 14.99876 ], "texture": "#blue_candle_2" }
			}
		},
		{
			"__comment": "Voxels",
			"from": [ 7.5282, 0.403, 10.4317 ],
			"to": [ 8.334599, 0.6046, 10.6333 ],
			"faces": {
				"up": { "uv": [ 6.00125, 10.00124, 9.998751, 10.99876 ], "texture": "#blue_candle_2" },
				"south": { "uv": [ 6.00125, 14.00124, 9.998751, 14.99876 ], "texture": "#blue_candle_2" },
				"west": { "uv": [ 10.00124, 14.00124, 10.99876, 14.99876 ], "texture": "#blue_candle_2" },
				"east": { "uv": [ 5.00125, 14.00124, 5.99875, 14.99876 ], "texture": "#blue_candle_2" }
			}
		},
		{
			"__comment": "Voxels",
			"from": [ 7.5278, 0.6042, 9.8265 ],
			"to": [ 8.3342, 1.0074, 10.2297 ],
			"faces": {
				"north": { "uv": [ 6.00125, 12.00124, 9.998751, 13.99876 ], "texture": "#blue_candle_2" },
				"south": { "uv": [ 6.00125, 12.00124, 9.998751, 13.99876 ], "texture": "#blue_candle_2" },
				"west": { "uv": [ 7.00125, 12.00124, 8.998751, 13.99876 ], "texture": "#blue_candle_2" },
				"east": { "uv": [ 7.00125, 12.00124, 8.998751, 13.99876 ], "texture": "#blue_candle_2" }
			}
		},
		{
			"__comment": "Voxels",
			"from": [ 7.5273, 1.0077, 9.6243 ],
			"to": [ 8.3337, 1.209299, 9.8259 ],
			"faces": {
				"down": { "uv": [ 6.00125, 9.001249, 9.998751, 9.998751 ], "texture": "#blue_candle_2" },
				"north": { "uv": [ 6.00125, 11.00124, 9.998751, 11.99876 ], "texture": "#blue_candle_2" },
				"west": { "uv": [ 6.00125, 11.00124, 6.99875, 11.99876 ], "texture": "#blue_candle_2" },
				"east": { "uv": [ 9.001249, 11.00124, 9.998751, 11.99876 ], "texture": "#blue_candle_2" }
			}
		},
		{
			"__comment": "Voxels",
			"from": [ 7.5279, 1.0081, 10.2291 ],
			"to": [ 8.334299, 1.2097, 10.4307 ],
			"faces": {
				"down": { "uv": [ 6.00125, 6.001251, 9.998751, 6.998749 ], "texture": "#blue_candle_2" },
				"south": { "uv": [ 6.00125, 11.00124, 9.998751, 11.99876 ], "texture": "#blue_candle_2" },
				"west": { "uv": [ 9.001249, 11.00124, 9.998751, 11.99876 ], "texture": "#blue_candle_2" },
				"east": { "uv": [ 6.00125, 11.00124, 6.99875, 11.99876 ], "texture": "#blue_candle_2" }
			}
		},
		{
			"__comment": "Voxels",
			"from": [ 7.5274, 1.2087, 9.4228 ],
			"to": [ 8.3338, 1.4103, 9.6244 ],
			"faces": {
				"down": { "uv": [ 6.00125, 10.00124, 9.998751, 10.99876 ], "texture": "#blue_candle_2" },
				"up": { "uv": [ 6.00125, 5.001251, 9.998751, 5.998749 ], "texture": "#blue_candle_2" },
				"north": { "uv": [ 6.00125, 10.00124, 9.998751, 10.99876 ], "texture": "#blue_candle_2" },
				"west": { "uv": [ 5.00125, 10.00124, 5.99875, 10.99876 ], "texture": "#blue_candle_2" },
				"east": { "uv": [ 10.00124, 10.00124, 10.99876, 10.99876 ], "texture": "#blue_candle_2" }
			}
		},
		{
			"__comment": "Voxels",
			"from": [ 7.527, 1.209, 10.4312 ],
			"to": [ 8.3334, 1.4106, 10.6328 ],
			"faces": {
				"down": { "uv": [ 6.00125, 5.001251, 9.998751, 5.998749 ], "texture": "#blue_candle_2" },
				"up": { "uv": [ 6.00125, 10.00124, 9.998751, 10.99876 ], "texture": "#blue_candle_2" },
				"south": { "uv": [ 6.00125, 10.00124, 9.998751, 10.99876 ], "texture": "#blue_candle_2" },
				"west": { "uv": [ 10.00124, 10.00124, 10.99876, 10.99876 ], "texture": "#blue_candle_2" },
				"east": { "uv": [ 5.00125, 10.00124, 5.99875, 10.99876 ], "texture": "#blue_candle_2" }
			}
		},
		{
			"__comment": "Voxels",
			"from": [ 7.5269, 1.4109, 9.6249 ],
			"to": [ 8.3333, 1.6125, 9.8265 ],
			"faces": {
				"up": { "uv": [ 6.00125, 6.001251, 9.998751, 6.998749 ], "texture": "#blue_candle_2" },
				"north": { "uv": [ 6.00125, 9.001249, 9.998751, 9.998751 ], "texture": "#blue_candle_2" },
				"west": { "uv": [ 6.00125, 9.001249, 6.99875, 9.998751 ], "texture": "#blue_candle_2" },
				"east": { "uv": [ 9.001249, 9.001249, 9.998751, 9.998751 ], "texture": "#blue_candle_2" }
			}
		},
		{
			"__comment": "Voxels",
			"from": [ 7.5269, 1.4105, 10.2298 ],
			"to": [ 8.3333, 1.6121, 10.4314 ],
			"faces": {
				"up": { "uv": [ 6.00125, 9.001249, 9.998751, 9.998751 ], "texture": "#blue_candle_2" },
				"south": { "uv": [ 6.00125, 9.001249, 9.998751, 9.998751 ], "texture": "#blue_candle_2" },
				"west": { "uv": [ 9.001249, 9.001249, 9.998751, 9.998751 ], "texture": "#blue_candle_2" },
				"east": { "uv": [ 6.00125, 9.001249, 6.99875, 9.998751 ], "texture": "#blue_candle_2" }
			}
		},
		{
			"__comment": "Voxels",
			"from": [ 7.5273, 1.6125, 9.826799 ],
			"to": [ 8.3337, 2.0157, 10.23 ],
			"faces": {
				"north": { "uv": [ 6.00125, 7.001251, 9.998751, 8.998751 ], "texture": "#blue_candle_2" },
				"south": { "uv": [ 6.00125, 7.001251, 9.998751, 8.998751 ], "texture": "#blue_candle_2" },
				"west": { "uv": [ 7.00125, 7.001251, 8.998751, 8.998751 ], "texture": "#blue_candle_2" },
				"east": { "uv": [ 7.00125, 7.001251, 8.998751, 8.998751 ], "texture": "#blue_candle_2" }
			}
		},
		{
			"__comment": "Voxels",
			"from": [ 7.5282, 2.0149, 9.1208 ],
			"to": [ 8.334599, 2.2165, 9.6248 ],
			"faces": {
				"down": { "uv": [ 6.00125, 10.00124, 9.998751, 12.49876 ], "texture": "#blue_candle_2" },
				"up": { "uv": [ 6.00125, 3.50125, 9.998751, 5.998749 ], "texture": "#blue_candle_2" },
				"north": { "uv": [ 6.00125, 6.001251, 9.998751, 6.998749 ], "texture": "#blue_candle_2" },
				"west": { "uv": [ 3.50125, 6.001251, 5.99875, 6.998749 ], "texture": "#blue_candle_2" },
				"east": { "uv": [ 10.00124, 6.001251, 12.49876, 6.998749 ], "texture": "#blue_candle_2" }
			}
		},
		{
			"__comment": "Voxels",
			"from": [ 7.5279, 2.0151, 10.4312 ],
			"to": [ 8.334299, 2.2167, 10.9352 ],
			"faces": {
				"down": { "uv": [ 6.00125, 3.50125, 9.998751, 5.998749 ], "texture": "#blue_candle_2" },
				"up": { "uv": [ 6.00125, 10.00124, 9.998751, 12.49876 ], "texture": "#blue_candle_2" },
				"south": { "uv": [ 6.00125, 6.001251, 9.998751, 6.998749 ], "texture": "#blue_candle_2" },
				"west": { "uv": [ 10.00124, 6.001251, 12.49876, 6.998749 ], "texture": "#blue_candle_2" },
				"east": { "uv": [ 3.50125, 6.001251, 5.99875, 6.998749 ], "texture": "#blue_candle_2" }
			}
		},
		{
			"__comment": "Voxels",
			"from": [ 7.7287, 0.6037, 9.625299 ],
			"to": [ 8.131899, 1.0069, 9.8269 ],
			"faces": {
				"north": { "uv": [ 7.00125, 12.00124, 8.998751, 13.99876 ], "texture": "#blue_candle_2" },
				"west": { "uv": [ 6.00125, 12.00124, 6.99875, 13.99876 ], "texture": "#blue_candle_2" },
				"east": { "uv": [ 9.001249, 12.00124, 9.998751, 13.99876 ], "texture": "#blue_candle_2" }
			}
		},
		{
			"__comment": "Voxels",
			"from": [ 7.7294, 0.6037, 10.2289 ],
			"to": [ 8.132599, 1.0069, 10.4305 ],
			"faces": {
				"south": { "uv": [ 7.00125, 12.00124, 8.998751, 13.99876 ], "texture": "#blue_candle_2" },
				"west": { "uv": [ 9.001249, 12.00124, 9.998751, 13.99876 ], "texture": "#blue_candle_2" },
				"east": { "uv": [ 6.00125, 12.00124, 6.99875, 13.99876 ], "texture": "#blue_candle_2" }
			}
		},
		{
			"__comment": "Voxels",
			"from": [ 7.7298, 1.0074, 9.4229 ],
			"to": [ 8.132999, 1.209, 9.6245 ],
			"faces": {
				"down": { "uv": [ 7.00125, 10.00124, 8.998751, 10.99876 ], "texture": "#blue_candle_2" },
				"north": { "uv": [ 7.00125, 11.00124, 8.998751, 11.99876 ], "texture": "#blue_candle_2" },
				"west": { "uv": [ 5.00125, 11.00124, 5.99875, 11.99876 ], "texture": "#blue_candle_2" },
				"east": { "uv": [ 10.00124, 11.00124, 10.99876, 11.99876 ], "texture": "#blue_candle_2" }
			}
		},
		{
			"__comment": "Voxels",
			"from": [ 7.7287, 1.0077, 10.4309 ],
			"to": [ 8.131899, 1.2093, 10.6325 ],
			"faces": {
				"down": { "uv": [ 7.00125, 5.001251, 8.998751, 5.998749 ], "texture": "#blue_candle_2" },
				"south": { "uv": [ 7.00125, 11.00124, 8.998751, 11.99876 ], "texture": "#blue_candle_2" },
				"west": { "uv": [ 10.00124, 11.00124, 10.99876, 11.99876 ], "texture": "#blue_candle_2" },
				"east": { "uv": [ 5.00125, 11.00124, 5.99875, 11.99876 ], "texture": "#blue_candle_2" }
			}
		},
		{
			"__comment": "Voxels",
			"from": [ 7.7285, 1.4099, 9.4235 ],
			"to": [ 8.1317, 1.611499, 9.6251 ],
			"faces": {
				"up": { "uv": [ 7.00125, 5.001251, 8.998751, 5.998749 ], "texture": "#blue_candle_2" },
				"north": { "uv": [ 7.00125, 9.001249, 8.998751, 9.998751 ], "texture": "#blue_candle_2" },
				"west": { "uv": [ 5.00125, 9.001249, 5.99875, 9.998751 ], "texture": "#blue_candle_2" },
				"east": { "uv": [ 10.00124, 9.001249, 10.99876, 9.998751 ], "texture": "#blue_candle_2" }
			}
		},
		{
			"__comment": "Voxels",
			"from": [ 7.729, 1.4105, 10.4311 ],
			"to": [ 8.132198, 1.6121, 10.6327 ],
			"faces": {
				"up": { "uv": [ 7.00125, 10.00124, 8.998751, 10.99876 ], "texture": "#blue_candle_2" },
				"south": { "uv": [ 7.00125, 9.001249, 8.998751, 9.998751 ], "texture": "#blue_candle_2" },
				"west": { "uv": [ 10.00124, 9.001249, 10.99876, 9.998751 ], "texture": "#blue_candle_2" },
				"east": { "uv": [ 5.00125, 9.001249, 5.99875, 9.998751 ], "texture": "#blue_candle_2" }
			}
		},
		{
			"__comment": "Voxels",
			"from": [ 7.7291, 1.612, 9.6248 ],
			"to": [ 8.132299, 2.0152, 9.8264 ],
			"faces": {
				"north": { "uv": [ 7.00125, 7.001251, 8.998751, 8.998751 ], "texture": "#blue_candle_2" },
				"west": { "uv": [ 6.00125, 7.001251, 6.99875, 8.998751 ], "texture": "#blue_candle_2" },
				"east": { "uv": [ 9.001249, 7.001251, 9.998751, 8.998751 ], "texture": "#blue_candle_2" }
			}
		},
		{
			"__comment": "Voxels",
			"from": [ 7.7295, 1.6127, 10.2296 ],
			"to": [ 8.1327, 2.0159, 10.4312 ],
			"faces": {
				"south": { "uv": [ 7.00125, 7.001251, 8.998751, 8.998751 ], "texture": "#blue_candle_2" },
				"west": { "uv": [ 9.001249, 7.001251, 9.998751, 8.998751 ], "texture": "#blue_candle_2" },
				"east": { "uv": [ 6.00125, 7.001251, 6.99875, 8.998751 ], "texture": "#blue_candle_2" }
			}
		},
		{
			"__comment": "Voxels",
			"from": [ 7.2254, 2.0155, 9.321899 ],
			"to": [ 7.5278, 2.2171, 9.624299 ],
			"faces": {
				"down": { "uv": [ 4.50125, 10.00124, 5.99875, 11.49876 ], "texture": "#blue_candle_2" },
				"up": { "uv": [ 4.50125, 4.501251, 5.99875, 5.998749 ], "texture": "#blue_candle_2" },
				"north": { "uv": [ 10.00124, 6.001251, 11.49876, 6.998749 ], "texture": "#blue_candle_2" },
				"west": { "uv": [ 4.50125, 6.001251, 5.99875, 6.998749 ], "texture": "#blue_candle_2" }
			}
		},
		{
			"__comment": "Voxels",
			"from": [ 8.333799, 2.0162, 9.322 ],
			"to": [ 8.636199, 2.2178, 9.624399 ],
			"faces": {
				"down": { "uv": [ 10.00124, 10.00124, 11.49876, 11.49876 ], "texture": "#blue_candle_2" },
				"up": { "uv": [ 10.00124, 4.501251, 11.49876, 5.998749 ], "texture": "#blue_candle_2" },
				"north": { "uv": [ 4.50125, 6.001251, 5.99875, 6.998749 ], "texture": "#blue_candle_2" },
				"east": { "uv": [ 10.00124, 6.001251, 11.49876, 6.998749 ], "texture": "#blue_candle_2" }
			}
		},
		{
			"__comment": "Voxels",
			"from": [ 8.333799, 2.0155, 10.431 ],
			"to": [ 8.636198, 2.217099, 10.7334 ],
			"faces": {
				"down": { "uv": [ 10.00124, 4.501251, 11.49876, 5.998749 ], "texture": "#blue_candle_2" },
				"up": { "uv": [ 10.00124, 10.00124, 11.49876, 11.49876 ], "texture": "#blue_candle_2" },
				"south": { "uv": [ 10.00124, 6.001251, 11.49876, 6.998749 ], "texture": "#blue_candle_2" },
				"east": { "uv": [ 4.50125, 6.001251, 5.99875, 6.998749 ], "texture": "#blue_candle_2" }
			}
		},
		{
			"__comment": "Voxels",
			"from": [ 7.2247, 2.015, 10.4312 ],
			"to": [ 7.5271, 2.216599, 10.7336 ],
			"faces": {
				"down": { "uv": [ 4.50125, 4.501251, 5.99875, 5.998749 ], "texture": "#blue_candle_2" },
				"up": { "uv": [ 4.50125, 10.00124, 5.99875, 11.49876 ], "texture": "#blue_candle_2" },
				"south": { "uv": [ 4.50125, 6.001251, 5.99875, 6.998749 ], "texture": "#blue_candle_2" },
				"west": { "uv": [ 10.00124, 6.001251, 11.49876, 6.998749 ], "texture": "#blue_candle_2" }
			}
		},
		{
			"__comment": "Box43",
			"from": [ 7.8384, 4.0311, 9.960299 ],
			"to": [ 8.0064, 4.1991, 10.1283 ],
			"faces": {
				"up": { "uv": [ 7.75125, 7.751251, 8.248751, 8.248751 ], "texture": "#blue_candle_3" },
				"north": { "uv": [ 7.75125, 3.50125, 8.248751, 3.99875 ], "texture": "#blue_candle_3" },
				"south": { "uv": [ 7.75125, 3.50125, 8.248751, 3.99875 ], "texture": "#blue_candle_3" },
				"west": { "uv": [ 7.75125, 3.50125, 8.248751, 3.99875 ], "texture": "#blue_candle_3" },
				"east": { "uv": [ 7.75125, 3.50125, 8.248751, 3.99875 ], "texture": "#blue_candle_3" }
			}
		},
		{
			"__comment": "candle7",
			"from": [ 7.1241, 2.2168, 9.6251 ],
			"to": [ 8.736898, 4.0312, 10.4315 ],
			"faces": {
				"up": { "uv": [ 4.00125, 12.00124, 11.99876, 13.99876 ], "texture": "#blue_candle_1" },
				"north": { "uv": [ 4.00125, 0.001249313, 11.99876, 15.99876 ], "texture": "#blue_candle_1" },
				"south": { "uv": [ 4.00125, 0.001249313, 11.99876, 15.99876 ], "texture": "#blue_candle_1" },
				"west": { "uv": [ 6.00125, 0.001249313, 9.998751, 15.99876 ], "texture": "#blue_candle_1" },
				"east": { "uv": [ 6.00125, 0.001249313, 9.998751, 15.99876 ], "texture": "#blue_candle_1" }
			}
		},
		{
			"__comment": "candle5",
			"from": [ 7.3258, 2.2171, 9.4226 ],
			"to": [ 8.5354, 4.031499, 9.6242 ],
			"faces": {
				"down": { "uv": [ 4.00125, 9.501249, 11.99876, 15.99876 ], "texture": "#blue_candle_1" },
				"up": { "uv": [ 5.00125, 11.00124, 10.99876, 11.99876 ], "texture": "#blue_candle_1" },
				"north": { "uv": [ 5.00125, 0.001249313, 10.99876, 15.99876 ], "texture": "#blue_candle_1" },
				"west": { "uv": [ 5.00125, 0.001249313, 5.99875, 15.99876 ], "texture": "#blue_candle_1" },
				"east": { "uv": [ 10.00124, 0.001249313, 10.99876, 15.99876 ], "texture": "#blue_candle_1" }
			}
		},
		{
			"__comment": "candle6",
			"from": [ 7.3253, 2.2168, 10.4313 ],
			"to": [ 8.534899, 4.0312, 10.6329 ],
			"faces": {
				"down": { "uv": [ 4.00125, 9.501249, 11.99876, 15.99876 ], "texture": "#blue_candle_1" },
				"up": { "uv": [ 5.00125, 14.00124, 10.99876, 14.99876 ], "texture": "#blue_candle_1" },
				"south": { "uv": [ 5.00125, 0.001249313, 10.99876, 15.99876 ], "texture": "#blue_candle_1" },
				"west": { "uv": [ 10.00124, 0.001249313, 10.99876, 15.99876 ], "texture": "#blue_candle_1" },
				"east": { "uv": [ 5.00125, 0.001249313, 5.99875, 15.99876 ], "texture": "#blue_candle_1" }
			}
		},
		{
			"__comment": "candle4",
			"from": [ 7.5272, 2.2165, 9.222 ],
			"to": [ 8.333599, 4.0309, 9.4236 ],
			"faces": {
				"up": { "uv": [ 6.00125, 10.00124, 8.998751, 10.99876 ], "texture": "#blue_candle_1" },
				"north": { "uv": [ 6.00125, 0.001249313, 9.998751, 15.99876 ], "texture": "#blue_candle_1" },
				"west": { "uv": [ 4.00125, 0.001249313, 4.99875, 15.99876 ], "texture": "#blue_candle_1" },
				"east": { "uv": [ 11.00124, 0.001249313, 11.99876, 15.99876 ], "texture": "#blue_candle_1" }
			}
		},
		{
			"__comment": "candle",
			"from": [ 7.5278, 2.2173, 10.6327 ],
			"to": [ 8.334198, 4.031701, 10.8343 ],
			"faces": {
				"up": { "uv": [ 6.00125, 15.00124, 8.998751, 15.99876 ], "texture": "#blue_candle_1" },
				"south": { "uv": [ 6.00125, 0.001249313, 9.998751, 15.99876 ], "texture": "#blue_candle_1" },
				"west": { "uv": [ 11.00124, 0.001249313, 11.99876, 15.99876 ], "texture": "#blue_candle_1" },
				"east": { "uv": [ 4.00125, 0.001249313, 4.99875, 15.99876 ], "texture": "#blue_candle_1" }
			}
		}
	]
}