{
	"__comment": "Designed by Intermacgod with BDcraft Cubik PRO 0.85 Beta - http://bdcraft.net",
	"gui_light": "front",
	"ambientocclusion": false,
	"textures": {
		"particle": "block/b/bookshelf/bookshelf",
		"bookshelf_1": "block/b/bookshelf/bookshelf_1",
		"bookshelf_2": "block/b/bookshelf/bookshelf_2",
		"bookshelf_3": "block/b/bookshelf/bookshelf_3",
		"bookshelf_4": "block/b/bookshelf/bookshelf_4",
		"bookshelf_5": "block/b/bookshelf/bookshelf_5"
	},
	"elements": [ 	 
		{
			"__comment": "Element",
			"from": [ 2.2498, 6.0007, 13.0629 ],
			"to": [ 3.2498, 7.5007, 14.0629 ],
			"rotation": { "origin": [ 2.25, 6, 13.0625 ], "axis": "y", "angle": -45 },
			"faces": {
				"down": { "uv": [ 5.000625, 2.999375, 5.999375, 2.000625 ], "texture": "#bookshelf_4" },
				"up": { "uv": [ 5.000625, 2.000625, 5.999375, 2.999375 ], "texture": "#bookshelf_4" },
				"north": { "uv": [ 5.000625, 1.500625, 5.999375, 2.999375 ], "texture": "#bookshelf_4" },
				"south": { "uv": [ 5.000625, 1.500625, 5.999375, 2.999375 ], "texture": "#bookshelf_4" },
				"west": { "uv": [ 5.000625, 1.500625, 5.999375, 2.999375 ], "texture": "#bookshelf_4" },
				"east": { "uv": [ 5.000625, 1.500625, 5.999375, 2.999375 ], "texture": "#bookshelf_4" }
			}
		},
		{
			"__comment": "Element",
			"from": [ 13.6867, 6.001, 13.1247 ],
			"to": [ 14.6867, 7.501, 14.1247 ],
			"rotation": { "origin": [ 13.6875, 6, 13.125 ], "axis": "y", "angle": -45 },
			"faces": {
				"up": { "uv": [ 5.000625, 2.000625, 5.999375, 2.999375 ], "texture": "#bookshelf_4" },
				"north": { "uv": [ 5.000625, 1.500625, 5.999375, 2.999375 ], "texture": "#bookshelf_4" },
				"south": { "uv": [ 5.000625, 1.500625, 5.999375, 2.999375 ], "texture": "#bookshelf_4" },
				"west": { "uv": [ 5.000625, 1.500625, 5.999375, 2.999375 ], "texture": "#bookshelf_4" },
				"east": { "uv": [ 5.000625, 1.500625, 5.999375, 2.999375 ], "texture": "#bookshelf_4" }
			}
		},
		{
			"__comment": "Element",
			"from": [ 13.751, 5.999, 1.626 ],
			"to": [ 14.751, 7.499, 2.626 ],
			"rotation": { "origin": [ 13.75, 6, 1.625 ], "axis": "y", "angle": -45 },
			"faces": {
				"up": { "uv": [ 5.000625, 2.000625, 5.999375, 2.999375 ], "texture": "#bookshelf_4" },
				"north": { "uv": [ 5.000625, 1.500625, 5.999375, 2.999375 ], "texture": "#bookshelf_4" },
				"south": { "uv": [ 5.000625, 1.500625, 5.999375, 2.999375 ], "texture": "#bookshelf_4" },
				"west": { "uv": [ 5.000625, 1.500625, 5.999375, 2.999375 ], "texture": "#bookshelf_4" },
				"east": { "uv": [ 5.000625, 1.500625, 5.999375, 2.999375 ], "texture": "#bookshelf_4" }
			}
		},
		{
			"__comment": "Element",
			"from": [ 2.3116, 6.0008, 1.6878 ],
			"to": [ 3.3116, 7.5008, 2.6878 ],
			"rotation": { "origin": [ 2.3125, 6, 1.6875 ], "axis": "y", "angle": -45 },
			"faces": {
				"down": { "uv": [ 5.000625, 2.999375, 5.999375, 2.000625 ], "texture": "#bookshelf_4" },
				"up": { "uv": [ 5.000625, 2.000625, 5.999375, 2.999375 ], "texture": "#bookshelf_4" },
				"north": { "uv": [ 5.000625, 1.500625, 5.999375, 2.999375 ], "texture": "#bookshelf_4" },
				"south": { "uv": [ 5.000625, 1.500625, 5.999375, 2.999375 ], "texture": "#bookshelf_4" },
				"west": { "uv": [ 5.000625, 1.500625, 5.999375, 2.999375 ], "texture": "#bookshelf_4" },
				"east": { "uv": [ 5.000625, 1.500625, 5.999375, 2.999375 ], "texture": "#bookshelf_4" }
			}
		},
		{
			"__comment": "Element",
			"from": [ 2.9994, 1.0001, -0.0003 ],
			"to": [ 3.4994, 15.5001, 15.99971 ],
			"faces": {
				"north": { "uv": [ 12.50062, 0.5006247, 12.99938, 14.99938 ], "texture": "#bookshelf_1", "cullface": "north" },
				"south": { "uv": [ 3.000625, 0.5006247, 3.499375, 14.99938 ], "texture": "#bookshelf_1", "cullface": "south" },
				"west": { "uv": [ 0.000625, 0.5006247, 15.99938, 14.99938 ], "texture": "#bookshelf_1" },
				"east": { "uv": [ 0.000625, 0.5006247, 15.99938, 14.99938 ], "texture": "#bookshelf_1" }
			}
		},
		{
			"__comment": "Element",
			"from": [ 12.4996, 1.0006, -0.0001 ],
			"to": [ 12.9996, 15.50059, 15.9999 ],
			"faces": {
				"north": { "uv": [ 3.000625, 0.5006247, 3.499375, 14.99938 ], "texture": "#bookshelf_1", "cullface": "north" },
				"south": { "uv": [ 12.50062, 0.5006247, 12.99938, 14.99938 ], "texture": "#bookshelf_1", "cullface": "south" },
				"west": { "uv": [ 0.000625, 0.5006247, 15.99938, 14.99938 ], "texture": "#bookshelf_1" },
				"east": { "uv": [ 0.000625, 0.5006247, 15.99938, 14.99938 ], "texture": "#bookshelf_1" }
			}
		},
		{
			"__comment": "Element",
			"from": [ 0.0005, 1.0008, 2.9996 ],
			"to": [ 16.0005, 15.5008, 3.4996 ],
			"faces": {
				"north": { "uv": [ 0.000625, 0.5006247, 15.99938, 14.99938 ], "texture": "#bookshelf_1" },
				"south": { "uv": [ 0.000625, 0.5006247, 15.99938, 14.99938 ], "texture": "#bookshelf_1" },
				"west": { "uv": [ 3.000625, 0.5006247, 3.499375, 14.99938 ], "texture": "#bookshelf_1", "cullface": "west" },
				"east": { "uv": [ 12.50062, 0.5006247, 12.99938, 14.99938 ], "texture": "#bookshelf_1", "cullface": "east" }
			}
		},
		{
			"__comment": "Element",
			"from": [ -0.0002, 0.9995, 12.4998 ],
			"to": [ 15.9998, 15.4995, 12.9998 ],
			"faces": {
				"north": { "uv": [ 0.000625, 0.5006247, 15.99938, 14.99938 ], "texture": "#bookshelf_1" },
				"south": { "uv": [ 0.000625, 0.5006247, 15.99938, 14.99938 ], "texture": "#bookshelf_1" },
				"west": { "uv": [ 12.50062, 0.5006247, 12.99938, 14.99938 ], "texture": "#bookshelf_1", "cullface": "west" },
				"east": { "uv": [ 3.000625, 0.5006247, 3.499375, 14.99938 ], "texture": "#bookshelf_1", "cullface": "east" }
			}
		},
		{
			"__comment": "Element",
			"from": [ 1.6882, 4.001, 13.8131 ],
			"to": [ 2.1882, 5.001, 14.3131 ],
			"faces": {
				"down": { "uv": [ 1.500625, 6.999374, 1.999375, 6.500626 ], "texture": "#bookshelf_4" },
				"up": { "uv": [ 1.500625, 6.000626, 1.999375, 6.499374 ], "texture": "#bookshelf_4" },
				"north": { "uv": [ 1.500625, 5.500626, 1.999375, 6.499374 ], "texture": "#bookshelf_4" },
				"south": { "uv": [ 1.500625, 5.500626, 1.999375, 6.499374 ], "texture": "#bookshelf_4" },
				"west": { "uv": [ 1.500625, 5.500626, 1.999375, 6.499374 ], "texture": "#bookshelf_4" },
				"east": { "uv": [ 1.500625, 5.500626, 1.999375, 6.499374 ], "texture": "#bookshelf_4" }
			}
		},
		{
			"__comment": "Element",
			"from": [ 13.7494, 3.9996, 13.8127 ],
			"to": [ 14.2494, 4.9996, 14.3127 ],
			"faces": {
				"down": { "uv": [ 1.500625, 6.999374, 1.999375, 6.500626 ], "texture": "#bookshelf_4" },
				"up": { "uv": [ 1.500625, 6.000626, 1.999375, 6.499374 ], "texture": "#bookshelf_4" },
				"north": { "uv": [ 1.500625, 5.500626, 1.999375, 6.499374 ], "texture": "#bookshelf_4" },
				"south": { "uv": [ 1.500625, 5.500626, 1.999375, 6.499374 ], "texture": "#bookshelf_4" },
				"west": { "uv": [ 1.500625, 5.500626, 1.999375, 6.499374 ], "texture": "#bookshelf_4" },
				"east": { "uv": [ 1.500625, 5.500626, 1.999375, 6.499374 ], "texture": "#bookshelf_4" }
			}
		},
		{
			"__comment": "Element",
			"from": [ 8.4997, 11.0007, 12.999 ],
			"to": [ 12.4997, 13.0007, 14.999 ],
			"faces": {
				"up": { "uv": [ 0.500625, 12.00062, 7.999375, 15.49938 ], "texture": "#bookshelf_3" },
				"south": { "uv": [ 8.000625, 1.000625, 10.99938, 2.999375 ], "texture": "#bookshelf_3" }
			}
		},
		{
			"__comment": "Element",
			"from": [ 3.4997, 10.9993, 13.0005 ],
			"to": [ 8.4997, 13.9993, 15.5005 ],
			"faces": {
				"up": { "uv": [ 0.500625, 12.00062, 7.999375, 15.49938 ], "texture": "#bookshelf_3" },
				"south": { "uv": [ 0.500625, 7.500626, 7.999375, 11.49938 ], "texture": "#bookshelf_3" },
				"east": { "uv": [ 9.000625, 12.00062, 10.99938, 15.49938 ], "texture": "#bookshelf_3" }
			}
		},
		{
			"__comment": "Element",
			"from": [ 3.5005, 0.9998, 0.4995 ],
			"to": [ 8.5005, 3.9998, 2.999501 ],
			"faces": {
				"up": { "uv": [ 0.500625, 12.00062, 7.999375, 15.49938 ], "texture": "#bookshelf_3" },
				"north": { "uv": [ 0.500625, 7.500626, 7.999375, 11.49938 ], "texture": "#bookshelf_3" }
			}
		},
		{
			"__comment": "Element",
			"from": [ 8.5006, 6.0003, 0.9999 ],
			"to": [ 12.5006, 8.000299, 2.9999 ],
			"faces": {
				"up": { "uv": [ 0.500625, 12.00062, 7.999375, 15.49938 ], "texture": "#bookshelf_3" },
				"north": { "uv": [ 8.000625, 0.5006247, 10.99938, 2.999375 ], "texture": "#bookshelf_3" },
				"west": { "uv": [ 9.000625, 12.00062, 10.99938, 15.49938 ], "texture": "#bookshelf_3" }
			}
		},
		{
			"__comment": "Element",
			"from": [ 3.4999, 11.0008, 1.0003 ],
			"to": [ 12.4999, 13.5008, 3.0003 ],
			"faces": {
				"up": { "uv": [ 0.500625, 12.00062, 7.999375, 15.49938 ], "texture": "#bookshelf_3" },
				"north": { "uv": [ 0.500625, 3.500625, 10.99938, 6.999374 ], "texture": "#bookshelf_3" }
			}
		},
		{
			"__comment": "Element",
			"from": [ 3.5005, 0.9994, 12.9999 ],
			"to": [ 12.50049, 3.4994, 14.9999 ],
			"faces": {
				"up": { "uv": [ 0.500625, 12.00062, 7.999375, 15.49938 ], "texture": "#bookshelf_3" },
				"south": { "uv": [ 0.500625, 3.500625, 10.99938, 6.999374 ], "texture": "#bookshelf_3" }
			}
		},
		{
			"__comment": "Element",
			"from": [ 8.5005, 0.9999, 0.5006 ],
			"to": [ 12.5005, 3.9999, 3.0006 ],
			"faces": {
				"up": { "uv": [ 0.500625, 12.00062, 7.999375, 15.49938 ], "texture": "#bookshelf_3" },
				"north": { "uv": [ 0.500625, 7.500626, 7.999375, 11.49938 ], "texture": "#bookshelf_3" }
			}
		},
		{
			"__comment": "Element",
			"from": [ 3.5005, 5.9997, 0.501 ],
			"to": [ 7.0005, 8.499699, 3.000999 ],
			"faces": {
				"up": { "uv": [ 0.500625, 12.00062, 7.999375, 15.49938 ], "texture": "#bookshelf_3" },
				"north": { "uv": [ 8.000625, 7.500626, 10.99938, 11.49938 ], "texture": "#bookshelf_3" },
				"east": { "uv": [ 9.000625, 12.00062, 10.99938, 15.49938 ], "texture": "#bookshelf_3" }
			}
		},
		{
			"__comment": "Element",
			"from": [ 4.0005, 5.9995, 13.0008 ],
			"to": [ 8.0005, 8.999499, 15.5008 ],
			"faces": {
				"up": { "uv": [ 1.500625, 12.00062, 6.999375, 14.99938 ], "texture": "#bookshelf_3" },
				"south": { "uv": [ 0.500625, 0.5006247, 3.499375, 2.999375 ], "texture": "#bookshelf_3" },
				"west": { "uv": [ 9.000625, 12.00062, 10.99938, 14.99938 ], "texture": "#bookshelf_3" },
				"east": { "uv": [ 9.000625, 12.00062, 10.99938, 14.99938 ], "texture": "#bookshelf_3" }
			}
		},
		{
			"__comment": "Element",
			"from": [ 0.4997, 0.999, 5.0009 ],
			"to": [ 2.999701, 3.499, 11.5009 ],
			"faces": {
				"up": { "uv": [ 12.00062, 8.000625, 15.49938, 15.49938 ], "texture": "#bookshelf_3" },
				"north": { "uv": [ 8.500625, 12.00062, 10.99938, 15.49938 ], "texture": "#bookshelf_3" },
				"south": { "uv": [ 8.500625, 12.00062, 10.99938, 15.49938 ], "texture": "#bookshelf_3" },
				"west": { "uv": [ 0.500625, 8.000625, 11.49938, 11.49938 ], "texture": "#bookshelf_3" }
			}
		},
		{
			"__comment": "Element",
			"from": [ 13.0008, 11.0004, 3.5005 ],
			"to": [ 15.5008, 13.5004, 10.0005 ],
			"faces": {
				"up": { "uv": [ 12.00062, 8.000625, 15.49938, 15.49938 ], "texture": "#bookshelf_3" },
				"south": { "uv": [ 8.500625, 12.00062, 10.99938, 15.49938 ], "texture": "#bookshelf_3" },
				"east": { "uv": [ 0.500625, 8.000625, 11.49938, 11.49938 ], "texture": "#bookshelf_3" }
			}
		},
		{
			"__comment": "Element",
			"from": [ -0.5003, 5.9993, 9.499599 ],
			"to": [ 2.499701, 7.9993, 11.9996 ],
			"faces": {
				"down": { "uv": [ 11.50062, 5.499374, 15.49938, 4.500626 ], "texture": "#bookshelf_3", "cullface": "west" },
				"up": { "uv": [ 11.50062, 4.500626, 15.49938, 5.499374 ], "texture": "#bookshelf_3", "cullface": "west" },
				"north": { "uv": [ 12.00062, 9.000625, 15.49938, 11.99938 ], "texture": "#bookshelf_3", "cullface": "west" },
				"south": { "uv": [ 12.00062, 9.000625, 15.49938, 11.99938 ], "texture": "#bookshelf_3", "cullface": "west" },
				"west": { "uv": [ 11.50062, 4.500626, 15.49938, 7.499374 ], "texture": "#bookshelf_3", "cullface": "west" },
				"east": { "uv": [ 11.50062, 4.500626, 15.49938, 7.499374 ], "texture": "#bookshelf_3", "cullface": "west" }
			}
		},
		{
			"__comment": "Element",
			"from": [ 9.0001, 5.9992, 13.4994 ],
			"to": [ 12.0001, 7.9992, 16.4994 ],
			"faces": {
				"down": { "uv": [ 12.00062, 2.499375, 15.49938, 2.000625 ], "texture": "#bookshelf_3", "cullface": "south" },
				"up": { "uv": [ 12.00062, 2.000625, 15.49938, 2.499375 ], "texture": "#bookshelf_3", "cullface": "south" },
				"north": { "uv": [ 11.50062, 2.000625, 15.49938, 3.999375 ], "texture": "#bookshelf_3", "cullface": "south" },
				"south": { "uv": [ 11.50062, 2.000625, 15.49938, 3.999375 ], "texture": "#bookshelf_3", "cullface": "south" },
				"west": { "uv": [ 12.00062, 12.00062, 15.49938, 14.99938 ], "texture": "#bookshelf_3", "cullface": "south" },
				"east": { "uv": [ 12.00062, 12.00062, 15.49938, 15.49938 ], "texture": "#bookshelf_3", "cullface": "south" }
			}
		},
		{
			"__comment": "Element",
			"from": [ 13.4996, 6.0003, 3.5001 ],
			"to": [ 16.4996, 7.5003, 6.5001 ],
			"faces": {
				"down": { "uv": [ 3.000625, 2.999375, 3.499375, 0.5006247 ], "texture": "#bookshelf_3", "cullface": "east" },
				"up": { "uv": [ 3.000625, 0.5006247, 3.499375, 2.999375 ], "texture": "#bookshelf_3", "cullface": "east" },
				"north": { "uv": [ 12.50062, 8.000625, 14.99938, 9.999375 ], "texture": "#bookshelf_3", "cullface": "east" },
				"south": { "uv": [ 12.50062, 8.000625, 14.99938, 9.999375 ], "texture": "#bookshelf_3", "cullface": "east" },
				"west": { "uv": [ 12.00062, 0.5006247, 14.49938, 1.499375 ], "texture": "#bookshelf_3", "cullface": "east" },
				"east": { "uv": [ 12.00062, 0.5006247, 14.49938, 1.499375 ], "texture": "#bookshelf_3", "cullface": "east" }
			}
		},
		{
			"__comment": "Element",
			"from": [ 13.0004, 0.9999, 5.9992 ],
			"to": [ 15.5004, 3.499899, 12.4992 ],
			"faces": {
				"up": { "uv": [ 12.00062, 8.000625, 15.49938, 15.49938 ], "texture": "#bookshelf_3" },
				"north": { "uv": [ 8.500625, 11.50062, 10.99938, 15.49938 ], "texture": "#bookshelf_3" },
				"east": { "uv": [ 0.500625, 0.5006247, 8.499375, 2.999375 ], "texture": "#bookshelf_3" }
			}
		},
		{
			"__comment": "Element",
			"from": [ 0.4992, 11.0004, 7.9994 ],
			"to": [ 2.9992, 14.0004, 11.9994 ],
			"faces": {
				"up": { "uv": [ 12.00062, 8.000625, 15.49938, 15.49938 ], "texture": "#bookshelf_3" },
				"north": { "uv": [ 3.000625, 0.5006247, 3.499375, 2.999375 ], "texture": "#bookshelf_3" },
				"south": { "uv": [ 3.000625, 0.5006247, 3.499375, 2.999375 ], "texture": "#bookshelf_3" },
				"west": { "uv": [ 0.500625, 0.5006247, 3.499375, 2.999375 ], "texture": "#bookshelf_3" }
			}
		},
		{
			"__comment": "Element",
			"from": [ -0.4997, 10.9994, 4.0003 ],
			"to": [ 2.500299, 12.4994, 7.0003 ],
			"faces": {
				"down": { "uv": [ 3.000625, 2.999375, 3.499375, 1.500625 ], "texture": "#bookshelf_3", "cullface": "west" },
				"up": { "uv": [ 3.000625, 1.500625, 3.499375, 2.999375 ], "texture": "#bookshelf_3", "cullface": "west" },
				"north": { "uv": [ 12.50062, 8.000625, 14.99938, 9.999375 ], "texture": "#bookshelf_3", "cullface": "west" },
				"south": { "uv": [ 12.50062, 8.000625, 14.99938, 9.999375 ], "texture": "#bookshelf_3", "cullface": "west" },
				"west": { "uv": [ 12.00062, 0.5006247, 14.49938, 1.499375 ], "texture": "#bookshelf_3", "cullface": "west" },
				"east": { "uv": [ 12.00062, 0.5006247, 14.49938, 1.499375 ], "texture": "#bookshelf_3", "cullface": "west" }
			}
		},
		{
			"__comment": "Box60",
			"from": [ 0, 1, 0 ],
			"to": [ 0.5, 15.5, 3 ],
			"faces": {
				"north": { "uv": [ 15.5, 0.5, 16, 15 ], "texture": "#bookshelf_1", "cullface": "north" },
				"west": { "uv": [ 0, 0.5, 3, 15 ], "texture": "#bookshelf_1", "cullface": "west" },
				"east": { "uv": [ 13, 0.5, 16, 15 ], "texture": "#bookshelf_1" }
			}
		},
		{
			"__comment": "Box60",
			"from": [ 15.5, 1, 0 ],
			"to": [ 16, 15.5, 3 ],
			"faces": {
				"north": { "uv": [ 0, 0.5, 0.5, 15 ], "texture": "#bookshelf_1", "cullface": "north" },
				"west": { "uv": [ 0, 0.5, 3, 15 ], "texture": "#bookshelf_1" },
				"east": { "uv": [ 13, 0.5, 16, 15 ], "texture": "#bookshelf_1", "cullface": "east" }
			}
		},
		{
			"__comment": "Box60",
			"from": [ 15.5, 1, 13 ],
			"to": [ 16, 15.5, 16 ],
			"faces": {
				"south": { "uv": [ 15.5, 0.5, 16, 15 ], "texture": "#bookshelf_1", "cullface": "south" },
				"west": { "uv": [ 13, 0.5, 16, 15 ], "texture": "#bookshelf_1" },
				"east": { "uv": [ 0, 0.5, 3, 15 ], "texture": "#bookshelf_1", "cullface": "east" }
			}
		},
		{
			"__comment": "Box60",
			"from": [ 0, 1, 13 ],
			"to": [ 0.5, 15.5, 16 ],
			"faces": {
				"south": { "uv": [ 0, 0.5, 0.5, 15 ], "texture": "#bookshelf_1", "cullface": "south" },
				"west": { "uv": [ 13, 0.5, 16, 15 ], "texture": "#bookshelf_1", "cullface": "west" },
				"east": { "uv": [ 0, 0.5, 3, 15 ], "texture": "#bookshelf_1" }
			}
		},
		{
			"__comment": "Element",
			"from": [ 0, 0, 0 ],
			"to": [ 16, 1, 16 ],
			"faces": {
				"down": { "uv": [ 0.000625, 0.000624657, 15.99938, 15.99938 ], "texture": "#bookshelf_2", "cullface": "down" },
				"up": { "uv": [ 0.000625, 15.00062, 15.99938, 15.99938 ], "texture": "#bookshelf_2" },
				"north": { "uv": [ 0.000625, 15.00062, 15.99938, 15.99938 ], "texture": "#bookshelf_2", "cullface": "north" },
				"south": { "uv": [ 0.000625, 15.00062, 15.99938, 15.99938 ], "texture": "#bookshelf_2", "cullface": "south" },
				"west": { "uv": [ 0.000625, 15.00062, 15.99938, 15.99938 ], "texture": "#bookshelf_2", "cullface": "west" },
				"east": { "uv": [ 0.000625, 15.00062, 15.99938, 15.99938 ], "texture": "#bookshelf_2", "cullface": "east" }
			}
		},
		{
			"__comment": "Element",
			"from": [ -0.0009, 15.4991, -0.001 ],
			"to": [ 15.9991, 15.9991, 15.999 ],
			"faces": {
				"down": { "uv": [ 0.000625, 15.99938, 15.99938, 0.000624657 ], "texture": "#bookshelf_2" },
				"up": { "uv": [ 0.000625, 0.000624657, 15.99938, 15.99938 ], "texture": "#bookshelf_2", "cullface": "up" },
				"north": { "uv": [ 0.000625, 0.000624657, 15.99938, 0.4993753 ], "texture": "#bookshelf_2", "cullface": "north" },
				"south": { "uv": [ 0.000625, 0.000624657, 15.99938, 0.4993753 ], "texture": "#bookshelf_2", "cullface": "south" },
				"west": { "uv": [ 0.000625, 0.000624657, 15.99938, 0.4993753 ], "texture": "#bookshelf_2", "cullface": "west" },
				"east": { "uv": [ 0.000625, 0.000624657, 15.99938, 0.4993753 ], "texture": "#bookshelf_2", "cullface": "east" }
			}
		},
		{
			"__comment": "Element",
			"from": [ 3.0004, 10.6247, 0.1878 ],
			"to": [ 7.000401, 11.1247, 4.1878 ],
			"rotation": { "origin": [ 3, 10.625, 0.1875 ], "axis": "y", "angle": -45 },
			"faces": {
				"down": { "uv": [ 0.000625, 2.999375, 2.999375, 0.000624657 ], "texture": "#bookshelf_2" },
				"up": { "uv": [ 0.000625, 0.000624657, 2.999375, 2.999375 ], "texture": "#bookshelf_2" },
				"west": { "uv": [ 0.000625, 5.000626, 2.999375, 5.499374 ], "texture": "#bookshelf_2" },
				"east": { "uv": [ 13.00062, 5.000626, 15.99938, 5.499374 ], "texture": "#bookshelf_2" }
			}
		},
		{
			"__comment": "Element",
			"from": [ 3.0005, 5.6257, 0.1884 ],
			"to": [ 7.0005, 6.1257, 4.1884 ],
			"rotation": { "origin": [ 3, 5.625, 0.1875 ], "axis": "y", "angle": -45 },
			"faces": {
				"down": { "uv": [ 0.000625, 2.999375, 2.999375, 0.000624657 ], "texture": "#bookshelf_2" },
				"up": { "uv": [ 0.000625, 0.000624657, 2.999375, 2.999375 ], "texture": "#bookshelf_2" },
				"west": { "uv": [ 0.000625, 5.000626, 2.999375, 5.499374 ], "texture": "#bookshelf_2" },
				"east": { "uv": [ 13.00062, 5.000626, 15.99938, 5.499374 ], "texture": "#bookshelf_2" }
			}
		},
		{
			"__comment": "Element",
			"from": [ 2.9999, 10.6254, 10.2493 ],
			"to": [ 6.9999, 11.1254, 14.2493 ],
			"rotation": { "origin": [ 3, 10.625, 10.25 ], "axis": "y", "angle": -45 },
			"faces": {
				"down": { "uv": [ 0.000625, 2.999375, 2.999375, 0.000624657 ], "texture": "#bookshelf_2" },
				"up": { "uv": [ 0.000625, 0.000624657, 2.999375, 2.999375 ], "texture": "#bookshelf_2" },
				"north": { "uv": [ 13.00062, 5.000626, 15.99938, 5.499374 ], "texture": "#bookshelf_2" },
				"south": { "uv": [ 0.000625, 5.000626, 2.999375, 5.499374 ], "texture": "#bookshelf_2" }
			}
		},
		{
			"__comment": "Element",
			"from": [ 13.1254, 10.6256, 0.1248 ],
			"to": [ 17.1254, 11.1256, 4.1248 ],
			"rotation": { "origin": [ 13.125, 10.625, 0.125 ], "axis": "y", "angle": -45 },
			"faces": {
				"down": { "uv": [ 0.000625, 2.999375, 2.999375, 0.000624657 ], "texture": "#bookshelf_2" },
				"up": { "uv": [ 0.000625, 0.000624657, 2.999375, 2.999375 ], "texture": "#bookshelf_2" },
				"north": { "uv": [ 13.00062, 5.000626, 15.99938, 5.499374 ], "texture": "#bookshelf_2" },
				"south": { "uv": [ 0.000625, 5.000626, 2.999375, 5.499374 ], "texture": "#bookshelf_2" },
				"west": { "uv": [ 0.000625, 5.000626, 2.999375, 5.499374 ], "texture": "#bookshelf_2" }
			}
		},
		{
			"__comment": "Element",
			"from": [ 2.9992, 5.6242, 10.2503 ],
			"to": [ 6.9992, 6.1242, 14.2503 ],
			"rotation": { "origin": [ 3, 5.625, 10.25 ], "axis": "y", "angle": -45 },
			"faces": {
				"down": { "uv": [ 0.000625, 2.999375, 2.999375, 0.000624657 ], "texture": "#bookshelf_2" },
				"up": { "uv": [ 0.000625, 0.000624657, 2.999375, 2.999375 ], "texture": "#bookshelf_2" },
				"north": { "uv": [ 13.00062, 5.000626, 15.99938, 5.499374 ], "texture": "#bookshelf_2" },
				"south": { "uv": [ 0.000625, 5.000626, 2.999375, 5.499374 ], "texture": "#bookshelf_2" }
			}
		},
		{
			"__comment": "Element",
			"from": [ 13.1254, 10.6252, 10.2508 ],
			"to": [ 17.1254, 11.1252, 14.2508 ],
			"rotation": { "origin": [ 13.125, 10.625, 10.25 ], "axis": "y", "angle": -45 },
			"faces": {
				"down": { "uv": [ 0.000625, 2.999375, 2.999375, 0.000624657 ], "texture": "#bookshelf_2" },
				"up": { "uv": [ 0.000625, 0.000624657, 2.999375, 2.999375 ], "texture": "#bookshelf_2" },
				"south": { "uv": [ 0.000625, 5.000626, 2.999375, 5.499374 ], "texture": "#bookshelf_2" },
				"west": { "uv": [ 0.000625, 5.000626, 2.999375, 5.499374 ], "texture": "#bookshelf_2" },
				"east": { "uv": [ 13.00062, 5.000626, 15.99938, 5.499374 ], "texture": "#bookshelf_2" }
			}
		},
		{
			"__comment": "Element",
			"from": [ 13.124, 5.6249, 10.3128 ],
			"to": [ 17.124, 6.1249, 14.3128 ],
			"rotation": { "origin": [ 13.125, 5.625, 10.3125 ], "axis": "y", "angle": -45 },
			"faces": {
				"down": { "uv": [ 0.000625, 2.999375, 2.999375, 0.000624657 ], "texture": "#bookshelf_2" },
				"up": { "uv": [ 0.000625, 0.000624657, 2.999375, 2.999375 ], "texture": "#bookshelf_2" },
				"north": { "uv": [ 13.00062, 5.000626, 15.99938, 5.499374 ], "texture": "#bookshelf_2" },
				"south": { "uv": [ 0.000625, 5.000626, 2.999375, 5.499374 ], "texture": "#bookshelf_2" },
				"west": { "uv": [ 0.000625, 5.000626, 2.999375, 5.499374 ], "texture": "#bookshelf_2" },
				"east": { "uv": [ 13.00062, 5.000626, 15.99938, 5.499374 ], "texture": "#bookshelf_2" }
			}
		},
		{
			"__comment": "Element",
			"from": [ 13.1256, 5.6245, 0.1881 ],
			"to": [ 17.1256, 6.1245, 4.1881 ],
			"rotation": { "origin": [ 13.125, 5.625, 0.1875 ], "axis": "y", "angle": -45 },
			"faces": {
				"down": { "uv": [ 0.000625, 2.999375, 2.999375, 0.000624657 ], "texture": "#bookshelf_2" },
				"up": { "uv": [ 0.000625, 0.000624657, 2.999375, 2.999375 ], "texture": "#bookshelf_2" },
				"north": { "uv": [ 13.00062, 5.000626, 15.99938, 5.499374 ], "texture": "#bookshelf_2" },
				"south": { "uv": [ 0.000625, 5.000626, 2.999375, 5.499374 ], "texture": "#bookshelf_2" },
				"west": { "uv": [ 0.000625, 5.000626, 2.999375, 5.499374 ], "texture": "#bookshelf_2" }
			}
		},
		{
			"__comment": "Element",
			"from": [ 3.5, 10.5, 0 ],
			"to": [ 12.5, 11, 3 ],
			"faces": {
				"down": { "uv": [ 3.5, 13, 12.5, 16 ], "texture": "#bookshelf_2" },
				"up": { "uv": [ 3.5, 0, 12.5, 3 ], "texture": "#bookshelf_2" },
				"north": { "uv": [ 3.5, 5, 12.5, 5.5 ], "texture": "#bookshelf_2", "cullface": "north" }
			}
		},
		{
			"__comment": "Element",
			"from": [ 3.5, 5.5, 0 ],
			"to": [ 12.5, 6, 3 ],
			"faces": {
				"down": { "uv": [ 3.5, 13, 12.5, 16 ], "texture": "#bookshelf_2" },
				"up": { "uv": [ 3.5, 0, 12.5, 3 ], "texture": "#bookshelf_2" },
				"north": { "uv": [ 3.5, 10, 12.5, 10.5 ], "texture": "#bookshelf_2", "cullface": "north" }
			}
		},
		{
			"__comment": "Element",
			"from": [ 3.5, 10.5, 13 ],
			"to": [ 12.5, 11, 16 ],
			"faces": {
				"down": { "uv": [ 3.5, 0, 12.5, 3 ], "texture": "#bookshelf_2" },
				"up": { "uv": [ 3.5, 13, 12.5, 16 ], "texture": "#bookshelf_2" },
				"south": { "uv": [ 3.5, 5, 12.5, 5.5 ], "texture": "#bookshelf_2", "cullface": "south" }
			}
		},
		{
			"__comment": "Element",
			"from": [ 3.5, 5.5, 13 ],
			"to": [ 12.5, 6, 16 ],
			"faces": {
				"down": { "uv": [ 3.5, 0, 12.5, 3 ], "texture": "#bookshelf_2" },
				"up": { "uv": [ 3.5, 13, 12.5, 16 ], "texture": "#bookshelf_2" },
				"south": { "uv": [ 3.5, 10, 12.5, 10.5 ], "texture": "#bookshelf_2", "cullface": "south" }
			}
		},
		{
			"__comment": "Element",
			"from": [ 0, 5.5, 3.5 ],
			"to": [ 3, 6, 12.5 ],
			"faces": {
				"down": { "uv": [ 0, 3.5, 3, 12.5 ], "texture": "#bookshelf_2" },
				"up": { "uv": [ 0, 3.5, 3, 12.5 ], "texture": "#bookshelf_2" },
				"west": { "uv": [ 3.5, 10, 12.5, 10.5 ], "texture": "#bookshelf_2", "cullface": "west" }
			}
		},
		{
			"__comment": "Element",
			"from": [ 13, 5.5, 3.5 ],
			"to": [ 16, 6, 12.5 ],
			"faces": {
				"down": { "uv": [ 13, 3, 16, 12.5 ], "texture": "#bookshelf_2" },
				"up": { "uv": [ 13, 3.5, 16, 13 ], "texture": "#bookshelf_2" },
				"east": { "uv": [ 3, 10, 12.5, 10.5 ], "texture": "#bookshelf_2", "cullface": "east" }
			}
		},
		{
			"__comment": "Element",
			"from": [ 0, 10.5, 3.5 ],
			"to": [ 3, 11, 12.5 ],
			"faces": {
				"down": { "uv": [ 0, 3.5, 3, 12.5 ], "texture": "#bookshelf_2" },
				"up": { "uv": [ 0, 3.5, 3, 12.5 ], "texture": "#bookshelf_2" },
				"west": { "uv": [ 3.5, 5, 12.5, 5.5 ], "texture": "#bookshelf_2", "cullface": "west" }
			}
		},
		{
			"__comment": "Element",
			"from": [ 13, 10.5, 3.5 ],
			"to": [ 16, 11, 12.5 ],
			"faces": {
				"down": { "uv": [ 13, 3.5, 16, 12.5 ], "texture": "#bookshelf_2" },
				"up": { "uv": [ 13, 3.5, 16, 12.5 ], "texture": "#bookshelf_2" },
				"east": { "uv": [ 3.5, 5, 12.5, 5.5 ], "texture": "#bookshelf_2", "cullface": "east" }
			}
		},
		{
			"__comment": "Element",
			"from": [ 1.9995, 1.0002, 13.0009 ],
			"to": [ 3.4995, 4.0002, 14.5009 ],
			"rotation": { "origin": [ 2, 1, 13 ], "axis": "y", "angle": -45 },
			"faces": {
				"up": { "uv": [ 1.000625, 7.500626, 2.499375, 8.999375 ], "texture": "#bookshelf_4" },
				"south": { "uv": [ 1.000625, 6.000626, 2.499375, 8.999375 ], "texture": "#bookshelf_4" },
				"west": { "uv": [ 1.000625, 6.000626, 2.499375, 8.999375 ], "texture": "#bookshelf_4" },
				"east": { "uv": [ 1.000625, 6.000626, 2.499375, 8.999375 ], "texture": "#bookshelf_4" }
			}
		},
		{
			"__comment": "Element",
			"from": [ 13.9997, 1, 12.9993 ],
			"to": [ 15.4997, 4, 14.4993 ],
			"rotation": { "origin": [ 14, 1, 13 ], "axis": "y", "angle": -45 },
			"faces": {
				"up": { "uv": [ 1.000625, 7.000626, 2.499375, 8.499375 ], "texture": "#bookshelf_4" },
				"north": { "uv": [ 1.000625, 6.000626, 2.499375, 8.999375 ], "texture": "#bookshelf_4" },
				"south": { "uv": [ 1.000625, 6.000626, 2.499375, 8.999375 ], "texture": "#bookshelf_4" },
				"west": { "uv": [ 1.000625, 6.000626, 2.499375, 8.999375 ], "texture": "#bookshelf_4" },
				"east": { "uv": [ 1.000625, 6.000626, 2.499375, 8.999375 ], "texture": "#bookshelf_4" }
			}
		},
		{
			"__comment": "Element",
			"from": [ 14.001, 0.9997, 1.0005 ],
			"to": [ 15.501, 3.9997, 2.5005 ],
			"rotation": { "origin": [ 14, 1, 1 ], "axis": "y", "angle": -45 },
			"faces": {
				"up": { "uv": [ 1.000625, 7.500626, 2.499375, 8.999375 ], "texture": "#bookshelf_4" },
				"north": { "uv": [ 1.000625, 6.000626, 2.499375, 8.999375 ], "texture": "#bookshelf_4" },
				"south": { "uv": [ 1.000625, 6.000626, 2.499375, 8.999375 ], "texture": "#bookshelf_4" },
				"west": { "uv": [ 1.000625, 6.000626, 2.499375, 8.999375 ], "texture": "#bookshelf_4" },
				"east": { "uv": [ 1.000625, 6.000626, 2.499375, 8.999375 ], "texture": "#bookshelf_4" }
			}
		},
		{
			"__comment": "Element",
			"from": [ 2.001, 1.0005, 1.0005 ],
			"to": [ 3.501, 4.0005, 2.5005 ],
			"rotation": { "origin": [ 2, 1, 1 ], "axis": "y", "angle": -45 },
			"faces": {
				"up": { "uv": [ 1.000625, 7.500626, 2.499375, 8.999375 ], "texture": "#bookshelf_4" },
				"north": { "uv": [ 1.000625, 6.000626, 2.499375, 8.999375 ], "texture": "#bookshelf_4" },
				"south": { "uv": [ 1.000625, 6.000626, 2.499375, 8.999375 ], "texture": "#bookshelf_4" },
				"west": { "uv": [ 1.000625, 6.000626, 2.499375, 8.999375 ], "texture": "#bookshelf_4" }
			}
		},
		{
			"__comment": "Element",
			"from": [ 12.999, 11.0005, 1.0003 ],
			"to": [ 13.499, 14.0005, 4.0003 ],
			"rotation": { "origin": [ 13, 11, 1 ], "axis": "y", "angle": 45 },
			"faces": {
				"down": { "uv": [ 1.500625, 8.499375, 1.999375, 7.500626 ], "texture": "#bookshelf_4" },
				"up": { "uv": [ 1.500625, 7.500626, 1.999375, 8.499375 ], "texture": "#bookshelf_4" },
				"north": { "uv": [ 1.500625, 7.500626, 1.999375, 8.499375 ], "texture": "#bookshelf_4" },
				"south": { "uv": [ 1.500625, 7.500626, 1.999375, 8.499375 ], "texture": "#bookshelf_4" },
				"east": { "uv": [ 1.000625, 0.5006247, 3.999375, 3.499375 ], "texture": "#bookshelf_4" }
			}
		},
		{
			"__comment": "Element",
			"from": [ 0.6244, 10.9999, 13.4384 ],
			"to": [ 1.1244, 13.9999, 16.4384 ],
			"rotation": { "origin": [ 0.625, 11, 13.4375 ], "axis": "y", "angle": 45 },
			"faces": {
				"down": { "uv": [ 1.500625, 8.499375, 1.999375, 7.500626 ], "texture": "#bookshelf_4" },
				"up": { "uv": [ 1.500625, 7.500626, 1.999375, 8.499375 ], "texture": "#bookshelf_4" },
				"north": { "uv": [ 1.500625, 7.500626, 1.999375, 8.499375 ], "texture": "#bookshelf_4" },
				"south": { "uv": [ 1.500625, 7.500626, 1.999375, 8.499375 ], "texture": "#bookshelf_4" },
				"west": { "uv": [ 1.000625, 0.5006247, 3.999375, 3.499375 ], "texture": "#bookshelf_4" },
				"east": { "uv": [ 1.000625, 0.5006247, 3.999375, 3.499375 ], "texture": "#bookshelf_4" }
			}
		},
		{
			"__comment": "Element",
			"from": [ 14.9994, 11.0009, 12.9998 ],
			"to": [ 15.4994, 14.0009, 15.9998 ],
			"rotation": { "origin": [ 15, 11, 13 ], "axis": "y", "angle": -45 },
			"faces": {
				"down": { "uv": [ 1.500625, 8.499375, 1.999375, 7.500626 ], "texture": "#bookshelf_4" },
				"up": { "uv": [ 1.500625, 7.500626, 1.999375, 8.499375 ], "texture": "#bookshelf_4" },
				"south": { "uv": [ 1.500625, 7.500626, 1.999375, 8.499375 ], "texture": "#bookshelf_4" },
				"west": { "uv": [ 1.000625, 0.5006247, 3.999375, 3.499375 ], "texture": "#bookshelf_4" },
				"east": { "uv": [ 1.000625, 0.5006247, 3.999375, 3.499375 ], "texture": "#bookshelf_4" }
			}
		},
		{
			"__comment": "Element",
			"from": [ 2.7492, 10.9999, 0.624 ],
			"to": [ 3.2492, 13.9999, 3.624 ],
			"rotation": { "origin": [ 2.75, 11, 0.625 ], "axis": "y", "angle": -45 },
			"faces": {
				"down": { "uv": [ 1.500625, 8.499375, 1.999375, 7.500626 ], "texture": "#bookshelf_4" },
				"up": { "uv": [ 1.500625, 7.500626, 1.999375, 8.499375 ], "texture": "#bookshelf_4" },
				"north": { "uv": [ 1.500625, 7.500626, 1.999375, 8.499375 ], "texture": "#bookshelf_4" },
				"south": { "uv": [ 1.500625, 7.500626, 1.999375, 8.499375 ], "texture": "#bookshelf_4" },
				"west": { "uv": [ 1.000625, 0.5006247, 3.999375, 3.499375 ], "texture": "#bookshelf_4" },
				"east": { "uv": [ 1.000625, 0.5006247, 3.999375, 3.499375 ], "texture": "#bookshelf_4" }
			}
		},
		{
			"__comment": "Element",
			"from": [ 1.7492, 4.0004, 1.8122 ],
			"to": [ 2.2492, 5.0004, 2.3122 ],
			"faces": {
				"down": { "uv": [ 1.500625, 6.999374, 1.999375, 6.500626 ], "texture": "#bookshelf_4" },
				"up": { "uv": [ 1.500625, 6.000626, 1.999375, 6.499374 ], "texture": "#bookshelf_4" },
				"north": { "uv": [ 1.500625, 5.500626, 1.999375, 6.499374 ], "texture": "#bookshelf_4" },
				"south": { "uv": [ 1.500625, 4.500626, 1.999375, 5.499374 ], "texture": "#bookshelf_4" },
				"west": { "uv": [ 1.500625, 5.500626, 1.999375, 6.499374 ], "texture": "#bookshelf_4" },
				"east": { "uv": [ 1.500625, 5.500626, 1.999375, 6.499374 ], "texture": "#bookshelf_4" }
			}
		},
		{
			"__comment": "Element",
			"from": [ 13.7499, 4.0002, 1.7492 ],
			"to": [ 14.2499, 5.0002, 2.2492 ],
			"faces": {
				"down": { "uv": [ 1.500625, 6.999374, 1.999375, 6.500626 ], "texture": "#bookshelf_4" },
				"up": { "uv": [ 1.500625, 6.000626, 1.999375, 6.499374 ], "texture": "#bookshelf_4" },
				"north": { "uv": [ 1.500625, 5.500626, 1.999375, 6.499374 ], "texture": "#bookshelf_4" },
				"south": { "uv": [ 1.500625, 4.500626, 1.999375, 5.499374 ], "texture": "#bookshelf_4" },
				"west": { "uv": [ 1.500625, 5.500626, 1.999375, 6.499374 ], "texture": "#bookshelf_4" },
				"east": { "uv": [ 1.500625, 5.500626, 1.999375, 6.499374 ], "texture": "#bookshelf_4" }
			}
		}
	],
	"display": {
		"thirdperson_righthand": {
			"rotation":  [ 75, 45, 0 ],
			"translation":  [ 0, 2.5, 0 ],
			"scale":  [ 0.375, 0.375, 0.375 ]
		},
		"thirdperson_lefthand": {
			"rotation":  [ 75, 45, 0 ],
			"translation":  [ 0, 2.5, 0 ],
			"scale":  [ 0.375, 0.375, 0.375 ]
		},
		"firstperson_righthand": {
			"rotation":  [ 0, -18, 0 ],
			"translation":  [ 0, 4, 0 ],
			"scale":  [ 0.4, 0.4, 0.4 ]
		},
		"firstperson_lefthand": {
			"rotation":  [ 0, -18, 0 ],
			"translation":  [ 0, 4, 0 ],
			"scale":  [ 0.4, 0.4, 0.4 ]
		},
		"gui": {
			"rotation":  [ 30, 225, 0 ],
			"scale":  [ 0.625, 0.625, 0.625 ]
		},
		"ground": {
			"translation":  [ 0, 3, 0 ],
			"scale":  [ 0.25, 0.25, 0.25 ]
		}
	}
}