{
	"__comment": "Designed by Intermacgod with BDcraft Cubik PRO 0.85 Beta - http://bdcraft.net",
	"gui_light": "front",
	"ambientocclusion": false,
	"textures": {
		"particle": "block/b/brewing_stand/brewing_stand_2",
		"brewing_stand_2": "block/b/brewing_stand/brewing_stand_2"
	},
	"elements": [ 	 
		{
			"__comment": "Box77",
			"from": [ 13.2507, 13.9996, 7.75 ],
			"to": [ 13.7507, 14.4996, 8.25 ],
			"faces": {
				"down": { "uv": [ 13.25062, 7.750626, 13.74938, 8.249375 ], "texture": "#brewing_stand_2" },
				"up": { "uv": [ 13.25062, 7.750626, 13.74938, 8.249375 ], "texture": "#brewing_stand_2" },
				"north": { "uv": [ 2.250625, 1.500625, 2.749375, 1.999375 ], "texture": "#brewing_stand_2" },
				"south": { "uv": [ 13.25062, 1.500625, 13.74938, 1.999375 ], "texture": "#brewing_stand_2" },
				"west": { "uv": [ 7.750625, 1.500625, 8.249375, 1.999375 ], "texture": "#brewing_stand_2" },
				"east": { "uv": [ 7.750625, 1.500625, 8.249375, 1.999375 ], "texture": "#brewing_stand_2" }
			}
		}
	]
}