{
	"__comment": "Designed by Intermacgod with BDcraft Cubik PRO 0.85 Beta - http://bdcraft.net",
	"ambientocclusion": false,
	"textures": {
		"brewing_stand_2": "block/b/brewing_stand/brewing_stand_2",
		"brewing_stand_7": "block/b/brewing_stand/brewing_stand_7",
		"brewing_stand_8": "block/b/brewing_stand/brewing_stand_8",
		"brewing_stand_9": "block/b/brewing_stand/brewing_stand_9",
		"particle": "block/b/brewing_stand/brewing_stand_bottle"
	},
	"elements": [ 	 
		{
			"__comment": "Bottle*",
			"from": [ 3.9996, 7.0006, 0.5007 ],
			"to": [ 4.4996, 9.0006, 1.0007 ],
			"faces": {
				"down": { "uv": [ 1.000625, 7.000626, 2.499375, 8.499375 ], "texture": "#brewing_stand_7", "rotation": 270 },
				"up": { "uv": [ 1.000625, 7.000626, 2.499375, 8.499375 ], "texture": "#brewing_stand_7", "rotation": 90 },
				"north": { "uv": [ 1.000625, 7.000626, 2.499375, 8.499375 ], "texture": "#brewing_stand_7" },
				"east": { "uv": [ 1.000625, 7.000626, 2.499375, 8.499375 ], "texture": "#brewing_stand_7" }
			}
		},
		{
			"__comment": "Bottle*",
			"from": [ 3.4998, 9.0008, 1.0005 ],
			"to": [ 3.9998, 9.5008, 1.5005 ],
			"faces": {
				"up": { "uv": [ 1.000625, 7.000626, 2.499375, 8.499375 ], "texture": "#brewing_stand_7", "rotation": 90 }
			}
		},
		{
			"__comment": "Bottle*",
			"from": [ 1.4994, 9.4994, 1.0001 ],
			"to": [ 3.4994, 9.9994, 4.000101 ],
			"faces": {
				"up": { "uv": [ 1.000625, 7.000626, 2.499375, 8.499375 ], "texture": "#brewing_stand_7", "rotation": 90 },
				"north": { "uv": [ 1.000625, 7.000626, 2.499375, 8.499375 ], "texture": "#brewing_stand_7" },
				"south": { "uv": [ 1.000625, 7.000626, 2.499375, 8.499375 ], "texture": "#brewing_stand_7" },
				"west": { "uv": [ 1.000625, 7.000626, 2.499375, 8.499375 ], "texture": "#brewing_stand_7" },
				"east": { "uv": [ 1.000625, 7.000626, 2.499375, 8.499375 ], "texture": "#brewing_stand_7" }
			}
		},
		{
			"__comment": "Bottle*",
			"from": [ 1.0003, 9.0007, 0.9994 ],
			"to": [ 1.5003, 9.5007, 1.4994 ],
			"faces": {
				"up": { "uv": [ 1.000625, 7.000626, 2.499375, 8.499375 ], "texture": "#brewing_stand_7", "rotation": 90 }
			}
		},
		{
			"__comment": "Bottle*",
			"from": [ 0.5004, 6.9997, 0.5002 ],
			"to": [ 1.0004, 8.999699, 1.0002 ],
			"faces": {
				"down": { "uv": [ 1.000625, 7.000626, 2.499375, 8.499375 ], "texture": "#brewing_stand_7", "rotation": 270 },
				"up": { "uv": [ 1.000625, 7.000626, 2.499375, 8.499375 ], "texture": "#brewing_stand_7", "rotation": 90 },
				"north": { "uv": [ 1.000625, 7.000626, 2.499375, 8.499375 ], "texture": "#brewing_stand_7" },
				"west": { "uv": [ 1.000625, 7.000626, 2.499375, 8.499375 ], "texture": "#brewing_stand_7" }
			}
		},
		{
			"__comment": "Bottle*",
			"from": [ 3.4997, 9.5007, 1.5009 ],
			"to": [ 3.9997, 10.0007, 3.5009 ],
			"faces": {
				"up": { "uv": [ 1.000625, 7.000626, 2.499375, 8.499375 ], "texture": "#brewing_stand_7", "rotation": 90 },
				"north": { "uv": [ 1.000625, 7.000626, 2.499375, 8.499375 ], "texture": "#brewing_stand_7" },
				"south": { "uv": [ 1.000625, 7.000626, 2.499375, 8.499375 ], "texture": "#brewing_stand_7" },
				"east": { "uv": [ 1.000625, 7.000626, 2.499375, 8.499375 ], "texture": "#brewing_stand_7" }
			}
		},
		{
			"__comment": "Bottle*",
			"from": [ 0.5009, 9.0004, 1.0007 ],
			"to": [ 1.0009, 9.5004, 1.5007 ],
			"faces": {
				"up": { "uv": [ 1.000625, 7.000626, 2.499375, 8.499375 ], "texture": "#brewing_stand_7", "rotation": 90 },
				"north": { "uv": [ 1.000625, 7.000626, 2.499375, 8.499375 ], "texture": "#brewing_stand_7" },
				"west": { "uv": [ 1.000625, 7.000626, 2.499375, 8.499375 ], "texture": "#brewing_stand_7" }
			}
		},
		{
			"__comment": "Element",
			"from": [ 1.5, 13.5001, 1.5003 ],
			"to": [ 3.5, 14.0001, 3.5003 ],
			"faces": {
				"down": { "uv": [ 1.000625, 6.999374, 2.499375, 6.000626 ], "texture": "#brewing_stand_7", "rotation": 270 },
				"up": { "uv": [ 1.000625, 6.000626, 2.499375, 6.999374 ], "texture": "#brewing_stand_7", "rotation": 90 },
				"north": { "uv": [ 1.000625, 6.000626, 2.499375, 6.499374 ], "texture": "#brewing_stand_7" },
				"south": { "uv": [ 1.000625, 6.000626, 2.499375, 6.499374 ], "texture": "#brewing_stand_7" },
				"west": { "uv": [ 1.000625, 6.000626, 2.499375, 6.499374 ], "texture": "#brewing_stand_7" },
				"east": { "uv": [ 1.000625, 6.000626, 2.499375, 6.499374 ], "texture": "#brewing_stand_7" }
			}
		},
		{
			"__comment": "Box23",
			"from": [ 2.2497, 14.0008, 2.2493 ],
			"to": [ 2.7497, 15.5008, 2.7493 ],
			"faces": {
				"up": { "uv": [ 13.25062, 7.750626, 13.74938, 8.249375 ], "texture": "#brewing_stand_2" },
				"north": { "uv": [ 2.250625, 0.5006247, 2.749375, 1.999375 ], "texture": "#brewing_stand_2" },
				"south": { "uv": [ 13.25062, 0.5006247, 13.74938, 1.999375 ], "texture": "#brewing_stand_2" },
				"west": { "uv": [ 7.750625, 0.5006247, 8.249375, 1.999375 ], "texture": "#brewing_stand_2" },
				"east": { "uv": [ 7.750625, 0.5006247, 8.249375, 1.999375 ], "texture": "#brewing_stand_2" }
			}
		},
		{
			"__comment": "Bottle*",
			"from": [ 0.5002, 6.9995, 4.0004 ],
			"to": [ 1.0002, 8.9995, 4.5004 ],
			"faces": {
				"down": { "uv": [ 1.000625, 7.000626, 2.499375, 8.499375 ], "texture": "#brewing_stand_7", "rotation": 270 },
				"up": { "uv": [ 1.000625, 7.000626, 2.499375, 8.499375 ], "texture": "#brewing_stand_7", "rotation": 90 },
				"south": { "uv": [ 1.000625, 7.000626, 2.499375, 8.499375 ], "texture": "#brewing_stand_7" },
				"west": { "uv": [ 1.000625, 7.000626, 2.499375, 8.499375 ], "texture": "#brewing_stand_7" }
			}
		},
		{
			"__comment": "Bottle*",
			"from": [ 4.0006, 6.9995, 3.9996 ],
			"to": [ 4.5006, 8.999499, 4.499599 ],
			"faces": {
				"down": { "uv": [ 1.000625, 7.000626, 2.499375, 8.499375 ], "texture": "#brewing_stand_7", "rotation": 270 },
				"up": { "uv": [ 1.000625, 7.000626, 2.499375, 8.499375 ], "texture": "#brewing_stand_7", "rotation": 90 },
				"south": { "uv": [ 1.000625, 7.000626, 2.499375, 8.499375 ], "texture": "#brewing_stand_7" },
				"east": { "uv": [ 1.000625, 7.000626, 2.499375, 8.499375 ], "texture": "#brewing_stand_7" }
			}
		},
		{
			"__comment": "Bottle*",
			"from": [ 0.9991, 9.500199, 1.5001 ],
			"to": [ 1.4991, 10.0002, 3.500101 ],
			"faces": {
				"up": { "uv": [ 1.000625, 7.000626, 2.499375, 8.499375 ], "texture": "#brewing_stand_7", "rotation": 90 },
				"north": { "uv": [ 1.000625, 7.000626, 2.499375, 8.499375 ], "texture": "#brewing_stand_7" },
				"south": { "uv": [ 1.000625, 7.000626, 2.499375, 8.499375 ], "texture": "#brewing_stand_7" },
				"west": { "uv": [ 1.000625, 7.000626, 2.499375, 8.499375 ], "texture": "#brewing_stand_7" }
			}
		},
		{
			"__comment": "Bottle*",
			"from": [ 4.0002, 9.0006, 1 ],
			"to": [ 4.5002, 9.5006, 1.5 ],
			"faces": {
				"up": { "uv": [ 1.000625, 7.000626, 2.499375, 8.499375 ], "texture": "#brewing_stand_7", "rotation": 90 },
				"north": { "uv": [ 1.000625, 7.000626, 2.499375, 8.499375 ], "texture": "#brewing_stand_7" },
				"east": { "uv": [ 1.000625, 7.000626, 2.499375, 8.499375 ], "texture": "#brewing_stand_7" }
			}
		},
		{
			"__comment": "Bottle*",
			"from": [ 1.0006, 9.0004, 0.4992 ],
			"to": [ 1.5006, 9.5004, 0.9991999 ],
			"faces": {
				"up": { "uv": [ 1.000625, 7.000626, 2.499375, 8.499375 ], "texture": "#brewing_stand_7", "rotation": 90 },
				"north": { "uv": [ 1.000625, 7.000626, 2.499375, 8.499375 ], "texture": "#brewing_stand_7" },
				"west": { "uv": [ 1.000625, 7.000626, 2.499375, 8.499375 ], "texture": "#brewing_stand_7" }
			}
		},
		{
			"__comment": "Bottle*",
			"from": [ 3.5008, 9.0008, 0.4993 ],
			"to": [ 4.0008, 9.5008, 0.9993 ],
			"faces": {
				"up": { "uv": [ 1.000625, 7.000626, 2.499375, 8.499375 ], "texture": "#brewing_stand_7", "rotation": 90 },
				"north": { "uv": [ 1.000625, 7.000626, 2.499375, 8.499375 ], "texture": "#brewing_stand_7" },
				"east": { "uv": [ 1.000625, 7.000626, 2.499375, 8.499375 ], "texture": "#brewing_stand_7" }
			}
		},
		{
			"__comment": "Bottle*",
			"from": [ 4.0005, 9, 3.5003 ],
			"to": [ 4.5005, 9.5, 4.0003 ],
			"faces": {
				"up": { "uv": [ 1.000625, 7.000626, 2.499375, 8.499375 ], "texture": "#brewing_stand_7", "rotation": 90 },
				"south": { "uv": [ 1.000625, 7.000626, 2.499375, 8.499375 ], "texture": "#brewing_stand_7" },
				"east": { "uv": [ 1.000625, 7.000626, 2.499375, 8.499375 ], "texture": "#brewing_stand_7" }
			}
		},
		{
			"__comment": "Bottle*",
			"from": [ 3.4993, 8.999599, 3.9991 ],
			"to": [ 3.9993, 9.499599, 4.4991 ],
			"faces": {
				"up": { "uv": [ 1.000625, 7.000626, 2.499375, 8.499375 ], "texture": "#brewing_stand_7", "rotation": 90 },
				"south": { "uv": [ 1.000625, 7.000626, 2.499375, 8.499375 ], "texture": "#brewing_stand_7" },
				"east": { "uv": [ 1.000625, 7.000626, 2.499375, 8.499375 ], "texture": "#brewing_stand_7" }
			}
		},
		{
			"__comment": "Bottle*",
			"from": [ 1.0003, 9.000899, 4.0002 ],
			"to": [ 1.5003, 9.500899, 4.5002 ],
			"faces": {
				"up": { "uv": [ 1.000625, 7.000626, 2.499375, 8.499375 ], "texture": "#brewing_stand_7", "rotation": 90 },
				"south": { "uv": [ 1.000625, 7.000626, 2.499375, 8.499375 ], "texture": "#brewing_stand_7" },
				"west": { "uv": [ 1.000625, 7.000626, 2.499375, 8.499375 ], "texture": "#brewing_stand_7" }
			}
		},
		{
			"__comment": "Bottle*",
			"from": [ 0.4998, 8.9997, 3.5009 ],
			"to": [ 0.9998, 9.4997, 4.000899 ],
			"faces": {
				"up": { "uv": [ 1.000625, 7.000626, 2.499375, 8.499375 ], "texture": "#brewing_stand_7", "rotation": 90 },
				"south": { "uv": [ 1.000625, 7.000626, 2.499375, 8.499375 ], "texture": "#brewing_stand_7" },
				"west": { "uv": [ 1.000625, 7.000626, 2.499375, 8.499375 ], "texture": "#brewing_stand_7" }
			}
		},
		{
			"__comment": "Bottle*",
			"from": [ 3.4998, 9, 3.5 ],
			"to": [ 3.9998, 9.5, 4 ],
			"faces": {
				"up": { "uv": [ 1.000625, 7.000626, 2.499375, 8.499375 ], "texture": "#brewing_stand_7", "rotation": 90 }
			}
		},
		{
			"__comment": "Bottle*",
			"from": [ 1.0002, 9.0006, 3.5004 ],
			"to": [ 1.5002, 9.5006, 4.0004 ],
			"faces": {
				"up": { "uv": [ 1.000625, 7.000626, 2.499375, 8.499375 ], "texture": "#brewing_stand_7", "rotation": 90 }
			}
		},
		{
			"__comment": "Bottle*",
			"from": [ 3.4993, 6.5005, 0.4997 ],
			"to": [ 3.9993, 7.0005, 0.9997 ],
			"faces": {
				"down": { "uv": [ 1.000625, 7.000626, 2.499375, 8.499375 ], "texture": "#brewing_stand_7" },
				"north": { "uv": [ 1.000625, 7.000626, 2.499375, 8.499375 ], "texture": "#brewing_stand_7" },
				"south": { "uv": [ 1.000625, 7.000626, 2.499375, 8.499375 ], "texture": "#brewing_stand_7" },
				"east": { "uv": [ 1.000625, 7.000626, 2.499375, 8.499375 ], "texture": "#brewing_stand_7" }
			}
		},
		{
			"__comment": "Bottle*",
			"from": [ 4.0003, 6.5, 1.0004 ],
			"to": [ 4.5003, 7, 1.5004 ],
			"faces": {
				"down": { "uv": [ 1.000625, 7.000626, 2.499375, 8.499375 ], "texture": "#brewing_stand_7" },
				"north": { "uv": [ 1.000625, 7.000626, 2.499375, 8.499375 ], "texture": "#brewing_stand_7" },
				"west": { "uv": [ 1.000625, 7.000626, 2.499375, 8.499375 ], "texture": "#brewing_stand_7" },
				"east": { "uv": [ 1.000625, 7.000626, 2.499375, 8.499375 ], "texture": "#brewing_stand_7" }
			}
		},
		{
			"__comment": "Bottle*",
			"from": [ 0.9998, 6.4991, 0.4998 ],
			"to": [ 1.499799, 6.9991, 0.9998 ],
			"faces": {
				"down": { "uv": [ 1.000625, 7.000626, 2.499375, 8.499375 ], "texture": "#brewing_stand_7" },
				"north": { "uv": [ 1.000625, 7.000626, 2.499375, 8.499375 ], "texture": "#brewing_stand_7" },
				"south": { "uv": [ 1.000625, 7.000626, 2.499375, 8.499375 ], "texture": "#brewing_stand_7" },
				"west": { "uv": [ 1.000625, 7.000626, 2.499375, 8.499375 ], "texture": "#brewing_stand_7" }
			}
		},
		{
			"__comment": "Bottle*",
			"from": [ 0.4999, 6.5006, 0.9997 ],
			"to": [ 0.9999, 7.0006, 1.4997 ],
			"faces": {
				"down": { "uv": [ 1.000625, 7.000626, 2.499375, 8.499375 ], "texture": "#brewing_stand_7" },
				"north": { "uv": [ 1.000625, 7.000626, 2.499375, 8.499375 ], "texture": "#brewing_stand_7" },
				"west": { "uv": [ 1.000625, 7.000626, 2.499375, 8.499375 ], "texture": "#brewing_stand_7" },
				"east": { "uv": [ 1.000625, 7.000626, 2.499375, 8.499375 ], "texture": "#brewing_stand_7" }
			}
		},
		{
			"__comment": "Bottle*",
			"from": [ 0.5006, 6.4994, 3.4998 ],
			"to": [ 1.0006, 6.9994, 3.9998 ],
			"faces": {
				"down": { "uv": [ 1.000625, 7.000626, 2.499375, 8.499375 ], "texture": "#brewing_stand_7" },
				"south": { "uv": [ 1.000625, 7.000626, 2.499375, 8.499375 ], "texture": "#brewing_stand_7" },
				"west": { "uv": [ 1.000625, 7.000626, 2.499375, 8.499375 ], "texture": "#brewing_stand_7" },
				"east": { "uv": [ 1.000625, 7.000626, 2.499375, 8.499375 ], "texture": "#brewing_stand_7" }
			}
		},
		{
			"__comment": "Bottle*",
			"from": [ 0.9994, 6.5, 4.0001 ],
			"to": [ 1.4994, 7, 4.5001 ],
			"faces": {
				"down": { "uv": [ 1.000625, 7.000626, 2.499375, 8.499375 ], "texture": "#brewing_stand_7" },
				"north": { "uv": [ 1.000625, 7.000626, 2.499375, 8.499375 ], "texture": "#brewing_stand_7" },
				"south": { "uv": [ 1.000625, 7.000626, 2.499375, 8.499375 ], "texture": "#brewing_stand_7" },
				"west": { "uv": [ 1.000625, 7.000626, 2.499375, 8.499375 ], "texture": "#brewing_stand_7" }
			}
		},
		{
			"__comment": "Bottle*",
			"from": [ 3.5002, 6.4993, 4.0001 ],
			"to": [ 4.000199, 6.9993, 4.5001 ],
			"faces": {
				"down": { "uv": [ 1.000625, 7.000626, 2.499375, 8.499375 ], "texture": "#brewing_stand_7" },
				"north": { "uv": [ 1.000625, 7.000626, 2.499375, 8.499375 ], "texture": "#brewing_stand_7" },
				"south": { "uv": [ 1.000625, 7.000626, 2.499375, 8.499375 ], "texture": "#brewing_stand_7" },
				"east": { "uv": [ 1.000625, 7.000626, 2.499375, 8.499375 ], "texture": "#brewing_stand_7" }
			}
		},
		{
			"__comment": "Bottle*",
			"from": [ 4.0007, 6.4997, 3.5002 ],
			"to": [ 4.5007, 6.9997, 4.000199 ],
			"faces": {
				"down": { "uv": [ 1.000625, 7.000626, 2.499375, 8.499375 ], "texture": "#brewing_stand_7" },
				"south": { "uv": [ 1.000625, 7.000626, 2.499375, 8.499375 ], "texture": "#brewing_stand_7" },
				"west": { "uv": [ 1.000625, 7.000626, 2.499375, 8.499375 ], "texture": "#brewing_stand_7" },
				"east": { "uv": [ 1.000625, 7.000626, 2.499375, 8.499375 ], "texture": "#brewing_stand_7" }
			}
		},
		{
			"__comment": "Bottle*",
			"from": [ 3.4993, 5.9997, 0.9991 ],
			"to": [ 3.9993, 6.4997, 3.9991 ],
			"faces": {
				"down": { "uv": [ 1.000625, 7.000626, 2.499375, 8.499375 ], "texture": "#brewing_stand_7" },
				"up": { "uv": [ 1.000625, 7.000626, 2.499375, 8.499375 ], "texture": "#brewing_stand_7", "rotation": 90 },
				"north": { "uv": [ 1.000625, 7.000626, 2.499375, 8.499375 ], "texture": "#brewing_stand_7" },
				"south": { "uv": [ 1.000625, 7.000626, 2.499375, 8.499375 ], "texture": "#brewing_stand_7" },
				"west": { "uv": [ 1.000625, 7.000626, 2.499375, 8.499375 ], "texture": "#brewing_stand_7" },
				"east": { "uv": [ 1.000625, 7.000626, 2.499375, 8.499375 ], "texture": "#brewing_stand_7" }
			}
		},
		{
			"__comment": "Bottle*",
			"from": [ 1.0007, 6.0009, 0.9993 ],
			"to": [ 1.5007, 6.5009, 3.9993 ],
			"faces": {
				"down": { "uv": [ 1.000625, 7.000626, 2.499375, 8.499375 ], "texture": "#brewing_stand_7" },
				"up": { "uv": [ 1.000625, 7.000626, 2.499375, 8.499375 ], "texture": "#brewing_stand_7", "rotation": 90 },
				"north": { "uv": [ 1.000625, 7.000626, 2.499375, 8.499375 ], "texture": "#brewing_stand_7" },
				"south": { "uv": [ 1.000625, 7.000626, 2.499375, 8.499375 ], "texture": "#brewing_stand_7" },
				"west": { "uv": [ 1.000625, 7.000626, 2.499375, 8.499375 ], "texture": "#brewing_stand_7" },
				"east": { "uv": [ 1.000625, 7.000626, 2.499375, 8.499375 ], "texture": "#brewing_stand_7" }
			}
		},
		{
			"__comment": "Bottle*",
			"from": [ 1.5007, 5.9997, 1.0008 ],
			"to": [ 3.5007, 6.4997, 1.5008 ],
			"faces": {
				"down": { "uv": [ 1.000625, 7.000626, 2.499375, 8.499375 ], "texture": "#brewing_stand_7" },
				"north": { "uv": [ 1.000625, 7.000626, 2.499375, 8.499375 ], "texture": "#brewing_stand_7" }
			}
		},
		{
			"__comment": "Bottle*",
			"from": [ 1.4996, 6.0002, 3.4994 ],
			"to": [ 3.4996, 6.5002, 3.9994 ],
			"faces": {
				"down": { "uv": [ 1.000625, 7.000626, 2.499375, 8.499375 ], "texture": "#brewing_stand_7" },
				"south": { "uv": [ 1.000625, 7.000626, 2.499375, 8.499375 ], "texture": "#brewing_stand_7" }
			}
		},
		{
			"__comment": "Element",
			"from": [ 1.7491, 10.0002, 1.7498 ],
			"to": [ 3.2491, 13.5002, 3.2498 ],
			"faces": {
				"north": { "uv": [ 1.000625, 6.500626, 2.499375, 8.999375 ], "texture": "#brewing_stand_7" },
				"south": { "uv": [ 1.000625, 6.500626, 2.499375, 8.999375 ], "texture": "#brewing_stand_7" },
				"west": { "uv": [ 1.000625, 6.500626, 2.499375, 8.999375 ], "texture": "#brewing_stand_7" },
				"east": { "uv": [ 1.000625, 6.500626, 2.499375, 8.999375 ], "texture": "#brewing_stand_7" }
			}
		},
		{
			"__comment": "Element",
			"from": [ 1.9996, 4.5006, 2.0002 ],
			"to": [ 2.9996, 6.0006, 3.0002 ],
			"faces": {
				"down": { "uv": [ 4.500625, 15.99938, 10.99938, 10.00062 ], "texture": "#brewing_stand_9", "rotation": 270 },
				"north": { "uv": [ 0.000625, 9.500625, 15.99938, 15.99938 ], "texture": "#brewing_stand_9" },
				"south": { "uv": [ 0.000625, 9.500625, 15.99938, 15.99938 ], "texture": "#brewing_stand_9" },
				"west": { "uv": [ 0.000625, 9.500625, 15.99938, 15.99938 ], "texture": "#brewing_stand_9" },
				"east": { "uv": [ 0.000625, 9.500625, 15.99938, 15.99938 ], "texture": "#brewing_stand_9" }
			}
		},
		{
			"__comment": "Box45",
			"from": [ 1.5009, 5.9996, 1.499 ],
			"to": [ 3.5009, 6.4996, 3.498999 ],
			"faces": {
				"down": { "uv": [ 12.50062, 7.000626, 14.49938, 8.999375 ], "texture": "#brewing_stand_8" }
			}
		},
		{
			"__comment": "Box45",
			"from": [ 1.5008, 6.4991, 0.5009 ],
			"to": [ 3.5008, 6.9991, 4.5009 ],
			"faces": {
				"down": { "uv": [ 12.50062, 6.000626, 14.49938, 9.999375 ], "texture": "#brewing_stand_8" },
				"north": { "uv": [ 1.500625, 9.000625, 3.499375, 9.499375 ], "texture": "#brewing_stand_8" },
				"south": { "uv": [ 12.50062, 9.000625, 14.49938, 9.499375 ], "texture": "#brewing_stand_8" },
				"west": { "uv": [ 6.000625, 9.000625, 9.999375, 9.499375 ], "texture": "#brewing_stand_8" },
				"east": { "uv": [ 6.000625, 9.000625, 9.999375, 9.499375 ], "texture": "#brewing_stand_8" }
			}
		},
		{
			"__comment": "Box45",
			"from": [ 0.5002, 6.5002, 1.4998 ],
			"to": [ 1.5002, 7.0002, 3.4998 ],
			"faces": {
				"down": { "uv": [ 11.50062, 7.000626, 12.49938, 8.999375 ], "texture": "#brewing_stand_8" },
				"north": { "uv": [ 3.500625, 9.000625, 4.499375, 9.499375 ], "texture": "#brewing_stand_8" },
				"south": { "uv": [ 11.50062, 9.000625, 12.49938, 9.499375 ], "texture": "#brewing_stand_8" },
				"west": { "uv": [ 7.000625, 9.000625, 8.999375, 9.499375 ], "texture": "#brewing_stand_8" }
			}
		},
		{
			"__comment": "Box45",
			"from": [ 3.5009, 6.5002, 1.501 ],
			"to": [ 4.5009, 7.0002, 3.501 ],
			"faces": {
				"down": { "uv": [ 14.50062, 7.000626, 15.49938, 8.999375 ], "texture": "#brewing_stand_8" },
				"north": { "uv": [ 0.500625, 9.000625, 1.499375, 9.499375 ], "texture": "#brewing_stand_8" },
				"south": { "uv": [ 14.50062, 9.000625, 15.49938, 9.499375 ], "texture": "#brewing_stand_8" },
				"east": { "uv": [ 7.000625, 9.000625, 8.999375, 9.499375 ], "texture": "#brewing_stand_8" }
			}
		},
		{
			"__comment": "Box45",
			"from": [ 0.9991, 7.0001, 0.5004 ],
			"to": [ 3.9991, 9.000099, 4.500401 ],
			"faces": {
				"down": { "uv": [ 12.00062, 6.000626, 14.99938, 9.999375 ], "texture": "#brewing_stand_8" },
				"up": { "uv": [ 12.00062, 6.000626, 14.99938, 9.999375 ], "texture": "#brewing_stand_8" },
				"north": { "uv": [ 1.000625, 7.000626, 3.999375, 8.999375 ], "texture": "#brewing_stand_8" },
				"south": { "uv": [ 12.00062, 7.000626, 14.99938, 8.999375 ], "texture": "#brewing_stand_8" },
				"west": { "uv": [ 6.000625, 7.000626, 9.999375, 8.999375 ], "texture": "#brewing_stand_8" },
				"east": { "uv": [ 6.000625, 7.000626, 9.999375, 8.999375 ], "texture": "#brewing_stand_8" }
			}
		},
		{
			"__comment": "Box45",
			"from": [ 1.4991, 8.999599, 0.4991 ],
			"to": [ 3.4991, 9.499599, 4.499101 ],
			"faces": {
				"up": { "uv": [ 12.50062, 6.000626, 14.49938, 9.999375 ], "texture": "#brewing_stand_8" },
				"north": { "uv": [ 1.500625, 6.500626, 3.499375, 6.999374 ], "texture": "#brewing_stand_8" },
				"south": { "uv": [ 12.50062, 6.500626, 14.49938, 6.999374 ], "texture": "#brewing_stand_8" },
				"west": { "uv": [ 6.000625, 6.500626, 9.999375, 6.999374 ], "texture": "#brewing_stand_8" },
				"east": { "uv": [ 6.000625, 6.500626, 9.999375, 6.999374 ], "texture": "#brewing_stand_8" }
			}
		},
		{
			"__comment": "Box45",
			"from": [ 0.4999, 8.999, 1.5008 ],
			"to": [ 1.4999, 9.499, 3.5008 ],
			"faces": {
				"up": { "uv": [ 11.50062, 7.000626, 12.49938, 8.999375 ], "texture": "#brewing_stand_8" },
				"north": { "uv": [ 3.500625, 6.500626, 4.499375, 6.999374 ], "texture": "#brewing_stand_8" },
				"south": { "uv": [ 11.50062, 6.500626, 12.49938, 6.999374 ], "texture": "#brewing_stand_8" },
				"west": { "uv": [ 7.000625, 6.500626, 8.999375, 6.999374 ], "texture": "#brewing_stand_8" }
			}
		},
		{
			"__comment": "Box45",
			"from": [ 3.4995, 9.0005, 1.4998 ],
			"to": [ 4.499498, 9.5005, 3.4998 ],
			"faces": {
				"up": { "uv": [ 14.50062, 7.000626, 15.49938, 8.999375 ], "texture": "#brewing_stand_8" },
				"north": { "uv": [ 0.500625, 6.500626, 1.499375, 6.999374 ], "texture": "#brewing_stand_8" },
				"south": { "uv": [ 14.50062, 6.500626, 15.49938, 6.999374 ], "texture": "#brewing_stand_8" },
				"east": { "uv": [ 7.000625, 6.500626, 8.999375, 6.999374 ], "texture": "#brewing_stand_8" }
			}
		},
		{
			"__comment": "Box45",
			"from": [ 3.5004, 7.0004, 1.0002 ],
			"to": [ 4.5004, 9.000399, 4.0002 ],
			"faces": {
				"down": { "uv": [ 14.50062, 6.500626, 15.49938, 9.499375 ], "texture": "#brewing_stand_8" },
				"up": { "uv": [ 14.50062, 6.500626, 15.49938, 9.499375 ], "texture": "#brewing_stand_8" },
				"north": { "uv": [ 0.500625, 7.000626, 1.499375, 8.999375 ], "texture": "#brewing_stand_8" },
				"south": { "uv": [ 14.50062, 7.000626, 15.49938, 8.999375 ], "texture": "#brewing_stand_8" },
				"east": { "uv": [ 6.500625, 7.000626, 9.499375, 8.999375 ], "texture": "#brewing_stand_8" }
			}
		},
		{
			"__comment": "Box45",
			"from": [ 0.4993, 6.9993, 0.9997 ],
			"to": [ 1.4993, 8.9993, 3.9997 ],
			"faces": {
				"down": { "uv": [ 11.50062, 6.500626, 12.49938, 9.499375 ], "texture": "#brewing_stand_8" },
				"up": { "uv": [ 11.50062, 6.500626, 12.49938, 9.499375 ], "texture": "#brewing_stand_8" },
				"north": { "uv": [ 3.500625, 7.000626, 4.499375, 8.999375 ], "texture": "#brewing_stand_8" },
				"south": { "uv": [ 11.50062, 7.000626, 12.49938, 8.999375 ], "texture": "#brewing_stand_8" },
				"west": { "uv": [ 6.500625, 7.000626, 9.499375, 8.999375 ], "texture": "#brewing_stand_8" }
			}
		}
	]
}