{
	"__comment": "Designed by Intermacgod with BDcraft Cubik PRO 0.85 Beta - http://bdcraft.net",
	"gui_light": "front",
	"ambientocclusion": false,
	"textures": {
		"brewing_stand_1": "block/b/brewing_stand/brewing_stand_1",
		"brewing_stand_2": "block/b/brewing_stand/brewing_stand_2",
		"brewing_stand_3": "block/b/brewing_stand/brewing_stand_3",
		"brewing_stand_4": "block/b/brewing_stand/brewing_stand_4",
		"brewing_stand_5": "block/b/brewing_stand/brewing_stand_5",
		"brewing_stand_6": "block/b/brewing_stand/brewing_stand_6",
		"particle": "block/b/brewing_stand/brewing_stand"
	},
	"elements": [ 	 
		{
			"__comment": "Element",
			"from": [ 7.6883, 6.4997, 9.0005 ],
			"to": [ 8.188299, 6.9997, 10.0005 ],
			"faces": {
				"down": { "uv": [ 0.000625, 0.000624657, 15.99938, 15.99938 ], "texture": "#brewing_stand_1", "rotation": 270 },
				"up": { "uv": [ 0.000625, 0.000624657, 15.99938, 15.99938 ], "texture": "#brewing_stand_1", "rotation": 90 },
				"south": { "uv": [ 0.000625, 0.000624657, 15.99938, 15.99938 ], "texture": "#brewing_stand_1" },
				"west": { "uv": [ 0.000625, 0.000624657, 15.99938, 15.99938 ], "texture": "#brewing_stand_1" },
				"east": { "uv": [ 0.000625, 0.000624657, 15.99938, 15.99938 ], "texture": "#brewing_stand_1" }
			}
		},
		{
			"__comment": "Element",
			"from": [ 7.6883, 6.501, 6.0001 ],
			"to": [ 8.188299, 7.001, 7.0001 ],
			"faces": {
				"down": { "uv": [ 0.000625, 0.000624657, 15.99938, 15.99938 ], "texture": "#brewing_stand_1", "rotation": 270 },
				"up": { "uv": [ 0.000625, 0.000624657, 15.99938, 15.99938 ], "texture": "#brewing_stand_1", "rotation": 90 },
				"north": { "uv": [ 0.000625, 0.000624657, 15.99938, 15.99938 ], "texture": "#brewing_stand_1" },
				"west": { "uv": [ 0.000625, 0.000624657, 15.99938, 15.99938 ], "texture": "#brewing_stand_1" },
				"east": { "uv": [ 0.000625, 0.000624657, 15.99938, 15.99938 ], "texture": "#brewing_stand_1" }
			}
		},
		{
			"__comment": "Element",
			"from": [ 7.6884, 6.9991, 9.4993 ],
			"to": [ 8.1884, 7.9991, 9.9993 ],
			"faces": {
				"north": { "uv": [ 0.000625, 0.000624657, 15.99938, 15.99938 ], "texture": "#brewing_stand_1" },
				"south": { "uv": [ 0.000625, 0.000624657, 15.99938, 15.99938 ], "texture": "#brewing_stand_1" },
				"west": { "uv": [ 0.000625, 0.000624657, 15.99938, 15.99938 ], "texture": "#brewing_stand_1" },
				"east": { "uv": [ 0.000625, 0.000624657, 15.99938, 15.99938 ], "texture": "#brewing_stand_1" }
			}
		},
		{
			"__comment": "Element",
			"from": [ 7.6882, 7.0008, 5.9998 ],
			"to": [ 8.1882, 8.0008, 6.4998 ],
			"faces": {
				"north": { "uv": [ 0.000625, 0.000624657, 15.99938, 15.99938 ], "texture": "#brewing_stand_1" },
				"south": { "uv": [ 0.000625, 0.000624657, 15.99938, 15.99938 ], "texture": "#brewing_stand_1" },
				"west": { "uv": [ 0.000625, 0.000624657, 15.99938, 15.99938 ], "texture": "#brewing_stand_1" },
				"east": { "uv": [ 0.000625, 0.000624657, 15.99938, 15.99938 ], "texture": "#brewing_stand_1" }
			}
		},
		{
			"__comment": "Element",
			"from": [ 6.5004, 8, 8.9994 ],
			"to": [ 9.500399, 11, 10.4994 ],
			"faces": {
				"down": { "uv": [ 0.000625, 0.000624657, 15.99938, 15.99938 ], "texture": "#brewing_stand_1", "rotation": 270 },
				"up": { "uv": [ 0.000625, 0.000624657, 15.99938, 15.99938 ], "texture": "#brewing_stand_1", "rotation": 90 },
				"north": { "uv": [ 0.000625, 0.000624657, 15.99938, 15.99938 ], "texture": "#brewing_stand_1" },
				"south": { "uv": [ 0.500625, 7.000626, 5.999375, 11.99938 ], "texture": "#brewing_stand_4" },
				"west": { "uv": [ 0.000625, 0.000624657, 15.99938, 15.99938 ], "texture": "#brewing_stand_1" },
				"east": { "uv": [ 0.000625, 0.000624657, 15.99938, 15.99938 ], "texture": "#brewing_stand_1" }
			}
		},
		{
			"__comment": "Element",
			"from": [ 6.4992, 8.0009, 5.4991 ],
			"to": [ 9.499199, 11.0009, 6.9991 ],
			"faces": {
				"down": { "uv": [ 0.000625, 0.000624657, 15.99938, 15.99938 ], "texture": "#brewing_stand_1", "rotation": 270 },
				"up": { "uv": [ 0.000625, 0.000624657, 15.99938, 15.99938 ], "texture": "#brewing_stand_1", "rotation": 90 },
				"north": { "uv": [ 0.500625, 7.000626, 5.999375, 11.99938 ], "texture": "#brewing_stand_4" },
				"south": { "uv": [ 0.000625, 0.000624657, 15.99938, 15.99938 ], "texture": "#brewing_stand_1" },
				"west": { "uv": [ 0.000625, 0.000624657, 15.99938, 15.99938 ], "texture": "#brewing_stand_1" },
				"east": { "uv": [ 0.000625, 0.000624657, 15.99938, 15.99938 ], "texture": "#brewing_stand_1" }
			}
		},
		{
			"__comment": "Element",
			"from": [ 6, 6.4994, 7.7491 ],
			"to": [ 7, 6.9994, 8.2491 ],
			"faces": {
				"down": { "uv": [ 0.000625, 0.000624657, 15.99938, 15.99938 ], "texture": "#brewing_stand_1", "rotation": 270 },
				"up": { "uv": [ 0.000625, 0.000624657, 15.99938, 15.99938 ], "texture": "#brewing_stand_1", "rotation": 90 },
				"north": { "uv": [ 0.000625, 0.000624657, 15.99938, 15.99938 ], "texture": "#brewing_stand_1" },
				"south": { "uv": [ 0.000625, 0.000624657, 15.99938, 15.99938 ], "texture": "#brewing_stand_1" },
				"west": { "uv": [ 0.000625, 0.000624657, 15.99938, 15.99938 ], "texture": "#brewing_stand_1" }
			}
		},
		{
			"__comment": "Element",
			"from": [ 5.9995, 7.0002, 7.75 ],
			"to": [ 6.4995, 8.0002, 8.25 ],
			"faces": {
				"north": { "uv": [ 0.000625, 0.000624657, 15.99938, 15.99938 ], "texture": "#brewing_stand_1" },
				"south": { "uv": [ 0.000625, 0.000624657, 15.99938, 15.99938 ], "texture": "#brewing_stand_1" },
				"west": { "uv": [ 0.000625, 0.000624657, 15.99938, 15.99938 ], "texture": "#brewing_stand_1" },
				"east": { "uv": [ 0.000625, 0.000624657, 15.99938, 15.99938 ], "texture": "#brewing_stand_1" }
			}
		},
		{
			"__comment": "Element",
			"from": [ 5.4997, 7.9996, 6.501 ],
			"to": [ 6.9997, 10.9996, 9.501 ],
			"faces": {
				"down": { "uv": [ 0.000625, 0.000624657, 15.99938, 15.99938 ], "texture": "#brewing_stand_1", "rotation": 270 },
				"up": { "uv": [ 0.000625, 0.000624657, 15.99938, 15.99938 ], "texture": "#brewing_stand_1", "rotation": 90 },
				"north": { "uv": [ 0.000625, 0.000624657, 15.99938, 15.99938 ], "texture": "#brewing_stand_1" },
				"south": { "uv": [ 0.000625, 0.000624657, 15.99938, 15.99938 ], "texture": "#brewing_stand_1" },
				"west": { "uv": [ 0.500625, 7.000626, 5.999375, 11.99938 ], "texture": "#brewing_stand_4" },
				"east": { "uv": [ 0.000625, 0.000624657, 15.99938, 15.99938 ], "texture": "#brewing_stand_1" }
			}
		},
		{
			"__comment": "Element",
			"from": [ -0.9998, 0.9999, -0.4991 ],
			"to": [ -0.4998, 1.9999, 16.50091 ],
			"faces": {
				"down": { "uv": [ 15.99938, 15.99938, 0.000624657, 16 ], "texture": "#brewing_stand_1", "rotation": 270 },
				"up": { "uv": [ 0.000625, 15.49938, 15.99938, 14.50062 ], "texture": "#brewing_stand_1", "rotation": 90 },
				"west": { "uv": [ 0.000625, 14.00062, 15.99938, 14.99938 ], "texture": "#brewing_stand_1" },
				"east": { "uv": [ 0.000625, 14.00062, 15.99938, 14.99938 ], "texture": "#brewing_stand_1" }
			}
		},
		{
			"__comment": "Element",
			"from": [ 16.5003, 0.9994, -0.5004 ],
			"to": [ 17.0003, 1.9994, 16.4996 ],
			"faces": {
				"down": { "uv": [ 15.99938, 0, 0.000624657, 0.000624657 ], "texture": "#brewing_stand_1", "rotation": 270 },
				"up": { "uv": [ 0.000625, 14.50062, 15.99938, 15.49938 ], "texture": "#brewing_stand_1", "rotation": 90 },
				"west": { "uv": [ 0.000625, 14.00062, 15.99938, 14.99938 ], "texture": "#brewing_stand_1" },
				"east": { "uv": [ 0.000625, 14.00062, 15.99938, 14.99938 ], "texture": "#brewing_stand_1" }
			}
		},
		{
			"__comment": "Element",
			"from": [ -0.9999, 0.9992, 16.4992 ],
			"to": [ 17.0001, 1.9992, 16.9992 ],
			"faces": {
				"down": { "uv": [ 0, 15.99938, 0.000625, 0.000624657 ], "texture": "#brewing_stand_1", "rotation": 270 },
				"up": { "uv": [ 0.000625, 14.00062, 15.99938, 14.99938 ], "texture": "#brewing_stand_1", "rotation": 180 },
				"north": { "uv": [ 0.000625, 14.00062, 15.99938, 14.99938 ], "texture": "#brewing_stand_1" },
				"south": { "uv": [ 0.000625, 14.00062, 15.99938, 14.99938 ], "texture": "#brewing_stand_1" },
				"west": { "uv": [ 15.99938, 14.00062, 16, 14.99938 ], "texture": "#brewing_stand_1" },
				"east": { "uv": [ 0, 14.00062, 0.000625, 14.99938 ], "texture": "#brewing_stand_1" }
			}
		},
		{
			"__comment": "Element",
			"from": [ -0.9992, 1.0006, -0.9993 ],
			"to": [ 17.0008, 2.0006, -0.4993 ],
			"faces": {
				"down": { "uv": [ 15.99938, 15.99938, 16, 0.000624657 ], "texture": "#brewing_stand_1", "rotation": 270 },
				"up": { "uv": [ 0.000625, 14.50062, 15.99938, 15.49938 ], "texture": "#brewing_stand_1", "rotation": 180 },
				"north": { "uv": [ 0.000625, 14.00062, 15.99938, 14.99938 ], "texture": "#brewing_stand_1" },
				"south": { "uv": [ 0.000625, 14.00062, 15.99938, 14.99938 ], "texture": "#brewing_stand_1" },
				"west": { "uv": [ 0, 14.00062, 0.000625, 14.99938 ], "texture": "#brewing_stand_1" },
				"east": { "uv": [ 15.99938, 14.00062, 16, 14.99938 ], "texture": "#brewing_stand_1" }
			}
		},
		{
			"__comment": "Element",
			"from": [ -0.4993, -0.0001, -0.4993 ],
			"to": [ 16.5007, 0.9999, 16.5007 ],
			"faces": {
				"down": { "uv": [ 15.99938, 15.99938, 0.000624657, 0.000624657 ], "texture": "#brewing_stand_1", "rotation": 270 },
				"up": { "uv": [ 0.000625, 0.000624657, 15.99938, 15.99938 ], "texture": "#brewing_stand_1", "rotation": 90 },
				"north": { "uv": [ 0.000625, 15.00062, 15.99938, 15.99938 ], "texture": "#brewing_stand_1" },
				"south": { "uv": [ 0.000625, 15.00062, 15.99938, 15.99938 ], "texture": "#brewing_stand_1" },
				"west": { "uv": [ 0.000625, 15.00062, 15.99938, 15.99938 ], "texture": "#brewing_stand_1" },
				"east": { "uv": [ 0.000625, 15.00062, 15.99938, 15.99938 ], "texture": "#brewing_stand_1" }
			}
		},
		{
			"__comment": "Element",
			"from": [ 1, 5.9997, 0.0006 ],
			"to": [ 4, 6.4997, 1.0006 ],
			"faces": {
				"down": { "uv": [ 0.000625, 0.000624657, 15.99938, 15.99938 ], "texture": "#brewing_stand_1", "rotation": 270 },
				"up": { "uv": [ 0.000625, 0.000624657, 15.99938, 15.99938 ], "texture": "#brewing_stand_1", "rotation": 90 },
				"north": { "uv": [ 0.000625, 0.000624657, 15.99938, 15.99938 ], "texture": "#brewing_stand_1", "cullface": "north" },
				"south": { "uv": [ 0.000625, 0.000624657, 15.99938, 15.99938 ], "texture": "#brewing_stand_1" }
			}
		},
		{
			"__comment": "Element",
			"from": [ 0.9995, 5.9998, 4.0008 ],
			"to": [ 3.9995, 6.4998, 5.0008 ],
			"faces": {
				"down": { "uv": [ 0.000625, 0.000624657, 15.99938, 15.99938 ], "texture": "#brewing_stand_1", "rotation": 270 },
				"up": { "uv": [ 0.000625, 0.000624657, 15.99938, 15.99938 ], "texture": "#brewing_stand_1", "rotation": 90 },
				"north": { "uv": [ 0.000625, 0.000624657, 15.99938, 15.99938 ], "texture": "#brewing_stand_1" },
				"south": { "uv": [ 0.000625, 0.000624657, 15.99938, 15.99938 ], "texture": "#brewing_stand_1" }
			}
		},
		{
			"__comment": "Element",
			"from": [ 0.9999, 5.9994, 10.9998 ],
			"to": [ 3.9999, 6.4994, 11.9998 ],
			"faces": {
				"down": { "uv": [ 0.000625, 0.000624657, 15.99938, 15.99938 ], "texture": "#brewing_stand_1", "rotation": 270 },
				"up": { "uv": [ 0.000625, 0.000624657, 15.99938, 15.99938 ], "texture": "#brewing_stand_1", "rotation": 90 },
				"north": { "uv": [ 0.000625, 0.000624657, 15.99938, 15.99938 ], "texture": "#brewing_stand_1" },
				"south": { "uv": [ 0.000625, 0.000624657, 15.99938, 15.99938 ], "texture": "#brewing_stand_1" }
			}
		},
		{
			"__comment": "Element",
			"from": [ 1.0002, 6.0007, 14.9992 ],
			"to": [ 4.0002, 6.5007, 15.9992 ],
			"faces": {
				"down": { "uv": [ 0.000625, 0.000624657, 15.99938, 15.99938 ], "texture": "#brewing_stand_1", "rotation": 270 },
				"up": { "uv": [ 0.000625, 0.000624657, 15.99938, 15.99938 ], "texture": "#brewing_stand_1", "rotation": 90 },
				"north": { "uv": [ 0.000625, 0.000624657, 15.99938, 15.99938 ], "texture": "#brewing_stand_1" },
				"south": { "uv": [ 0.000625, 0.000624657, 15.99938, 15.99938 ], "texture": "#brewing_stand_1", "cullface": "south" }
			}
		},
		{
			"__comment": "Element",
			"from": [ 12.0005, 5.9999, 9.5008 ],
			"to": [ 15.0005, 6.4999, 10.5008 ],
			"faces": {
				"down": { "uv": [ 0.000625, 0.000624657, 15.99938, 15.99938 ], "texture": "#brewing_stand_1", "rotation": 270 },
				"up": { "uv": [ 0.000625, 0.000624657, 15.99938, 15.99938 ], "texture": "#brewing_stand_1", "rotation": 90 },
				"north": { "uv": [ 0.000625, 0.000624657, 15.99938, 15.99938 ], "texture": "#brewing_stand_1" },
				"south": { "uv": [ 0.000625, 0.000624657, 15.99938, 15.99938 ], "texture": "#brewing_stand_1" }
			}
		},
		{
			"__comment": "Element",
			"from": [ 11.9995, 5.9999, 5.5002 ],
			"to": [ 14.9995, 6.4999, 6.5002 ],
			"faces": {
				"down": { "uv": [ 0.000625, 0.000624657, 15.99938, 15.99938 ], "texture": "#brewing_stand_1", "rotation": 270 },
				"up": { "uv": [ 0.000625, 0.000624657, 15.99938, 15.99938 ], "texture": "#brewing_stand_1", "rotation": 90 },
				"north": { "uv": [ 0.000625, 0.000624657, 15.99938, 15.99938 ], "texture": "#brewing_stand_1" },
				"south": { "uv": [ 0.000625, 0.000624657, 15.99938, 15.99938 ], "texture": "#brewing_stand_1" }
			}
		},
		{
			"__comment": "Element",
			"from": [ 11.0004, 6.0006, 5.4998 ],
			"to": [ 12.0004, 6.5006, 10.4998 ],
			"faces": {
				"down": { "uv": [ 0.000625, 0.000624657, 15.99938, 15.99938 ], "texture": "#brewing_stand_1", "rotation": 270 },
				"up": { "uv": [ 0.000625, 0.000624657, 15.99938, 15.99938 ], "texture": "#brewing_stand_1", "rotation": 90 },
				"north": { "uv": [ 0.000625, 0.000624657, 15.99938, 15.99938 ], "texture": "#brewing_stand_1" },
				"south": { "uv": [ 0.000625, 0.000624657, 15.99938, 15.99938 ], "texture": "#brewing_stand_1" },
				"west": { "uv": [ 0.000625, 0.000624657, 15.99938, 15.99938 ], "texture": "#brewing_stand_1" },
				"east": { "uv": [ 0.000625, 0.000624657, 15.99938, 15.99938 ], "texture": "#brewing_stand_1" }
			}
		},
		{
			"__comment": "Element",
			"from": [ 15.0007, 6.0008, 5.5006 ],
			"to": [ 16.0007, 6.5008, 10.5006 ],
			"faces": {
				"down": { "uv": [ 0.000625, 0.000624657, 15.99938, 15.99938 ], "texture": "#brewing_stand_1", "rotation": 270 },
				"up": { "uv": [ 0.000625, 0.000624657, 15.99938, 15.99938 ], "texture": "#brewing_stand_1", "rotation": 90 },
				"north": { "uv": [ 0.000625, 0.000624657, 15.99938, 15.99938 ], "texture": "#brewing_stand_1" },
				"south": { "uv": [ 0.000625, 0.000624657, 15.99938, 15.99938 ], "texture": "#brewing_stand_1" },
				"west": { "uv": [ 0.000625, 0.000624657, 15.99938, 15.99938 ], "texture": "#brewing_stand_1" },
				"east": { "uv": [ 0.000625, 0.000624657, 15.99938, 15.99938 ], "texture": "#brewing_stand_1", "cullface": "east" }
			}
		},
		{
			"__comment": "Element",
			"from": [ 3.999, 6.0009, 10.9993 ],
			"to": [ 4.999, 6.5009, 15.9993 ],
			"faces": {
				"down": { "uv": [ 0.000625, 0.000624657, 15.99938, 15.99938 ], "texture": "#brewing_stand_1", "rotation": 270 },
				"up": { "uv": [ 0.000625, 0.000624657, 15.99938, 15.99938 ], "texture": "#brewing_stand_1", "rotation": 90 },
				"north": { "uv": [ 0.000625, 0.000624657, 15.99938, 15.99938 ], "texture": "#brewing_stand_1" },
				"south": { "uv": [ 0.000625, 0.000624657, 15.99938, 15.99938 ], "texture": "#brewing_stand_1", "cullface": "south" },
				"west": { "uv": [ 0.000625, 0.000624657, 15.99938, 15.99938 ], "texture": "#brewing_stand_1" },
				"east": { "uv": [ 0.000625, 0.000624657, 15.99938, 15.99938 ], "texture": "#brewing_stand_1" }
			}
		},
		{
			"__comment": "Element",
			"from": [ -0.0001, 5.9995, 10.9997 ],
			"to": [ 0.9999, 6.4995, 15.9997 ],
			"faces": {
				"down": { "uv": [ 0.000625, 0.000624657, 15.99938, 15.99938 ], "texture": "#brewing_stand_1", "rotation": 270 },
				"up": { "uv": [ 0.000625, 0.000624657, 15.99938, 15.99938 ], "texture": "#brewing_stand_1", "rotation": 90 },
				"north": { "uv": [ 0.000625, 0.000624657, 15.99938, 15.99938 ], "texture": "#brewing_stand_1" },
				"south": { "uv": [ 0.000625, 0.000624657, 15.99938, 15.99938 ], "texture": "#brewing_stand_1", "cullface": "south" },
				"west": { "uv": [ 0.000625, 0.000624657, 15.99938, 15.99938 ], "texture": "#brewing_stand_1", "cullface": "west" },
				"east": { "uv": [ 0.000625, 0.000624657, 15.99938, 15.99938 ], "texture": "#brewing_stand_1" }
			}
		},
		{
			"__comment": "Element",
			"from": [ 0.0007, 5.9992, -0.0005 ],
			"to": [ 1.0007, 6.4992, 4.999499 ],
			"faces": {
				"down": { "uv": [ 0.000625, 0.000624657, 15.99938, 15.99938 ], "texture": "#brewing_stand_1", "rotation": 270 },
				"up": { "uv": [ 0.000625, 0.000624657, 15.99938, 15.99938 ], "texture": "#brewing_stand_1", "rotation": 90 },
				"north": { "uv": [ 0.000625, 0.000624657, 15.99938, 15.99938 ], "texture": "#brewing_stand_1", "cullface": "north" },
				"south": { "uv": [ 0.000625, 0.000624657, 15.99938, 15.99938 ], "texture": "#brewing_stand_1" },
				"west": { "uv": [ 0.000625, 0.000624657, 15.99938, 15.99938 ], "texture": "#brewing_stand_1", "cullface": "west" },
				"east": { "uv": [ 0.000625, 0.000624657, 15.99938, 15.99938 ], "texture": "#brewing_stand_1" }
			}
		},
		{
			"__comment": "Element",
			"from": [ 4.0008, 6.0007, 0.0001 ],
			"to": [ 5.0008, 6.5007, 5.0001 ],
			"faces": {
				"down": { "uv": [ 0.000625, 0.000624657, 15.99938, 15.99938 ], "texture": "#brewing_stand_1", "rotation": 270 },
				"up": { "uv": [ 0.000625, 0.000624657, 15.99938, 15.99938 ], "texture": "#brewing_stand_1", "rotation": 90 },
				"north": { "uv": [ 0.000625, 0.000624657, 15.99938, 15.99938 ], "texture": "#brewing_stand_1", "cullface": "north" },
				"south": { "uv": [ 0.000625, 0.000624657, 15.99938, 15.99938 ], "texture": "#brewing_stand_1" },
				"west": { "uv": [ 0.000625, 0.000624657, 15.99938, 15.99938 ], "texture": "#brewing_stand_1" },
				"east": { "uv": [ 0.000625, 0.000624657, 15.99938, 15.99938 ], "texture": "#brewing_stand_1" }
			}
		},
		{
			"__comment": "Element",
			"from": [ 15.4999, 1.5008, 10.0004 ],
			"to": [ 15.9999, 6.0008, 10.5004 ],
			"faces": {
				"north": { "uv": [ 0.000625, 0.000624657, 15.99938, 15.99938 ], "texture": "#brewing_stand_1" },
				"south": { "uv": [ 0.000625, 0.000624657, 15.99938, 15.99938 ], "texture": "#brewing_stand_1" },
				"west": { "uv": [ 0.000625, 0.000624657, 15.99938, 15.99938 ], "texture": "#brewing_stand_1" },
				"east": { "uv": [ 0.000625, 0.000624657, 15.99938, 15.99938 ], "texture": "#brewing_stand_1", "cullface": "east" }
			}
		},
		{
			"__comment": "Element",
			"from": [ 10.9991, 1.4997, 9.9992 ],
			"to": [ 11.4991, 5.9997, 10.4992 ],
			"faces": {
				"north": { "uv": [ 0.000625, 0.000624657, 15.99938, 15.99938 ], "texture": "#brewing_stand_1" },
				"south": { "uv": [ 0.000625, 0.000624657, 15.99938, 15.99938 ], "texture": "#brewing_stand_1" },
				"west": { "uv": [ 0.000625, 0.000624657, 15.99938, 15.99938 ], "texture": "#brewing_stand_1" },
				"east": { "uv": [ 0.000625, 0.000624657, 15.99938, 15.99938 ], "texture": "#brewing_stand_1" }
			}
		},
		{
			"__comment": "Element",
			"from": [ 11.0008, 1.4992, 5.5007 ],
			"to": [ 11.5008, 5.9992, 6.0007 ],
			"faces": {
				"north": { "uv": [ 0.000625, 0.000624657, 15.99938, 15.99938 ], "texture": "#brewing_stand_1" },
				"south": { "uv": [ 0.000625, 0.000624657, 15.99938, 15.99938 ], "texture": "#brewing_stand_1" },
				"west": { "uv": [ 0.000625, 0.000624657, 15.99938, 15.99938 ], "texture": "#brewing_stand_1" },
				"east": { "uv": [ 0.000625, 0.000624657, 15.99938, 15.99938 ], "texture": "#brewing_stand_1" }
			}
		},
		{
			"__comment": "Element",
			"from": [ 15.5, 1.4998, 5.5005 ],
			"to": [ 16, 5.9998, 6.0005 ],
			"faces": {
				"north": { "uv": [ 0.000625, 0.000624657, 15.99938, 15.99938 ], "texture": "#brewing_stand_1" },
				"south": { "uv": [ 0.000625, 0.000624657, 15.99938, 15.99938 ], "texture": "#brewing_stand_1" },
				"west": { "uv": [ 0.000625, 0.000624657, 15.99938, 15.99938 ], "texture": "#brewing_stand_1" },
				"east": { "uv": [ 0.000625, 0.000624657, 15.99938, 15.99938 ], "texture": "#brewing_stand_1", "cullface": "east" }
			}
		},
		{
			"__comment": "Element",
			"from": [ 4.4993, 1.4999, 15.5004 ],
			"to": [ 4.9993, 5.9999, 16.0004 ],
			"faces": {
				"north": { "uv": [ 0.000625, 0.000624657, 15.99938, 15.99938 ], "texture": "#brewing_stand_1" },
				"south": { "uv": [ 0.000625, 0.000624657, 15.99938, 15.99938 ], "texture": "#brewing_stand_1", "cullface": "south" },
				"west": { "uv": [ 0.000625, 0.000624657, 15.99938, 15.99938 ], "texture": "#brewing_stand_1" },
				"east": { "uv": [ 0.000625, 0.000624657, 15.99938, 15.99938 ], "texture": "#brewing_stand_1" }
			}
		},
		{
			"__comment": "Element",
			"from": [ 0, 1.4998, 15.5007 ],
			"to": [ 0.5, 5.9998, 16.0007 ],
			"faces": {
				"north": { "uv": [ 0.000625, 0.000624657, 15.99938, 15.99938 ], "texture": "#brewing_stand_1" },
				"south": { "uv": [ 0.000625, 0.000624657, 15.99938, 15.99938 ], "texture": "#brewing_stand_1", "cullface": "south" },
				"west": { "uv": [ 0.000625, 0.000624657, 15.99938, 15.99938 ], "texture": "#brewing_stand_1", "cullface": "west" },
				"east": { "uv": [ 0.000625, 0.000624657, 15.99938, 15.99938 ], "texture": "#brewing_stand_1" }
			}
		},
		{
			"__comment": "Element",
			"from": [ 0.0009, 1.5005, 10.9996 ],
			"to": [ 0.5009, 6.0005, 11.4996 ],
			"faces": {
				"north": { "uv": [ 0.000625, 0.000624657, 15.99938, 15.99938 ], "texture": "#brewing_stand_1" },
				"south": { "uv": [ 0.000625, 0.000624657, 15.99938, 15.99938 ], "texture": "#brewing_stand_1" },
				"west": { "uv": [ 0.000625, 0.000624657, 15.99938, 15.99938 ], "texture": "#brewing_stand_1", "cullface": "west" },
				"east": { "uv": [ 0.000625, 0.000624657, 15.99938, 15.99938 ], "texture": "#brewing_stand_1" }
			}
		},
		{
			"__comment": "Element",
			"from": [ 4.4999, 1.5008, 11.001 ],
			"to": [ 4.9999, 6.000799, 11.501 ],
			"faces": {
				"north": { "uv": [ 0.000625, 0.000624657, 15.99938, 15.99938 ], "texture": "#brewing_stand_1" },
				"south": { "uv": [ 0.000625, 0.000624657, 15.99938, 15.99938 ], "texture": "#brewing_stand_1" },
				"west": { "uv": [ 0.000625, 0.000624657, 15.99938, 15.99938 ], "texture": "#brewing_stand_1" },
				"east": { "uv": [ 0.000625, 0.000624657, 15.99938, 15.99938 ], "texture": "#brewing_stand_1" }
			}
		},
		{
			"__comment": "Element",
			"from": [ 4.4993, 1.4997, 4.5003 ],
			"to": [ 4.9993, 5.9997, 5.0003 ],
			"faces": {
				"north": { "uv": [ 0.000625, 0.000624657, 15.99938, 15.99938 ], "texture": "#brewing_stand_1" },
				"south": { "uv": [ 0.000625, 0.000624657, 15.99938, 15.99938 ], "texture": "#brewing_stand_1" },
				"west": { "uv": [ 0.000625, 0.000624657, 15.99938, 15.99938 ], "texture": "#brewing_stand_1" },
				"east": { "uv": [ 0.000625, 0.000624657, 15.99938, 15.99938 ], "texture": "#brewing_stand_1" }
			}
		},
		{
			"__comment": "Element",
			"from": [ -0.0001, 1.5, 4.4994 ],
			"to": [ 0.4999, 6, 4.9994 ],
			"faces": {
				"north": { "uv": [ 0.000625, 0.000624657, 15.99938, 15.99938 ], "texture": "#brewing_stand_1" },
				"south": { "uv": [ 0.000625, 0.000624657, 15.99938, 15.99938 ], "texture": "#brewing_stand_1" },
				"west": { "uv": [ 0.000625, 0.000624657, 15.99938, 15.99938 ], "texture": "#brewing_stand_1", "cullface": "west" },
				"east": { "uv": [ 0.000625, 0.000624657, 15.99938, 15.99938 ], "texture": "#brewing_stand_1" }
			}
		},
		{
			"__comment": "Element",
			"from": [ -0.0009, 1.5, 0.0007 ],
			"to": [ 0.4991, 6, 0.5007001 ],
			"faces": {
				"north": { "uv": [ 0.000625, 0.000624657, 15.99938, 15.99938 ], "texture": "#brewing_stand_1", "cullface": "north" },
				"south": { "uv": [ 0.000625, 0.000624657, 15.99938, 15.99938 ], "texture": "#brewing_stand_1" },
				"west": { "uv": [ 0.000625, 0.000624657, 15.99938, 15.99938 ], "texture": "#brewing_stand_1", "cullface": "west" },
				"east": { "uv": [ 0.000625, 0.000624657, 15.99938, 15.99938 ], "texture": "#brewing_stand_1" }
			}
		},
		{
			"__comment": "Element",
			"from": [ 4.5007, 1.5, 0.0007 ],
			"to": [ 5.0007, 6, 0.5007 ],
			"faces": {
				"north": { "uv": [ 0.000625, 0.000624657, 15.99938, 15.99938 ], "texture": "#brewing_stand_1", "cullface": "north" },
				"south": { "uv": [ 0.000625, 0.000624657, 15.99938, 15.99938 ], "texture": "#brewing_stand_1" },
				"west": { "uv": [ 0.000625, 0.000624657, 15.99938, 15.99938 ], "texture": "#brewing_stand_1" },
				"east": { "uv": [ 0.000625, 0.000624657, 15.99938, 15.99938 ], "texture": "#brewing_stand_1" }
			}
		},
		{
			"__comment": "Element",
			"from": [ 9.0008, 6.4997, 7.7496 ],
			"to": [ 10.0008, 6.9997, 8.249601 ],
			"faces": {
				"down": { "uv": [ 0.000625, 0.000624657, 15.99938, 15.99938 ], "texture": "#brewing_stand_1", "rotation": 270 },
				"up": { "uv": [ 0.000625, 0.000624657, 15.99938, 15.99938 ], "texture": "#brewing_stand_1", "rotation": 90 },
				"north": { "uv": [ 0.000625, 0.000624657, 15.99938, 15.99938 ], "texture": "#brewing_stand_1" },
				"south": { "uv": [ 0.000625, 0.000624657, 15.99938, 15.99938 ], "texture": "#brewing_stand_1" },
				"east": { "uv": [ 0.000625, 0.000624657, 15.99938, 15.99938 ], "texture": "#brewing_stand_1" }
			}
		},
		{
			"__comment": "Element",
			"from": [ 9.5005, 7.0001, 7.7502 ],
			"to": [ 10.0005, 8.000099, 8.250199 ],
			"faces": {
				"north": { "uv": [ 0.000625, 0.000624657, 15.99938, 15.99938 ], "texture": "#brewing_stand_1" },
				"south": { "uv": [ 0.000625, 0.000624657, 15.99938, 15.99938 ], "texture": "#brewing_stand_1" },
				"west": { "uv": [ 0.000625, 0.000624657, 15.99938, 15.99938 ], "texture": "#brewing_stand_1" },
				"east": { "uv": [ 0.000625, 0.000624657, 15.99938, 15.99938 ], "texture": "#brewing_stand_1" }
			}
		},
		{
			"__comment": "Element",
			"from": [ 9.0005, 7.9994, 6.4997 ],
			"to": [ 10.5005, 10.9994, 9.499701 ],
			"faces": {
				"down": { "uv": [ 0.000625, 0.000624657, 15.99938, 15.99938 ], "texture": "#brewing_stand_1", "rotation": 270 },
				"up": { "uv": [ 0.000625, 0.000624657, 15.99938, 15.99938 ], "texture": "#brewing_stand_1", "rotation": 90 },
				"north": { "uv": [ 0.000625, 0.000624657, 15.99938, 15.99938 ], "texture": "#brewing_stand_1" },
				"south": { "uv": [ 0.000625, 0.000624657, 15.99938, 15.99938 ], "texture": "#brewing_stand_1" },
				"west": { "uv": [ 0.000625, 0.000624657, 15.99938, 15.99938 ], "texture": "#brewing_stand_1" },
				"east": { "uv": [ 0.500625, 7.000626, 5.999375, 11.99938 ], "texture": "#brewing_stand_4" }
			}
		},
		{
			"__comment": "Element",
			"from": [ 1.9997, 17.999, 9.0005 ],
			"to": [ 2.9997, 18.999, 12.5005 ],
			"faces": {
				"down": { "uv": [ 0.000625, 0.000624657, 15.99938, 15.99938 ], "texture": "#brewing_stand_6", "cullface": "up", "rotation": 270 },
				"up": { "uv": [ 0.000625, 0.000624657, 15.99938, 15.99938 ], "texture": "#brewing_stand_6", "cullface": "up", "rotation": 90 },
				"west": { "uv": [ 0.000625, 0.000624657, 15.99938, 15.99938 ], "texture": "#brewing_stand_6", "cullface": "up" },
				"east": { "uv": [ 0.000625, 0.000624657, 15.99938, 15.99938 ], "texture": "#brewing_stand_6", "cullface": "up" }
			}
		},
		{
			"__comment": "Element",
			"from": [ 2.0009, 18, 3.4992 ],
			"to": [ 3.0009, 19, 6.999201 ],
			"faces": {
				"down": { "uv": [ 0.000625, 0.000624657, 15.99938, 15.99938 ], "texture": "#brewing_stand_6", "cullface": "up", "rotation": 270 },
				"up": { "uv": [ 0.000625, 0.000624657, 15.99938, 15.99938 ], "texture": "#brewing_stand_6", "cullface": "up", "rotation": 90 },
				"west": { "uv": [ 0.000625, 0.000624657, 15.99938, 15.99938 ], "texture": "#brewing_stand_6", "cullface": "up" },
				"east": { "uv": [ 0.000625, 0.000624657, 15.99938, 15.99938 ], "texture": "#brewing_stand_6", "cullface": "up" }
			}
		},
		{
			"__comment": "Element",
			"from": [ 1.5005, 17.5004, 7.0008 ],
			"to": [ 3.5005, 19.5004, 9.0008 ],
			"faces": {
				"down": { "uv": [ 0.000625, 0.000624657, 15.99938, 15.99938 ], "texture": "#brewing_stand_1", "cullface": "up", "rotation": 270 },
				"up": { "uv": [ 0.000625, 0.000624657, 15.99938, 15.99938 ], "texture": "#brewing_stand_1", "cullface": "up", "rotation": 90 },
				"north": { "uv": [ 0.000625, 0.000624657, 15.99938, 15.99938 ], "texture": "#brewing_stand_1", "cullface": "up" },
				"south": { "uv": [ 0.000625, 0.000624657, 15.99938, 15.99938 ], "texture": "#brewing_stand_1", "cullface": "up" },
				"west": { "uv": [ 0.000625, 0.000624657, 15.99938, 15.99938 ], "texture": "#brewing_stand_1", "cullface": "up" },
				"east": { "uv": [ 0.000625, 0.000624657, 15.99938, 15.99938 ], "texture": "#brewing_stand_1", "cullface": "up" }
			}
		},
		{
			"__comment": "Element",
			"from": [ 3.5005, 18.0009, 7.4993 ],
			"to": [ 6.5005, 19.0009, 8.4993 ],
			"faces": {
				"down": { "uv": [ 0.000625, 0.000624657, 15.99938, 15.99938 ], "texture": "#brewing_stand_5", "cullface": "up", "rotation": 270 },
				"up": { "uv": [ 0.000625, 0.000624657, 15.99938, 15.99938 ], "texture": "#brewing_stand_5", "cullface": "up", "rotation": 90 },
				"north": { "uv": [ 0.000625, 0.000624657, 15.99938, 15.99938 ], "texture": "#brewing_stand_6", "cullface": "up" },
				"south": { "uv": [ 0.000625, 0.000624657, 15.99938, 15.99938 ], "texture": "#brewing_stand_6", "cullface": "up" }
			}
		},
		{
			"__comment": "Element",
			"from": [ 2.0004, 14.4993, 12.9992 ],
			"to": [ 3.0004, 17.4993, 13.9992 ],
			"faces": {
				"down": { "uv": [ 0.000625, 0.000624657, 15.99938, 15.99938 ], "texture": "#brewing_stand_5", "cullface": "up", "rotation": 270 },
				"north": { "uv": [ 0.000625, 0.000624657, 15.99938, 15.99938 ], "texture": "#brewing_stand_5", "cullface": "up" },
				"south": { "uv": [ 0.000625, 0.000624657, 15.99938, 15.99938 ], "texture": "#brewing_stand_5", "cullface": "up" },
				"west": { "uv": [ 0.000625, 0.000624657, 15.99938, 15.99938 ], "texture": "#brewing_stand_5", "cullface": "up" },
				"east": { "uv": [ 0.000625, 0.000624657, 15.99938, 15.99938 ], "texture": "#brewing_stand_5", "cullface": "up" }
			}
		},
		{
			"__comment": "Element",
			"from": [ 1.9998, 14.4997, 1.9992 ],
			"to": [ 2.9998, 17.4997, 2.9992 ],
			"faces": {
				"down": { "uv": [ 0.000625, 0.000624657, 15.99938, 15.99938 ], "texture": "#brewing_stand_5", "cullface": "up", "rotation": 270 },
				"north": { "uv": [ 0.000625, 0.000624657, 15.99938, 15.99938 ], "texture": "#brewing_stand_5", "cullface": "up" },
				"south": { "uv": [ 0.000625, 0.000624657, 15.99938, 15.99938 ], "texture": "#brewing_stand_5", "cullface": "up" },
				"west": { "uv": [ 0.000625, 0.000624657, 15.99938, 15.99938 ], "texture": "#brewing_stand_5", "cullface": "up" },
				"east": { "uv": [ 0.000625, 0.000624657, 15.99938, 15.99938 ], "texture": "#brewing_stand_5", "cullface": "up" }
			}
		},
		{
			"__comment": "Element",
			"from": [ 1.4998, 17.5, 12.5001 ],
			"to": [ 3.4998, 19.5, 14.5001 ],
			"faces": {
				"down": { "uv": [ 0.000625, 0.000624657, 15.99938, 15.99938 ], "texture": "#brewing_stand_1", "cullface": "up", "rotation": 270 },
				"up": { "uv": [ 0.000625, 0.000624657, 15.99938, 15.99938 ], "texture": "#brewing_stand_1", "cullface": "up", "rotation": 90 },
				"north": { "uv": [ 0.000625, 0.000624657, 15.99938, 15.99938 ], "texture": "#brewing_stand_1", "cullface": "up" },
				"south": { "uv": [ 0.000625, 0.000624657, 15.99938, 15.99938 ], "texture": "#brewing_stand_1", "cullface": "up" },
				"west": { "uv": [ 0.000625, 0.000624657, 15.99938, 15.99938 ], "texture": "#brewing_stand_1", "cullface": "up" },
				"east": { "uv": [ 0.000625, 0.000624657, 15.99938, 15.99938 ], "texture": "#brewing_stand_1", "cullface": "up" }
			}
		},
		{
			"__comment": "Element",
			"from": [ 1.4999, 17.5002, 1.5 ],
			"to": [ 3.4999, 19.5002, 3.5 ],
			"faces": {
				"down": { "uv": [ 0.000625, 0.000624657, 15.99938, 15.99938 ], "texture": "#brewing_stand_1", "cullface": "up", "rotation": 270 },
				"up": { "uv": [ 0.000625, 0.000624657, 15.99938, 15.99938 ], "texture": "#brewing_stand_1", "cullface": "up", "rotation": 90 },
				"north": { "uv": [ 0.000625, 0.000624657, 15.99938, 15.99938 ], "texture": "#brewing_stand_1", "cullface": "up" },
				"south": { "uv": [ 0.000625, 0.000624657, 15.99938, 15.99938 ], "texture": "#brewing_stand_1", "cullface": "up" },
				"west": { "uv": [ 0.000625, 0.000624657, 15.99938, 15.99938 ], "texture": "#brewing_stand_1", "cullface": "up" },
				"east": { "uv": [ 0.000625, 0.000624657, 15.99938, 15.99938 ], "texture": "#brewing_stand_1", "cullface": "up" }
			}
		},
		{
			"__comment": "Element",
			"from": [ 12.9991, 14.5002, 7.4991 ],
			"to": [ 13.9991, 17.5002, 8.4991 ],
			"faces": {
				"down": { "uv": [ 0.000625, 0.000624657, 15.99938, 15.99938 ], "texture": "#brewing_stand_5", "cullface": "up", "rotation": 270 },
				"north": { "uv": [ 0.000625, 0.000624657, 15.99938, 15.99938 ], "texture": "#brewing_stand_5", "cullface": "up" },
				"south": { "uv": [ 0.000625, 0.000624657, 15.99938, 15.99938 ], "texture": "#brewing_stand_5", "cullface": "up" },
				"west": { "uv": [ 0.000625, 0.000624657, 15.99938, 15.99938 ], "texture": "#brewing_stand_5", "cullface": "up" },
				"east": { "uv": [ 0.000625, 0.000624657, 15.99938, 15.99938 ], "texture": "#brewing_stand_5", "cullface": "up" }
			}
		},
		{
			"__comment": "Element",
			"from": [ 12.5007, 17.5008, 7.0009 ],
			"to": [ 14.5007, 19.5008, 9.000899 ],
			"faces": {
				"down": { "uv": [ 0.000625, 0.000624657, 15.99938, 15.99938 ], "texture": "#brewing_stand_1", "cullface": "up", "rotation": 270 },
				"up": { "uv": [ 0.000625, 0.000624657, 15.99938, 15.99938 ], "texture": "#brewing_stand_1", "cullface": "up", "rotation": 90 },
				"north": { "uv": [ 0.000625, 0.000624657, 15.99938, 15.99938 ], "texture": "#brewing_stand_1", "cullface": "up" },
				"south": { "uv": [ 0.000625, 0.000624657, 15.99938, 15.99938 ], "texture": "#brewing_stand_1", "cullface": "up" },
				"west": { "uv": [ 0.000625, 0.000624657, 15.99938, 15.99938 ], "texture": "#brewing_stand_1", "cullface": "up" },
				"east": { "uv": [ 0.000625, 0.000624657, 15.99938, 15.99938 ], "texture": "#brewing_stand_1", "cullface": "up" }
			}
		},
		{
			"__comment": "Element",
			"from": [ 6.4991, 17.5007, 7.0007 ],
			"to": [ 9.4991, 19.5007, 9.0007 ],
			"faces": {
				"down": { "uv": [ 0.000625, 0.000624657, 15.99938, 15.99938 ], "texture": "#brewing_stand_1", "cullface": "up", "rotation": 270 },
				"up": { "uv": [ 0.000625, 0.000624657, 15.99938, 15.99938 ], "texture": "#brewing_stand_1", "cullface": "up", "rotation": 90 },
				"north": { "uv": [ 0.000625, 0.000624657, 15.99938, 15.99938 ], "texture": "#brewing_stand_1", "cullface": "up" },
				"south": { "uv": [ 0.000625, 0.000624657, 15.99938, 15.99938 ], "texture": "#brewing_stand_1", "cullface": "up" },
				"west": { "uv": [ 0.000625, 0.000624657, 15.99938, 15.99938 ], "texture": "#brewing_stand_1", "cullface": "up" },
				"east": { "uv": [ 0.000625, 0.000624657, 15.99938, 15.99938 ], "texture": "#brewing_stand_1", "cullface": "up" }
			}
		},
		{
			"__comment": "Element",
			"from": [ 9.5, 18.0004, 7.4997 ],
			"to": [ 12.5, 19.0004, 8.499699 ],
			"faces": {
				"down": { "uv": [ 0.000625, 0.000624657, 15.99938, 15.99938 ], "texture": "#brewing_stand_5", "cullface": "up", "rotation": 270 },
				"up": { "uv": [ 0.000625, 0.000624657, 15.99938, 15.99938 ], "texture": "#brewing_stand_5", "cullface": "up", "rotation": 90 },
				"north": { "uv": [ 0.000625, 0.000624657, 15.99938, 15.99938 ], "texture": "#brewing_stand_6", "cullface": "up" },
				"south": { "uv": [ 0.000625, 0.000624657, 15.99938, 15.99938 ], "texture": "#brewing_stand_6", "cullface": "up" }
			}
		},
		{
			"__comment": "Element",
			"from": [ 7.4998, 16.0001, 7.4995 ],
			"to": [ 8.4998, 17.5001, 8.499499 ],
			"faces": {
				"north": { "uv": [ 0.000625, 0.000624657, 15.99938, 15.99938 ], "texture": "#brewing_stand_5", "cullface": "up" },
				"south": { "uv": [ 0.000625, 0.000624657, 15.99938, 15.99938 ], "texture": "#brewing_stand_5", "cullface": "up" },
				"west": { "uv": [ 0.000625, 0.000624657, 15.99938, 15.99938 ], "texture": "#brewing_stand_5", "cullface": "up" },
				"east": { "uv": [ 0.000625, 0.000624657, 15.99938, 15.99938 ], "texture": "#brewing_stand_5", "cullface": "up" }
			}
		},
		{
			"__comment": "Element",
			"from": [ 13, 2.9994, 7.4991 ],
			"to": [ 14, 4.4994, 8.4991 ],
			"faces": {
				"up": { "uv": [ 0.000625, 0.000624657, 15.99938, 15.99938 ], "texture": "#brewing_stand_1", "rotation": 90 },
				"north": { "uv": [ 0.000625, 0.000624657, 15.99938, 15.99938 ], "texture": "#brewing_stand_1" },
				"south": { "uv": [ 0.000625, 0.000624657, 15.99938, 15.99938 ], "texture": "#brewing_stand_1" },
				"west": { "uv": [ 0.000625, 0.000624657, 15.99938, 15.99938 ], "texture": "#brewing_stand_1" },
				"east": { "uv": [ 0.000625, 0.000624657, 15.99938, 15.99938 ], "texture": "#brewing_stand_1" }
			}
		},
		{
			"__comment": "Element",
			"from": [ 2.0002, 2.9992, 12.9997 ],
			"to": [ 3.0002, 4.4992, 13.9997 ],
			"faces": {
				"up": { "uv": [ 0.000625, 0.000624657, 15.99938, 15.99938 ], "texture": "#brewing_stand_1", "rotation": 90 },
				"north": { "uv": [ 0.000625, 0.000624657, 15.99938, 15.99938 ], "texture": "#brewing_stand_1" },
				"south": { "uv": [ 0.000625, 0.000624657, 15.99938, 15.99938 ], "texture": "#brewing_stand_1" },
				"west": { "uv": [ 0.000625, 0.000624657, 15.99938, 15.99938 ], "texture": "#brewing_stand_1" },
				"east": { "uv": [ 0.000625, 0.000624657, 15.99938, 15.99938 ], "texture": "#brewing_stand_1" }
			}
		},
		{
			"__comment": "Element",
			"from": [ 2.0004, 3.0008, 2.0009 ],
			"to": [ 3.0004, 4.5008, 3.0009 ],
			"faces": {
				"up": { "uv": [ 0.000625, 0.000624657, 15.99938, 15.99938 ], "texture": "#brewing_stand_1", "rotation": 90 },
				"north": { "uv": [ 0.000625, 0.000624657, 15.99938, 15.99938 ], "texture": "#brewing_stand_1" },
				"south": { "uv": [ 0.000625, 0.000624657, 15.99938, 15.99938 ], "texture": "#brewing_stand_1" },
				"west": { "uv": [ 0.000625, 0.000624657, 15.99938, 15.99938 ], "texture": "#brewing_stand_1" },
				"east": { "uv": [ 0.000625, 0.000624657, 15.99938, 15.99938 ], "texture": "#brewing_stand_1" }
			}
		},
		{
			"__comment": "Element",
			"from": [ 1.4994, 1.9991, 12.5006 ],
			"to": [ 3.4994, 2.9991, 14.5006 ],
			"faces": {
				"up": { "uv": [ 0.000625, 0.000624657, 15.99938, 15.99938 ], "texture": "#brewing_stand_2", "rotation": 90 },
				"north": { "uv": [ 0.000625, 0.000624657, 15.99938, 15.99938 ], "texture": "#brewing_stand_2" },
				"south": { "uv": [ 0.000625, 0.000624657, 15.99938, 15.99938 ], "texture": "#brewing_stand_2" },
				"west": { "uv": [ 0.000625, 0.000624657, 15.99938, 15.99938 ], "texture": "#brewing_stand_2" },
				"east": { "uv": [ 0.000625, 0.000624657, 15.99938, 15.99938 ], "texture": "#brewing_stand_2" }
			}
		},
		{
			"__comment": "Element",
			"from": [ 12.4998, 1.9997, 6.9996 ],
			"to": [ 14.4998, 2.9997, 8.999599 ],
			"faces": {
				"up": { "uv": [ 0.000625, 0.000624657, 15.99938, 15.99938 ], "texture": "#brewing_stand_2", "rotation": 90 },
				"north": { "uv": [ 0.000625, 0.000624657, 15.99938, 15.99938 ], "texture": "#brewing_stand_2" },
				"south": { "uv": [ 0.000625, 0.000624657, 15.99938, 15.99938 ], "texture": "#brewing_stand_2" },
				"west": { "uv": [ 0.000625, 0.000624657, 15.99938, 15.99938 ], "texture": "#brewing_stand_2" },
				"east": { "uv": [ 0.000625, 0.000624657, 15.99938, 15.99938 ], "texture": "#brewing_stand_2" }
			}
		},
		{
			"__comment": "Element",
			"from": [ 1.4991, 1.9996, 1.501 ],
			"to": [ 3.4991, 2.9996, 3.501 ],
			"faces": {
				"up": { "uv": [ 0.000625, 0.000624657, 15.99938, 15.99938 ], "texture": "#brewing_stand_2", "rotation": 90 },
				"north": { "uv": [ 0.000625, 0.000624657, 15.99938, 15.99938 ], "texture": "#brewing_stand_2" },
				"south": { "uv": [ 0.000625, 0.000624657, 15.99938, 15.99938 ], "texture": "#brewing_stand_2" },
				"west": { "uv": [ 0.000625, 0.000624657, 15.99938, 15.99938 ], "texture": "#brewing_stand_2" },
				"east": { "uv": [ 0.000625, 0.000624657, 15.99938, 15.99938 ], "texture": "#brewing_stand_2" }
			}
		},
		{
			"__comment": "Element",
			"from": [ 1.0008, 1.4998, 11.9993 ],
			"to": [ 4.0008, 1.9998, 14.9993 ],
			"faces": {
				"up": { "uv": [ 0.000625, 0.000624657, 15.99938, 15.99938 ], "texture": "#brewing_stand_2", "rotation": 90 },
				"north": { "uv": [ 0.000625, 0.000624657, 15.99938, 15.99938 ], "texture": "#brewing_stand_2" },
				"south": { "uv": [ 0.000625, 0.000624657, 15.99938, 15.99938 ], "texture": "#brewing_stand_2" },
				"west": { "uv": [ 0.000625, 0.000624657, 15.99938, 15.99938 ], "texture": "#brewing_stand_2" },
				"east": { "uv": [ 0.000625, 0.000624657, 15.99938, 15.99938 ], "texture": "#brewing_stand_2" }
			}
		},
		{
			"__comment": "Element",
			"from": [ 12.0001, 1.5001, 6.5004 ],
			"to": [ 15.0001, 2.0001, 9.500401 ],
			"faces": {
				"up": { "uv": [ 0.000625, 0.000624657, 15.99938, 15.99938 ], "texture": "#brewing_stand_2", "rotation": 90 },
				"north": { "uv": [ 0.000625, 0.000624657, 15.99938, 15.99938 ], "texture": "#brewing_stand_2" },
				"south": { "uv": [ 0.000625, 0.000624657, 15.99938, 15.99938 ], "texture": "#brewing_stand_2" },
				"west": { "uv": [ 0.000625, 0.000624657, 15.99938, 15.99938 ], "texture": "#brewing_stand_2" },
				"east": { "uv": [ 0.000625, 0.000624657, 15.99938, 15.99938 ], "texture": "#brewing_stand_2" }
			}
		},
		{
			"__comment": "Element",
			"from": [ 0.9994, 1.5006, 0.9995 ],
			"to": [ 3.9994, 2.0006, 3.9995 ],
			"faces": {
				"up": { "uv": [ 0.000625, 0.000624657, 15.99938, 15.99938 ], "texture": "#brewing_stand_2", "rotation": 90 },
				"north": { "uv": [ 0.000625, 0.000624657, 15.99938, 15.99938 ], "texture": "#brewing_stand_2" },
				"south": { "uv": [ 0.000625, 0.000624657, 15.99938, 15.99938 ], "texture": "#brewing_stand_2" },
				"west": { "uv": [ 0.000625, 0.000624657, 15.99938, 15.99938 ], "texture": "#brewing_stand_2" },
				"east": { "uv": [ 0.000625, 0.000624657, 15.99938, 15.99938 ], "texture": "#brewing_stand_2" }
			}
		},
		{
			"__comment": "Element",
			"from": [ 5.5002, 16.4995, 5.4997 ],
			"to": [ 10.5002, 16.9995, 10.4997 ],
			"faces": {
				"down": { "uv": [ 0.000625, 0.000624657, 15.99938, 15.99938 ], "texture": "#brewing_stand_2", "cullface": "up", "rotation": 270 },
				"up": { "uv": [ 0.000625, 0.000624657, 15.99938, 15.99938 ], "texture": "#brewing_stand_2", "cullface": "up", "rotation": 90 },
				"north": { "uv": [ 0.000625, 0.000624657, 15.99938, 15.99938 ], "texture": "#brewing_stand_2", "cullface": "up" },
				"south": { "uv": [ 0.000625, 0.000624657, 15.99938, 15.99938 ], "texture": "#brewing_stand_2", "cullface": "up" },
				"west": { "uv": [ 0.000625, 0.000624657, 15.99938, 15.99938 ], "texture": "#brewing_stand_2", "cullface": "up" },
				"east": { "uv": [ 0.000625, 0.000624657, 15.99938, 15.99938 ], "texture": "#brewing_stand_2", "cullface": "up" }
			}
		},
		{
			"__comment": "Element",
			"from": [ 5.4995, 13.4994, 5.4995 ],
			"to": [ 5.9995, 16.4994, 5.9995 ],
			"faces": {
				"north": { "uv": [ 0.000625, 0.000624657, 15.99938, 15.99938 ], "texture": "#brewing_stand_2", "cullface": "up" },
				"south": { "uv": [ 0.000625, 0.000624657, 15.99938, 15.99938 ], "texture": "#brewing_stand_2", "cullface": "up" },
				"west": { "uv": [ 0.000625, 0.000624657, 15.99938, 15.99938 ], "texture": "#brewing_stand_2", "cullface": "up" },
				"east": { "uv": [ 0.000625, 0.000624657, 15.99938, 15.99938 ], "texture": "#brewing_stand_2", "cullface": "up" }
			}
		},
		{
			"__comment": "Element",
			"from": [ 5.4993, 13.4993, 10.0001 ],
			"to": [ 5.9993, 16.4993, 10.5001 ],
			"faces": {
				"north": { "uv": [ 0.000625, 0.000624657, 15.99938, 15.99938 ], "texture": "#brewing_stand_2", "cullface": "up" },
				"south": { "uv": [ 0.000625, 0.000624657, 15.99938, 15.99938 ], "texture": "#brewing_stand_2", "cullface": "up" },
				"west": { "uv": [ 0.000625, 0.000624657, 15.99938, 15.99938 ], "texture": "#brewing_stand_2", "cullface": "up" },
				"east": { "uv": [ 0.000625, 0.000624657, 15.99938, 15.99938 ], "texture": "#brewing_stand_2", "cullface": "up" }
			}
		},
		{
			"__comment": "Element",
			"from": [ 9.999499, 13.4997, 9.999599 ],
			"to": [ 10.4995, 16.4997, 10.4996 ],
			"faces": {
				"north": { "uv": [ 0.000625, 0.000624657, 15.99938, 15.99938 ], "texture": "#brewing_stand_2", "cullface": "up" },
				"south": { "uv": [ 0.000625, 0.000624657, 15.99938, 15.99938 ], "texture": "#brewing_stand_2", "cullface": "up" },
				"west": { "uv": [ 0.000625, 0.000624657, 15.99938, 15.99938 ], "texture": "#brewing_stand_2", "cullface": "up" },
				"east": { "uv": [ 0.000625, 0.000624657, 15.99938, 15.99938 ], "texture": "#brewing_stand_2", "cullface": "up" }
			}
		},
		{
			"__comment": "Element",
			"from": [ 9.9993, 13.4994, 5.5004 ],
			"to": [ 10.4993, 16.4994, 6.0004 ],
			"faces": {
				"north": { "uv": [ 0.000625, 0.000624657, 15.99938, 15.99938 ], "texture": "#brewing_stand_2", "cullface": "up" },
				"south": { "uv": [ 0.000625, 0.000624657, 15.99938, 15.99938 ], "texture": "#brewing_stand_2", "cullface": "up" },
				"west": { "uv": [ 0.000625, 0.000624657, 15.99938, 15.99938 ], "texture": "#brewing_stand_2", "cullface": "up" },
				"east": { "uv": [ 0.000625, 0.000624657, 15.99938, 15.99938 ], "texture": "#brewing_stand_2", "cullface": "up" }
			}
		},
		{
			"__comment": "Element",
			"from": [ 6.4995, 13.4994, 6.5001 ],
			"to": [ 9.499498, 15.9994, 9.500099 ],
			"faces": {
				"up": { "uv": [ 0.000625, 0.000624657, 15.99938, 15.99938 ], "texture": "#brewing_stand_3", "cullface": "up", "rotation": 90 },
				"north": { "uv": [ 0.000625, 0.000624657, 15.99938, 15.99938 ], "texture": "#brewing_stand_3" },
				"south": { "uv": [ 0.000625, 0.000624657, 15.99938, 15.99938 ], "texture": "#brewing_stand_3" },
				"west": { "uv": [ 0.000625, 0.000624657, 15.99938, 15.99938 ], "texture": "#brewing_stand_3" },
				"east": { "uv": [ 0.000625, 0.000624657, 15.99938, 15.99938 ], "texture": "#brewing_stand_3" }
			}
		},
		{
			"__comment": "Element",
			"from": [ 5.5009, 12.9991, 5.4997 ],
			"to": [ 10.5009, 13.4991, 10.4997 ],
			"faces": {
				"down": { "uv": [ 0.000625, 0.000624657, 15.99938, 15.99938 ], "texture": "#brewing_stand_2", "rotation": 270 },
				"up": { "uv": [ 0.000625, 0.000624657, 15.99938, 15.99938 ], "texture": "#brewing_stand_2", "rotation": 90 },
				"north": { "uv": [ 0.000625, 0.000624657, 15.99938, 15.99938 ], "texture": "#brewing_stand_2" },
				"south": { "uv": [ 0.000625, 0.000624657, 15.99938, 15.99938 ], "texture": "#brewing_stand_2" },
				"west": { "uv": [ 0.000625, 0.000624657, 15.99938, 15.99938 ], "texture": "#brewing_stand_2" },
				"east": { "uv": [ 0.000625, 0.000624657, 15.99938, 15.99938 ], "texture": "#brewing_stand_2" }
			}
		},
		{
			"__comment": "Element",
			"from": [ 6.0002, 12.4993, 5.9998 ],
			"to": [ 10.0002, 12.9993, 9.9998 ],
			"faces": {
				"down": { "uv": [ 0.000625, 0.000624657, 15.99938, 15.99938 ], "texture": "#brewing_stand_2", "rotation": 270 },
				"north": { "uv": [ 0.000625, 0.000624657, 15.99938, 15.99938 ], "texture": "#brewing_stand_2" },
				"south": { "uv": [ 0.000625, 0.000624657, 15.99938, 15.99938 ], "texture": "#brewing_stand_2" },
				"west": { "uv": [ 0.000625, 0.000624657, 15.99938, 15.99938 ], "texture": "#brewing_stand_2" },
				"east": { "uv": [ 0.000625, 0.000624657, 15.99938, 15.99938 ], "texture": "#brewing_stand_2" }
			}
		},
		{
			"__comment": "Element",
			"from": [ 6.4994, 11.9993, 6.5003 ],
			"to": [ 9.499399, 12.4993, 9.500299 ],
			"faces": {
				"down": { "uv": [ 0.000625, 0.000624657, 15.99938, 15.99938 ], "texture": "#brewing_stand_2", "rotation": 270 },
				"north": { "uv": [ 0.000625, 0.000624657, 15.99938, 15.99938 ], "texture": "#brewing_stand_2" },
				"south": { "uv": [ 0.000625, 0.000624657, 15.99938, 15.99938 ], "texture": "#brewing_stand_2" },
				"west": { "uv": [ 0.000625, 0.000624657, 15.99938, 15.99938 ], "texture": "#brewing_stand_2" },
				"east": { "uv": [ 0.000625, 0.000624657, 15.99938, 15.99938 ], "texture": "#brewing_stand_2" }
			}
		},
		{
			"__comment": "Element",
			"from": [ 5.0003, 1.5008, 4.9998 ],
			"to": [ 11.0003, 2.0008, 10.9998 ],
			"faces": {
				"up": { "uv": [ 0.000625, 0.000624657, 15.99938, 15.99938 ], "texture": "#brewing_stand_2", "rotation": 90 },
				"north": { "uv": [ 0.000625, 0.000624657, 15.99938, 15.99938 ], "texture": "#brewing_stand_2" },
				"south": { "uv": [ 0.000625, 0.000624657, 15.99938, 15.99938 ], "texture": "#brewing_stand_2" },
				"west": { "uv": [ 0.000625, 0.000624657, 15.99938, 15.99938 ], "texture": "#brewing_stand_2" },
				"east": { "uv": [ 0.000625, 0.000624657, 15.99938, 15.99938 ], "texture": "#brewing_stand_2" }
			}
		},
		{
			"__comment": "Element",
			"from": [ 6.5004, 2.5009, 6.499 ],
			"to": [ 9.5004, 3.0009, 9.499001 ],
			"faces": {
				"up": { "uv": [ 0.000625, 0.000624657, 15.99938, 15.99938 ], "texture": "#brewing_stand_2", "rotation": 90 },
				"north": { "uv": [ 0.000625, 0.000624657, 15.99938, 15.99938 ], "texture": "#brewing_stand_2" },
				"south": { "uv": [ 0.000625, 0.000624657, 15.99938, 15.99938 ], "texture": "#brewing_stand_2" },
				"west": { "uv": [ 0.000625, 0.000624657, 15.99938, 15.99938 ], "texture": "#brewing_stand_2" },
				"east": { "uv": [ 0.000625, 0.000624657, 15.99938, 15.99938 ], "texture": "#brewing_stand_2" }
			}
		},
		{
			"__comment": "Element",
			"from": [ 6.999, 2.9997, 6.9992 ],
			"to": [ 8.998999, 11.9997, 8.9992 ],
			"faces": {
				"north": { "uv": [ 0.000625, 0.000624657, 15.99938, 15.99938 ], "texture": "#brewing_stand_1" },
				"south": { "uv": [ 0.000625, 0.000624657, 15.99938, 15.99938 ], "texture": "#brewing_stand_1" },
				"west": { "uv": [ 0.000625, 0.000624657, 15.99938, 15.99938 ], "texture": "#brewing_stand_1" },
				"east": { "uv": [ 0.000625, 0.000624657, 15.99938, 15.99938 ], "texture": "#brewing_stand_1" }
			}
		},
		{
			"__comment": "Element",
			"from": [ 5.4994, 2.0004, 5.5 ],
			"to": [ 10.4994, 2.5004, 10.5 ],
			"faces": {
				"up": { "uv": [ 0.000625, 0.000624657, 15.99938, 15.99938 ], "texture": "#brewing_stand_2", "rotation": 90 },
				"north": { "uv": [ 0.000625, 0.000624657, 15.99938, 15.99938 ], "texture": "#brewing_stand_2" },
				"south": { "uv": [ 0.000625, 0.000624657, 15.99938, 15.99938 ], "texture": "#brewing_stand_2" },
				"west": { "uv": [ 0.000625, 0.000624657, 15.99938, 15.99938 ], "texture": "#brewing_stand_2" },
				"east": { "uv": [ 0.000625, 0.000624657, 15.99938, 15.99938 ], "texture": "#brewing_stand_2" }
			}
		}
	],
	"display": {
		"thirdperson_righthand": {
			"rotation":  [ 75, 45, 0 ],
			"translation":  [ 0, 2.5, 3 ],
			"scale":  [ 0.375, 0.375, 0.375 ]
		},
		"thirdperson_lefthand": {
			"rotation":  [ 75, 45, 0 ],
			"translation":  [ 0, 2.5, 3 ],
			"scale":  [ 0.375, 0.375, 0.375 ]
		},
		"firstperson_righthand": {
			"rotation":  [ 0, 45, 0 ],
			"translation":  [ 0, 4, 0 ],
			"scale":  [ 0.4, 0.4, 0.4 ]
		},
		"firstperson_lefthand": {
			"rotation":  [ 0, 45, 0 ],
			"translation":  [ 0, 4, 0 ],
			"scale":  [ 0.4, 0.4, 0.4 ]
		},
		"gui": {
			"rotation":  [ 30, 225, 0 ],
			"scale":  [ 0.525, 0.525, 0.525 ]
		},
		"ground": {
			"translation":  [ 0, 3, 0 ],
			"scale":  [ 0.25, 0.25, 0.25 ]
		},
		"fixed": {
			"scale":  [ 0.5, 0.5, 0.5 ]
		}
	}
}