{
	"__comment": "Designed by Intermacgod with BDcraft Cubik PRO 0.85 Beta - http://bdcraft.net",
	"ambientocclusion": false,
	"textures": {
		"brewing_stand_2": "block/b/brewing_stand/brewing_stand_2",
		"brewing_stand_7": "block/b/brewing_stand/brewing_stand_7",
		"brewing_stand_8": "block/b/brewing_stand/brewing_stand_8",
		"brewing_stand_9": "block/b/brewing_stand/brewing_stand_9",
		"particle": "block/b/brewing_stand/brewing_stand_bottle"
	},
	"elements": [ 	 
		{
			"__comment": "Bottle*",
			"from": [ 15.0005, 7.0003, 6.0005 ],
			"to": [ 15.5005, 9.000299, 6.5005 ],
			"faces": {
				"down": { "uv": [ 1.000625, 7.000626, 2.499375, 8.499375 ], "texture": "#brewing_stand_7", "rotation": 270 },
				"up": { "uv": [ 1.000625, 7.000626, 2.499375, 8.499375 ], "texture": "#brewing_stand_7", "rotation": 90 },
				"north": { "uv": [ 1.000625, 7.000626, 2.499375, 8.499375 ], "texture": "#brewing_stand_7" },
				"east": { "uv": [ 1.000625, 7.000626, 2.499375, 8.499375 ], "texture": "#brewing_stand_7" }
			}
		},
		{
			"__comment": "Bottle*",
			"from": [ 14.5005, 8.999, 6.501 ],
			"to": [ 15.0005, 9.499, 7.001 ],
			"faces": {
				"up": { "uv": [ 1.000625, 7.000626, 2.499375, 8.499375 ], "texture": "#brewing_stand_7", "rotation": 90 }
			}
		},
		{
			"__comment": "Bottle*",
			"from": [ 12.4992, 9.4991, 6.4997 ],
			"to": [ 14.4992, 9.9991, 9.499701 ],
			"faces": {
				"up": { "uv": [ 1.000625, 7.000626, 2.499375, 8.499375 ], "texture": "#brewing_stand_7", "rotation": 90 },
				"north": { "uv": [ 1.000625, 7.000626, 2.499375, 8.499375 ], "texture": "#brewing_stand_7" },
				"south": { "uv": [ 1.000625, 7.000626, 2.499375, 8.499375 ], "texture": "#brewing_stand_7" },
				"west": { "uv": [ 1.000625, 7.000626, 2.499375, 8.499375 ], "texture": "#brewing_stand_7" },
				"east": { "uv": [ 1.000625, 7.000626, 2.499375, 8.499375 ], "texture": "#brewing_stand_7" }
			}
		},
		{
			"__comment": "Bottle*",
			"from": [ 11.9995, 9, 6.4998 ],
			"to": [ 12.4995, 9.5, 6.9998 ],
			"faces": {
				"up": { "uv": [ 1.000625, 7.000626, 2.499375, 8.499375 ], "texture": "#brewing_stand_7", "rotation": 90 }
			}
		},
		{
			"__comment": "Bottle*",
			"from": [ 11.5007, 6.9995, 6.0002 ],
			"to": [ 12.0007, 8.9995, 6.5002 ],
			"faces": {
				"down": { "uv": [ 1.000625, 7.000626, 2.499375, 8.499375 ], "texture": "#brewing_stand_7", "rotation": 270 },
				"up": { "uv": [ 1.000625, 7.000626, 2.499375, 8.499375 ], "texture": "#brewing_stand_7", "rotation": 90 },
				"north": { "uv": [ 1.000625, 7.000626, 2.499375, 8.499375 ], "texture": "#brewing_stand_7" },
				"west": { "uv": [ 1.000625, 7.000626, 2.499375, 8.499375 ], "texture": "#brewing_stand_7" }
			}
		},
		{
			"__comment": "Bottle*",
			"from": [ 14.4992, 9.500199, 7.0004 ],
			"to": [ 14.9992, 10.0002, 9.000399 ],
			"faces": {
				"up": { "uv": [ 1.000625, 7.000626, 2.499375, 8.499375 ], "texture": "#brewing_stand_7", "rotation": 90 },
				"north": { "uv": [ 1.000625, 7.000626, 2.499375, 8.499375 ], "texture": "#brewing_stand_7" },
				"south": { "uv": [ 1.000625, 7.000626, 2.499375, 8.499375 ], "texture": "#brewing_stand_7" },
				"east": { "uv": [ 1.000625, 7.000626, 2.499375, 8.499375 ], "texture": "#brewing_stand_7" }
			}
		},
		{
			"__comment": "Bottle*",
			"from": [ 11.4998, 9.0008, 6.4996 ],
			"to": [ 11.9998, 9.5008, 6.9996 ],
			"faces": {
				"up": { "uv": [ 1.000625, 7.000626, 2.499375, 8.499375 ], "texture": "#brewing_stand_7", "rotation": 90 },
				"north": { "uv": [ 1.000625, 7.000626, 2.499375, 8.499375 ], "texture": "#brewing_stand_7" },
				"west": { "uv": [ 1.000625, 7.000626, 2.499375, 8.499375 ], "texture": "#brewing_stand_7" }
			}
		},
		{
			"__comment": "Element",
			"from": [ 12.4993, 13.5009, 7.0007 ],
			"to": [ 14.4993, 14.0009, 9.0007 ],
			"faces": {
				"down": { "uv": [ 1.000625, 6.999374, 2.499375, 6.000626 ], "texture": "#brewing_stand_7", "rotation": 270 },
				"up": { "uv": [ 1.000625, 6.000626, 2.499375, 6.999374 ], "texture": "#brewing_stand_7", "rotation": 90 },
				"north": { "uv": [ 1.000625, 6.000626, 2.499375, 6.499374 ], "texture": "#brewing_stand_7" },
				"south": { "uv": [ 1.000625, 6.000626, 2.499375, 6.499374 ], "texture": "#brewing_stand_7" },
				"west": { "uv": [ 1.000625, 6.000626, 2.499375, 6.499374 ], "texture": "#brewing_stand_7" },
				"east": { "uv": [ 1.000625, 6.000626, 2.499375, 6.499374 ], "texture": "#brewing_stand_7" }
			}
		},
		{
			"__comment": "Box23",
			"from": [ 13.2499, 13.9995, 7.7494 ],
			"to": [ 13.7499, 15.4995, 8.249399 ],
			"faces": {
				"up": { "uv": [ 13.25062, 7.750626, 13.74938, 8.249375 ], "texture": "#brewing_stand_2" },
				"north": { "uv": [ 2.250625, 0.5006247, 2.749375, 1.999375 ], "texture": "#brewing_stand_2" },
				"south": { "uv": [ 13.25062, 0.5006247, 13.74938, 1.999375 ], "texture": "#brewing_stand_2" },
				"west": { "uv": [ 7.750625, 0.5006247, 8.249375, 1.999375 ], "texture": "#brewing_stand_2" },
				"east": { "uv": [ 7.750625, 0.5006247, 8.249375, 1.999375 ], "texture": "#brewing_stand_2" }
			}
		},
		{
			"__comment": "Bottle*",
			"from": [ 11.4992, 7.0005, 9.500999 ],
			"to": [ 11.9992, 9.0005, 10.00099 ],
			"faces": {
				"down": { "uv": [ 1.000625, 7.000626, 2.499375, 8.499375 ], "texture": "#brewing_stand_7", "rotation": 270 },
				"up": { "uv": [ 1.000625, 7.000626, 2.499375, 8.499375 ], "texture": "#brewing_stand_7", "rotation": 90 },
				"south": { "uv": [ 1.000625, 7.000626, 2.499375, 8.499375 ], "texture": "#brewing_stand_7" },
				"west": { "uv": [ 1.000625, 7.000626, 2.499375, 8.499375 ], "texture": "#brewing_stand_7" }
			}
		},
		{
			"__comment": "Bottle*",
			"from": [ 14.9995, 7.0006, 9.4994 ],
			"to": [ 15.4995, 9.000599, 9.9994 ],
			"faces": {
				"down": { "uv": [ 1.000625, 7.000626, 2.499375, 8.499375 ], "texture": "#brewing_stand_7", "rotation": 270 },
				"up": { "uv": [ 1.000625, 7.000626, 2.499375, 8.499375 ], "texture": "#brewing_stand_7", "rotation": 90 },
				"south": { "uv": [ 1.000625, 7.000626, 2.499375, 8.499375 ], "texture": "#brewing_stand_7" },
				"east": { "uv": [ 1.000625, 7.000626, 2.499375, 8.499375 ], "texture": "#brewing_stand_7" }
			}
		},
		{
			"__comment": "Bottle*",
			"from": [ 11.999, 9.500299, 6.9991 ],
			"to": [ 12.499, 10.0003, 8.9991 ],
			"faces": {
				"up": { "uv": [ 1.000625, 7.000626, 2.499375, 8.499375 ], "texture": "#brewing_stand_7", "rotation": 90 },
				"north": { "uv": [ 1.000625, 7.000626, 2.499375, 8.499375 ], "texture": "#brewing_stand_7" },
				"south": { "uv": [ 1.000625, 7.000626, 2.499375, 8.499375 ], "texture": "#brewing_stand_7" },
				"west": { "uv": [ 1.000625, 7.000626, 2.499375, 8.499375 ], "texture": "#brewing_stand_7" }
			}
		},
		{
			"__comment": "Bottle*",
			"from": [ 15.0009, 8.9991, 6.5004 ],
			"to": [ 15.5009, 9.4991, 7.0004 ],
			"faces": {
				"up": { "uv": [ 1.000625, 7.000626, 2.499375, 8.499375 ], "texture": "#brewing_stand_7", "rotation": 90 },
				"north": { "uv": [ 1.000625, 7.000626, 2.499375, 8.499375 ], "texture": "#brewing_stand_7" },
				"east": { "uv": [ 1.000625, 7.000626, 2.499375, 8.499375 ], "texture": "#brewing_stand_7" }
			}
		},
		{
			"__comment": "Bottle*",
			"from": [ 11.9993, 8.9993, 5.999 ],
			"to": [ 12.4993, 9.4993, 6.499 ],
			"faces": {
				"up": { "uv": [ 1.000625, 7.000626, 2.499375, 8.499375 ], "texture": "#brewing_stand_7", "rotation": 90 },
				"north": { "uv": [ 1.000625, 7.000626, 2.499375, 8.499375 ], "texture": "#brewing_stand_7" },
				"west": { "uv": [ 1.000625, 7.000626, 2.499375, 8.499375 ], "texture": "#brewing_stand_7" }
			}
		},
		{
			"__comment": "Bottle*",
			"from": [ 14.4993, 9, 6 ],
			"to": [ 14.9993, 9.5, 6.5 ],
			"faces": {
				"up": { "uv": [ 1.000625, 7.000626, 2.499375, 8.499375 ], "texture": "#brewing_stand_7", "rotation": 90 },
				"north": { "uv": [ 1.000625, 7.000626, 2.499375, 8.499375 ], "texture": "#brewing_stand_7" },
				"east": { "uv": [ 1.000625, 7.000626, 2.499375, 8.499375 ], "texture": "#brewing_stand_7" }
			}
		},
		{
			"__comment": "Bottle*",
			"from": [ 14.9996, 8.9991, 9.0004 ],
			"to": [ 15.4996, 9.4991, 9.5004 ],
			"faces": {
				"up": { "uv": [ 1.000625, 7.000626, 2.499375, 8.499375 ], "texture": "#brewing_stand_7", "rotation": 90 },
				"south": { "uv": [ 1.000625, 7.000626, 2.499375, 8.499375 ], "texture": "#brewing_stand_7" },
				"east": { "uv": [ 1.000625, 7.000626, 2.499375, 8.499375 ], "texture": "#brewing_stand_7" }
			}
		},
		{
			"__comment": "Bottle*",
			"from": [ 14.4998, 8.9998, 9.499 ],
			"to": [ 14.9998, 9.4998, 9.999 ],
			"faces": {
				"up": { "uv": [ 1.000625, 7.000626, 2.499375, 8.499375 ], "texture": "#brewing_stand_7", "rotation": 90 },
				"south": { "uv": [ 1.000625, 7.000626, 2.499375, 8.499375 ], "texture": "#brewing_stand_7" },
				"east": { "uv": [ 1.000625, 7.000626, 2.499375, 8.499375 ], "texture": "#brewing_stand_7" }
			}
		},
		{
			"__comment": "Bottle*",
			"from": [ 12.0003, 9.0007, 9.4997 ],
			"to": [ 12.5003, 9.5007, 9.9997 ],
			"faces": {
				"up": { "uv": [ 1.000625, 7.000626, 2.499375, 8.499375 ], "texture": "#brewing_stand_7", "rotation": 90 },
				"south": { "uv": [ 1.000625, 7.000626, 2.499375, 8.499375 ], "texture": "#brewing_stand_7" },
				"west": { "uv": [ 1.000625, 7.000626, 2.499375, 8.499375 ], "texture": "#brewing_stand_7" }
			}
		},
		{
			"__comment": "Bottle*",
			"from": [ 11.5004, 9.000299, 8.9999 ],
			"to": [ 12.0004, 9.500299, 9.4999 ],
			"faces": {
				"up": { "uv": [ 1.000625, 7.000626, 2.499375, 8.499375 ], "texture": "#brewing_stand_7", "rotation": 90 },
				"south": { "uv": [ 1.000625, 7.000626, 2.499375, 8.499375 ], "texture": "#brewing_stand_7" },
				"west": { "uv": [ 1.000625, 7.000626, 2.499375, 8.499375 ], "texture": "#brewing_stand_7" }
			}
		},
		{
			"__comment": "Bottle*",
			"from": [ 14.4992, 9, 9.000199 ],
			"to": [ 14.9992, 9.5, 9.500199 ],
			"faces": {
				"up": { "uv": [ 1.000625, 7.000626, 2.499375, 8.499375 ], "texture": "#brewing_stand_7", "rotation": 90 }
			}
		},
		{
			"__comment": "Bottle*",
			"from": [ 12.0008, 8.9994, 8.9997 ],
			"to": [ 12.5008, 9.4994, 9.4997 ],
			"faces": {
				"up": { "uv": [ 1.000625, 7.000626, 2.499375, 8.499375 ], "texture": "#brewing_stand_7", "rotation": 90 }
			}
		},
		{
			"__comment": "Bottle*",
			"from": [ 14.5007, 6.5001, 5.9995 ],
			"to": [ 15.0007, 7.0001, 6.4995 ],
			"faces": {
				"down": { "uv": [ 1.000625, 7.000626, 2.499375, 8.499375 ], "texture": "#brewing_stand_7" },
				"north": { "uv": [ 1.000625, 7.000626, 2.499375, 8.499375 ], "texture": "#brewing_stand_7" },
				"south": { "uv": [ 1.000625, 7.000626, 2.499375, 8.499375 ], "texture": "#brewing_stand_7" },
				"east": { "uv": [ 1.000625, 7.000626, 2.499375, 8.499375 ], "texture": "#brewing_stand_7" }
			}
		},
		{
			"__comment": "Bottle*",
			"from": [ 15, 6.5007, 6.5 ],
			"to": [ 15.5, 7.0007, 7 ],
			"faces": {
				"down": { "uv": [ 1.000625, 7.000626, 2.499375, 8.499375 ], "texture": "#brewing_stand_7" },
				"north": { "uv": [ 1.000625, 7.000626, 2.499375, 8.499375 ], "texture": "#brewing_stand_7" },
				"west": { "uv": [ 1.000625, 7.000626, 2.499375, 8.499375 ], "texture": "#brewing_stand_7" },
				"east": { "uv": [ 1.000625, 7.000626, 2.499375, 8.499375 ], "texture": "#brewing_stand_7" }
			}
		},
		{
			"__comment": "Bottle*",
			"from": [ 11.9991, 6.4995, 6.0009 ],
			"to": [ 12.4991, 6.9995, 6.5009 ],
			"faces": {
				"down": { "uv": [ 1.000625, 7.000626, 2.499375, 8.499375 ], "texture": "#brewing_stand_7" },
				"north": { "uv": [ 1.000625, 7.000626, 2.499375, 8.499375 ], "texture": "#brewing_stand_7" },
				"south": { "uv": [ 1.000625, 7.000626, 2.499375, 8.499375 ], "texture": "#brewing_stand_7" },
				"west": { "uv": [ 1.000625, 7.000626, 2.499375, 8.499375 ], "texture": "#brewing_stand_7" }
			}
		},
		{
			"__comment": "Bottle*",
			"from": [ 11.5006, 6.5002, 6.4999 ],
			"to": [ 12.0006, 7.0002, 6.9999 ],
			"faces": {
				"down": { "uv": [ 1.000625, 7.000626, 2.499375, 8.499375 ], "texture": "#brewing_stand_7" },
				"north": { "uv": [ 1.000625, 7.000626, 2.499375, 8.499375 ], "texture": "#brewing_stand_7" },
				"west": { "uv": [ 1.000625, 7.000626, 2.499375, 8.499375 ], "texture": "#brewing_stand_7" },
				"east": { "uv": [ 1.000625, 7.000626, 2.499375, 8.499375 ], "texture": "#brewing_stand_7" }
			}
		},
		{
			"__comment": "Bottle*",
			"from": [ 11.4993, 6.5003, 9.0001 ],
			"to": [ 11.9993, 7.0003, 9.5001 ],
			"faces": {
				"down": { "uv": [ 1.000625, 7.000626, 2.499375, 8.499375 ], "texture": "#brewing_stand_7" },
				"south": { "uv": [ 1.000625, 7.000626, 2.499375, 8.499375 ], "texture": "#brewing_stand_7" },
				"west": { "uv": [ 1.000625, 7.000626, 2.499375, 8.499375 ], "texture": "#brewing_stand_7" },
				"east": { "uv": [ 1.000625, 7.000626, 2.499375, 8.499375 ], "texture": "#brewing_stand_7" }
			}
		},
		{
			"__comment": "Bottle*",
			"from": [ 11.9999, 6.4993, 9.500299 ],
			"to": [ 12.4999, 6.9993, 10.0003 ],
			"faces": {
				"down": { "uv": [ 1.000625, 7.000626, 2.499375, 8.499375 ], "texture": "#brewing_stand_7" },
				"north": { "uv": [ 1.000625, 7.000626, 2.499375, 8.499375 ], "texture": "#brewing_stand_7" },
				"south": { "uv": [ 1.000625, 7.000626, 2.499375, 8.499375 ], "texture": "#brewing_stand_7" },
				"west": { "uv": [ 1.000625, 7.000626, 2.499375, 8.499375 ], "texture": "#brewing_stand_7" }
			}
		},
		{
			"__comment": "Bottle*",
			"from": [ 14.5005, 6.4996, 9.500999 ],
			"to": [ 15.0005, 6.9996, 10.001 ],
			"faces": {
				"down": { "uv": [ 1.000625, 7.000626, 2.499375, 8.499375 ], "texture": "#brewing_stand_7" },
				"north": { "uv": [ 1.000625, 7.000626, 2.499375, 8.499375 ], "texture": "#brewing_stand_7" },
				"south": { "uv": [ 1.000625, 7.000626, 2.499375, 8.499375 ], "texture": "#brewing_stand_7" },
				"east": { "uv": [ 1.000625, 7.000626, 2.499375, 8.499375 ], "texture": "#brewing_stand_7" }
			}
		},
		{
			"__comment": "Bottle*",
			"from": [ 14.9999, 6.4991, 9.000299 ],
			"to": [ 15.4999, 6.9991, 9.500299 ],
			"faces": {
				"down": { "uv": [ 1.000625, 7.000626, 2.499375, 8.499375 ], "texture": "#brewing_stand_7" },
				"south": { "uv": [ 1.000625, 7.000626, 2.499375, 8.499375 ], "texture": "#brewing_stand_7" },
				"west": { "uv": [ 1.000625, 7.000626, 2.499375, 8.499375 ], "texture": "#brewing_stand_7" },
				"east": { "uv": [ 1.000625, 7.000626, 2.499375, 8.499375 ], "texture": "#brewing_stand_7" }
			}
		},
		{
			"__comment": "Bottle*",
			"from": [ 14.4995, 5.9997, 6.5 ],
			"to": [ 14.9995, 6.4997, 9.5 ],
			"faces": {
				"down": { "uv": [ 1.000625, 7.000626, 2.499375, 8.499375 ], "texture": "#brewing_stand_7" },
				"up": { "uv": [ 1.000625, 7.000626, 2.499375, 8.499375 ], "texture": "#brewing_stand_7", "rotation": 90 },
				"north": { "uv": [ 1.000625, 7.000626, 2.499375, 8.499375 ], "texture": "#brewing_stand_7" },
				"south": { "uv": [ 1.000625, 7.000626, 2.499375, 8.499375 ], "texture": "#brewing_stand_7" },
				"west": { "uv": [ 1.000625, 7.000626, 2.499375, 8.499375 ], "texture": "#brewing_stand_7" },
				"east": { "uv": [ 1.000625, 7.000626, 2.499375, 8.499375 ], "texture": "#brewing_stand_7" }
			}
		},
		{
			"__comment": "Bottle*",
			"from": [ 12.0004, 5.9991, 6.5006 ],
			"to": [ 12.5004, 6.4991, 9.5006 ],
			"faces": {
				"down": { "uv": [ 1.000625, 7.000626, 2.499375, 8.499375 ], "texture": "#brewing_stand_7" },
				"up": { "uv": [ 1.000625, 7.000626, 2.499375, 8.499375 ], "texture": "#brewing_stand_7", "rotation": 90 },
				"north": { "uv": [ 1.000625, 7.000626, 2.499375, 8.499375 ], "texture": "#brewing_stand_7" },
				"south": { "uv": [ 1.000625, 7.000626, 2.499375, 8.499375 ], "texture": "#brewing_stand_7" },
				"west": { "uv": [ 1.000625, 7.000626, 2.499375, 8.499375 ], "texture": "#brewing_stand_7" },
				"east": { "uv": [ 1.000625, 7.000626, 2.499375, 8.499375 ], "texture": "#brewing_stand_7" }
			}
		},
		{
			"__comment": "Bottle*",
			"from": [ 12.5005, 5.9996, 6.4993 ],
			"to": [ 14.5005, 6.4996, 6.9993 ],
			"faces": {
				"down": { "uv": [ 1.000625, 7.000626, 2.499375, 8.499375 ], "texture": "#brewing_stand_7" },
				"north": { "uv": [ 1.000625, 7.000626, 2.499375, 8.499375 ], "texture": "#brewing_stand_7" }
			}
		},
		{
			"__comment": "Bottle*",
			"from": [ 12.5009, 6.0005, 9.0008 ],
			"to": [ 14.5009, 6.5005, 9.5008 ],
			"faces": {
				"down": { "uv": [ 1.000625, 7.000626, 2.499375, 8.499375 ], "texture": "#brewing_stand_7" },
				"south": { "uv": [ 1.000625, 7.000626, 2.499375, 8.499375 ], "texture": "#brewing_stand_7" }
			}
		},
		{
			"__comment": "Element",
			"from": [ 12.7496, 10.0004, 7.2504 ],
			"to": [ 14.2496, 13.5004, 8.750401 ],
			"faces": {
				"north": { "uv": [ 1.000625, 6.500626, 2.499375, 8.999375 ], "texture": "#brewing_stand_7" },
				"south": { "uv": [ 1.000625, 6.500626, 2.499375, 8.999375 ], "texture": "#brewing_stand_7" },
				"west": { "uv": [ 1.000625, 6.500626, 2.499375, 8.999375 ], "texture": "#brewing_stand_7" },
				"east": { "uv": [ 1.000625, 6.500626, 2.499375, 8.999375 ], "texture": "#brewing_stand_7" }
			}
		},
		{
			"__comment": "Element",
			"from": [ 12.9993, 4.4997, 7.5 ],
			"to": [ 13.9993, 5.9997, 8.5 ],
			"faces": {
				"down": { "uv": [ 4.500625, 15.99938, 10.99938, 10.00062 ], "texture": "#brewing_stand_9", "rotation": 270 },
				"north": { "uv": [ 0.000625, 9.500625, 15.99938, 15.99938 ], "texture": "#brewing_stand_9" },
				"south": { "uv": [ 0.000625, 9.500625, 15.99938, 15.99938 ], "texture": "#brewing_stand_9" },
				"west": { "uv": [ 0.000625, 9.500625, 15.99938, 15.99938 ], "texture": "#brewing_stand_9" },
				"east": { "uv": [ 0.000625, 9.500625, 15.99938, 15.99938 ], "texture": "#brewing_stand_9" }
			}
		},
		{
			"__comment": "Box45",
			"from": [ 12.4997, 5.9996, 6.9995 ],
			"to": [ 14.4997, 6.4996, 8.999498 ],
			"faces": {
				"down": { "uv": [ 12.50062, 7.000626, 14.49938, 8.999375 ], "texture": "#brewing_stand_8" }
			}
		},
		{
			"__comment": "Box45",
			"from": [ 12.5001, 6.4998, 5.9995 ],
			"to": [ 14.5001, 6.9998, 9.999499 ],
			"faces": {
				"down": { "uv": [ 12.50062, 6.000626, 14.49938, 9.999375 ], "texture": "#brewing_stand_8" },
				"north": { "uv": [ 1.500625, 9.000625, 3.499375, 9.499375 ], "texture": "#brewing_stand_8" },
				"south": { "uv": [ 12.50062, 9.000625, 14.49938, 9.499375 ], "texture": "#brewing_stand_8" },
				"west": { "uv": [ 6.000625, 9.000625, 9.999375, 9.499375 ], "texture": "#brewing_stand_8" },
				"east": { "uv": [ 6.000625, 9.000625, 9.999375, 9.499375 ], "texture": "#brewing_stand_8" }
			}
		},
		{
			"__comment": "Box45",
			"from": [ 11.5002, 6.5001, 6.9991 ],
			"to": [ 12.5002, 7.0001, 8.9991 ],
			"faces": {
				"down": { "uv": [ 11.50062, 7.000626, 12.49938, 8.999375 ], "texture": "#brewing_stand_8" },
				"north": { "uv": [ 3.500625, 9.000625, 4.499375, 9.499375 ], "texture": "#brewing_stand_8" },
				"south": { "uv": [ 11.50062, 9.000625, 12.49938, 9.499375 ], "texture": "#brewing_stand_8" },
				"west": { "uv": [ 7.000625, 9.000625, 8.999375, 9.499375 ], "texture": "#brewing_stand_8" }
			}
		},
		{
			"__comment": "Box45",
			"from": [ 14.5009, 6.5009, 7.0003 ],
			"to": [ 15.5009, 7.0009, 9.0003 ],
			"faces": {
				"down": { "uv": [ 14.50062, 7.000626, 15.49938, 8.999375 ], "texture": "#brewing_stand_8" },
				"north": { "uv": [ 0.500625, 9.000625, 1.499375, 9.499375 ], "texture": "#brewing_stand_8" },
				"south": { "uv": [ 14.50062, 9.000625, 15.49938, 9.499375 ], "texture": "#brewing_stand_8" },
				"east": { "uv": [ 7.000625, 9.000625, 8.999375, 9.499375 ], "texture": "#brewing_stand_8" }
			}
		},
		{
			"__comment": "Box45",
			"from": [ 11.9997, 6.9999, 5.9999 ],
			"to": [ 14.9997, 8.9999, 9.999899 ],
			"faces": {
				"down": { "uv": [ 12.00062, 6.000626, 14.99938, 9.999375 ], "texture": "#brewing_stand_8" },
				"up": { "uv": [ 12.00062, 6.000626, 14.99938, 9.999375 ], "texture": "#brewing_stand_8" },
				"north": { "uv": [ 1.000625, 7.000626, 3.999375, 8.999375 ], "texture": "#brewing_stand_8" },
				"south": { "uv": [ 12.00062, 7.000626, 14.99938, 8.999375 ], "texture": "#brewing_stand_8" },
				"west": { "uv": [ 6.000625, 7.000626, 9.999375, 8.999375 ], "texture": "#brewing_stand_8" },
				"east": { "uv": [ 6.000625, 7.000626, 9.999375, 8.999375 ], "texture": "#brewing_stand_8" }
			}
		},
		{
			"__comment": "Box45",
			"from": [ 12.4995, 8.9992, 6.0007 ],
			"to": [ 14.4995, 9.4992, 10.0007 ],
			"faces": {
				"up": { "uv": [ 12.50062, 6.000626, 14.49938, 9.999375 ], "texture": "#brewing_stand_8" },
				"north": { "uv": [ 1.500625, 6.500626, 3.499375, 6.999374 ], "texture": "#brewing_stand_8" },
				"south": { "uv": [ 12.50062, 6.500626, 14.49938, 6.999374 ], "texture": "#brewing_stand_8" },
				"west": { "uv": [ 6.000625, 6.500626, 9.999375, 6.999374 ], "texture": "#brewing_stand_8" },
				"east": { "uv": [ 6.000625, 6.500626, 9.999375, 6.999374 ], "texture": "#brewing_stand_8" }
			}
		},
		{
			"__comment": "Box45",
			"from": [ 11.5008, 9.0004, 7.0004 ],
			"to": [ 12.5008, 9.5004, 9.000399 ],
			"faces": {
				"up": { "uv": [ 11.50062, 7.000626, 12.49938, 8.999375 ], "texture": "#brewing_stand_8" },
				"north": { "uv": [ 3.500625, 6.500626, 4.499375, 6.999374 ], "texture": "#brewing_stand_8" },
				"south": { "uv": [ 11.50062, 6.500626, 12.49938, 6.999374 ], "texture": "#brewing_stand_8" },
				"west": { "uv": [ 7.000625, 6.500626, 8.999375, 6.999374 ], "texture": "#brewing_stand_8" }
			}
		},
		{
			"__comment": "Box45",
			"from": [ 14.4994, 8.9991, 6.9993 ],
			"to": [ 15.4994, 9.4991, 8.9993 ],
			"faces": {
				"up": { "uv": [ 14.50062, 7.000626, 15.49938, 8.999375 ], "texture": "#brewing_stand_8" },
				"north": { "uv": [ 0.500625, 6.500626, 1.499375, 6.999374 ], "texture": "#brewing_stand_8" },
				"south": { "uv": [ 14.50062, 6.500626, 15.49938, 6.999374 ], "texture": "#brewing_stand_8" },
				"east": { "uv": [ 7.000625, 6.500626, 8.999375, 6.999374 ], "texture": "#brewing_stand_8" }
			}
		},
		{
			"__comment": "Box45",
			"from": [ 14.5, 7.0006, 6.4992 ],
			"to": [ 15.5, 9.000601, 9.499199 ],
			"faces": {
				"down": { "uv": [ 14.50062, 6.500626, 15.49938, 9.499375 ], "texture": "#brewing_stand_8" },
				"up": { "uv": [ 14.50062, 6.500626, 15.49938, 9.499375 ], "texture": "#brewing_stand_8" },
				"north": { "uv": [ 0.500625, 7.000626, 1.499375, 8.999375 ], "texture": "#brewing_stand_8" },
				"south": { "uv": [ 14.50062, 7.000626, 15.49938, 8.999375 ], "texture": "#brewing_stand_8" },
				"east": { "uv": [ 6.500625, 7.000626, 9.499375, 8.999375 ], "texture": "#brewing_stand_8" }
			}
		},
		{
			"__comment": "Box45",
			"from": [ 11.5008, 7.0003, 6.5 ],
			"to": [ 12.5008, 9.000299, 9.5 ],
			"faces": {
				"down": { "uv": [ 11.50062, 6.500626, 12.49938, 9.499375 ], "texture": "#brewing_stand_8" },
				"up": { "uv": [ 11.50062, 6.500626, 12.49938, 9.499375 ], "texture": "#brewing_stand_8" },
				"north": { "uv": [ 3.500625, 7.000626, 4.499375, 8.999375 ], "texture": "#brewing_stand_8" },
				"south": { "uv": [ 11.50062, 7.000626, 12.49938, 8.999375 ], "texture": "#brewing_stand_8" },
				"west": { "uv": [ 6.500625, 7.000626, 9.499375, 8.999375 ], "texture": "#brewing_stand_8" }
			}
		}
	]
}