{
	"__comment": "Designed by Intermacgod with BDcraft Cubik PRO 0.85 Beta - http://bdcraft.net",
	"gui_light": "front",
	"ambientocclusion": false,
	"textures": {
		"particle": "block/b/brick_wall/brick_wall",
		"brick_wall_1": "block/b/brick_wall/brick_wall_1",
		"brick_wall_2": "block/b/brick_wall/brick_wall_2",
		"brick_wall_3": "block/b/brick_wall/brick_wall_3"
	},
	"elements": [ 	 
		{
			"__comment": "Element",
			"from": [ 6.999, 0.0008, 9.5006 ],
			"to": [ 11.499, 2.5008, 11.5006 ],
			"faces": {
				"down": { "uv": [ 7.000359, 4.500165, 11.49911, 6.498913 ], "texture": "#brick_wall_1" },
				"up": { "uv": [ 7.000359, 9.501086, 11.49911, 11.49984 ], "texture": "#brick_wall_1" },
				"north": { "uv": [ 4.500895, 13.49985, 8.999641, 15.9986 ], "texture": "#brick_wall_1" },
				"south": { "uv": [ 7.000359, 13.49985, 11.49911, 15.9986 ], "texture": "#brick_wall_1" },
				"west": { "uv": [ 9.501086, 13.49985, 11.49984, 15.9986 ], "texture": "#brick_wall_1" },
				"east": { "uv": [ 4.500165, 13.49985, 6.498913, 15.9986 ], "texture": "#brick_wall_1" }
			}
		},
		{
			"__comment": "Element",
			"from": [ 4.4999, -0.0015, 6.9999 ],
			"to": [ 6.4999, 2.498501, 11.49991 ],
			"faces": {
				"down": { "uv": [ 4.500926, 4.500114, 6.499676, 8.998868 ], "texture": "#brick_wall_1" },
				"up": { "uv": [ 4.500926, 7.001132, 6.499676, 11.49989 ], "texture": "#brick_wall_1" },
				"north": { "uv": [ 9.500323, 13.5011, 11.49907, 15.99938 ], "texture": "#brick_wall_1" },
				"south": { "uv": [ 4.500926, 13.5011, 6.499676, 15.99938 ], "texture": "#brick_wall_1" },
				"west": { "uv": [ 7.001133, 13.5011, 11.49989, 15.99938 ], "texture": "#brick_wall_1" },
				"east": { "uv": [ 4.500115, 13.5011, 8.998868, 15.99938 ], "texture": "#brick_wall_1" }
			}
		},
		{
			"__comment": "Element",
			"from": [ 4.5006, 0.0001, 4.5001 ],
			"to": [ 9.000599, 2.5001, 6.5001 ],
			"faces": {
				"down": { "uv": [ 4.500777, 9.500392, 8.999527, 11.49914 ], "texture": "#brick_wall_1" },
				"up": { "uv": [ 4.500777, 4.500858, 8.999527, 6.499608 ], "texture": "#brick_wall_1" },
				"north": { "uv": [ 7.000473, 13.50123, 11.49922, 15.99938 ], "texture": "#brick_wall_1" },
				"south": { "uv": [ 4.500777, 13.50123, 8.999527, 15.99938 ], "texture": "#brick_wall_1" },
				"west": { "uv": [ 4.500857, 13.50123, 6.499607, 15.99938 ], "texture": "#brick_wall_1" },
				"east": { "uv": [ 9.500392, 13.50123, 11.49914, 15.99938 ], "texture": "#brick_wall_1" }
			}
		},
		{
			"__comment": "Element",
			"from": [ 9.5014, 0, 4.5 ],
			"to": [ 11.5014, 2.5, 9 ],
			"faces": {
				"down": { "uv": [ 9.501485, 7.000246, 11.50024, 11.499 ], "texture": "#brick_wall_1" },
				"up": { "uv": [ 9.501485, 4.501005, 11.50024, 8.999755 ], "texture": "#brick_wall_1" },
				"north": { "uv": [ 4.499765, 13.5, 6.498515, 15.99875 ], "texture": "#brick_wall_1" },
				"south": { "uv": [ 9.501485, 13.5, 11.50024, 15.99875 ], "texture": "#brick_wall_1" },
				"west": { "uv": [ 4.501005, 13.5, 8.999755, 15.99875 ], "texture": "#brick_wall_1" },
				"east": { "uv": [ 7.000246, 13.5, 11.499, 15.99875 ], "texture": "#brick_wall_1" }
			}
		},
		{
			"__comment": "Element",
			"from": [ 4.4988, 3.0001, 9.5013 ],
			"to": [ 8.9988, 5.5001, 11.5013 ],
			"faces": {
				"down": { "uv": [ 4.500134, 4.499856, 8.998884, 6.498601 ], "texture": "#brick_wall_1" },
				"up": { "uv": [ 4.500134, 9.501398, 8.998884, 11.50014 ], "texture": "#brick_wall_1" },
				"north": { "uv": [ 7.001116, 10.50036, 11.49987, 12.99911 ], "texture": "#brick_wall_1" },
				"south": { "uv": [ 4.500134, 10.50036, 8.998884, 12.99911 ], "texture": "#brick_wall_1" },
				"west": { "uv": [ 9.501398, 10.50036, 11.50014, 12.99911 ], "texture": "#brick_wall_1" },
				"east": { "uv": [ 4.499856, 10.50036, 6.498601, 12.99911 ], "texture": "#brick_wall_1" }
			}
		},
		{
			"__comment": "Element",
			"from": [ 7.0014, 2.9996, 4.5012 ],
			"to": [ 11.5014, 5.4996, 6.5012 ],
			"faces": {
				"down": { "uv": [ 7.001037, 9.500295, 11.49979, 11.49905 ], "texture": "#brick_wall_1" },
				"up": { "uv": [ 7.001037, 4.500956, 11.49979, 6.499704 ], "texture": "#brick_wall_1" },
				"north": { "uv": [ 4.500215, 10.50088, 8.998963, 12.99963 ], "texture": "#brick_wall_1" },
				"south": { "uv": [ 7.001037, 10.50088, 11.49979, 12.99963 ], "texture": "#brick_wall_1" },
				"west": { "uv": [ 4.500955, 10.50088, 6.499705, 12.99963 ], "texture": "#brick_wall_1" },
				"east": { "uv": [ 9.500295, 10.50088, 11.49905, 12.99963 ], "texture": "#brick_wall_1" }
			}
		},
		{
			"__comment": "Element",
			"from": [ 4.5007, 2.9989, 4.4994 ],
			"to": [ 6.5007, 5.4989, 8.999399 ],
			"faces": {
				"down": { "uv": [ 4.500855, 7.000319, 6.499605, 11.49907 ], "texture": "#brick_wall_1" },
				"up": { "uv": [ 4.500855, 4.500933, 6.499605, 8.999682 ], "texture": "#brick_wall_1" },
				"north": { "uv": [ 9.500395, 10.50135, 11.49915, 13.0001 ], "texture": "#brick_wall_1" },
				"south": { "uv": [ 4.500855, 10.50135, 6.499605, 13.0001 ], "texture": "#brick_wall_1" },
				"west": { "uv": [ 4.500932, 10.50135, 8.999682, 13.0001 ], "texture": "#brick_wall_1" },
				"east": { "uv": [ 7.000318, 10.50135, 11.49907, 13.0001 ], "texture": "#brick_wall_1" }
			}
		},
		{
			"__comment": "Element",
			"from": [ 9.5004, 2.9996, 7.0009 ],
			"to": [ 11.5004, 5.499599, 11.5009 ],
			"faces": {
				"down": { "uv": [ 9.500353, 4.500165, 11.49911, 8.998914 ], "texture": "#brick_wall_1" },
				"up": { "uv": [ 9.500353, 7.001087, 11.49911, 11.49984 ], "texture": "#brick_wall_1" },
				"north": { "uv": [ 4.500895, 10.50102, 6.499647, 12.99977 ], "texture": "#brick_wall_1" },
				"south": { "uv": [ 9.500353, 10.50102, 11.49911, 12.99977 ], "texture": "#brick_wall_1" },
				"west": { "uv": [ 7.001086, 10.50102, 11.49984, 12.99977 ], "texture": "#brick_wall_1" },
				"east": { "uv": [ 4.500165, 10.50102, 8.998914, 12.99977 ], "texture": "#brick_wall_1" }
			}
		},
		{
			"__comment": "Element",
			"from": [ 4.4993, 6.0006, 7 ],
			"to": [ 6.4993, 8.500601, 11.49999 ],
			"faces": {
				"down": { "uv": [ 4.499823, 4.500275, 6.498573, 8.999022 ], "texture": "#brick_wall_1" },
				"up": { "uv": [ 4.499823, 7.000978, 6.498573, 11.49973 ], "texture": "#brick_wall_1" },
				"north": { "uv": [ 9.501427, 7.500489, 11.50018, 9.99924 ], "texture": "#brick_wall_1" },
				"south": { "uv": [ 4.499823, 7.500489, 6.498573, 9.99924 ], "texture": "#brick_wall_1" },
				"west": { "uv": [ 7.000979, 7.500489, 11.49973, 9.99924 ], "texture": "#brick_wall_1" },
				"east": { "uv": [ 4.500275, 7.500489, 8.999022, 9.99924 ], "texture": "#brick_wall_1" }
			}
		},
		{
			"__comment": "Element",
			"from": [ 9.4997, 5.9987, 4.4987 ],
			"to": [ 11.4997, 8.4987, 8.998699 ],
			"faces": {
				"down": { "uv": [ 9.500762, 7.00098, 11.49952, 11.49973 ], "texture": "#brick_wall_1" },
				"up": { "uv": [ 9.500762, 4.500271, 11.49952, 8.999021 ], "texture": "#brick_wall_1" },
				"north": { "uv": [ 4.500485, 7.501125, 6.499238, 9.999877 ], "texture": "#brick_wall_1" },
				"south": { "uv": [ 9.500762, 7.501125, 11.49952, 9.999877 ], "texture": "#brick_wall_1" },
				"west": { "uv": [ 4.500271, 7.501125, 8.999021, 9.999877 ], "texture": "#brick_wall_1" },
				"east": { "uv": [ 7.00098, 7.501125, 11.49973, 9.999877 ], "texture": "#brick_wall_1" }
			}
		},
		{
			"__comment": "Element",
			"from": [ 4.5002, 6, 4.4995 ],
			"to": [ 9.000199, 8.5, 6.4995 ],
			"faces": {
				"down": { "uv": [ 4.501042, 9.501099, 8.999792, 11.49985 ], "texture": "#brick_wall_1" },
				"up": { "uv": [ 4.501042, 4.500151, 8.999792, 6.498901 ], "texture": "#brick_wall_1" },
				"north": { "uv": [ 7.000208, 7.501522, 11.49896, 10.00027 ], "texture": "#brick_wall_1" },
				"south": { "uv": [ 4.501042, 7.501522, 8.999792, 10.00027 ], "texture": "#brick_wall_1" },
				"west": { "uv": [ 4.500151, 7.501522, 6.498901, 10.00027 ], "texture": "#brick_wall_1" },
				"east": { "uv": [ 9.501099, 7.501522, 11.49985, 10.00027 ], "texture": "#brick_wall_1" }
			}
		},
		{
			"__comment": "Element",
			"from": [ 6.999, 5.9999, 9.5006 ],
			"to": [ 11.499, 8.499901, 11.5006 ],
			"faces": {
				"down": { "uv": [ 6.999997, 4.500675, 11.49874, 6.499424 ], "texture": "#brick_wall_1" },
				"up": { "uv": [ 6.999997, 9.500575, 11.49874, 11.49933 ], "texture": "#brick_wall_1" },
				"north": { "uv": [ 4.501256, 7.501478, 9.000003, 10.00023 ], "texture": "#brick_wall_1" },
				"south": { "uv": [ 6.999997, 7.501478, 11.49874, 10.00023 ], "texture": "#brick_wall_1" },
				"west": { "uv": [ 9.500575, 7.501478, 11.49933, 10.00023 ], "texture": "#brick_wall_1" },
				"east": { "uv": [ 4.500675, 7.501478, 6.499424, 10.00023 ], "texture": "#brick_wall_1" }
			}
		},
		{
			"__comment": "Element",
			"from": [ 6.9993, 8.9986, 4.5003 ],
			"to": [ 11.4993, 11.49861, 6.5003 ],
			"faces": {
				"down": { "uv": [ 7.000755, 9.500489, 11.49951, 11.49924 ], "texture": "#brick_wall_1" },
				"up": { "uv": [ 7.000755, 4.500761, 11.49951, 6.49951 ], "texture": "#brick_wall_1" },
				"north": { "uv": [ 4.500495, 4.501595, 8.999246, 7.000349 ], "texture": "#brick_wall_1" },
				"south": { "uv": [ 7.000755, 4.501595, 11.49951, 7.000349 ], "texture": "#brick_wall_1" },
				"west": { "uv": [ 4.500761, 4.501595, 6.499511, 7.000349 ], "texture": "#brick_wall_1" },
				"east": { "uv": [ 9.500489, 4.501595, 11.49924, 7.000349 ], "texture": "#brick_wall_1" }
			}
		},
		{
			"__comment": "Element",
			"from": [ 4.5, 8.9994, 9.5013 ],
			"to": [ 9, 11.4994, 11.5013 ],
			"faces": {
				"down": { "uv": [ 4.500235, 4.499865, 8.998985, 6.498611 ], "texture": "#brick_wall_1" },
				"up": { "uv": [ 4.500235, 9.501389, 8.998985, 11.50014 ], "texture": "#brick_wall_1" },
				"north": { "uv": [ 7.001015, 4.500975, 11.49977, 6.99973 ], "texture": "#brick_wall_1" },
				"south": { "uv": [ 4.500235, 4.500975, 8.998985, 6.99973 ], "texture": "#brick_wall_1" },
				"west": { "uv": [ 9.501389, 4.500975, 11.50014, 6.99973 ], "texture": "#brick_wall_1" },
				"east": { "uv": [ 4.499865, 4.500975, 6.498611, 6.99973 ], "texture": "#brick_wall_1" }
			}
		},
		{
			"__comment": "Element",
			"from": [ 4.5009, 8.9985, 4.5004 ],
			"to": [ 6.5009, 11.4985, 9.000401 ],
			"faces": {
				"down": { "uv": [ 4.501374, 7.000908, 6.500124, 11.49966 ], "texture": "#brick_wall_1" },
				"up": { "uv": [ 4.501374, 4.500343, 6.500124, 8.999092 ], "texture": "#brick_wall_1" },
				"north": { "uv": [ 9.499875, 4.501535, 11.49863, 7.000282 ], "texture": "#brick_wall_1" },
				"south": { "uv": [ 4.501374, 4.501535, 6.500124, 7.000282 ], "texture": "#brick_wall_1" },
				"west": { "uv": [ 4.500342, 4.501535, 8.999092, 7.000282 ], "texture": "#brick_wall_1" },
				"east": { "uv": [ 7.000908, 4.501535, 11.49966, 7.000282 ], "texture": "#brick_wall_1" }
			}
		},
		{
			"__comment": "Element",
			"from": [ 9.5005, 9.0006, 6.999 ],
			"to": [ 11.5005, 11.5006, 11.499 ],
			"faces": {
				"down": { "uv": [ 9.500478, 4.501616, 11.49923, 9.000364 ], "texture": "#brick_wall_1" },
				"up": { "uv": [ 9.500478, 6.999636, 11.49923, 11.49839 ], "texture": "#brick_wall_1" },
				"north": { "uv": [ 4.500775, 4.500325, 6.499522, 6.999075 ], "texture": "#brick_wall_1" },
				"south": { "uv": [ 9.500478, 4.500325, 11.49923, 6.999075 ], "texture": "#brick_wall_1" },
				"west": { "uv": [ 6.999636, 4.500325, 11.49839, 6.999075 ], "texture": "#brick_wall_1" },
				"east": { "uv": [ 4.501615, 4.500325, 9.000364, 6.999075 ], "texture": "#brick_wall_1" }
			}
		},
		{
			"__comment": "Element",
			"from": [ 9.5, 12.0005, 4.5006 ],
			"to": [ 11.5, 14.5005, 9.000599 ],
			"faces": {
				"down": { "uv": [ 9.500751, 7.000793, 11.49951, 11.49954 ], "texture": "#brick_wall_1" },
				"up": { "uv": [ 9.500751, 4.500458, 11.49951, 8.999207 ], "texture": "#brick_wall_1" },
				"north": { "uv": [ 4.500495, 1.500255, 6.499248, 3.999005 ], "texture": "#brick_wall_1" },
				"south": { "uv": [ 9.500751, 1.500255, 11.49951, 3.999005 ], "texture": "#brick_wall_1" },
				"west": { "uv": [ 4.500458, 1.500255, 8.999207, 3.999005 ], "texture": "#brick_wall_1" },
				"east": { "uv": [ 7.000793, 1.500255, 11.49954, 3.999005 ], "texture": "#brick_wall_1" }
			}
		},
		{
			"__comment": "Element",
			"from": [ 4.5004, 12.0004, 7.0001 ],
			"to": [ 6.5004, 14.5004, 11.5001 ],
			"faces": {
				"down": { "uv": [ 4.500286, 4.501075, 6.499036, 8.999825 ], "texture": "#brick_wall_1" },
				"up": { "uv": [ 4.500286, 7.000175, 6.499036, 11.49893 ], "texture": "#brick_wall_1" },
				"north": { "uv": [ 9.500964, 1.499846, 11.49971, 3.998595 ], "texture": "#brick_wall_1" },
				"south": { "uv": [ 4.500286, 1.499846, 6.499036, 3.998595 ], "texture": "#brick_wall_1" },
				"west": { "uv": [ 7.000175, 1.499846, 11.49893, 3.998595 ], "texture": "#brick_wall_1" },
				"east": { "uv": [ 4.501075, 1.499846, 8.999825, 3.998595 ], "texture": "#brick_wall_1" }
			}
		},
		{
			"__comment": "Element",
			"from": [ 7.0008, 12, 9.500299 ],
			"to": [ 11.5008, 14.5, 11.5003 ],
			"faces": {
				"down": { "uv": [ 7.000885, 4.500985, 11.49964, 6.499732 ], "texture": "#brick_wall_1" },
				"up": { "uv": [ 7.000885, 9.500267, 11.49964, 11.49902 ], "texture": "#brick_wall_1" },
				"north": { "uv": [ 4.500365, 1.501135, 8.999116, 3.999886 ], "texture": "#brick_wall_1" },
				"south": { "uv": [ 7.000885, 1.501135, 11.49964, 3.999886 ], "texture": "#brick_wall_1" },
				"west": { "uv": [ 9.500267, 1.501135, 11.49902, 3.999886 ], "texture": "#brick_wall_1" },
				"east": { "uv": [ 4.500985, 1.501135, 6.499732, 3.999886 ], "texture": "#brick_wall_1" }
			}
		},
		{
			"__comment": "Element",
			"from": [ 4.5004, 11.9995, 4.4981 ],
			"to": [ 9.000399, 14.4995, 6.4981 ],
			"faces": {
				"down": { "uv": [ 4.500261, 9.501481, 8.999011, 11.50023 ], "texture": "#brick_wall_1" },
				"up": { "uv": [ 4.500261, 4.499769, 8.999011, 6.498518 ], "texture": "#brick_wall_1" },
				"north": { "uv": [ 7.000989, 1.500575, 11.49974, 3.999326 ], "texture": "#brick_wall_1" },
				"south": { "uv": [ 4.500261, 1.500575, 8.999011, 3.999326 ], "texture": "#brick_wall_1" },
				"west": { "uv": [ 4.499769, 1.500575, 6.498519, 3.999326 ], "texture": "#brick_wall_1" },
				"east": { "uv": [ 9.501481, 1.500575, 11.50023, 3.999326 ], "texture": "#brick_wall_1" }
			}
		},
		{
			"__comment": "Element",
			"from": [ 4.9992, -0.0002, 5.0003 ],
			"to": [ 10.9992, 14.99979, 11.0003 ],
			"faces": {
				"down": { "uv": [ 4.999791, 5.000685, 10.99855, 10.99944 ], "texture": "#brick_wall_1" },
				"north": { "uv": [ 5.001455, 1.000905, 11.00021, 15.99938 ], "texture": "#brick_wall_2" },
				"south": { "uv": [ 4.999791, 1.000905, 10.99855, 15.99938 ], "texture": "#brick_wall_2" },
				"west": { "uv": [ 5.000564, 1.000905, 10.99932, 15.99938 ], "texture": "#brick_wall_2" },
				"east": { "uv": [ 5.000685, 1.000905, 10.99944, 15.99938 ], "texture": "#brick_wall_2" }
			}
		},
		{
			"__comment": "Element",
			"from": [ 4.0005, 14.9991, 4.0001 ],
			"to": [ 12.0005, 15.9991, 12.0001 ],
			"faces": {
				"down": { "uv": [ 4.001211, 4.000956, 11.99996, 11.99971 ], "texture": "#brick_wall_3" },
				"up": { "uv": [ 4.001211, 4.000293, 11.99996, 11.99905 ], "texture": "#brick_wall_3" },
				"north": { "uv": [ 4.000035, 0.001204491, 11.99879, 0.9999552 ], "texture": "#brick_wall_3" },
				"south": { "uv": [ 4.001211, 0.001204491, 11.99996, 0.9999552 ], "texture": "#brick_wall_3" },
				"west": { "uv": [ 4.000293, 0.001204491, 11.99905, 0.9999552 ], "texture": "#brick_wall_3" },
				"east": { "uv": [ 4.000955, 0.001204491, 11.99971, 0.9999552 ], "texture": "#brick_wall_3" }
			}
		},
		{
			"__comment": "PlaneX23",
			"from": [ 11.5009, -0.0002, 4.4999 ],
			"to": [ 11.5019, 14.99979, 14.4999 ],
			"rotation": { "origin": [ 11.5, 0, 4.5 ], "axis": "y", "angle": -45 },
			"faces": {
				"west": { "uv": [ 4.5014, 1.000385, 14.50015, 15.99913 ], "texture": "#brick_wall_2" },
				"east": { "uv": [ 1.499846, 1.000385, 11.4986, 15.99913 ], "texture": "#brick_wall_2" }
			}
		},
		{
			"__comment": "PlaneX23",
			"from": [ 4.5008, -0.0004, 4.5001 ],
			"to": [ 4.5018, 14.99961, 14.50009 ],
			"rotation": { "origin": [ 4.5, 0, 4.5 ], "axis": "y", "angle": 45 },
			"faces": {
				"west": { "uv": [ 4.499706, 1.001585, 14.49845, 15.99938 ], "texture": "#brick_wall_2" },
				"east": { "uv": [ 1.501546, 1.001585, 11.50029, 15.99938 ], "texture": "#brick_wall_2" }
			}
		}
	],
	"display": {
		"thirdperson_righthand": {
			"scale":  [ 0.85, 0.85, 0.85 ]
		},
		"thirdperson_lefthand": {
			"scale":  [ 0.85, 0.85, 0.85 ]
		},
		"firstperson_righthand": {
			"rotation":  [ 0, 45, 0 ],
			"translation":  [ 0, 3, 0 ],
			"scale":  [ 0.4, 0.4, 0.4 ]
		},
		"firstperson_lefthand": {
			"rotation":  [ 0, 45, 0 ],
			"translation":  [ 0, 3, 0 ],
			"scale":  [ 0.4, 0.4, 0.4 ]
		},
		"gui": {
			"rotation":  [ 30, 225, 0 ],
			"scale":  [ 0.725, 0.725, 0.725 ]
		},
		"ground": {
			"translation":  [ 0, 3, 0 ],
			"scale":  [ 0.25, 0.25, 0.25 ]
		},
		"fixed": {
			"scale":  [ 0.5, 0.5, 0.5 ]
		}
	}
}