{
	"__comment": "Designed by Intermacgod with BDcraft Cubik PRO 0.85 Beta - http://bdcraft.net",
	"gui_light": "front",
	"ambientocclusion": false,
	"textures": {
		"particle": "block/b/brick_wall/brick_wall",
		"brick_wall_1": "block/b/brick_wall/brick_wall_1",
		"brick_wall_2": "block/b/brick_wall/brick_wall_2"
	},
	"elements": [ 	 
		{
			"__comment": "Element",
			"from": [ 5.9996, 5.9991, 2.5006 ],
			"to": [ 6.4996, 8.4991, 7.5006 ],
			"faces": {
				"down": { "uv": [ 6.000625, 8.500625, 6.499375, 13.49938 ], "texture": "#brick_wall_1" },
				"up": { "uv": [ 6.000625, 2.500625, 6.499375, 7.499374 ], "texture": "#brick_wall_1" },
				"north": { "uv": [ 9.500625, 7.500626, 9.999375, 9.999375 ], "texture": "#brick_wall_1" },
				"south": { "uv": [ 6.000625, 7.500626, 6.499375, 9.999375 ], "texture": "#brick_wall_1" },
				"west": { "uv": [ 2.500625, 7.500626, 7.499373, 9.999375 ], "texture": "#brick_wall_1" }
			}
		},
		{
			"__comment": "Element",
			"from": [ 5.9991, -0.0008, -0.0008 ],
			"to": [ 6.4991, 2.4992, 1.9992 ],
			"faces": {
				"down": { "uv": [ 6.000625, 14.00062, 6.499375, 15.99938 ], "texture": "#brick_wall_1" },
				"up": { "uv": [ 6.000625, 0.000624657, 6.499375, 1.999375 ], "texture": "#brick_wall_1" },
				"north": { "uv": [ 9.500625, 13.50062, 9.999375, 15.99938 ], "texture": "#brick_wall_1" },
				"south": { "uv": [ 6.000625, 13.50062, 6.499375, 15.99938 ], "texture": "#brick_wall_1" },
				"west": { "uv": [ 0.000625, 13.50062, 1.999375, 15.99938 ], "texture": "#brick_wall_1" }
			}
		},
		{
			"__comment": "Element",
			"from": [ 6.4995, -0.0009, -0.0015 ],
			"to": [ 9.499498, 15.9991, 7.9985 ],
			"faces": {
				"down": { "uv": [ 6.499658, 8.001454, 9.498408, 15.99938 ], "texture": "#brick_wall_1" },
				"up": { "uv": [ 6.499658, 0.000624657, 9.498408, 7.998545 ], "texture": "#brick_wall_1" },
				"north": { "uv": [ 6.501592, 0.001570702, 9.500342, 15.99938 ], "texture": "#brick_wall_1" },
				"south": { "uv": [ 6.499658, 0.001570702, 9.498408, 15.99938 ], "texture": "#brick_wall_1" },
				"west": { "uv": [ 0.000625, 0.001570702, 7.998545, 15.99938 ], "texture": "#brick_wall_2" },
				"east": { "uv": [ 8.001455, 0.001570702, 15.99938, 15.99938 ], "texture": "#brick_wall_2" }
			}
		},
		{
			"__comment": "Element",
			"from": [ 6.0001, 6.0005, -0.0008 ],
			"to": [ 6.5001, 8.500498, 1.9992 ],
			"faces": {
				"down": { "uv": [ 5.999805, 14.00052, 6.498555, 15.99927 ], "texture": "#brick_wall_1" },
				"up": { "uv": [ 5.999805, 0.000728607, 6.498555, 1.999479 ], "texture": "#brick_wall_1" },
				"north": { "uv": [ 9.501445, 7.501034, 10.0002, 9.999784 ], "texture": "#brick_wall_1" },
				"south": { "uv": [ 5.999805, 7.501034, 6.498555, 9.999784 ], "texture": "#brick_wall_1" },
				"west": { "uv": [ 0.000728996, 7.501034, 1.999479, 9.999784 ], "texture": "#brick_wall_1" }
			}
		},
		{
			"__comment": "Element",
			"from": [ 6, 0, 2.501 ],
			"to": [ 6.5, 2.5, 7.501 ],
			"faces": {
				"down": { "uv": [ 6.000625, 8.500625, 6.499375, 13.49938 ], "texture": "#brick_wall_1" },
				"up": { "uv": [ 6.000625, 2.500625, 6.499375, 7.499374 ], "texture": "#brick_wall_1" },
				"north": { "uv": [ 9.500625, 13.50062, 9.999375, 15.99938 ], "texture": "#brick_wall_1" },
				"south": { "uv": [ 6.000625, 13.50062, 6.499375, 15.99938 ], "texture": "#brick_wall_1" },
				"west": { "uv": [ 2.500625, 13.50062, 7.499373, 15.99938 ], "texture": "#brick_wall_1" }
			}
		},
		{
			"__comment": "Element",
			"from": [ 6.0005, 2.9994, 0.0003 ],
			"to": [ 6.5005, 5.499401, 5.0003 ],
			"faces": {
				"down": { "uv": [ 6.000625, 11.00062, 6.499375, 15.99938 ], "texture": "#brick_wall_1" },
				"up": { "uv": [ 6.000625, 0.000624657, 6.499375, 4.999374 ], "texture": "#brick_wall_1" },
				"north": { "uv": [ 9.500625, 10.50062, 9.999375, 12.99938 ], "texture": "#brick_wall_1" },
				"south": { "uv": [ 6.000625, 10.50062, 6.499375, 12.99938 ], "texture": "#brick_wall_1" },
				"west": { "uv": [ 0.000625, 10.50062, 4.999375, 12.99938 ], "texture": "#brick_wall_1" }
			}
		},
		{
			"__comment": "Element",
			"from": [ 5.9992, 2.9999, 5.4994 ],
			"to": [ 6.4992, 5.4999, 7.9994 ],
			"faces": {
				"down": { "uv": [ 6.000625, 8.000625, 6.499375, 10.49938 ], "texture": "#brick_wall_1" },
				"up": { "uv": [ 6.000625, 5.500626, 6.499375, 7.999374 ], "texture": "#brick_wall_1" },
				"north": { "uv": [ 9.500625, 10.50062, 9.999375, 12.99938 ], "texture": "#brick_wall_1" },
				"south": { "uv": [ 6.000625, 10.50062, 6.499375, 12.99938 ], "texture": "#brick_wall_1" },
				"west": { "uv": [ 5.500625, 10.50062, 7.999375, 12.99938 ], "texture": "#brick_wall_1" }
			}
		},
		{
			"__comment": "Element",
			"from": [ 9.500899, 5.9994, 2.9992 ],
			"to": [ 10.0009, 8.499399, 7.9992 ],
			"faces": {
				"down": { "uv": [ 9.500625, 8.000625, 9.999375, 12.99938 ], "texture": "#brick_wall_1" },
				"up": { "uv": [ 9.500625, 3.000625, 9.999375, 7.999374 ], "texture": "#brick_wall_1" },
				"north": { "uv": [ 6.000625, 7.500626, 6.499375, 9.999375 ], "texture": "#brick_wall_1" },
				"south": { "uv": [ 9.500625, 7.500626, 9.999375, 9.999375 ], "texture": "#brick_wall_1" },
				"east": { "uv": [ 8.000625, 7.500626, 12.99938, 9.999375 ], "texture": "#brick_wall_1" }
			}
		},
		{
			"__comment": "Element",
			"from": [ 9.5004, 6.0003, -0.0003 ],
			"to": [ 10.0004, 8.5003, 2.4997 ],
			"faces": {
				"down": { "uv": [ 9.500625, 13.50062, 9.999375, 15.99938 ], "texture": "#brick_wall_1" },
				"up": { "uv": [ 9.500625, 0.000624657, 9.999375, 2.499375 ], "texture": "#brick_wall_1" },
				"north": { "uv": [ 6.000625, 7.500626, 6.499375, 9.999375 ], "texture": "#brick_wall_1" },
				"south": { "uv": [ 9.500625, 7.500626, 9.999375, 9.999375 ], "texture": "#brick_wall_1" },
				"east": { "uv": [ 13.50062, 7.500626, 15.99938, 9.999375 ], "texture": "#brick_wall_1" }
			}
		},
		{
			"__comment": "Element",
			"from": [ 9.4991, -0.0006, 2.9996 ],
			"to": [ 9.9991, 2.4994, 7.9996 ],
			"faces": {
				"down": { "uv": [ 9.500625, 8.000625, 9.999375, 12.99938 ], "texture": "#brick_wall_1" },
				"up": { "uv": [ 9.500625, 3.000625, 9.999375, 7.999374 ], "texture": "#brick_wall_1" },
				"north": { "uv": [ 6.000625, 13.50062, 6.499375, 15.99938 ], "texture": "#brick_wall_1" },
				"south": { "uv": [ 9.500625, 13.50062, 9.999375, 15.99938 ], "texture": "#brick_wall_1" },
				"east": { "uv": [ 8.000625, 13.50062, 12.99938, 15.99938 ], "texture": "#brick_wall_1" }
			}
		},
		{
			"__comment": "Element",
			"from": [ 9.5005, 0.0002, -0.0005 ],
			"to": [ 10.0005, 2.5002, 2.499501 ],
			"faces": {
				"down": { "uv": [ 9.500625, 13.50062, 9.999375, 15.99938 ], "texture": "#brick_wall_1" },
				"up": { "uv": [ 9.500625, 0.000624657, 9.999375, 2.499375 ], "texture": "#brick_wall_1" },
				"north": { "uv": [ 6.000625, 13.50062, 6.499375, 15.99938 ], "texture": "#brick_wall_1" },
				"south": { "uv": [ 9.500625, 13.50062, 9.999375, 15.99938 ], "texture": "#brick_wall_1" },
				"east": { "uv": [ 13.50062, 13.50062, 15.99938, 15.99938 ], "texture": "#brick_wall_1" }
			}
		},
		{
			"__comment": "Element",
			"from": [ 9.499499, 3.0006, 5.4992 ],
			"to": [ 9.999499, 5.5006, 7.9992 ],
			"faces": {
				"down": { "uv": [ 9.500625, 8.000625, 9.999375, 10.49938 ], "texture": "#brick_wall_1" },
				"up": { "uv": [ 9.500625, 5.500626, 9.999375, 7.999374 ], "texture": "#brick_wall_1" },
				"north": { "uv": [ 6.000625, 10.50062, 6.499375, 12.99938 ], "texture": "#brick_wall_1" },
				"south": { "uv": [ 9.500625, 10.50062, 9.999375, 12.99938 ], "texture": "#brick_wall_1" },
				"east": { "uv": [ 8.000625, 10.50062, 10.49938, 12.99938 ], "texture": "#brick_wall_1" }
			}
		},
		{
			"__comment": "Element",
			"from": [ 9.4999, 3.0006, 0.4992 ],
			"to": [ 9.9999, 5.5006, 4.9992 ],
			"faces": {
				"down": { "uv": [ 9.500625, 11.00062, 9.999375, 15.49938 ], "texture": "#brick_wall_1" },
				"up": { "uv": [ 9.500625, 0.5006247, 9.999375, 4.999374 ], "texture": "#brick_wall_1" },
				"north": { "uv": [ 6.000625, 10.50062, 6.499375, 12.99938 ], "texture": "#brick_wall_1" },
				"south": { "uv": [ 9.500625, 10.50062, 9.999375, 12.99938 ], "texture": "#brick_wall_1" },
				"east": { "uv": [ 11.00062, 10.50062, 15.49938, 12.99938 ], "texture": "#brick_wall_1" }
			}
		},
		{
			"__comment": "Element",
			"from": [ 6.0003, 8.9998, 0.0006 ],
			"to": [ 6.5003, 11.4998, 5.0006 ],
			"faces": {
				"down": { "uv": [ 6.000625, 11.00062, 6.499375, 15.99938 ], "texture": "#brick_wall_1" },
				"up": { "uv": [ 6.000625, 0.000624657, 6.499375, 4.999374 ], "texture": "#brick_wall_1" },
				"north": { "uv": [ 9.500625, 4.500626, 9.999375, 6.999374 ], "texture": "#brick_wall_1" },
				"south": { "uv": [ 6.000625, 4.500626, 6.499375, 6.999374 ], "texture": "#brick_wall_1" },
				"west": { "uv": [ 0.000625, 4.500626, 4.999375, 6.999374 ], "texture": "#brick_wall_1" }
			}
		},
		{
			"__comment": "Element",
			"from": [ 5.9997, 8.9991, 5.5001 ],
			"to": [ 6.4997, 11.4991, 8.0001 ],
			"faces": {
				"down": { "uv": [ 6.000625, 8.000625, 6.499375, 10.49938 ], "texture": "#brick_wall_1" },
				"up": { "uv": [ 6.000625, 5.500626, 6.499375, 7.999374 ], "texture": "#brick_wall_1" },
				"north": { "uv": [ 9.500625, 4.500626, 9.999375, 6.999374 ], "texture": "#brick_wall_1" },
				"south": { "uv": [ 6.000625, 4.500626, 6.499375, 6.999374 ], "texture": "#brick_wall_1" },
				"west": { "uv": [ 5.500625, 4.500626, 7.999375, 6.999374 ], "texture": "#brick_wall_1" }
			}
		},
		{
			"__comment": "Element",
			"from": [ 6.0002, 11.9995, 0.0005 ],
			"to": [ 6.5002, 14.4995, 2.000499 ],
			"faces": {
				"down": { "uv": [ 6.000625, 14.00062, 6.499375, 15.99938 ], "texture": "#brick_wall_1" },
				"up": { "uv": [ 6.000625, 0.000624657, 6.499375, 1.999375 ], "texture": "#brick_wall_1" },
				"north": { "uv": [ 9.500625, 1.500625, 9.999375, 3.999375 ], "texture": "#brick_wall_1" },
				"south": { "uv": [ 6.000625, 1.500625, 6.499375, 3.999375 ], "texture": "#brick_wall_1" },
				"west": { "uv": [ 0.000625, 1.500625, 1.999375, 3.999375 ], "texture": "#brick_wall_1" }
			}
		},
		{
			"__comment": "Element",
			"from": [ 5.9997, 12.0009, 2.4995 ],
			"to": [ 6.4997, 14.5009, 7.4995 ],
			"faces": {
				"down": { "uv": [ 6.000625, 8.500625, 6.499375, 13.49938 ], "texture": "#brick_wall_1" },
				"up": { "uv": [ 6.000625, 2.500625, 6.499375, 7.499374 ], "texture": "#brick_wall_1" },
				"north": { "uv": [ 9.500625, 1.500625, 9.999375, 3.999375 ], "texture": "#brick_wall_1" },
				"south": { "uv": [ 6.000625, 1.500625, 6.499375, 3.999375 ], "texture": "#brick_wall_1" },
				"west": { "uv": [ 2.500625, 1.500625, 7.499373, 3.999375 ], "texture": "#brick_wall_1" }
			}
		},
		{
			"__comment": "Element",
			"from": [ 9.4998, 8.9999, 0.5008 ],
			"to": [ 9.9998, 11.4999, 5.000801 ],
			"faces": {
				"down": { "uv": [ 9.500625, 11.00062, 9.999375, 15.49938 ], "texture": "#brick_wall_1" },
				"up": { "uv": [ 9.500625, 0.5006247, 9.999375, 4.999374 ], "texture": "#brick_wall_1" },
				"north": { "uv": [ 6.000625, 4.500626, 6.499375, 6.999374 ], "texture": "#brick_wall_1" },
				"south": { "uv": [ 9.500625, 4.500626, 9.999375, 6.999374 ], "texture": "#brick_wall_1" },
				"east": { "uv": [ 11.00062, 4.500626, 15.49938, 6.999374 ], "texture": "#brick_wall_1" }
			}
		},
		{
			"__comment": "Element",
			"from": [ 9.499499, 12.0008, 3.0003 ],
			"to": [ 9.999499, 14.5008, 8.000301 ],
			"faces": {
				"down": { "uv": [ 9.500625, 8.000625, 9.999375, 12.99938 ], "texture": "#brick_wall_1" },
				"up": { "uv": [ 9.500625, 3.000625, 9.999375, 7.999374 ], "texture": "#brick_wall_1" },
				"north": { "uv": [ 6.000625, 1.500625, 6.499375, 3.999375 ], "texture": "#brick_wall_1" },
				"south": { "uv": [ 9.500625, 1.500625, 9.999375, 3.999375 ], "texture": "#brick_wall_1" },
				"east": { "uv": [ 8.000625, 1.500625, 12.99938, 3.999375 ], "texture": "#brick_wall_1" }
			}
		},
		{
			"__comment": "Element",
			"from": [ 9.4997, 11.9991, 0.0006 ],
			"to": [ 9.9997, 14.4991, 2.5006 ],
			"faces": {
				"down": { "uv": [ 9.500625, 13.50062, 9.999375, 15.99938 ], "texture": "#brick_wall_1" },
				"up": { "uv": [ 9.500625, 0.000624657, 9.999375, 2.499375 ], "texture": "#brick_wall_1" },
				"north": { "uv": [ 6.000625, 1.500625, 6.499375, 3.999375 ], "texture": "#brick_wall_1" },
				"south": { "uv": [ 9.500625, 1.500625, 9.999375, 3.999375 ], "texture": "#brick_wall_1" },
				"east": { "uv": [ 13.50062, 1.500625, 15.99938, 3.999375 ], "texture": "#brick_wall_1" }
			}
		},
		{
			"__comment": "Element",
			"from": [ 6.0002, 14.9998, 0.0005 ],
			"to": [ 6.5002, 15.4998, 5.0005 ],
			"faces": {
				"down": { "uv": [ 6.000625, 11.00062, 6.499375, 15.99938 ], "texture": "#brick_wall_1" },
				"up": { "uv": [ 6.000625, 0.000624657, 6.499375, 4.999374 ], "texture": "#brick_wall_1" },
				"north": { "uv": [ 9.500625, 0.5006247, 9.999375, 0.9993753 ], "texture": "#brick_wall_1" },
				"south": { "uv": [ 6.000625, 0.5006247, 6.499375, 0.9993753 ], "texture": "#brick_wall_1" },
				"west": { "uv": [ 0.000625, 0.5006247, 4.999375, 0.9993753 ], "texture": "#brick_wall_1" }
			}
		},
		{
			"__comment": "Element",
			"from": [ 6.0002, 15.0005, 5.4999 ],
			"to": [ 6.5002, 15.5005, 7.9999 ],
			"faces": {
				"down": { "uv": [ 6.000625, 8.000625, 6.499375, 10.49938 ], "texture": "#brick_wall_1" },
				"up": { "uv": [ 6.000625, 5.500626, 6.499375, 7.999374 ], "texture": "#brick_wall_1" },
				"north": { "uv": [ 9.500625, 0.5006247, 9.999375, 0.9993753 ], "texture": "#brick_wall_1" },
				"south": { "uv": [ 6.000625, 0.5006247, 6.499375, 0.9993753 ], "texture": "#brick_wall_1" },
				"west": { "uv": [ 5.500625, 0.5006247, 7.999375, 0.9993753 ], "texture": "#brick_wall_1" }
			}
		},
		{
			"__comment": "Element",
			"from": [ 9.4997, 9.000899, 5.4998 ],
			"to": [ 9.9997, 11.5009, 7.9998 ],
			"faces": {
				"down": { "uv": [ 9.500625, 8.000625, 9.999375, 10.49938 ], "texture": "#brick_wall_1" },
				"up": { "uv": [ 9.500625, 5.500626, 9.999375, 7.999374 ], "texture": "#brick_wall_1" },
				"north": { "uv": [ 6.000625, 4.500626, 6.499375, 6.999374 ], "texture": "#brick_wall_1" },
				"south": { "uv": [ 9.500625, 4.500626, 9.999375, 6.999374 ], "texture": "#brick_wall_1" },
				"east": { "uv": [ 8.000625, 4.500626, 10.49938, 6.999374 ], "texture": "#brick_wall_1" }
			}
		},
		{
			"__comment": "Element",
			"from": [ 9.4994, 15.0001, 5.4993 ],
			"to": [ 9.9994, 15.5001, 7.9993 ],
			"faces": {
				"down": { "uv": [ 9.500625, 8.000625, 9.999375, 10.49938 ], "texture": "#brick_wall_1" },
				"up": { "uv": [ 9.500625, 5.500626, 9.999375, 7.999374 ], "texture": "#brick_wall_1" },
				"north": { "uv": [ 6.000625, 0.5006247, 6.499375, 0.9993753 ], "texture": "#brick_wall_1" },
				"south": { "uv": [ 9.500625, 0.5006247, 9.999375, 0.9993753 ], "texture": "#brick_wall_1" },
				"east": { "uv": [ 8.000625, 0.5006247, 10.49938, 0.9993753 ], "texture": "#brick_wall_1" }
			}
		},
		{
			"__comment": "Element",
			"from": [ 9.5005, 14.9995, 0.4996 ],
			"to": [ 10.0005, 15.4995, 4.9996 ],
			"faces": {
				"down": { "uv": [ 9.500625, 11.00062, 9.999375, 15.49938 ], "texture": "#brick_wall_1" },
				"up": { "uv": [ 9.500625, 0.5006247, 9.999375, 4.999374 ], "texture": "#brick_wall_1" },
				"north": { "uv": [ 6.000625, 0.5006247, 6.499375, 0.9993753 ], "texture": "#brick_wall_1" },
				"south": { "uv": [ 9.500625, 0.5006247, 9.999375, 0.9993753 ], "texture": "#brick_wall_1" },
				"east": { "uv": [ 11.00062, 0.5006247, 15.49938, 0.9993753 ], "texture": "#brick_wall_1" }
			}
		}
	],
	"display": {
		"thirdperson_righthand": {
			"rotation":  [ 74, 45, 0 ],
			"translation":  [ 0, -0.5, 0 ],
			"scale":  [ 0.375, 0.375, 0.375 ]
		},
		"thirdperson_lefthand": {
			"rotation":  [ 74, 45, 0 ],
			"translation":  [ 0, -0.5, 0 ],
			"scale":  [ 0.375, 0.375, 0.375 ]
		},
		"firstperson_righthand": {
			"rotation":  [ 0, 45, 0 ],
			"translation":  [ 5, 2, 0 ],
			"scale":  [ 0.4, 0.4, 0.4 ]
		},
		"firstperson_lefthand": {
			"rotation":  [ 0, 45, 0 ],
			"translation":  [ 5, 2, 0 ],
			"scale":  [ 0.4, 0.4, 0.4 ]
		},
		"gui": {
			"rotation":  [ 30, 225, 0 ],
			"scale":  [ 0.625, 0.625, 0.625 ]
		},
		"ground": {
			"translation":  [ 0, 2, 0 ],
			"scale":  [ 0.5, 0.5, 0.5 ]
		}
	}
}