{
	"__comment": "Designed by Interhell2000 with Cubik Studio - https://cubik.studio",
	"gui_light": "front",
	"ambientocclusion": false,
	"textures": {
		"particle": "block/b/bricks/bricks",
		"bricks_1": "block/b/bricks/bricks_1",
		"bricks_2": "block/b/bricks/bricks_2"
	},
	"elements": [ 	 
		{
			"__comment": "Box17",
			"from": [ 4.5008, 7.9997, -0.4997 ],
			"to": [ 11.5008, 10.9997, 0.000300139 ],
			"faces": {
				"down": { "uv": [ 1.000625, 2.500625, 7.999375, 2.999375 ], "texture": "#bricks_1", "cullface": "north" },
				"up": { "uv": [ 4.500625, 15.50062, 11.49938, 15.99938 ], "texture": "#bricks_1", "cullface": "north" },
				"north": { "uv": [ 4.500625, 5.000626, 11.49938, 7.999374 ], "texture": "#bricks_1", "cullface": "north" },
				"west": { "uv": [ 15.50062, 5.000626, 15.99938, 7.999374 ], "texture": "#bricks_1", "cullface": "north" },
				"east": { "uv": [ 0.000625, 5.000626, 0.499375, 7.999374 ], "texture": "#bricks_1", "cullface": "north" }
			}
		},
		{
			"__comment": "Box17",
			"from": [ 4.4997, -0.0002, 15.9995 ],
			"to": [ 11.4997, 2.9998, 16.4995 ],
			"faces": {
				"down": { "uv": [ 4.500625, 15.50062, 11.49938, 15.99938 ], "texture": "#bricks_1", "cullface": "south" },
				"up": { "uv": [ 1.000625, 2.500625, 7.999375, 2.999375 ], "texture": "#bricks_1", "cullface": "south" },
				"south": { "uv": [ 4.500625, 13.00062, 11.49938, 15.99938 ], "texture": "#bricks_1", "cullface": "south" },
				"west": { "uv": [ 0.000625, 13.00062, 0.499375, 15.99938 ], "texture": "#bricks_1", "cullface": "south" },
				"east": { "uv": [ 15.50062, 13.00062, 15.99938, 15.99938 ], "texture": "#bricks_1", "cullface": "south" }
			}
		},
		{
			"__comment": "Box17",
			"from": [ 4.4993, 8.0009, 16.0003 ],
			"to": [ 11.4993, 11.0009, 16.5003 ],
			"faces": {
				"down": { "uv": [ 4.500625, 15.50062, 11.49938, 15.99938 ], "texture": "#bricks_1", "cullface": "south" },
				"up": { "uv": [ 1.000625, 2.500625, 7.999375, 2.999375 ], "texture": "#bricks_1", "cullface": "south" },
				"south": { "uv": [ 4.500625, 5.000626, 11.49938, 7.999374 ], "texture": "#bricks_1", "cullface": "south" },
				"west": { "uv": [ 0.000625, 5.000626, 0.499375, 7.999374 ], "texture": "#bricks_1", "cullface": "south" },
				"east": { "uv": [ 15.50062, 5.000626, 15.99938, 7.999374 ], "texture": "#bricks_1", "cullface": "south" }
			}
		},
		{
			"__comment": "Box20",
			"from": [ -0.5, 0.0003, 4.5006 ],
			"to": [ 0, 3.0003, 11.5006 ],
			"faces": {
				"down": { "uv": [ 4.500625, 5.500626, 11.49938, 6.499374 ], "texture": "#bricks_1", "cullface": "west" },
				"up": { "uv": [ 9.000625, 1.500625, 15.99938, 2.499375 ], "texture": "#bricks_1", "cullface": "west" },
				"north": { "uv": [ 0.000625, 13.00062, 0.499375, 15.99938 ], "texture": "#bricks_1", "cullface": "west" },
				"south": { "uv": [ 15.50062, 13.00062, 15.99938, 15.99938 ], "texture": "#bricks_1", "cullface": "west" },
				"west": { "uv": [ 4.500625, 13.00062, 11.49938, 15.99938 ], "texture": "#bricks_1", "cullface": "west" }
			}
		},
		{
			"__comment": "Box20",
			"from": [ 16.0009, 0.0002, 4.5002 ],
			"to": [ 16.5009, 3.0002, 11.50019 ],
			"faces": {
				"down": { "uv": [ 1.000625, 1.500625, 7.999375, 2.499375 ], "texture": "#bricks_1", "cullface": "east" },
				"up": { "uv": [ 4.000625, 6.000626, 11.49938, 6.999374 ], "texture": "#bricks_1", "cullface": "east" },
				"north": { "uv": [ 15.50062, 13.00062, 15.99938, 15.99938 ], "texture": "#bricks_1", "cullface": "east" },
				"south": { "uv": [ 0.000625, 13.00062, 0.499375, 15.99938 ], "texture": "#bricks_1", "cullface": "east" },
				"east": { "uv": [ 4.500625, 13.00062, 11.49938, 15.99938 ], "texture": "#bricks_1", "cullface": "east" }
			}
		},
		{
			"__comment": "Box17",
			"from": [ 4.4992, 0.0008, -0.5009 ],
			"to": [ 11.4992, 3.0008, -0.000899971 ],
			"faces": {
				"down": { "uv": [ 1.000625, 2.000625, 7.999375, 2.499375 ], "texture": "#bricks_1", "cullface": "north" },
				"up": { "uv": [ 4.500625, 15.50062, 11.49938, 15.99938 ], "texture": "#bricks_1", "cullface": "north" },
				"north": { "uv": [ 4.500625, 13.00062, 11.49938, 15.99938 ], "texture": "#bricks_1", "cullface": "north" },
				"west": { "uv": [ 15.50062, 13.00062, 15.99938, 15.99938 ], "texture": "#bricks_1", "cullface": "north" },
				"east": { "uv": [ 0.000625, 13.00062, 0.499375, 15.99938 ], "texture": "#bricks_1", "cullface": "north" }
			}
		},
		{
			"__comment": "Box20",
			"from": [ -0.5008, 8, 4.4994 ],
			"to": [ -0.000800014, 11, 11.4994 ],
			"faces": {
				"down": { "uv": [ 4.500625, 6.000626, 11.49938, 6.499374 ], "texture": "#bricks_1", "cullface": "west" },
				"up": { "uv": [ 9.500625, 10.00062, 15.99938, 10.99938 ], "texture": "#bricks_1", "cullface": "west" },
				"north": { "uv": [ 0.000625, 5.000626, 0.499375, 7.999374 ], "texture": "#bricks_1", "cullface": "west" },
				"south": { "uv": [ 15.50062, 5.000626, 15.99938, 7.999374 ], "texture": "#bricks_1", "cullface": "west" },
				"west": { "uv": [ 4.500625, 5.000626, 11.49938, 7.999374 ], "texture": "#bricks_1", "cullface": "west" }
			}
		},
		{
			"__comment": "Box20",
			"from": [ 16.0001, 7.9991, 4.5006 ],
			"to": [ 16.5001, 10.99909, 11.5006 ],
			"faces": {
				"down": { "uv": [ 4.500625, 5.500626, 11.49938, 5.999374 ], "texture": "#bricks_1", "cullface": "east" },
				"up": { "uv": [ 1.000625, 10.00062, 7.999375, 10.49938 ], "texture": "#bricks_1", "cullface": "east" },
				"north": { "uv": [ 15.50062, 5.000626, 15.99938, 7.999374 ], "texture": "#bricks_1", "cullface": "east" },
				"south": { "uv": [ 0.000625, 5.000626, 0.499375, 7.999374 ], "texture": "#bricks_1", "cullface": "east" },
				"east": { "uv": [ 4.500625, 5.000626, 11.49938, 7.999374 ], "texture": "#bricks_1", "cullface": "east" }
			}
		},
		{
			"__comment": "Box25",
			"from": [ 1.001, 3.9996, 16.0002 ],
			"to": [ 8.000999, 6.9996, 16.5002 ],
			"faces": {
				"down": { "uv": [ 5.000625, 14.00062, 11.99938, 14.49938 ], "texture": "#bricks_1", "cullface": "south" },
				"up": { "uv": [ 1.000625, 2.000625, 7.999375, 2.499375 ], "texture": "#bricks_1", "cullface": "south" },
				"south": { "uv": [ 1.000625, 9.000625, 7.999375, 11.99938 ], "texture": "#bricks_1", "cullface": "south" },
				"west": { "uv": [ 2.000625, 9.000625, 2.499375, 11.99938 ], "texture": "#bricks_1", "cullface": "south" },
				"east": { "uv": [ 15.50062, 9.000625, 15.99938, 11.99938 ], "texture": "#bricks_1", "cullface": "south" }
			}
		},
		{
			"__comment": "Box25",
			"from": [ 8.999499, 4.0003, 15.9992 ],
			"to": [ 15.9995, 7.0003, 16.4992 ],
			"faces": {
				"down": { "uv": [ 4.500625, 15.00062, 11.49938, 15.49938 ], "texture": "#bricks_1", "cullface": "south" },
				"up": { "uv": [ 9.000625, 2.000625, 15.99938, 2.499375 ], "texture": "#bricks_1", "cullface": "south" },
				"south": { "uv": [ 9.000625, 9.000625, 15.99938, 11.99938 ], "texture": "#bricks_1", "cullface": "south" },
				"west": { "uv": [ 2.000625, 9.000625, 2.499375, 11.99938 ], "texture": "#bricks_1", "cullface": "south" },
				"east": { "uv": [ 15.50062, 9.000625, 15.99938, 11.99938 ], "texture": "#bricks_1", "cullface": "south" }
			}
		},
		{
			"__comment": "Box25",
			"from": [ 8.999, 12.0002, 15.9993 ],
			"to": [ 15.999, 15.0002, 16.49931 ],
			"faces": {
				"down": { "uv": [ 4.500625, 14.50062, 11.49938, 14.99938 ], "texture": "#bricks_1", "cullface": "south" },
				"up": { "uv": [ 9.000625, 2.000625, 15.99938, 2.499375 ], "texture": "#bricks_1", "cullface": "south" },
				"south": { "uv": [ 9.000625, 1.000625, 15.99938, 3.999375 ], "texture": "#bricks_1", "cullface": "south" },
				"west": { "uv": [ 2.000625, 1.000625, 2.499375, 3.999375 ], "texture": "#bricks_1", "cullface": "south" },
				"east": { "uv": [ 15.50062, 1.000625, 15.99938, 3.999375 ], "texture": "#bricks_1", "cullface": "south" }
			}
		},
		{
			"__comment": "Box25",
			"from": [ 0.9992, 12.0008, 15.9998 ],
			"to": [ 7.9992, 15.0008, 16.4998 ],
			"faces": {
				"down": { "uv": [ 4.500625, 14.00062, 11.49938, 14.49938 ], "texture": "#bricks_1", "cullface": "south" },
				"up": { "uv": [ 1.000625, 2.000625, 7.999375, 2.499375 ], "texture": "#bricks_1", "cullface": "south" },
				"south": { "uv": [ 1.000625, 1.000625, 7.999375, 3.999375 ], "texture": "#bricks_1", "cullface": "south" },
				"west": { "uv": [ 2.000625, 1.000625, 2.499375, 3.999375 ], "texture": "#bricks_1", "cullface": "south" },
				"east": { "uv": [ 15.50062, 1.000625, 15.99938, 3.999375 ], "texture": "#bricks_1", "cullface": "south" }
			}
		},
		{
			"__comment": "Box29",
			"from": [ -0.4998, 3.9995, 0.9995 ],
			"to": [ 0.000199974, 6.999496, 7.9995 ],
			"faces": {
				"down": { "uv": [ 4.500625, 5.500626, 11.49938, 6.499374 ], "texture": "#bricks_1", "cullface": "west" },
				"up": { "uv": [ 9.500625, 2.000625, 15.99938, 2.999375 ], "texture": "#bricks_1", "cullface": "west" },
				"north": { "uv": [ 1.500625, 9.000625, 1.999375, 11.99938 ], "texture": "#bricks_1", "cullface": "west" },
				"south": { "uv": [ 15.50062, 9.000625, 15.99938, 11.99938 ], "texture": "#bricks_1", "cullface": "west" },
				"west": { "uv": [ 1.000625, 9.000625, 7.999375, 11.99938 ], "texture": "#bricks_1", "cullface": "west" }
			}
		},
		{
			"__comment": "Box29",
			"from": [ -0.5002, 4.0002, 8.875999 ],
			"to": [ -0.000199914, 7.0002, 15.87601 ],
			"faces": {
				"down": { "uv": [ 4.500625, 5.500626, 11.49938, 5.999374 ], "texture": "#bricks_1", "cullface": "west" },
				"up": { "uv": [ 9.000625, 10.00062, 15.99938, 10.49938 ], "texture": "#bricks_1", "cullface": "west" },
				"north": { "uv": [ 2.500625, 9.000625, 2.999375, 11.99938 ], "texture": "#bricks_1", "cullface": "west" },
				"south": { "uv": [ 15.50062, 9.000625, 15.99938, 11.99938 ], "texture": "#bricks_1", "cullface": "west" },
				"west": { "uv": [ 9.000625, 9.000625, 15.99938, 11.99938 ], "texture": "#bricks_1", "cullface": "west" }
			}
		},
		{
			"__comment": "Box29",
			"from": [ -0.5, 12.0004, 0.9998 ],
			"to": [ -0.00000006, 15.0004, 7.999801 ],
			"faces": {
				"down": { "uv": [ 9.000625, 9.500625, 15.99938, 10.49938 ], "texture": "#bricks_1", "cullface": "west" },
				"up": { "uv": [ 9.000625, 1.500625, 15.99938, 2.499375 ], "texture": "#bricks_1", "cullface": "west" },
				"north": { "uv": [ 3.000625, 1.000625, 3.499375, 3.999375 ], "texture": "#bricks_1", "cullface": "west" },
				"south": { "uv": [ 15.50062, 1.000625, 15.99938, 3.999375 ], "texture": "#bricks_1", "cullface": "west" },
				"west": { "uv": [ 1.000625, 1.000625, 7.999375, 3.999375 ], "texture": "#bricks_1", "cullface": "west" }
			}
		},
		{
			"__comment": "Box29",
			"from": [ -0.501, 11.9997, 8.8748 ],
			"to": [ -0.000999987, 14.9997, 15.8748 ],
			"faces": {
				"down": { "uv": [ 9.000625, 1.500625, 15.49938, 1.999375 ], "texture": "#bricks_1", "cullface": "west" },
				"up": { "uv": [ 15.99938, 10.00062, 8.500625, 10.49938 ], "texture": "#bricks_1", "cullface": "west" },
				"north": { "uv": [ 2.000625, 1.000625, 2.499375, 3.999375 ], "texture": "#bricks_1", "cullface": "west" },
				"south": { "uv": [ 15.50062, 1.000625, 15.99938, 3.999375 ], "texture": "#bricks_1", "cullface": "west" },
				"west": { "uv": [ 9.000625, 1.000625, 15.99938, 3.999375 ], "texture": "#bricks_1", "cullface": "west" }
			}
		},
		{
			"__comment": "Box33",
			"from": [ 0.125, 3.9992, -0.501 ],
			"to": [ 7.125, 6.999199, -0.000999987 ],
			"faces": {
				"down": { "uv": [ 1.000625, 2.500625, 7.999375, 2.999375 ], "texture": "#bricks_1", "cullface": "north" },
				"up": { "uv": [ 4.500625, 15.00062, 11.49938, 15.49938 ], "texture": "#bricks_1", "cullface": "north" },
				"north": { "uv": [ 9.000625, 9.000625, 15.99938, 11.99938 ], "texture": "#bricks_1", "cullface": "north" },
				"west": { "uv": [ 15.50062, 9.000625, 15.99938, 11.99938 ], "texture": "#bricks_1", "cullface": "north" },
				"east": { "uv": [ 2.000625, 9.000625, 2.499375, 11.99938 ], "texture": "#bricks_1", "cullface": "north" }
			}
		},
		{
			"__comment": "Box33",
			"from": [ 8.000299, 3.9999, -0.501 ],
			"to": [ 15.0003, 6.999899, -0.000999987 ],
			"faces": {
				"down": { "uv": [ 1.000625, 2.500625, 7.999375, 2.999375 ], "texture": "#bricks_1", "cullface": "north" },
				"up": { "uv": [ 4.500625, 15.50062, 11.49938, 15.99938 ], "texture": "#bricks_1", "cullface": "north" },
				"north": { "uv": [ 1.000625, 9.000625, 7.999375, 11.99938 ], "texture": "#bricks_1", "cullface": "north" },
				"west": { "uv": [ 15.50062, 9.000625, 15.99938, 11.99938 ], "texture": "#bricks_1", "cullface": "north" },
				"east": { "uv": [ 1.500625, 9.000625, 1.999375, 11.99938 ], "texture": "#bricks_1", "cullface": "north" }
			}
		},
		{
			"__comment": "Box33",
			"from": [ 8.0008, 12.0005, -0.4997 ],
			"to": [ 15.0008, 15.0005, 0.000300139 ],
			"faces": {
				"down": { "uv": [ 9.000625, 2.000625, 15.99938, 2.499375 ], "texture": "#bricks_1", "cullface": "north" },
				"up": { "uv": [ 4.500625, 14.50062, 11.49938, 14.99938 ], "texture": "#bricks_1", "cullface": "north" },
				"north": { "uv": [ 1.000625, 1.000625, 7.999375, 3.999375 ], "texture": "#bricks_1", "cullface": "north" },
				"west": { "uv": [ 15.50062, 1.000625, 15.99938, 3.999375 ], "texture": "#bricks_1", "cullface": "north" },
				"east": { "uv": [ 1.500625, 1.000625, 1.999375, 3.999375 ], "texture": "#bricks_1", "cullface": "north" }
			}
		},
		{
			"__comment": "Box33",
			"from": [ 0.1251, 12.0006, -0.4993 ],
			"to": [ 7.1251, 15.0006, 0.000700086 ],
			"faces": {
				"down": { "uv": [ 1.000625, 2.500625, 7.999375, 2.999375 ], "texture": "#bricks_1", "cullface": "north" },
				"up": { "uv": [ 4.500625, 15.00062, 11.49938, 15.49938 ], "texture": "#bricks_1", "cullface": "north" },
				"north": { "uv": [ 9.000625, 1.000625, 15.99938, 3.999375 ], "texture": "#bricks_1", "cullface": "north" },
				"west": { "uv": [ 15.50062, 1.000625, 15.99938, 3.999375 ], "texture": "#bricks_1", "cullface": "north" },
				"east": { "uv": [ 2.000625, 1.000625, 2.499375, 3.999375 ], "texture": "#bricks_1", "cullface": "north" }
			}
		},
		{
			"__comment": "Box37",
			"from": [ 16, 4.0008, 8.0004 ],
			"to": [ 16.5, 7.0008, 15.0004 ],
			"faces": {
				"down": { "uv": [ 1.000625, 1.500625, 7.499375, 1.999375 ], "texture": "#bricks_1", "cullface": "east" },
				"up": { "uv": [ 1.000625, 10.00062, 7.999375, 10.49938 ], "texture": "#bricks_1", "cullface": "east" },
				"north": { "uv": [ 15.50062, 9.000625, 15.99938, 11.99938 ], "texture": "#bricks_1", "cullface": "east" },
				"south": { "uv": [ 2.500625, 9.000625, 2.999375, 11.99938 ], "texture": "#bricks_1", "cullface": "east" },
				"east": { "uv": [ 1.000625, 9.000625, 7.999375, 11.99938 ], "texture": "#bricks_1", "cullface": "east" }
			}
		},
		{
			"__comment": "Box37",
			"from": [ 16.0009, 11.9992, 8.0002 ],
			"to": [ 16.5009, 14.9992, 15.0002 ],
			"faces": {
				"down": { "uv": [ 1.000625, 2.000625, 7.499375, 2.499375 ], "texture": "#bricks_1", "cullface": "east" },
				"up": { "uv": [ 1.000625, 9.000625, 7.999375, 9.499375 ], "texture": "#bricks_1", "cullface": "east" },
				"north": { "uv": [ 15.50062, 1.000625, 15.99938, 3.999375 ], "texture": "#bricks_1", "cullface": "east" },
				"south": { "uv": [ 2.000625, 1.000625, 2.499375, 3.999375 ], "texture": "#bricks_1", "cullface": "east" },
				"east": { "uv": [ 1.000625, 1.000625, 7.999375, 3.999375 ], "texture": "#bricks_1", "cullface": "east" }
			}
		},
		{
			"__comment": "Box37",
			"from": [ 15.9999, 3.9992, 0.0003 ],
			"to": [ 16.4999, 6.9992, 7.0003 ],
			"faces": {
				"down": { "uv": [ 1.000625, 10.00062, 7.999375, 10.49938 ], "texture": "#bricks_1", "cullface": "east" },
				"up": { "uv": [ 4.500625, 6.000626, 11.49938, 6.499374 ], "texture": "#bricks_1", "cullface": "east" },
				"north": { "uv": [ 15.50062, 9.000625, 15.99938, 11.99938 ], "texture": "#bricks_1", "cullface": "east" },
				"south": { "uv": [ 2.000625, 9.000625, 2.499375, 11.99938 ], "texture": "#bricks_1", "cullface": "east" },
				"east": { "uv": [ 9.000625, 9.000625, 15.99938, 11.99938 ], "texture": "#bricks_1", "cullface": "east" }
			}
		},
		{
			"__comment": "Box37",
			"from": [ 16.0006, 11.9997, 0.0004 ],
			"to": [ 16.5006, 14.9997, 7.000401 ],
			"faces": {
				"down": { "uv": [ 4.500625, 5.500626, 11.49938, 5.999374 ], "texture": "#bricks_1", "cullface": "east" },
				"up": { "uv": [ 1.000625, 1.500625, 7.999375, 1.999375 ], "texture": "#bricks_1", "cullface": "east" },
				"north": { "uv": [ 15.50062, 1.000625, 15.99938, 3.999375 ], "texture": "#bricks_1", "cullface": "east" },
				"south": { "uv": [ 2.000625, 1.000625, 2.499375, 3.999375 ], "texture": "#bricks_1", "cullface": "east" },
				"east": { "uv": [ 9.000625, 1.000625, 15.99938, 3.999375 ], "texture": "#bricks_1", "cullface": "east" }
			}
		},
		{
			"__comment": "Box41",
			"from": [ 0, 0, 0 ],
			"to": [ 16, 16, 16 ],
			"faces": {
				"down": { "uv": [ 0.000625, 0.000624657, 15.99938, 15.99938 ], "texture": "#bricks_2", "cullface": "down" },
				"up": { "uv": [ 0.000625, 0.000624657, 15.99938, 15.99938 ], "texture": "#bricks_2", "cullface": "up" },
				"north": { "uv": [ 0.000625, 0.000624657, 15.99938, 15.99938 ], "texture": "#bricks_2", "cullface": "north" },
				"south": { "uv": [ 0.000625, 0.000624657, 15.99938, 15.99938 ], "texture": "#bricks_2", "cullface": "south" },
				"west": { "uv": [ 0.000625, 0.000624657, 15.99938, 15.99938 ], "texture": "#bricks_2", "cullface": "west" },
				"east": { "uv": [ 0.000625, 0.000624657, 15.99938, 15.99938 ], "texture": "#bricks_2", "cullface": "east" }
			}
		},
		{
			"__comment": "Box42",
			"from": [ 0.9999, 15.9999, 0.8756 ],
			"to": [ 7.9999, 16.4999, 3.8756 ],
			"faces": {
				"up": { "uv": [ 1.000625, 1.000625, 7.999375, 3.999375 ], "texture": "#bricks_1", "cullface": "up" },
				"north": { "uv": [ 4.500625, 14.50062, 11.49938, 14.99938 ], "texture": "#bricks_1", "cullface": "up" },
				"south": { "uv": [ 4.500625, 14.50062, 11.49938, 14.99938 ], "texture": "#bricks_1", "cullface": "up" },
				"west": { "uv": [ 5.500625, 14.50062, 8.499375, 14.99938 ], "texture": "#bricks_1", "cullface": "up" },
				"east": { "uv": [ 7.000625, 15.00062, 9.999375, 15.49938 ], "texture": "#bricks_1", "cullface": "up" }
			}
		},
		{
			"__comment": "Box42",
			"from": [ 1.0006, -0.5006, 12.1245 ],
			"to": [ 8.0006, -0.00059998, 15.1245 ],
			"faces": {
				"down": { "uv": [ 1.000625, 1.000625, 7.999375, 3.999375 ], "texture": "#bricks_1", "cullface": "down" },
				"north": { "uv": [ 9.000625, 2.000625, 15.99938, 2.499375 ], "texture": "#bricks_1", "cullface": "down" },
				"south": { "uv": [ 1.000625, 2.000625, 7.999375, 2.499375 ], "texture": "#bricks_1", "cullface": "down" },
				"west": { "uv": [ 10.50062, 2.000625, 13.49938, 2.499375 ], "texture": "#bricks_1", "cullface": "down" },
				"east": { "uv": [ 2.000625, 2.000625, 4.999375, 2.499375 ], "texture": "#bricks_1", "cullface": "down" }
			}
		},
		{
			"__comment": "Box42",
			"from": [ 4.5, 16.0005, 4.8744 ],
			"to": [ 11.5, 16.5005, 7.8744 ],
			"faces": {
				"up": { "uv": [ 1.000625, 1.000625, 7.999375, 3.999375 ], "texture": "#bricks_1", "cullface": "up" },
				"north": { "uv": [ 4.500625, 14.50062, 11.49938, 14.99938 ], "texture": "#bricks_1", "cullface": "up" },
				"south": { "uv": [ 4.500625, 14.50062, 11.49938, 14.99938 ], "texture": "#bricks_1", "cullface": "up" },
				"west": { "uv": [ 5.500625, 14.50062, 8.499375, 14.99938 ], "texture": "#bricks_1", "cullface": "up" },
				"east": { "uv": [ 7.000625, 15.00062, 9.999375, 15.49938 ], "texture": "#bricks_1", "cullface": "up" }
			}
		},
		{
			"__comment": "Box42",
			"from": [ 0.9994, 16.0004, 8.8755 ],
			"to": [ 7.9994, 16.5004, 11.8755 ],
			"faces": {
				"up": { "uv": [ 1.000625, 1.000625, 7.999375, 3.999375 ], "texture": "#bricks_1", "cullface": "up" },
				"north": { "uv": [ 4.500625, 14.50062, 11.49938, 14.99938 ], "texture": "#bricks_1", "cullface": "up" },
				"south": { "uv": [ 4.500625, 14.50062, 11.49938, 14.99938 ], "texture": "#bricks_1", "cullface": "up" },
				"west": { "uv": [ 5.500625, 14.50062, 8.499375, 14.99938 ], "texture": "#bricks_1", "cullface": "up" },
				"east": { "uv": [ 7.000625, 15.00062, 9.999375, 15.49938 ], "texture": "#bricks_1", "cullface": "up" }
			}
		},
		{
			"__comment": "Box42",
			"from": [ 9.0005, 15.9993, 8.875899 ],
			"to": [ 16.0005, 16.4993, 11.8759 ],
			"faces": {
				"up": { "uv": [ 1.000625, 1.000625, 7.999375, 3.999375 ], "texture": "#bricks_1", "cullface": "up" },
				"north": { "uv": [ 4.500625, 14.50062, 11.49938, 14.99938 ], "texture": "#bricks_1", "cullface": "up" },
				"south": { "uv": [ 4.500625, 14.50062, 11.49938, 14.99938 ], "texture": "#bricks_1", "cullface": "up" },
				"west": { "uv": [ 5.500625, 14.50062, 8.499375, 14.99938 ], "texture": "#bricks_1", "cullface": "up" },
				"east": { "uv": [ 7.000625, 15.00062, 9.999375, 15.49938 ], "texture": "#bricks_1", "cullface": "up" }
			}
		},
		{
			"__comment": "Box42",
			"from": [ 4.5004, 15.9995, 12.7495 ],
			"to": [ 11.5004, 16.4995, 15.7495 ],
			"faces": {
				"up": { "uv": [ 1.000625, 1.000625, 7.999375, 3.999375 ], "texture": "#bricks_1", "cullface": "up" },
				"north": { "uv": [ 4.500625, 14.50062, 11.49938, 14.99938 ], "texture": "#bricks_1", "cullface": "up" },
				"south": { "uv": [ 4.500625, 14.50062, 11.49938, 14.99938 ], "texture": "#bricks_1", "cullface": "up" },
				"west": { "uv": [ 5.500625, 14.50062, 8.499375, 14.99938 ], "texture": "#bricks_1", "cullface": "up" },
				"east": { "uv": [ 7.000625, 15.00062, 9.999375, 15.49938 ], "texture": "#bricks_1", "cullface": "up" }
			}
		},
		{
			"__comment": "Box42",
			"from": [ 0.1244, 16.0001, 4.8748 ],
			"to": [ 3.6244, 16.5001, 7.8748 ],
			"faces": {
				"up": { "uv": [ 1.000625, 1.000625, 7.999375, 3.999375 ], "texture": "#bricks_1", "cullface": "up" },
				"north": { "uv": [ 4.500625, 14.50062, 11.49938, 14.99938 ], "texture": "#bricks_1", "cullface": "up" },
				"south": { "uv": [ 4.500625, 14.50062, 11.49938, 14.99938 ], "texture": "#bricks_1", "cullface": "up" },
				"west": { "uv": [ 5.500625, 14.50062, 8.499375, 14.99938 ], "texture": "#bricks_1", "cullface": "up" },
				"east": { "uv": [ 7.000625, 15.00062, 9.999375, 15.49938 ], "texture": "#bricks_1", "cullface": "up" }
			}
		},
		{
			"__comment": "Box42",
			"from": [ 12.6253, 16.0003, 4.876 ],
			"to": [ 16.1253, 16.5003, 7.875999 ],
			"faces": {
				"up": { "uv": [ 1.000625, 1.000625, 7.999375, 3.999375 ], "texture": "#bricks_1", "cullface": "up" },
				"north": { "uv": [ 4.500625, 14.50062, 11.49938, 14.99938 ], "texture": "#bricks_1", "cullface": "up" },
				"south": { "uv": [ 4.500625, 14.50062, 11.49938, 14.99938 ], "texture": "#bricks_1", "cullface": "up" },
				"west": { "uv": [ 5.500625, 14.50062, 8.499375, 14.99938 ], "texture": "#bricks_1", "cullface": "up" },
				"east": { "uv": [ 7.000625, 15.00062, 9.999375, 15.49938 ], "texture": "#bricks_1", "cullface": "up" }
			}
		},
		{
			"__comment": "Box42",
			"from": [ 12.6255, 15.9997, 12.7507 ],
			"to": [ 16.1255, 16.4997, 15.7507 ],
			"faces": {
				"up": { "uv": [ 1.000625, 1.000625, 7.999375, 3.999375 ], "texture": "#bricks_1", "cullface": "up" },
				"north": { "uv": [ 4.500625, 14.50062, 11.49938, 14.99938 ], "texture": "#bricks_1", "cullface": "up" },
				"south": { "uv": [ 4.500625, 14.50062, 11.49938, 14.99938 ], "texture": "#bricks_1", "cullface": "up" },
				"west": { "uv": [ 5.500625, 14.50062, 8.499375, 14.99938 ], "texture": "#bricks_1", "cullface": "up" },
				"east": { "uv": [ 7.000625, 15.00062, 9.999375, 15.49938 ], "texture": "#bricks_1", "cullface": "up" }
			}
		},
		{
			"__comment": "Box42",
			"from": [ 0.1243, 16.001, 12.7509 ],
			"to": [ 3.6243, 16.501, 15.7509 ],
			"faces": {
				"up": { "uv": [ 1.000625, 1.000625, 7.999375, 3.999375 ], "texture": "#bricks_1", "cullface": "up" },
				"north": { "uv": [ 4.500625, 14.50062, 11.49938, 14.99938 ], "texture": "#bricks_1", "cullface": "up" },
				"south": { "uv": [ 4.500625, 14.50062, 11.49938, 14.99938 ], "texture": "#bricks_1", "cullface": "up" },
				"west": { "uv": [ 5.500625, 14.50062, 8.499375, 14.99938 ], "texture": "#bricks_1", "cullface": "up" },
				"east": { "uv": [ 7.000625, 15.00062, 9.999375, 15.49938 ], "texture": "#bricks_1", "cullface": "up" }
			}
		},
		{
			"__comment": "Box42",
			"from": [ 8.8754, -0.5004, 12.1252 ],
			"to": [ 15.8754, -0.000400007, 15.1252 ],
			"faces": {
				"down": { "uv": [ 1.000625, 1.000625, 7.999375, 3.999375 ], "texture": "#bricks_1", "cullface": "down" },
				"north": { "uv": [ 9.000625, 2.000625, 15.99938, 2.499375 ], "texture": "#bricks_1", "cullface": "down" },
				"south": { "uv": [ 1.000625, 2.000625, 7.999375, 2.499375 ], "texture": "#bricks_1", "cullface": "down" },
				"west": { "uv": [ 10.50062, 2.000625, 13.49938, 2.499375 ], "texture": "#bricks_1", "cullface": "down" },
				"east": { "uv": [ 2.000625, 2.000625, 4.999375, 2.499375 ], "texture": "#bricks_1", "cullface": "down" }
			}
		},
		{
			"__comment": "Box42",
			"from": [ 4.4991, -0.5004, 8.1242 ],
			"to": [ 11.4991, -0.000400066, 11.1242 ],
			"faces": {
				"down": { "uv": [ 1.000625, 1.000625, 7.999375, 3.999375 ], "texture": "#bricks_1", "cullface": "down" },
				"north": { "uv": [ 9.000625, 2.000625, 15.99938, 2.499375 ], "texture": "#bricks_1", "cullface": "down" },
				"south": { "uv": [ 1.000625, 2.000625, 7.999375, 2.499375 ], "texture": "#bricks_1", "cullface": "down" },
				"west": { "uv": [ 10.50062, 2.000625, 13.49938, 2.499375 ], "texture": "#bricks_1", "cullface": "down" },
				"east": { "uv": [ 2.000625, 2.000625, 4.999375, 2.499375 ], "texture": "#bricks_1", "cullface": "down" }
			}
		},
		{
			"__comment": "Box42",
			"from": [ 1.0008, -0.4997, 4.1247 ],
			"to": [ 8.0008, 0.000300139, 7.1247 ],
			"faces": {
				"down": { "uv": [ 1.000625, 1.000625, 7.999375, 3.999375 ], "texture": "#bricks_1", "cullface": "down" },
				"north": { "uv": [ 9.000625, 2.000625, 15.99938, 2.499375 ], "texture": "#bricks_1", "cullface": "down" },
				"south": { "uv": [ 1.000625, 2.000625, 7.999375, 2.499375 ], "texture": "#bricks_1", "cullface": "down" },
				"west": { "uv": [ 10.50062, 2.000625, 13.49938, 2.499375 ], "texture": "#bricks_1", "cullface": "down" },
				"east": { "uv": [ 2.000625, 2.000625, 4.999375, 2.499375 ], "texture": "#bricks_1", "cullface": "down" }
			}
		},
		{
			"__comment": "Box42",
			"from": [ 8.8743, -0.5, 4.1243 ],
			"to": [ 15.8743, 0, 7.1243 ],
			"faces": {
				"down": { "uv": [ 1.000625, 1.000625, 7.999375, 3.999375 ], "texture": "#bricks_1", "cullface": "down" },
				"north": { "uv": [ 9.000625, 2.000625, 15.99938, 2.499375 ], "texture": "#bricks_1", "cullface": "down" },
				"south": { "uv": [ 1.000625, 2.000625, 7.999375, 2.499375 ], "texture": "#bricks_1", "cullface": "down" },
				"west": { "uv": [ 10.50062, 2.000625, 13.49938, 2.499375 ], "texture": "#bricks_1", "cullface": "down" },
				"east": { "uv": [ 2.000625, 2.000625, 4.999375, 2.499375 ], "texture": "#bricks_1", "cullface": "down" }
			}
		},
		{
			"__comment": "Box42",
			"from": [ 4.4996, -0.4997, 0.25 ],
			"to": [ 11.4996, 0.000300139, 3.25 ],
			"faces": {
				"down": { "uv": [ 1.000625, 1.000625, 7.999375, 3.999375 ], "texture": "#bricks_1", "cullface": "down" },
				"north": { "uv": [ 9.000625, 2.000625, 15.99938, 2.499375 ], "texture": "#bricks_1", "cullface": "down" },
				"south": { "uv": [ 1.000625, 2.000625, 7.999375, 2.499375 ], "texture": "#bricks_1", "cullface": "down" },
				"west": { "uv": [ 10.50062, 2.000625, 13.49938, 2.499375 ], "texture": "#bricks_1", "cullface": "down" },
				"east": { "uv": [ 2.000625, 2.000625, 4.999375, 2.499375 ], "texture": "#bricks_1", "cullface": "down" }
			}
		},
		{
			"__comment": "Box42",
			"from": [ 12.375, -0.5007, 0.251 ],
			"to": [ 15.875, -0.000699997, 3.251 ],
			"faces": {
				"down": { "uv": [ 12.50062, 13.00062, 15.99938, 15.99938 ], "texture": "#bricks_1", "cullface": "down" },
				"north": { "uv": [ 2.500625, 2.500625, 5.999375, 2.999375 ], "texture": "#bricks_1", "cullface": "down" },
				"south": { "uv": [ 11.00062, 2.500625, 14.49938, 2.999375 ], "texture": "#bricks_1", "cullface": "down" },
				"west": { "uv": [ 2.000625, 2.500625, 5.499375, 2.999375 ], "texture": "#bricks_1", "cullface": "down" },
				"east": { "uv": [ 11.00062, 2.000625, 14.49938, 2.499375 ], "texture": "#bricks_1", "cullface": "down" }
			}
		},
		{
			"__comment": "Box42",
			"from": [ 12.3742, -0.4993, 8.1247 ],
			"to": [ 15.8742, 0.000700086, 11.1247 ],
			"faces": {
				"down": { "uv": [ 12.50062, 13.00062, 15.99938, 15.99938 ], "texture": "#bricks_1", "cullface": "down" },
				"north": { "uv": [ 2.500625, 2.500625, 5.999375, 2.999375 ], "texture": "#bricks_1", "cullface": "down" },
				"south": { "uv": [ 11.00062, 2.500625, 14.49938, 2.999375 ], "texture": "#bricks_1", "cullface": "down" },
				"west": { "uv": [ 2.000625, 2.500625, 5.499375, 2.999375 ], "texture": "#bricks_1", "cullface": "down" },
				"east": { "uv": [ 11.00062, 2.000625, 14.49938, 2.499375 ], "texture": "#bricks_1", "cullface": "down" }
			}
		},
		{
			"__comment": "Box42",
			"from": [ -0.1256, -0.5007, 8.1247 ],
			"to": [ 3.3744, -0.000699997, 11.1247 ],
			"faces": {
				"down": { "uv": [ 0.000625, 5.000626, 3.499375, 7.999374 ], "texture": "#bricks_1", "cullface": "down" },
				"north": { "uv": [ 10.50062, 2.500625, 13.99938, 2.999375 ], "texture": "#bricks_1", "cullface": "down" },
				"south": { "uv": [ 2.500625, 2.000625, 5.999375, 2.499375 ], "texture": "#bricks_1", "cullface": "down" },
				"west": { "uv": [ 10.00062, 2.000625, 12.99938, 2.499375 ], "texture": "#bricks_1", "cullface": "down" },
				"east": { "uv": [ 4.000625, 2.000625, 6.999375, 2.499375 ], "texture": "#bricks_1", "cullface": "down" }
			}
		},
		{
			"__comment": "Box42",
			"from": [ -0.1243, -0.5008, 0.2494 ],
			"to": [ 3.3757, -0.000800014, 3.2494 ],
			"faces": {
				"down": { "uv": [ 0.000625, 5.000626, 3.499375, 7.999374 ], "texture": "#bricks_1", "cullface": "down" },
				"north": { "uv": [ 10.50062, 2.500625, 13.99938, 2.999375 ], "texture": "#bricks_1", "cullface": "down" },
				"south": { "uv": [ 2.500625, 2.000625, 5.999375, 2.499375 ], "texture": "#bricks_1", "cullface": "down" },
				"west": { "uv": [ 10.00062, 2.000625, 12.99938, 2.499375 ], "texture": "#bricks_1", "cullface": "down" },
				"east": { "uv": [ 4.000625, 2.000625, 6.999375, 2.499375 ], "texture": "#bricks_1", "cullface": "down" }
			}
		},
		{
			"__comment": "Box42",
			"from": [ 8.8755, 15.9999, 0.8748 ],
			"to": [ 15.8755, 16.4999, 3.8748 ],
			"faces": {
				"up": { "uv": [ 1.000625, 1.000625, 7.999375, 3.999375 ], "texture": "#bricks_1", "cullface": "up" },
				"north": { "uv": [ 4.500625, 14.50062, 11.49938, 14.99938 ], "texture": "#bricks_1", "cullface": "up" },
				"south": { "uv": [ 4.500625, 14.50062, 11.49938, 14.99938 ], "texture": "#bricks_1", "cullface": "up" },
				"west": { "uv": [ 5.500625, 14.50062, 8.499375, 14.99938 ], "texture": "#bricks_1", "cullface": "up" },
				"east": { "uv": [ 7.000625, 15.00062, 9.999375, 15.49938 ], "texture": "#bricks_1", "cullface": "up" }
			}
		},
		{
			"__comment": "Box17",
			"from": [ -0.125, 8, 16 ],
			"to": [ 3.375, 11, 16.5 ],
			"faces": {
				"down": { "uv": [ 0, 15.5, 3.5, 16 ], "texture": "#bricks_1", "cullface": "south" },
				"up": { "uv": [ 0, 0, 3.5, 0.5 ], "texture": "#bricks_1", "cullface": "south" },
				"south": { "uv": [ 0, 5, 3.5, 8 ], "texture": "#bricks_1", "cullface": "south" },
				"west": { "uv": [ 0, 5, 0.5, 8 ], "texture": "#bricks_1", "cullface": "south" },
				"east": { "uv": [ 15.5, 5, 16, 8 ], "texture": "#bricks_1", "cullface": "south" }
			}
		},
		{
			"__comment": "Box17",
			"from": [ 12.375, 8, 16 ],
			"to": [ 15.875, 11, 16.5 ],
			"faces": {
				"down": { "uv": [ 12.5, 15.5, 16, 16 ], "texture": "#bricks_1", "cullface": "south" },
				"up": { "uv": [ 12.5, 0, 16, 0.5 ], "texture": "#bricks_1", "cullface": "south" },
				"south": { "uv": [ 12.5, 5, 16, 8 ], "texture": "#bricks_1", "cullface": "south" },
				"west": { "uv": [ 0, 5, 0.5, 8 ], "texture": "#bricks_1", "cullface": "south" },
				"east": { "uv": [ 15.5, 5, 16, 8 ], "texture": "#bricks_1", "cullface": "south" }
			}
		},
		{
			"__comment": "Box17",
			"from": [ -0.125, 0, 16 ],
			"to": [ 3.375, 3, 16.5 ],
			"faces": {
				"down": { "uv": [ 0, 15.5, 3.5, 16 ], "texture": "#bricks_1", "cullface": "south" },
				"up": { "uv": [ 0, 0, 3.5, 0.5 ], "texture": "#bricks_1", "cullface": "south" },
				"south": { "uv": [ 0, 13, 3.5, 16 ], "texture": "#bricks_1", "cullface": "south" },
				"west": { "uv": [ 0, 13, 0.5, 16 ], "texture": "#bricks_1", "cullface": "south" },
				"east": { "uv": [ 15.5, 13, 16, 16 ], "texture": "#bricks_1", "cullface": "south" }
			}
		},
		{
			"__comment": "Box17",
			"from": [ 12.375, 0, 16 ],
			"to": [ 15.875, 3, 16.5 ],
			"faces": {
				"down": { "uv": [ 12.5, 15.5, 16, 16 ], "texture": "#bricks_1", "cullface": "south" },
				"up": { "uv": [ 12.5, 0, 16, 0.5 ], "texture": "#bricks_1", "cullface": "south" },
				"south": { "uv": [ 12.5, 13, 16, 16 ], "texture": "#bricks_1", "cullface": "south" },
				"west": { "uv": [ 0, 13, 0.5, 16 ], "texture": "#bricks_1", "cullface": "south" },
				"east": { "uv": [ 15.5, 13, 16, 16 ], "texture": "#bricks_1", "cullface": "south" }
			}
		},
		{
			"__comment": "Box20",
			"from": [ -0.5, 8, -0.125 ],
			"to": [ 0, 11, 3.375 ],
			"faces": {
				"down": { "uv": [ 15.5, 12.5, 16, 16 ], "texture": "#bricks_1", "cullface": "west" },
				"up": { "uv": [ 15.5, 0, 16, 3.5 ], "texture": "#bricks_1", "cullface": "west" },
				"north": { "uv": [ 0, 5, 0.5, 8 ], "texture": "#bricks_1", "cullface": "west" },
				"south": { "uv": [ 15.5, 5, 16, 8 ], "texture": "#bricks_1", "cullface": "west" },
				"west": { "uv": [ 0, 5, 3.5, 8 ], "texture": "#bricks_1", "cullface": "west" }
			}
		},
		{
			"__comment": "Box20",
			"from": [ -0.5, 8, 12.375 ],
			"to": [ 0, 11, 15.875 ],
			"faces": {
				"down": { "uv": [ 15.5, 0, 16, 3.5 ], "texture": "#bricks_1", "cullface": "west" },
				"up": { "uv": [ 15.5, 12.5, 16, 16 ], "texture": "#bricks_1", "cullface": "west" },
				"north": { "uv": [ 0, 5, 0.5, 8 ], "texture": "#bricks_1", "cullface": "west" },
				"south": { "uv": [ 15.5, 5, 16, 8 ], "texture": "#bricks_1", "cullface": "west" },
				"west": { "uv": [ 12.5, 5, 16, 8 ], "texture": "#bricks_1", "cullface": "west" }
			}
		},
		{
			"__comment": "Box20",
			"from": [ -0.5, 0, -0.125 ],
			"to": [ 0, 3, 3.375 ],
			"faces": {
				"down": { "uv": [ 15.5, 12.5, 16, 16 ], "texture": "#bricks_1", "cullface": "west" },
				"up": { "uv": [ 15.5, 0, 16, 3.5 ], "texture": "#bricks_1", "cullface": "west" },
				"north": { "uv": [ 0, 13, 0.5, 16 ], "texture": "#bricks_1", "cullface": "west" },
				"south": { "uv": [ 15.5, 13, 16, 16 ], "texture": "#bricks_1", "cullface": "west" },
				"west": { "uv": [ 0, 13, 3.5, 16 ], "texture": "#bricks_1", "cullface": "west" }
			}
		},
		{
			"__comment": "Box20",
			"from": [ -0.5, 0, 12.375 ],
			"to": [ 0, 3, 15.875 ],
			"faces": {
				"down": { "uv": [ 15.5, 0, 16, 3.5 ], "texture": "#bricks_1", "cullface": "west" },
				"up": { "uv": [ 15.5, 12.5, 16, 16 ], "texture": "#bricks_1", "cullface": "west" },
				"north": { "uv": [ 0, 13, 0.5, 16 ], "texture": "#bricks_1", "cullface": "west" },
				"south": { "uv": [ 15.5, 13, 16, 16 ], "texture": "#bricks_1", "cullface": "west" },
				"west": { "uv": [ 12.5, 13, 16, 16 ], "texture": "#bricks_1", "cullface": "west" }
			}
		},
		{
			"__comment": "Box20",
			"from": [ 16, 8, 12.625 ],
			"to": [ 16.5, 11, 16.125 ],
			"faces": {
				"down": { "uv": [ 0, 0, 0.5, 3.5 ], "texture": "#bricks_1", "cullface": "east" },
				"up": { "uv": [ 0, 12.5, 0.5, 16 ], "texture": "#bricks_1", "cullface": "east" },
				"north": { "uv": [ 15.5, 5, 16, 8 ], "texture": "#bricks_1", "cullface": "east" },
				"south": { "uv": [ 0, 5, 0.5, 8 ], "texture": "#bricks_1", "cullface": "east" },
				"east": { "uv": [ 0, 5, 3.5, 8 ], "texture": "#bricks_1", "cullface": "east" }
			}
		},
		{
			"__comment": "Box20",
			"from": [ 16, 8, 0.125 ],
			"to": [ 16.5, 11, 3.625 ],
			"faces": {
				"down": { "uv": [ 0, 12.5, 0.5, 16 ], "texture": "#bricks_1", "cullface": "east" },
				"up": { "uv": [ 0, 0, 0.5, 3.5 ], "texture": "#bricks_1", "cullface": "east" },
				"north": { "uv": [ 15.5, 5, 16, 8 ], "texture": "#bricks_1", "cullface": "east" },
				"south": { "uv": [ 0, 5, 0.5, 8 ], "texture": "#bricks_1", "cullface": "east" },
				"east": { "uv": [ 12.5, 5, 16, 8 ], "texture": "#bricks_1", "cullface": "east" }
			}
		},
		{
			"__comment": "Box20",
			"from": [ 16, 0, 12.625 ],
			"to": [ 16.5, 3, 16.125 ],
			"faces": {
				"down": { "uv": [ 0, 0, 0.5, 3.5 ], "texture": "#bricks_1", "cullface": "east" },
				"up": { "uv": [ 0, 12.5, 0.5, 16 ], "texture": "#bricks_1", "cullface": "east" },
				"north": { "uv": [ 15.5, 13, 16, 16 ], "texture": "#bricks_1", "cullface": "east" },
				"south": { "uv": [ 0, 13, 0.5, 16 ], "texture": "#bricks_1", "cullface": "east" },
				"east": { "uv": [ 0, 13, 3.5, 16 ], "texture": "#bricks_1", "cullface": "east" }
			}
		},
		{
			"__comment": "Box20",
			"from": [ 16, 0, 0.125 ],
			"to": [ 16.5, 3, 3.625 ],
			"faces": {
				"down": { "uv": [ 0, 12.5, 0.5, 16 ], "texture": "#bricks_1", "cullface": "east" },
				"up": { "uv": [ 0, 0, 0.5, 3.5 ], "texture": "#bricks_1", "cullface": "east" },
				"north": { "uv": [ 15.5, 13, 16, 16 ], "texture": "#bricks_1", "cullface": "east" },
				"south": { "uv": [ 0, 13, 0.5, 16 ], "texture": "#bricks_1", "cullface": "east" },
				"east": { "uv": [ 12.5, 13, 16, 16 ], "texture": "#bricks_1", "cullface": "east" }
			}
		},
		{
			"__comment": "Box17",
			"from": [ 12.625, 8, -0.5 ],
			"to": [ 16.125, 11, 0 ],
			"faces": {
				"down": { "uv": [ 12.5, 0, 16, 0.5 ], "texture": "#bricks_1", "cullface": "north" },
				"up": { "uv": [ 12.5, 15.5, 16, 16 ], "texture": "#bricks_1", "cullface": "north" },
				"north": { "uv": [ 0, 5, 3.5, 8 ], "texture": "#bricks_1", "cullface": "north" },
				"west": { "uv": [ 15.5, 5, 16, 8 ], "texture": "#bricks_1", "cullface": "north" },
				"east": { "uv": [ 0, 5, 0.5, 8 ], "texture": "#bricks_1", "cullface": "north" }
			}
		},
		{
			"__comment": "Box17",
			"from": [ 0.125, 8, -0.5 ],
			"to": [ 3.625, 11, 0 ],
			"faces": {
				"down": { "uv": [ 0, 0, 3.5, 0.5 ], "texture": "#bricks_1", "cullface": "north" },
				"up": { "uv": [ 0, 15.5, 3.5, 16 ], "texture": "#bricks_1", "cullface": "north" },
				"north": { "uv": [ 12.5, 5, 16, 8 ], "texture": "#bricks_1", "cullface": "north" },
				"west": { "uv": [ 15.5, 5, 16, 8 ], "texture": "#bricks_1", "cullface": "north" },
				"east": { "uv": [ 0, 5, 0.5, 8 ], "texture": "#bricks_1", "cullface": "north" }
			}
		},
		{
			"__comment": "Box17",
			"from": [ 12.625, 0, -0.5 ],
			"to": [ 16.125, 3, 0 ],
			"faces": {
				"down": { "uv": [ 12.5, 0, 16, 0.5 ], "texture": "#bricks_1", "cullface": "north" },
				"up": { "uv": [ 12.5, 15.5, 16, 16 ], "texture": "#bricks_1", "cullface": "north" },
				"north": { "uv": [ 0, 13, 3.5, 16 ], "texture": "#bricks_1", "cullface": "north" },
				"west": { "uv": [ 15.5, 13, 16, 16 ], "texture": "#bricks_1", "cullface": "north" },
				"east": { "uv": [ 0, 13, 0.5, 16 ], "texture": "#bricks_1", "cullface": "north" }
			}
		},
		{
			"__comment": "Box17",
			"from": [ 0.125, 0, -0.5 ],
			"to": [ 3.625, 3, 0 ],
			"faces": {
				"down": { "uv": [ 0, 0, 3.5, 0.5 ], "texture": "#bricks_1", "cullface": "north" },
				"up": { "uv": [ 0, 15.5, 3.5, 16 ], "texture": "#bricks_1", "cullface": "north" },
				"north": { "uv": [ 12.5, 13, 16, 16 ], "texture": "#bricks_1", "cullface": "north" },
				"west": { "uv": [ 15.5, 13, 16, 16 ], "texture": "#bricks_1", "cullface": "north" },
				"east": { "uv": [ 0, 13, 0.5, 16 ], "texture": "#bricks_1", "cullface": "north" }
			}
		}
	],
	"display": {
		"thirdperson_righthand": {
			"rotation":  [ 75, 45, 0 ],
			"translation":  [ 0, 2.5, 0 ],
			"scale":  [ 0.375, 0.375, 0.375 ]
		},
		"thirdperson_lefthand": {
			"rotation":  [ 75, 45, 0 ],
			"translation":  [ 0, 2.5, 0 ],
			"scale":  [ 0.375, 0.375, 0.375 ]
		},
		"firstperson_righthand": {
			"rotation":  [ 0, 45, 0 ],
			"scale":  [ 0.4, 0.4, 0.4 ]
		},
		"firstperson_lefthand": {
			"rotation":  [ 0, 45, 0 ],
			"scale":  [ 0.4, 0.4, 0.4 ]
		},
		"gui": {
			"rotation":  [ 30, 225, 0 ],
			"scale":  [ 0.625, 0.625, 0.625 ]
		},
		"ground": {
			"translation":  [ 0, 3, 0 ],
			"scale":  [ 0.25, 0.25, 0.25 ]
		}
	}
}