{
	"__comment": "Designed by Interhell2000 with Cubik Studio - https://cubik.studio",
	"gui_light": "front",
	"ambientocclusion": false,
	"textures": {
		"particle": "block/c/cake/cake_slice3",
		"cake_2": "block/c/cake/cake_2",
		"cake_1": "block/c/cake/cake_1",
		"cake_3": "block/c/cake/cake_3",
		"cake_4": "block/c/cake/cake_4"
	},
	"elements": [ 	 
		{
			"__comment": "Element",
			"from": [ 6.9991, -0.0001, 0.9995 ],
			"to": [ 14.9991, 7.999899, 14.9995 ],
			"faces": {
				"down": { "uv": [ 7.000625, 1.000625, 14.99938, 14.99938 ], "texture": "#cake_2", "cullface": "down" },
				"up": { "uv": [ 7.000625, 1.000625, 14.99938, 14.99938 ], "texture": "#cake_1" },
				"north": { "uv": [ 1.000625, 8.000625, 8.999375, 15.99938 ], "texture": "#cake_3" },
				"south": { "uv": [ 7.000625, 8.000625, 14.99938, 15.99938 ], "texture": "#cake_3" },
				"west": { "uv": [ 1.000625, 8.000625, 14.99938, 15.99938 ], "texture": "#cake_4" },
				"east": { "uv": [ 1.000625, 8.000625, 14.99938, 15.99938 ], "texture": "#cake_3" }
			}
		}
	]
}