{
	"__comment": "Designed by Interhell2000 with Cubik Studio - https://cubik.studio",
	"gui_light": "front",
	"ambientocclusion": false,
	"textures": {
		"particle": "block/c/candle_cake/candle_cake_lit",
		"candle_cake_1": "block/c/candle_cake/candle_cake_1",
		"candle_cake_2": "block/c/candle_cake/candle_cake_2",
		"candle_cake_3": "block/c/candle_cake/candle_cake_3",
		"candle_cake_7": "block/c/candle_cake/candle_cake_7",
		"candle_cake_5": "block/c/candle_cake/candle_cake_5",
		"candle_cake_8": "block/c/candle_cake/candle_cake_8"
	},
	"elements": [ 	 
		{
			"__comment": "Element",
			"from": [ 1.001, -0.0011, 0.9994 ],
			"to": [ 15.001, 7.998899, 14.9994 ],
			"faces": {
				"down": { "uv": [ 1.00125, 1.00125, 14.99876, 14.99876 ], "texture": "#candle_cake_1", "cullface": "down" },
				"up": { "uv": [ 1.00125, 1.00125, 14.99876, 14.99876 ], "texture": "#candle_cake_2" },
				"north": { "uv": [ 1.00125, 8.001249, 14.99876, 15.99876 ], "texture": "#candle_cake_3" },
				"south": { "uv": [ 1.00125, 8.001249, 14.99876, 15.99876 ], "texture": "#candle_cake_3" },
				"west": { "uv": [ 1.00125, 8.001249, 14.99876, 15.99876 ], "texture": "#candle_cake_3" },
				"east": { "uv": [ 1.00125, 8.001249, 14.99876, 15.99876 ], "texture": "#candle_cake_3" }
			}
		},
		{
			"__comment": "Voxels",
			"from": [ 7, 10.375, 7.375 ],
			"to": [ 7.8, 14.575, 7.475 ],
			"faces": {
				"down": { "uv": [ 4, 7.5, 12, 8.5 ], "texture": "#candle_cake_7" },
				"up": { "uv": [ 0, 0, 3.5, 1.5 ], "texture": "#candle_cake_8" },
				"north": { "uv": [ 4, 0, 12, 16 ], "texture": "#candle_cake_7" },
				"south": { "uv": [ 4, 0, 12, 16 ], "texture": "#candle_cake_7" },
				"west": { "uv": [ 7.5, 0, 8.5, 16 ], "texture": "#candle_cake_7" },
				"east": { "uv": [ 7.5, 0, 8.5, 16 ], "texture": "#candle_cake_7" }
			}
		},
		{
			"__comment": "Voxels",
			"from": [ 7, 10.375, 7.225 ],
			"to": [ 7.8, 14.575, 7.375 ],
			"faces": {
				"down": { "uv": [ 4, 8.5, 12, 10 ], "texture": "#candle_cake_7" },
				"up": { "uv": [ 0, 5.5, 3.5, 7.5 ], "texture": "#candle_cake_8" },
				"north": { "uv": [ 4, 0, 12, 16 ], "texture": "#candle_cake_7" },
				"south": { "uv": [ 4, 0, 12, 16 ], "texture": "#candle_cake_7" },
				"west": { "uv": [ 6, 0, 7.5, 16 ], "texture": "#candle_cake_7" },
				"east": { "uv": [ 8.5, 0, 10, 16 ], "texture": "#candle_cake_7" }
			}
		},
		{
			"__comment": "Voxels",
			"from": [ 7, 10.375, 7.475 ],
			"to": [ 7.8, 14.575, 7.575 ],
			"faces": {
				"down": { "uv": [ 4, 6.5, 12, 7.5 ], "texture": "#candle_cake_7" },
				"up": { "uv": [ 0, 7, 3.5, 8.5 ], "texture": "#candle_cake_8" },
				"north": { "uv": [ 4, 0, 12, 16 ], "texture": "#candle_cake_7" },
				"south": { "uv": [ 4, 0, 12, 16 ], "texture": "#candle_cake_7" },
				"west": { "uv": [ 8.5, 0, 9.5, 16 ], "texture": "#candle_cake_7" },
				"east": { "uv": [ 6.5, 0, 7.5, 16 ], "texture": "#candle_cake_7" }
			}
		},
		{
			"__comment": "Voxels",
			"from": [ 7, 10.375, 7.575 ],
			"to": [ 7.8, 14.575, 7.625 ],
			"faces": {
				"down": { "uv": [ 4, 6, 12, 6.5 ], "texture": "#candle_cake_7" },
				"up": { "uv": [ 0, 9.5, 4, 10.5 ], "texture": "#candle_cake_8" },
				"north": { "uv": [ 4, 0, 12, 16 ], "texture": "#candle_cake_7" },
				"south": { "uv": [ 4, 0, 12, 16 ], "texture": "#candle_cake_7" },
				"west": { "uv": [ 9.5, 0, 10, 16 ], "texture": "#candle_cake_7" },
				"east": { "uv": [ 6, 0, 6.5, 16 ], "texture": "#candle_cake_7" }
			}
		},
		{
			"__comment": "Voxels",
			"from": [ 7.05, 10.375, 7.125 ],
			"to": [ 7.75, 14.575, 7.225 ],
			"faces": {
				"down": { "uv": [ 4.5, 10, 11.5, 11 ], "texture": "#candle_cake_7" },
				"up": { "uv": [ 0, 5, 4, 6 ], "texture": "#candle_cake_8" },
				"north": { "uv": [ 4.5, 0, 11.5, 16 ], "texture": "#candle_cake_7" },
				"south": { "uv": [ 4.5, 0, 11.5, 16 ], "texture": "#candle_cake_7" },
				"west": { "uv": [ 5, 0, 6, 16 ], "texture": "#candle_cake_7" },
				"east": { "uv": [ 10, 0, 11, 16 ], "texture": "#candle_cake_7" }
			}
		},
		{
			"__comment": "Voxels",
			"from": [ 7.05, 10.375, 7.625 ],
			"to": [ 7.75, 14.575, 7.675 ],
			"faces": {
				"down": { "uv": [ 4.5, 5.5, 11.5, 6 ], "texture": "#candle_cake_7" },
				"up": { "uv": [ 0, 9, 3.5, 9.5 ], "texture": "#candle_cake_8" },
				"north": { "uv": [ 4.5, 0, 11.5, 16 ], "texture": "#candle_cake_7" },
				"south": { "uv": [ 4.5, 0, 11.5, 16 ], "texture": "#candle_cake_7" },
				"west": { "uv": [ 10, 0, 10.5, 16 ], "texture": "#candle_cake_7" },
				"east": { "uv": [ 5.5, 0, 6, 16 ], "texture": "#candle_cake_7" }
			}
		},
		{
			"__comment": "Voxels",
			"from": [ 7.05, 10.375, 7.675 ],
			"to": [ 7.75, 14.575, 7.724998 ],
			"faces": {
				"down": { "uv": [ 4.5, 5, 11.5, 5.5 ], "texture": "#candle_cake_7" },
				"up": { "uv": [ 0, 10.5, 3.5, 11 ], "texture": "#candle_cake_8" },
				"north": { "uv": [ 4.5, 0, 11.5, 16 ], "texture": "#candle_cake_7" },
				"south": { "uv": [ 4.5, 0, 11.5, 16 ], "texture": "#candle_cake_7" },
				"west": { "uv": [ 10.5, 0, 11, 16 ], "texture": "#candle_cake_7" },
				"east": { "uv": [ 5, 0, 5.5, 16 ], "texture": "#candle_cake_7" }
			}
		},
		{
			"__comment": "Voxels",
			"from": [ 7.1, 10.375, 7.075 ],
			"to": [ 7.7, 14.575, 7.125 ],
			"faces": {
				"down": { "uv": [ 5, 11, 11, 11.5 ], "texture": "#candle_cake_7" },
				"up": { "uv": [ 0, 4.5, 3.5, 5 ], "texture": "#candle_cake_8" },
				"north": { "uv": [ 5, 0, 11, 16 ], "texture": "#candle_cake_7" },
				"south": { "uv": [ 5, 0, 11, 16 ], "texture": "#candle_cake_7" },
				"west": { "uv": [ 4.5, 0, 5, 16 ], "texture": "#candle_cake_7" },
				"east": { "uv": [ 11, 0, 11.5, 16 ], "texture": "#candle_cake_7" }
			}
		},
		{
			"__comment": "Voxels",
			"from": [ 7.1, 10.375, 7.725 ],
			"to": [ 7.7, 14.575, 7.775 ],
			"faces": {
				"down": { "uv": [ 5, 4.5, 11, 5 ], "texture": "#candle_cake_7" },
				"up": { "uv": [ 0, 11, 3.5, 11.5 ], "texture": "#candle_cake_8" },
				"north": { "uv": [ 5, 0, 11, 16 ], "texture": "#candle_cake_7" },
				"south": { "uv": [ 5, 0, 11, 16 ], "texture": "#candle_cake_7" },
				"west": { "uv": [ 11, 0, 11.5, 16 ], "texture": "#candle_cake_7" },
				"east": { "uv": [ 4.5, 0, 5, 16 ], "texture": "#candle_cake_7" }
			}
		},
		{
			"__comment": "Voxels",
			"from": [ 7.2, 10.375, 7.025 ],
			"to": [ 7.6, 14.575, 7.074997 ],
			"faces": {
				"down": { "uv": [ 6, 11.5, 10, 12 ], "texture": "#candle_cake_7" },
				"up": { "uv": [ 0, 4.5, 4, 5 ], "texture": "#candle_cake_8" },
				"north": { "uv": [ 6, 0, 10, 16 ], "texture": "#candle_cake_7" },
				"south": { "uv": [ 6, 0, 10, 16 ], "texture": "#candle_cake_7" },
				"west": { "uv": [ 4, 0, 4.5, 16 ], "texture": "#candle_cake_7" },
				"east": { "uv": [ 11.5, 0, 12, 16 ], "texture": "#candle_cake_7" }
			}
		},
		{
			"__comment": "Voxels",
			"from": [ 7.2, 10.375, 7.775 ],
			"to": [ 7.6, 14.575, 7.824997 ],
			"faces": {
				"down": { "uv": [ 6, 4, 10, 4.5 ], "texture": "#candle_cake_7" },
				"up": { "uv": [ 0, 11, 4, 11.5 ], "texture": "#candle_cake_8" },
				"north": { "uv": [ 6, 0, 10, 16 ], "texture": "#candle_cake_7" },
				"south": { "uv": [ 6, 0, 10, 16 ], "texture": "#candle_cake_7" },
				"west": { "uv": [ 11.5, 0, 12, 16 ], "texture": "#candle_cake_7" },
				"east": { "uv": [ 4, 0, 4.5, 16 ], "texture": "#candle_cake_7" }
			}
		},
		{
			"__comment": "Box91",
			"from": [ 7.35, 14.575, 7.375 ],
			"to": [ 7.45, 15.175, 7.475 ],
			"faces": {
				"down": { "uv": [ 7.35, 8.525, 7.45, 8.625 ], "texture": "#candle_cake_8" },
				"up": { "uv": [ 7.35, 7.375, 7.45, 7.475 ], "texture": "#candle_cake_8" },
				"north": { "uv": [ 8.549999, 0.8249989, 8.65, 1.424999 ], "texture": "#candle_cake_8" },
				"south": { "uv": [ 7.35, 0.8249989, 7.45, 1.424999 ], "texture": "#candle_cake_8" },
				"west": { "uv": [ 7.375, 0.8249989, 7.475, 1.424999 ], "texture": "#candle_cake_8" },
				"east": { "uv": [ 8.525, 0.8249989, 8.625, 1.424999 ], "texture": "#candle_cake_8" }
			}
		},
		{
			"__comment": "Voxels",
			"from": [ 8.125, 10.375, 7.375 ],
			"to": [ 8.925, 14.575, 7.475 ],
			"faces": {
				"down": { "uv": [ 4, 7.5, 12, 8.5 ], "texture": "#candle_cake_7" },
				"up": { "uv": [ 0, 0, 3.5, 1.5 ], "texture": "#candle_cake_8" },
				"north": { "uv": [ 4, 0, 12, 16 ], "texture": "#candle_cake_7" },
				"south": { "uv": [ 4, 0, 12, 16 ], "texture": "#candle_cake_7" },
				"west": { "uv": [ 7.5, 0, 8.5, 16 ], "texture": "#candle_cake_7" },
				"east": { "uv": [ 7.5, 0, 8.5, 16 ], "texture": "#candle_cake_7" }
			}
		},
		{
			"__comment": "Voxels",
			"from": [ 8.125, 10.375, 7.225 ],
			"to": [ 8.925, 14.575, 7.375 ],
			"faces": {
				"down": { "uv": [ 4, 8.5, 12, 10 ], "texture": "#candle_cake_7" },
				"up": { "uv": [ 0, 5.5, 3.5, 7.5 ], "texture": "#candle_cake_8" },
				"north": { "uv": [ 4, 0, 12, 16 ], "texture": "#candle_cake_7" },
				"south": { "uv": [ 4, 0, 12, 16 ], "texture": "#candle_cake_7" },
				"west": { "uv": [ 6, 0, 7.5, 16 ], "texture": "#candle_cake_7" },
				"east": { "uv": [ 8.5, 0, 10, 16 ], "texture": "#candle_cake_7" }
			}
		},
		{
			"__comment": "Voxels",
			"from": [ 8.125, 10.375, 7.475 ],
			"to": [ 8.925, 14.575, 7.575 ],
			"faces": {
				"down": { "uv": [ 4, 6.5, 12, 7.5 ], "texture": "#candle_cake_7" },
				"up": { "uv": [ 0, 7, 3.5, 8.5 ], "texture": "#candle_cake_8" },
				"north": { "uv": [ 4, 0, 12, 16 ], "texture": "#candle_cake_7" },
				"south": { "uv": [ 4, 0, 12, 16 ], "texture": "#candle_cake_7" },
				"west": { "uv": [ 8.5, 0, 9.5, 16 ], "texture": "#candle_cake_7" },
				"east": { "uv": [ 6.5, 0, 7.5, 16 ], "texture": "#candle_cake_7" }
			}
		},
		{
			"__comment": "Voxels",
			"from": [ 8.125, 10.375, 7.575 ],
			"to": [ 8.925, 14.575, 7.625 ],
			"faces": {
				"down": { "uv": [ 4, 6, 12, 6.5 ], "texture": "#candle_cake_7" },
				"up": { "uv": [ 0, 9.5, 4, 10.5 ], "texture": "#candle_cake_8" },
				"north": { "uv": [ 4, 0, 12, 16 ], "texture": "#candle_cake_7" },
				"south": { "uv": [ 4, 0, 12, 16 ], "texture": "#candle_cake_7" },
				"west": { "uv": [ 9.5, 0, 10, 16 ], "texture": "#candle_cake_7" },
				"east": { "uv": [ 6, 0, 6.5, 16 ], "texture": "#candle_cake_7" }
			}
		},
		{
			"__comment": "Voxels",
			"from": [ 8.175, 10.375, 7.125 ],
			"to": [ 8.875, 14.575, 7.225 ],
			"faces": {
				"down": { "uv": [ 4.5, 10, 11.5, 11 ], "texture": "#candle_cake_7" },
				"up": { "uv": [ 0, 5, 4, 6 ], "texture": "#candle_cake_8" },
				"north": { "uv": [ 4.5, 0, 11.5, 16 ], "texture": "#candle_cake_7" },
				"south": { "uv": [ 4.5, 0, 11.5, 16 ], "texture": "#candle_cake_7" },
				"west": { "uv": [ 5, 0, 6, 16 ], "texture": "#candle_cake_7" },
				"east": { "uv": [ 10, 0, 11, 16 ], "texture": "#candle_cake_7" }
			}
		},
		{
			"__comment": "Voxels",
			"from": [ 8.175, 10.375, 7.625 ],
			"to": [ 8.875, 14.575, 7.675 ],
			"faces": {
				"down": { "uv": [ 4.5, 5.5, 11.5, 6 ], "texture": "#candle_cake_7" },
				"up": { "uv": [ 0, 9, 3.5, 9.5 ], "texture": "#candle_cake_8" },
				"north": { "uv": [ 4.5, 0, 11.5, 16 ], "texture": "#candle_cake_7" },
				"south": { "uv": [ 4.5, 0, 11.5, 16 ], "texture": "#candle_cake_7" },
				"west": { "uv": [ 10, 0, 10.5, 16 ], "texture": "#candle_cake_7" },
				"east": { "uv": [ 5.5, 0, 6, 16 ], "texture": "#candle_cake_7" }
			}
		},
		{
			"__comment": "Voxels",
			"from": [ 8.175, 10.375, 7.675 ],
			"to": [ 8.875, 14.575, 7.724998 ],
			"faces": {
				"down": { "uv": [ 4.5, 5, 11.5, 5.5 ], "texture": "#candle_cake_7" },
				"up": { "uv": [ 0, 10.5, 3.5, 11 ], "texture": "#candle_cake_8" },
				"north": { "uv": [ 4.5, 0, 11.5, 16 ], "texture": "#candle_cake_7" },
				"south": { "uv": [ 4.5, 0, 11.5, 16 ], "texture": "#candle_cake_7" },
				"west": { "uv": [ 10.5, 0, 11, 16 ], "texture": "#candle_cake_7" },
				"east": { "uv": [ 5, 0, 5.5, 16 ], "texture": "#candle_cake_7" }
			}
		},
		{
			"__comment": "Voxels",
			"from": [ 8.224999, 10.375, 7.075 ],
			"to": [ 8.825, 14.575, 7.125 ],
			"faces": {
				"down": { "uv": [ 5, 11, 11, 11.5 ], "texture": "#candle_cake_7" },
				"up": { "uv": [ 0, 4.5, 3.5, 5 ], "texture": "#candle_cake_8" },
				"north": { "uv": [ 5, 0, 11, 16 ], "texture": "#candle_cake_7" },
				"south": { "uv": [ 5, 0, 11, 16 ], "texture": "#candle_cake_7" },
				"west": { "uv": [ 4.5, 0, 5, 16 ], "texture": "#candle_cake_7" },
				"east": { "uv": [ 11, 0, 11.5, 16 ], "texture": "#candle_cake_7" }
			}
		},
		{
			"__comment": "Voxels",
			"from": [ 8.224999, 10.375, 7.725 ],
			"to": [ 8.825, 14.575, 7.775 ],
			"faces": {
				"down": { "uv": [ 5, 4.5, 11, 5 ], "texture": "#candle_cake_7" },
				"up": { "uv": [ 0, 11, 3.5, 11.5 ], "texture": "#candle_cake_8" },
				"north": { "uv": [ 5, 0, 11, 16 ], "texture": "#candle_cake_7" },
				"south": { "uv": [ 5, 0, 11, 16 ], "texture": "#candle_cake_7" },
				"west": { "uv": [ 11, 0, 11.5, 16 ], "texture": "#candle_cake_7" },
				"east": { "uv": [ 4.5, 0, 5, 16 ], "texture": "#candle_cake_7" }
			}
		},
		{
			"__comment": "Voxels",
			"from": [ 8.325, 10.375, 7.025 ],
			"to": [ 8.724999, 14.575, 7.074997 ],
			"faces": {
				"down": { "uv": [ 6, 11.5, 10, 12 ], "texture": "#candle_cake_7" },
				"up": { "uv": [ 0, 4.5, 4, 5 ], "texture": "#candle_cake_8" },
				"north": { "uv": [ 6, 0, 10, 16 ], "texture": "#candle_cake_7" },
				"south": { "uv": [ 6, 0, 10, 16 ], "texture": "#candle_cake_7" },
				"west": { "uv": [ 4, 0, 4.5, 16 ], "texture": "#candle_cake_7" },
				"east": { "uv": [ 11.5, 0, 12, 16 ], "texture": "#candle_cake_7" }
			}
		},
		{
			"__comment": "Voxels",
			"from": [ 8.325, 10.375, 7.775 ],
			"to": [ 8.724999, 14.575, 7.824997 ],
			"faces": {
				"down": { "uv": [ 6, 4, 10, 4.5 ], "texture": "#candle_cake_7" },
				"up": { "uv": [ 0, 11, 4, 11.5 ], "texture": "#candle_cake_8" },
				"north": { "uv": [ 6, 0, 10, 16 ], "texture": "#candle_cake_7" },
				"south": { "uv": [ 6, 0, 10, 16 ], "texture": "#candle_cake_7" },
				"west": { "uv": [ 11.5, 0, 12, 16 ], "texture": "#candle_cake_7" },
				"east": { "uv": [ 4, 0, 4.5, 16 ], "texture": "#candle_cake_7" }
			}
		},
		{
			"__comment": "Box91",
			"from": [ 8.474999, 14.575, 7.375 ],
			"to": [ 8.575, 15.175, 7.475 ],
			"faces": {
				"down": { "uv": [ 8.475, 8.525, 8.575001, 8.625 ], "texture": "#candle_cake_8" },
				"up": { "uv": [ 8.475, 7.375, 8.575001, 7.475 ], "texture": "#candle_cake_8" },
				"north": { "uv": [ 7.425, 0.8249989, 7.525, 1.424999 ], "texture": "#candle_cake_8" },
				"south": { "uv": [ 8.475, 0.8249989, 8.575001, 1.424999 ], "texture": "#candle_cake_8" },
				"west": { "uv": [ 7.375, 0.8249989, 7.475, 1.424999 ], "texture": "#candle_cake_8" },
				"east": { "uv": [ 8.525, 0.8249989, 8.625, 1.424999 ], "texture": "#candle_cake_8" }
			}
		},
		{
			"__comment": "Voxels",
			"from": [ 8.125, 10.375, 8.5 ],
			"to": [ 8.925, 14.575, 8.6 ],
			"faces": {
				"down": { "uv": [ 4, 7.5, 12, 8.5 ], "texture": "#candle_cake_7" },
				"up": { "uv": [ 0, 0, 3.5, 1.5 ], "texture": "#candle_cake_8" },
				"north": { "uv": [ 4, 0, 12, 16 ], "texture": "#candle_cake_7" },
				"south": { "uv": [ 4, 0, 12, 16 ], "texture": "#candle_cake_7" },
				"west": { "uv": [ 7.5, 0, 8.5, 16 ], "texture": "#candle_cake_7" },
				"east": { "uv": [ 7.5, 0, 8.5, 16 ], "texture": "#candle_cake_7" }
			}
		},
		{
			"__comment": "Voxels",
			"from": [ 8.125, 10.375, 8.349999 ],
			"to": [ 8.925, 14.575, 8.499999 ],
			"faces": {
				"down": { "uv": [ 4, 8.5, 12, 10 ], "texture": "#candle_cake_7" },
				"up": { "uv": [ 0, 5.5, 3.5, 7.5 ], "texture": "#candle_cake_8" },
				"north": { "uv": [ 4, 0, 12, 16 ], "texture": "#candle_cake_7" },
				"south": { "uv": [ 4, 0, 12, 16 ], "texture": "#candle_cake_7" },
				"west": { "uv": [ 6, 0, 7.5, 16 ], "texture": "#candle_cake_7" },
				"east": { "uv": [ 8.5, 0, 10, 16 ], "texture": "#candle_cake_7" }
			}
		},
		{
			"__comment": "Voxels",
			"from": [ 8.125, 10.375, 8.599999 ],
			"to": [ 8.925, 14.575, 8.7 ],
			"faces": {
				"down": { "uv": [ 4, 6.5, 12, 7.5 ], "texture": "#candle_cake_7" },
				"up": { "uv": [ 0, 7, 3.5, 8.5 ], "texture": "#candle_cake_8" },
				"north": { "uv": [ 4, 0, 12, 16 ], "texture": "#candle_cake_7" },
				"south": { "uv": [ 4, 0, 12, 16 ], "texture": "#candle_cake_7" },
				"west": { "uv": [ 8.5, 0, 9.5, 16 ], "texture": "#candle_cake_7" },
				"east": { "uv": [ 6.5, 0, 7.5, 16 ], "texture": "#candle_cake_7" }
			}
		},
		{
			"__comment": "Voxels",
			"from": [ 8.125, 10.375, 8.7 ],
			"to": [ 8.925, 14.575, 8.75 ],
			"faces": {
				"down": { "uv": [ 4, 6, 12, 6.5 ], "texture": "#candle_cake_7" },
				"up": { "uv": [ 0, 9.5, 4, 10.5 ], "texture": "#candle_cake_8" },
				"north": { "uv": [ 4, 0, 12, 16 ], "texture": "#candle_cake_7" },
				"south": { "uv": [ 4, 0, 12, 16 ], "texture": "#candle_cake_7" },
				"west": { "uv": [ 9.5, 0, 10, 16 ], "texture": "#candle_cake_7" },
				"east": { "uv": [ 6, 0, 6.5, 16 ], "texture": "#candle_cake_7" }
			}
		},
		{
			"__comment": "Voxels",
			"from": [ 8.175, 10.375, 8.25 ],
			"to": [ 8.875, 14.575, 8.35 ],
			"faces": {
				"down": { "uv": [ 4.5, 10, 11.5, 11 ], "texture": "#candle_cake_7" },
				"up": { "uv": [ 0, 5, 4, 6 ], "texture": "#candle_cake_8" },
				"north": { "uv": [ 4.5, 0, 11.5, 16 ], "texture": "#candle_cake_7" },
				"south": { "uv": [ 4.5, 0, 11.5, 16 ], "texture": "#candle_cake_7" },
				"west": { "uv": [ 5, 0, 6, 16 ], "texture": "#candle_cake_7" },
				"east": { "uv": [ 10, 0, 11, 16 ], "texture": "#candle_cake_7" }
			}
		},
		{
			"__comment": "Voxels",
			"from": [ 8.175, 10.375, 8.75 ],
			"to": [ 8.875, 14.575, 8.8 ],
			"faces": {
				"down": { "uv": [ 4.5, 5.5, 11.5, 6 ], "texture": "#candle_cake_7" },
				"up": { "uv": [ 0, 9, 3.5, 9.5 ], "texture": "#candle_cake_8" },
				"north": { "uv": [ 4.5, 0, 11.5, 16 ], "texture": "#candle_cake_7" },
				"south": { "uv": [ 4.5, 0, 11.5, 16 ], "texture": "#candle_cake_7" },
				"west": { "uv": [ 10, 0, 10.5, 16 ], "texture": "#candle_cake_7" },
				"east": { "uv": [ 5.5, 0, 6, 16 ], "texture": "#candle_cake_7" }
			}
		},
		{
			"__comment": "Voxels",
			"from": [ 8.175, 10.375, 8.8 ],
			"to": [ 8.875, 14.575, 8.85 ],
			"faces": {
				"down": { "uv": [ 4.5, 5, 11.5, 5.5 ], "texture": "#candle_cake_7" },
				"up": { "uv": [ 0, 10.5, 3.5, 11 ], "texture": "#candle_cake_8" },
				"north": { "uv": [ 4.5, 0, 11.5, 16 ], "texture": "#candle_cake_7" },
				"south": { "uv": [ 4.5, 0, 11.5, 16 ], "texture": "#candle_cake_7" },
				"west": { "uv": [ 10.5, 0, 11, 16 ], "texture": "#candle_cake_7" },
				"east": { "uv": [ 5, 0, 5.5, 16 ], "texture": "#candle_cake_7" }
			}
		},
		{
			"__comment": "Voxels",
			"from": [ 8.224999, 10.375, 8.2 ],
			"to": [ 8.825, 14.575, 8.25 ],
			"faces": {
				"down": { "uv": [ 5, 11, 11, 11.5 ], "texture": "#candle_cake_7" },
				"up": { "uv": [ 0, 4.5, 3.5, 5 ], "texture": "#candle_cake_8" },
				"north": { "uv": [ 5, 0, 11, 16 ], "texture": "#candle_cake_7" },
				"south": { "uv": [ 5, 0, 11, 16 ], "texture": "#candle_cake_7" },
				"west": { "uv": [ 4.5, 0, 5, 16 ], "texture": "#candle_cake_7" },
				"east": { "uv": [ 11, 0, 11.5, 16 ], "texture": "#candle_cake_7" }
			}
		},
		{
			"__comment": "Voxels",
			"from": [ 8.224999, 10.375, 8.849999 ],
			"to": [ 8.825, 14.575, 8.9 ],
			"faces": {
				"down": { "uv": [ 5, 4.5, 11, 5 ], "texture": "#candle_cake_7" },
				"up": { "uv": [ 0, 11, 3.5, 11.5 ], "texture": "#candle_cake_8" },
				"north": { "uv": [ 5, 0, 11, 16 ], "texture": "#candle_cake_7" },
				"south": { "uv": [ 5, 0, 11, 16 ], "texture": "#candle_cake_7" },
				"west": { "uv": [ 11, 0, 11.5, 16 ], "texture": "#candle_cake_7" },
				"east": { "uv": [ 4.5, 0, 5, 16 ], "texture": "#candle_cake_7" }
			}
		},
		{
			"__comment": "Voxels",
			"from": [ 8.325, 10.375, 8.15 ],
			"to": [ 8.724999, 14.575, 8.2 ],
			"faces": {
				"down": { "uv": [ 6, 11.5, 10, 12 ], "texture": "#candle_cake_7" },
				"up": { "uv": [ 0, 4.5, 4, 5 ], "texture": "#candle_cake_8" },
				"north": { "uv": [ 6, 0, 10, 16 ], "texture": "#candle_cake_7" },
				"south": { "uv": [ 6, 0, 10, 16 ], "texture": "#candle_cake_7" },
				"west": { "uv": [ 4, 0, 4.5, 16 ], "texture": "#candle_cake_7" },
				"east": { "uv": [ 11.5, 0, 12, 16 ], "texture": "#candle_cake_7" }
			}
		},
		{
			"__comment": "Voxels",
			"from": [ 8.325, 10.375, 8.9 ],
			"to": [ 8.724999, 14.575, 8.95 ],
			"faces": {
				"down": { "uv": [ 6, 4, 10, 4.5 ], "texture": "#candle_cake_7" },
				"up": { "uv": [ 0, 11, 4, 11.5 ], "texture": "#candle_cake_8" },
				"north": { "uv": [ 6, 0, 10, 16 ], "texture": "#candle_cake_7" },
				"south": { "uv": [ 6, 0, 10, 16 ], "texture": "#candle_cake_7" },
				"west": { "uv": [ 11.5, 0, 12, 16 ], "texture": "#candle_cake_7" },
				"east": { "uv": [ 4, 0, 4.5, 16 ], "texture": "#candle_cake_7" }
			}
		},
		{
			"__comment": "Box91",
			"from": [ 8.474999, 14.575, 8.5 ],
			"to": [ 8.575, 15.175, 8.6 ],
			"faces": {
				"down": { "uv": [ 8.475, 7.4, 8.575001, 7.5 ], "texture": "#candle_cake_8" },
				"up": { "uv": [ 8.475, 8.5, 8.575001, 8.6 ], "texture": "#candle_cake_8" },
				"north": { "uv": [ 7.425, 0.8249989, 7.525, 1.424999 ], "texture": "#candle_cake_8" },
				"south": { "uv": [ 8.475, 0.8249989, 8.575001, 1.424999 ], "texture": "#candle_cake_8" },
				"west": { "uv": [ 8.5, 0.8249989, 8.6, 1.424999 ], "texture": "#candle_cake_8" },
				"east": { "uv": [ 7.4, 0.8249989, 7.5, 1.424999 ], "texture": "#candle_cake_8" }
			}
		},
		{
			"__comment": "Voxels",
			"from": [ 7, 10.375, 8.5 ],
			"to": [ 7.8, 14.575, 8.6 ],
			"faces": {
				"down": { "uv": [ 4, 7.5, 12, 8.5 ], "texture": "#candle_cake_7" },
				"up": { "uv": [ 0, 0, 3.5, 1.5 ], "texture": "#candle_cake_8" },
				"north": { "uv": [ 4, 0, 12, 16 ], "texture": "#candle_cake_7" },
				"south": { "uv": [ 4, 0, 12, 16 ], "texture": "#candle_cake_7" },
				"west": { "uv": [ 7.5, 0, 8.5, 16 ], "texture": "#candle_cake_7" },
				"east": { "uv": [ 7.5, 0, 8.5, 16 ], "texture": "#candle_cake_7" }
			}
		},
		{
			"__comment": "Voxels",
			"from": [ 7, 10.375, 8.349999 ],
			"to": [ 7.8, 14.575, 8.499999 ],
			"faces": {
				"down": { "uv": [ 4, 8.5, 12, 10 ], "texture": "#candle_cake_7" },
				"up": { "uv": [ 0, 5.5, 3.5, 7.5 ], "texture": "#candle_cake_8" },
				"north": { "uv": [ 4, 0, 12, 16 ], "texture": "#candle_cake_7" },
				"south": { "uv": [ 4, 0, 12, 16 ], "texture": "#candle_cake_7" },
				"west": { "uv": [ 6, 0, 7.5, 16 ], "texture": "#candle_cake_7" },
				"east": { "uv": [ 8.5, 0, 10, 16 ], "texture": "#candle_cake_7" }
			}
		},
		{
			"__comment": "Voxels",
			"from": [ 7, 10.375, 8.599999 ],
			"to": [ 7.8, 14.575, 8.7 ],
			"faces": {
				"down": { "uv": [ 4, 6.5, 12, 7.5 ], "texture": "#candle_cake_7" },
				"up": { "uv": [ 0, 7, 3.5, 8.5 ], "texture": "#candle_cake_8" },
				"north": { "uv": [ 4, 0, 12, 16 ], "texture": "#candle_cake_7" },
				"south": { "uv": [ 4, 0, 12, 16 ], "texture": "#candle_cake_7" },
				"west": { "uv": [ 8.5, 0, 9.5, 16 ], "texture": "#candle_cake_7" },
				"east": { "uv": [ 6.5, 0, 7.5, 16 ], "texture": "#candle_cake_7" }
			}
		},
		{
			"__comment": "Voxels",
			"from": [ 7, 10.375, 8.7 ],
			"to": [ 7.8, 14.575, 8.75 ],
			"faces": {
				"down": { "uv": [ 4, 6, 12, 6.5 ], "texture": "#candle_cake_7" },
				"up": { "uv": [ 0, 9.5, 4, 10.5 ], "texture": "#candle_cake_8" },
				"north": { "uv": [ 4, 0, 12, 16 ], "texture": "#candle_cake_7" },
				"south": { "uv": [ 4, 0, 12, 16 ], "texture": "#candle_cake_7" },
				"west": { "uv": [ 9.5, 0, 10, 16 ], "texture": "#candle_cake_7" },
				"east": { "uv": [ 6, 0, 6.5, 16 ], "texture": "#candle_cake_7" }
			}
		},
		{
			"__comment": "Voxels",
			"from": [ 7.05, 10.375, 8.25 ],
			"to": [ 7.75, 14.575, 8.35 ],
			"faces": {
				"down": { "uv": [ 4.5, 10, 11.5, 11 ], "texture": "#candle_cake_7" },
				"up": { "uv": [ 0, 5, 4, 6 ], "texture": "#candle_cake_8" },
				"north": { "uv": [ 4.5, 0, 11.5, 16 ], "texture": "#candle_cake_7" },
				"south": { "uv": [ 4.5, 0, 11.5, 16 ], "texture": "#candle_cake_7" },
				"west": { "uv": [ 5, 0, 6, 16 ], "texture": "#candle_cake_7" },
				"east": { "uv": [ 10, 0, 11, 16 ], "texture": "#candle_cake_7" }
			}
		},
		{
			"__comment": "Voxels",
			"from": [ 7.05, 10.375, 8.75 ],
			"to": [ 7.75, 14.575, 8.8 ],
			"faces": {
				"down": { "uv": [ 4.5, 5.5, 11.5, 6 ], "texture": "#candle_cake_7" },
				"up": { "uv": [ 0, 9, 3.5, 9.5 ], "texture": "#candle_cake_8" },
				"north": { "uv": [ 4.5, 0, 11.5, 16 ], "texture": "#candle_cake_7" },
				"south": { "uv": [ 4.5, 0, 11.5, 16 ], "texture": "#candle_cake_7" },
				"west": { "uv": [ 10, 0, 10.5, 16 ], "texture": "#candle_cake_7" },
				"east": { "uv": [ 5.5, 0, 6, 16 ], "texture": "#candle_cake_7" }
			}
		},
		{
			"__comment": "Voxels",
			"from": [ 7.05, 10.375, 8.8 ],
			"to": [ 7.75, 14.575, 8.85 ],
			"faces": {
				"down": { "uv": [ 4.5, 5, 11.5, 5.5 ], "texture": "#candle_cake_7" },
				"up": { "uv": [ 0, 10.5, 3.5, 11 ], "texture": "#candle_cake_8" },
				"north": { "uv": [ 4.5, 0, 11.5, 16 ], "texture": "#candle_cake_7" },
				"south": { "uv": [ 4.5, 0, 11.5, 16 ], "texture": "#candle_cake_7" },
				"west": { "uv": [ 10.5, 0, 11, 16 ], "texture": "#candle_cake_7" },
				"east": { "uv": [ 5, 0, 5.5, 16 ], "texture": "#candle_cake_7" }
			}
		},
		{
			"__comment": "Voxels",
			"from": [ 7.1, 10.375, 8.2 ],
			"to": [ 7.7, 14.575, 8.25 ],
			"faces": {
				"down": { "uv": [ 5, 11, 11, 11.5 ], "texture": "#candle_cake_7" },
				"up": { "uv": [ 0, 4.5, 3.5, 5 ], "texture": "#candle_cake_8" },
				"north": { "uv": [ 5, 0, 11, 16 ], "texture": "#candle_cake_7" },
				"south": { "uv": [ 5, 0, 11, 16 ], "texture": "#candle_cake_7" },
				"west": { "uv": [ 4.5, 0, 5, 16 ], "texture": "#candle_cake_7" },
				"east": { "uv": [ 11, 0, 11.5, 16 ], "texture": "#candle_cake_7" }
			}
		},
		{
			"__comment": "Voxels",
			"from": [ 7.1, 10.375, 8.849999 ],
			"to": [ 7.7, 14.575, 8.9 ],
			"faces": {
				"down": { "uv": [ 5, 4.5, 11, 5 ], "texture": "#candle_cake_7" },
				"up": { "uv": [ 0, 11, 3.5, 11.5 ], "texture": "#candle_cake_8" },
				"north": { "uv": [ 5, 0, 11, 16 ], "texture": "#candle_cake_7" },
				"south": { "uv": [ 5, 0, 11, 16 ], "texture": "#candle_cake_7" },
				"west": { "uv": [ 11, 0, 11.5, 16 ], "texture": "#candle_cake_7" },
				"east": { "uv": [ 4.5, 0, 5, 16 ], "texture": "#candle_cake_7" }
			}
		},
		{
			"__comment": "Voxels",
			"from": [ 7.2, 10.375, 8.15 ],
			"to": [ 7.6, 14.575, 8.2 ],
			"faces": {
				"down": { "uv": [ 6, 11.5, 10, 12 ], "texture": "#candle_cake_7" },
				"up": { "uv": [ 0, 4.5, 4, 5 ], "texture": "#candle_cake_8" },
				"north": { "uv": [ 6, 0, 10, 16 ], "texture": "#candle_cake_7" },
				"south": { "uv": [ 6, 0, 10, 16 ], "texture": "#candle_cake_7" },
				"west": { "uv": [ 4, 0, 4.5, 16 ], "texture": "#candle_cake_7" },
				"east": { "uv": [ 11.5, 0, 12, 16 ], "texture": "#candle_cake_7" }
			}
		},
		{
			"__comment": "Voxels",
			"from": [ 7.2, 10.375, 8.9 ],
			"to": [ 7.6, 14.575, 8.95 ],
			"faces": {
				"down": { "uv": [ 6, 4, 10, 4.5 ], "texture": "#candle_cake_7" },
				"up": { "uv": [ 0, 11, 4, 11.5 ], "texture": "#candle_cake_8" },
				"north": { "uv": [ 6, 0, 10, 16 ], "texture": "#candle_cake_7" },
				"south": { "uv": [ 6, 0, 10, 16 ], "texture": "#candle_cake_7" },
				"west": { "uv": [ 11.5, 0, 12, 16 ], "texture": "#candle_cake_7" },
				"east": { "uv": [ 4, 0, 4.5, 16 ], "texture": "#candle_cake_7" }
			}
		},
		{
			"__comment": "Box91",
			"from": [ 7.35, 14.575, 8.5 ],
			"to": [ 7.45, 15.175, 8.6 ],
			"faces": {
				"down": { "uv": [ 7.35, 7.4, 7.45, 7.5 ], "texture": "#candle_cake_8" },
				"up": { "uv": [ 7.35, 8.5, 7.45, 8.6 ], "texture": "#candle_cake_8" },
				"north": { "uv": [ 8.549999, 0.8249989, 8.65, 1.424999 ], "texture": "#candle_cake_8" },
				"south": { "uv": [ 7.35, 0.8249989, 7.45, 1.424999 ], "texture": "#candle_cake_8" },
				"west": { "uv": [ 8.5, 0.8249989, 8.6, 1.424999 ], "texture": "#candle_cake_8" },
				"east": { "uv": [ 7.4, 0.8249989, 7.5, 1.424999 ], "texture": "#candle_cake_8" }
			}
		},
		{
			"__comment": "Box82",
			"from": [ 6.875, 8, 6.875 ],
			"to": [ 7.875, 10.5, 7.875 ],
			"faces": {
				"down": { "uv": [ 0, 0, 16, 16 ], "texture": "#candle_cake_5" },
				"up": { "uv": [ 0, 0, 16, 16 ], "texture": "#candle_cake_5" },
				"north": { "uv": [ 0, 0, 16, 16 ], "texture": "#candle_cake_5" },
				"south": { "uv": [ 0, 0, 16, 16 ], "texture": "#candle_cake_5" },
				"west": { "uv": [ 0, 0, 16, 16 ], "texture": "#candle_cake_5" },
				"east": { "uv": [ 0, 0, 16, 16 ], "texture": "#candle_cake_5" }
			}
		},
		{
			"__comment": "Box82",
			"from": [ 8.125, 8, 6.875 ],
			"to": [ 9.125, 10.5, 7.875 ],
			"faces": {
				"down": { "uv": [ 0, 0, 16, 16 ], "texture": "#candle_cake_5" },
				"up": { "uv": [ 0, 0, 16, 16 ], "texture": "#candle_cake_5" },
				"north": { "uv": [ 0, 0, 16, 16 ], "texture": "#candle_cake_5" },
				"south": { "uv": [ 0, 0, 16, 16 ], "texture": "#candle_cake_5" },
				"west": { "uv": [ 0, 0, 16, 16 ], "texture": "#candle_cake_5" },
				"east": { "uv": [ 0, 0, 16, 16 ], "texture": "#candle_cake_5" }
			}
		},
		{
			"__comment": "Box82",
			"from": [ 8.125, 8, 8.125 ],
			"to": [ 9.125, 10.5, 9.125 ],
			"faces": {
				"down": { "uv": [ 0, 0, 16, 16 ], "texture": "#candle_cake_5" },
				"up": { "uv": [ 0, 0, 16, 16 ], "texture": "#candle_cake_5" },
				"north": { "uv": [ 0, 0, 16, 16 ], "texture": "#candle_cake_5" },
				"south": { "uv": [ 0, 0, 16, 16 ], "texture": "#candle_cake_5" },
				"west": { "uv": [ 0, 0, 16, 16 ], "texture": "#candle_cake_5" },
				"east": { "uv": [ 0, 0, 16, 16 ], "texture": "#candle_cake_5" }
			}
		},
		{
			"__comment": "Box82",
			"from": [ 6.875, 8, 8.125 ],
			"to": [ 7.875, 10.5, 9.125 ],
			"faces": {
				"down": { "uv": [ 0, 0, 16, 16 ], "texture": "#candle_cake_5" },
				"up": { "uv": [ 0, 0, 16, 16 ], "texture": "#candle_cake_5" },
				"north": { "uv": [ 0, 0, 16, 16 ], "texture": "#candle_cake_5" },
				"south": { "uv": [ 0, 0, 16, 16 ], "texture": "#candle_cake_5" },
				"west": { "uv": [ 0, 0, 16, 16 ], "texture": "#candle_cake_5" },
				"east": { "uv": [ 0, 0, 16, 16 ], "texture": "#candle_cake_5" }
			}
		}
	],
	"display": {
		"thirdperson_righthand": {
			"rotation":  [ 75, 45, 0 ],
			"translation":  [ 0, 2.5, 0 ],
			"scale":  [ 0.375, 0.375, 0.375 ]
		},
		"thirdperson_lefthand": {
			"rotation":  [ 75, 45, 0 ],
			"translation":  [ 0, 2.5, 0 ],
			"scale":  [ 0.375, 0.375, 0.375 ]
		},
		"firstperson_righthand": {
			"rotation":  [ 0, 45, 0 ],
			"translation":  [ 0, 4, 0 ],
			"scale":  [ 0.4, 0.4, 0.4 ]
		},
		"firstperson_lefthand": {
			"rotation":  [ 0, 45, 0 ],
			"translation":  [ 0, 4, 0 ],
			"scale":  [ 0.4, 0.4, 0.4 ]
		},
		"gui": {
			"rotation":  [ 30, 225, 0 ],
			"scale":  [ 0.625, 0.625, 0.625 ]
		},
		"ground": {
			"translation":  [ 0, 2, 0 ],
			"scale":  [ 0.5, 0.5, 0.5 ]
		},
		"fixed": {
			"scale":  [ 0.5, 0.5, 0.5 ]
		}
	}
}