{
	"__comment": "Designed by Intermacgod with BDcraft Cubik PRO 0.95 Beta - http://bdcraft.net",
	"gui_light": "front",
	"ambientocclusion": false,
	"textures": {
		"particle": "block/c/carrots/carrots_stage0",
		"carrots_1": "block/c/carrots/carrots_1",
		"carrots_10": "block/c/carrots/carrots_10",
		"carrots_2": "block/c/carrots/carrots_2",
		"carrots_3": "block/c/carrots/carrots_3",
		"carrots_4": "block/c/carrots/carrots_4",
		"carrots_5": "block/c/carrots/carrots_5",
		"carrots_6": "block/c/carrots/carrots_6",
		"carrots_7": "block/c/carrots/carrots_7"
	},
	"elements": [ 	 
		{
			"__comment": "pot",
			"from": [ 1.999, 1.001, 2.0001 ],
			"to": [ 4.999, 2.001, 5.000101 ],
			"faces": {
				"down": { "uv": [ 0.000625, 0.000624657, 15.99938, 15.99938 ], "texture": "#carrots_2" },
				"north": { "uv": [ 0.000625, 0.000624657, 15.99938, 15.99938 ], "texture": "#carrots_2" },
				"south": { "uv": [ 0.000625, 0.000624657, 15.99938, 15.99938 ], "texture": "#carrots_2" },
				"west": { "uv": [ 0.000625, 0.000624657, 15.99938, 15.99938 ], "texture": "#carrots_2" },
				"east": { "uv": [ 0.000625, 0.000624657, 15.99938, 15.99938 ], "texture": "#carrots_2" }
			}
		},
		{
			"__comment": "pot*",
			"from": [ 0.9999, 2.0007, 9.9993 ],
			"to": [ 5.9999, 3.0007, 14.9993 ],
			"faces": {
				"down": { "uv": [ 0.000625, 0.000624657, 15.99938, 15.99938 ], "texture": "#carrots_2" },
				"north": { "uv": [ 0.000625, 0.000624657, 15.99938, 15.99938 ], "texture": "#carrots_2" },
				"south": { "uv": [ 0.000625, 0.000624657, 15.99938, 15.99938 ], "texture": "#carrots_2" },
				"west": { "uv": [ 0.000625, 0.000624657, 15.99938, 15.99938 ], "texture": "#carrots_2" },
				"east": { "uv": [ 0.000625, 0.000624657, 15.99938, 15.99938 ], "texture": "#carrots_2" }
			}
		},
		{
			"__comment": "Element",
			"from": [ 0.0004, 4.0006, 0.0006 ],
			"to": [ 1.0004, 5.0006, 7.000599 ],
			"faces": {
				"up": { "uv": [ 1.500625, 1.500625, 2.999375, 14.49938 ], "texture": "#carrots_2" },
				"north": { "uv": [ 1.500625, 11.50062, 4.499375, 14.49938 ], "texture": "#carrots_2", "cullface": "north" },
				"south": { "uv": [ 1.500625, 11.50062, 4.499375, 14.49938 ], "texture": "#carrots_2" },
				"west": { "uv": [ 1.500625, 13.00062, 14.49938, 14.49938 ], "texture": "#carrots_2", "cullface": "west" },
				"east": { "uv": [ 1.500625, 13.00062, 14.49938, 14.49938 ], "texture": "#carrots_2" }
			}
		},
		{
			"__comment": "Element",
			"from": [ 6, 4.0003, 0.0007 ],
			"to": [ 7, 5.0003, 7.0007 ],
			"faces": {
				"up": { "uv": [ 1.500625, 1.500625, 2.999375, 14.49938 ], "texture": "#carrots_2" },
				"north": { "uv": [ 1.500625, 11.50062, 4.499375, 14.49938 ], "texture": "#carrots_2", "cullface": "north" },
				"south": { "uv": [ 1.500625, 11.50062, 4.499375, 14.49938 ], "texture": "#carrots_2" },
				"west": { "uv": [ 1.500625, 13.00062, 14.49938, 14.49938 ], "texture": "#carrots_2" },
				"east": { "uv": [ 1.500625, 13.00062, 14.49938, 14.49938 ], "texture": "#carrots_2" }
			}
		},
		{
			"__comment": "Element",
			"from": [ 1, 4.0006, -0.0006 ],
			"to": [ 6, 5.0006, 0.9994 ],
			"faces": {
				"up": { "uv": [ 1.500625, 13.00062, 14.49938, 14.49938 ], "texture": "#carrots_2" },
				"north": { "uv": [ 1.500625, 13.00062, 14.49938, 14.49938 ], "texture": "#carrots_2", "cullface": "north" },
				"south": { "uv": [ 1.500625, 13.00062, 14.49938, 14.49938 ], "texture": "#carrots_2" }
			}
		},
		{
			"__comment": "Element",
			"from": [ 1, 3.9996, 5.9996 ],
			"to": [ 6, 4.999601, 6.9996 ],
			"faces": {
				"up": { "uv": [ 1.500625, 13.00062, 14.49938, 14.49938 ], "texture": "#carrots_2" },
				"north": { "uv": [ 1.500625, 13.00062, 14.49938, 14.49938 ], "texture": "#carrots_2" },
				"south": { "uv": [ 1.500625, 13.00062, 14.49938, 14.49938 ], "texture": "#carrots_2" }
			}
		},
		{
			"__comment": "pot*",
			"from": [ 10.9995, 0.9991, 2.0005 ],
			"to": [ 13.9995, 1.9991, 5.0005 ],
			"faces": {
				"down": { "uv": [ 0.000625, 0.000624657, 15.99938, 15.99938 ], "texture": "#carrots_2" },
				"north": { "uv": [ 0.000625, 0.000624657, 15.99938, 15.99938 ], "texture": "#carrots_2" },
				"south": { "uv": [ 0.000625, 0.000624657, 15.99938, 15.99938 ], "texture": "#carrots_2" },
				"west": { "uv": [ 0.000625, 0.000624657, 15.99938, 15.99938 ], "texture": "#carrots_2" },
				"east": { "uv": [ 0.000625, 0.000624657, 15.99938, 15.99938 ], "texture": "#carrots_2" }
			}
		},
		{
			"__comment": "pot*",
			"from": [ 10.9995, 0.9997, 11.0001 ],
			"to": [ 13.9995, 1.9997, 14.0001 ],
			"faces": {
				"down": { "uv": [ 0.000625, 0.000624657, 15.99938, 15.99938 ], "texture": "#carrots_2" },
				"north": { "uv": [ 0.000625, 0.000624657, 15.99938, 15.99938 ], "texture": "#carrots_2" },
				"south": { "uv": [ 0.000625, 0.000624657, 15.99938, 15.99938 ], "texture": "#carrots_2" },
				"west": { "uv": [ 0.000625, 0.000624657, 15.99938, 15.99938 ], "texture": "#carrots_2" },
				"east": { "uv": [ 0.000625, 0.000624657, 15.99938, 15.99938 ], "texture": "#carrots_2" }
			}
		},
		{
			"__comment": "pot*",
			"from": [ 2.0005, 0.9993, 10.9998 ],
			"to": [ 5.000501, 1.9993, 13.9998 ],
			"faces": {
				"down": { "uv": [ 0.000625, 0.000624657, 15.99938, 15.99938 ], "texture": "#carrots_2" },
				"north": { "uv": [ 0.000625, 0.000624657, 15.99938, 15.99938 ], "texture": "#carrots_2" },
				"south": { "uv": [ 0.000625, 0.000624657, 15.99938, 15.99938 ], "texture": "#carrots_2" },
				"west": { "uv": [ 0.000625, 0.000624657, 15.99938, 15.99938 ], "texture": "#carrots_2" },
				"east": { "uv": [ 0.000625, 0.000624657, 15.99938, 15.99938 ], "texture": "#carrots_2" }
			}
		},
		{
			"__comment": "pot*",
			"from": [ 0.9997, 2.001, 1.0009 ],
			"to": [ 5.9997, 3.001, 6.0009 ],
			"faces": {
				"down": { "uv": [ 0.000625, 0.000624657, 15.99938, 15.99938 ], "texture": "#carrots_2" },
				"north": { "uv": [ 0.000625, 0.000624657, 15.99938, 15.99938 ], "texture": "#carrots_2" },
				"south": { "uv": [ 0.000625, 0.000624657, 15.99938, 15.99938 ], "texture": "#carrots_2" },
				"west": { "uv": [ 0.000625, 0.000624657, 15.99938, 15.99938 ], "texture": "#carrots_2" },
				"east": { "uv": [ 0.000625, 0.000624657, 15.99938, 15.99938 ], "texture": "#carrots_2" }
			}
		},
		{
			"__comment": "pot*",
			"from": [ 9.9998, 2.0005, 0.9994 ],
			"to": [ 14.9998, 3.0005, 5.999401 ],
			"faces": {
				"down": { "uv": [ 0.000625, 0.000624657, 15.99938, 15.99938 ], "texture": "#carrots_2" },
				"north": { "uv": [ 0.000625, 0.000624657, 15.99938, 15.99938 ], "texture": "#carrots_2" },
				"south": { "uv": [ 0.000625, 0.000624657, 15.99938, 15.99938 ], "texture": "#carrots_2" },
				"west": { "uv": [ 0.000625, 0.000624657, 15.99938, 15.99938 ], "texture": "#carrots_2" },
				"east": { "uv": [ 0.000625, 0.000624657, 15.99938, 15.99938 ], "texture": "#carrots_2" }
			}
		},
		{
			"__comment": "pot*",
			"from": [ 9.9993, 2.0004, 10.0008 ],
			"to": [ 14.9993, 3.0004, 15.0008 ],
			"faces": {
				"down": { "uv": [ 0.000625, 0.000624657, 15.99938, 15.99938 ], "texture": "#carrots_2" },
				"north": { "uv": [ 0.000625, 0.000624657, 15.99938, 15.99938 ], "texture": "#carrots_2" },
				"south": { "uv": [ 0.000625, 0.000624657, 15.99938, 15.99938 ], "texture": "#carrots_2" },
				"west": { "uv": [ 0.000625, 0.000624657, 15.99938, 15.99938 ], "texture": "#carrots_2" },
				"east": { "uv": [ 0.000625, 0.000624657, 15.99938, 15.99938 ], "texture": "#carrots_2" }
			}
		},
		{
			"__comment": "Element",
			"from": [ 8.9997, 4.001, 0.0009 ],
			"to": [ 9.9997, 5.001, 7.000899 ],
			"faces": {
				"up": { "uv": [ 1.500625, 1.500625, 2.999375, 14.49938 ], "texture": "#carrots_2" },
				"north": { "uv": [ 1.500625, 11.50062, 4.499375, 14.49938 ], "texture": "#carrots_2", "cullface": "north" },
				"south": { "uv": [ 1.500625, 11.50062, 4.499375, 14.49938 ], "texture": "#carrots_2" },
				"west": { "uv": [ 1.500625, 13.00062, 14.49938, 14.49938 ], "texture": "#carrots_2" },
				"east": { "uv": [ 1.500625, 13.00062, 14.49938, 14.49938 ], "texture": "#carrots_2" }
			}
		},
		{
			"__comment": "Element",
			"from": [ 14.9992, 4, 0.0007 ],
			"to": [ 15.9992, 5, 7.0007 ],
			"faces": {
				"up": { "uv": [ 1.500625, 1.500625, 2.999375, 14.49938 ], "texture": "#carrots_2" },
				"north": { "uv": [ 1.500625, 11.50062, 4.499375, 14.49938 ], "texture": "#carrots_2", "cullface": "north" },
				"south": { "uv": [ 1.500625, 11.50062, 4.499375, 14.49938 ], "texture": "#carrots_2" },
				"west": { "uv": [ 1.500625, 13.00062, 14.49938, 14.49938 ], "texture": "#carrots_2" },
				"east": { "uv": [ 1.500625, 13.00062, 14.49938, 14.49938 ], "texture": "#carrots_2", "cullface": "east" }
			}
		},
		{
			"__comment": "Element",
			"from": [ 15.0006, 4.001, 9.000299 ],
			"to": [ 16.0006, 5.001, 16.0003 ],
			"faces": {
				"up": { "uv": [ 1.500625, 1.500625, 2.999375, 14.49938 ], "texture": "#carrots_2" },
				"north": { "uv": [ 1.500625, 11.50062, 4.499375, 14.49938 ], "texture": "#carrots_2" },
				"south": { "uv": [ 1.500625, 11.50062, 4.499375, 14.49938 ], "texture": "#carrots_2", "cullface": "south" },
				"west": { "uv": [ 1.500625, 13.00062, 14.49938, 14.49938 ], "texture": "#carrots_2" },
				"east": { "uv": [ 1.500625, 13.00062, 14.49938, 14.49938 ], "texture": "#carrots_2", "cullface": "east" }
			}
		},
		{
			"__comment": "Element",
			"from": [ 8.9991, 4.0008, 9.0007 ],
			"to": [ 9.9991, 5.0008, 16.0007 ],
			"faces": {
				"up": { "uv": [ 1.500625, 1.500625, 2.999375, 14.49938 ], "texture": "#carrots_2" },
				"north": { "uv": [ 1.500625, 11.50062, 4.499375, 14.49938 ], "texture": "#carrots_2" },
				"south": { "uv": [ 1.500625, 11.50062, 4.499375, 14.49938 ], "texture": "#carrots_2", "cullface": "south" },
				"west": { "uv": [ 1.500625, 13.00062, 14.49938, 14.49938 ], "texture": "#carrots_2" },
				"east": { "uv": [ 1.500625, 13.00062, 14.49938, 14.49938 ], "texture": "#carrots_2" }
			}
		},
		{
			"__comment": "Element",
			"from": [ 5.9992, 3.9999, 8.999599 ],
			"to": [ 6.9992, 4.9999, 15.9996 ],
			"faces": {
				"up": { "uv": [ 1.500625, 1.500625, 2.999375, 14.49938 ], "texture": "#carrots_2" },
				"north": { "uv": [ 1.500625, 11.50062, 4.499375, 14.49938 ], "texture": "#carrots_2" },
				"south": { "uv": [ 1.500625, 11.50062, 4.499375, 14.49938 ], "texture": "#carrots_2", "cullface": "south" },
				"west": { "uv": [ 1.500625, 13.00062, 14.49938, 14.49938 ], "texture": "#carrots_2" },
				"east": { "uv": [ 1.500625, 13.00062, 14.49938, 14.49938 ], "texture": "#carrots_2" }
			}
		},
		{
			"__comment": "Element",
			"from": [ -0.0009, 4.0007, 8.9994 ],
			"to": [ 0.9991, 5.0007, 15.9994 ],
			"faces": {
				"up": { "uv": [ 1.500625, 1.500625, 2.999375, 14.49938 ], "texture": "#carrots_2" },
				"north": { "uv": [ 1.500625, 11.50062, 4.499375, 14.49938 ], "texture": "#carrots_2" },
				"south": { "uv": [ 1.500625, 11.50062, 4.499375, 14.49938 ], "texture": "#carrots_2", "cullface": "south" },
				"west": { "uv": [ 1.500625, 13.00062, 14.49938, 14.49938 ], "texture": "#carrots_2", "cullface": "west" },
				"east": { "uv": [ 1.500625, 13.00062, 14.49938, 14.49938 ], "texture": "#carrots_2" }
			}
		},
		{
			"__comment": "Element",
			"from": [ 1.0008, 4.0005, 9.000999 ],
			"to": [ 6.0008, 5.0005, 10.001 ],
			"faces": {
				"up": { "uv": [ 1.500625, 13.00062, 14.49938, 14.49938 ], "texture": "#carrots_2" },
				"north": { "uv": [ 1.500625, 13.00062, 14.49938, 14.49938 ], "texture": "#carrots_2" },
				"south": { "uv": [ 1.500625, 13.00062, 14.49938, 14.49938 ], "texture": "#carrots_2" }
			}
		},
		{
			"__comment": "Element",
			"from": [ 0.9992, 3.9996, 15.0007 ],
			"to": [ 5.9992, 4.999601, 16.0007 ],
			"faces": {
				"up": { "uv": [ 1.500625, 13.00062, 14.49938, 14.49938 ], "texture": "#carrots_2" },
				"north": { "uv": [ 1.500625, 13.00062, 14.49938, 14.49938 ], "texture": "#carrots_2" },
				"south": { "uv": [ 1.500625, 13.00062, 14.49938, 14.49938 ], "texture": "#carrots_2", "cullface": "south" }
			}
		},
		{
			"__comment": "Element",
			"from": [ 9.9998, 4.0002, 15.0002 ],
			"to": [ 14.9998, 5.0002, 16.0002 ],
			"faces": {
				"up": { "uv": [ 1.500625, 13.00062, 14.49938, 14.49938 ], "texture": "#carrots_2" },
				"north": { "uv": [ 1.500625, 13.00062, 14.49938, 14.49938 ], "texture": "#carrots_2" },
				"south": { "uv": [ 1.500625, 13.00062, 14.49938, 14.49938 ], "texture": "#carrots_2", "cullface": "south" }
			}
		},
		{
			"__comment": "Element",
			"from": [ 10.0006, 3.9995, 9.000199 ],
			"to": [ 15.0006, 4.999498, 10.0002 ],
			"faces": {
				"up": { "uv": [ 1.500625, 13.00062, 14.49938, 14.49938 ], "texture": "#carrots_2" },
				"north": { "uv": [ 1.500625, 13.00062, 14.49938, 14.49938 ], "texture": "#carrots_2" },
				"south": { "uv": [ 1.500625, 13.00062, 14.49938, 14.49938 ], "texture": "#carrots_2" }
			}
		},
		{
			"__comment": "Element",
			"from": [ 10.0006, 3.9994, 6.0007 ],
			"to": [ 15.0006, 4.9994, 7.0007 ],
			"faces": {
				"up": { "uv": [ 1.500625, 13.00062, 14.49938, 14.49938 ], "texture": "#carrots_2" },
				"north": { "uv": [ 1.500625, 13.00062, 14.49938, 14.49938 ], "texture": "#carrots_2" },
				"south": { "uv": [ 1.500625, 13.00062, 14.49938, 14.49938 ], "texture": "#carrots_2" }
			}
		},
		{
			"__comment": "Element",
			"from": [ 9.9999, 4.0005, -0.0003 ],
			"to": [ 14.9999, 5.0005, 0.9997001 ],
			"faces": {
				"up": { "uv": [ 1.500625, 13.00062, 14.49938, 14.49938 ], "texture": "#carrots_2" },
				"north": { "uv": [ 1.500625, 13.00062, 14.49938, 14.49938 ], "texture": "#carrots_2", "cullface": "north" },
				"south": { "uv": [ 1.500625, 13.00062, 14.49938, 14.49938 ], "texture": "#carrots_2" }
			}
		},
		{
			"__comment": "light pole",
			"from": [ 7.4998, 1.0008, 7.4991 ],
			"to": [ 8.4998, 15.0008, 8.4991 ],
			"faces": {
				"down": { "uv": [ 0.000625, 0.000624657, 15.99938, 15.99938 ], "texture": "#carrots_3" },
				"north": { "uv": [ 0.000625, 0.000624657, 15.99938, 15.99938 ], "texture": "#carrots_3" },
				"south": { "uv": [ 0.000625, 0.000624657, 15.99938, 15.99938 ], "texture": "#carrots_3" },
				"west": { "uv": [ 0.000625, 0.000624657, 15.99938, 15.99938 ], "texture": "#carrots_3" },
				"east": { "uv": [ 0.000625, 0.000624657, 15.99938, 15.99938 ], "texture": "#carrots_3" }
			}
		},
		{
			"__comment": "light pole",
			"from": [ -0.0008, 14.9994, 7.4992 ],
			"to": [ 15.9992, 15.9994, 8.4992 ],
			"faces": {
				"down": { "uv": [ 0.000625, 0.000624657, 15.99938, 15.99938 ], "texture": "#carrots_4" },
				"up": { "uv": [ 0.000625, 0.000624657, 15.99938, 15.99938 ], "texture": "#carrots_4", "cullface": "up" },
				"north": { "uv": [ 0.000625, 0.000624657, 15.99938, 15.99938 ], "texture": "#carrots_4" },
				"south": { "uv": [ 0.000625, 0.000624657, 15.99938, 15.99938 ], "texture": "#carrots_4" },
				"west": { "uv": [ 0.000625, 6.000626, 2.499375, 8.499375 ], "texture": "#carrots_4", "cullface": "west" },
				"east": { "uv": [ 0.000625, 7.500626, 2.499375, 9.999375 ], "texture": "#carrots_4", "cullface": "east" }
			}
		},
		{
			"__comment": "light pole",
			"from": [ 3.0004, 14.9998, 3.0002 ],
			"to": [ 4.0004, 15.9998, 7.5002 ],
			"faces": {
				"down": { "uv": [ 0.000625, 0.000624657, 15.99938, 15.99938 ], "texture": "#carrots_3" },
				"up": { "uv": [ 0.000625, 0.000624657, 15.99938, 15.99938 ], "texture": "#carrots_3", "cullface": "up" },
				"north": { "uv": [ 6.000625, 0.000624657, 8.999375, 2.499375 ], "texture": "#carrots_3" },
				"west": { "uv": [ 0.000625, 0.000624657, 15.99938, 15.99938 ], "texture": "#carrots_4" },
				"east": { "uv": [ 0.000625, 0.000624657, 15.99938, 15.99938 ], "texture": "#carrots_4" }
			}
		},
		{
			"__comment": "light pole*",
			"from": [ 11.9994, 14.9994, 2.9995 ],
			"to": [ 12.9994, 15.9994, 7.499499 ],
			"faces": {
				"down": { "uv": [ 0.000625, 0.000624657, 15.99938, 15.99938 ], "texture": "#carrots_3" },
				"up": { "uv": [ 0.000625, 0.000624657, 15.99938, 15.99938 ], "texture": "#carrots_3", "cullface": "up" },
				"north": { "uv": [ 6.000625, 0.000624657, 8.999375, 2.499375 ], "texture": "#carrots_3" },
				"west": { "uv": [ 0.000625, 0.000624657, 15.99938, 15.99938 ], "texture": "#carrots_4" },
				"east": { "uv": [ 0.000625, 0.000624657, 15.99938, 15.99938 ], "texture": "#carrots_4" }
			}
		},
		{
			"__comment": "light pole*",
			"from": [ 11.9991, 15.0007, 8.499499 ],
			"to": [ 12.9991, 16.0007, 12.9995 ],
			"faces": {
				"down": { "uv": [ 0.000625, 0.000624657, 15.99938, 15.99938 ], "texture": "#carrots_3" },
				"up": { "uv": [ 0.000625, 0.000624657, 15.99938, 15.99938 ], "texture": "#carrots_3", "cullface": "up" },
				"south": { "uv": [ 6.000625, 0.000624657, 8.999375, 2.499375 ], "texture": "#carrots_3" },
				"west": { "uv": [ 0.000625, 0.000624657, 15.99938, 15.99938 ], "texture": "#carrots_4" },
				"east": { "uv": [ 0.000625, 0.000624657, 15.99938, 15.99938 ], "texture": "#carrots_4" }
			}
		},
		{
			"__comment": "light pole*",
			"from": [ 2.9994, 14.9991, 8.5007 ],
			"to": [ 3.9994, 15.9991, 13.0007 ],
			"faces": {
				"down": { "uv": [ 0.000625, 0.000624657, 15.99938, 15.99938 ], "texture": "#carrots_3" },
				"up": { "uv": [ 0.000625, 0.000624657, 15.99938, 15.99938 ], "texture": "#carrots_3", "cullface": "up" },
				"south": { "uv": [ 6.000625, 0.000624657, 8.999375, 2.499375 ], "texture": "#carrots_3" },
				"west": { "uv": [ 0.000625, 0.000624657, 15.99938, 15.99938 ], "texture": "#carrots_4" },
				"east": { "uv": [ 0.000625, 0.000624657, 15.99938, 15.99938 ], "texture": "#carrots_4" }
			}
		},
		{
			"__comment": "light",
			"from": [ 1.0006, 14.4994, 10.0005 ],
			"to": [ 6.0006, 14.9994, 15.0005 ],
			"faces": {
				"down": { "uv": [ 0.000625, 0.000624657, 15.99938, 15.99938 ], "texture": "#carrots_5" },
				"up": { "uv": [ 0.000625, 0.000624657, 15.99938, 15.99938 ], "texture": "#carrots_7" },
				"north": { "uv": [ 0.000625, 0.000624657, 15.99938, 15.99938 ], "texture": "#carrots_2" },
				"south": { "uv": [ 0.000625, 0.000624657, 15.99938, 15.99938 ], "texture": "#carrots_2" },
				"west": { "uv": [ 0.000625, 0.000624657, 15.99938, 15.99938 ], "texture": "#carrots_2" },
				"east": { "uv": [ 0.000625, 0.000624657, 15.99938, 15.99938 ], "texture": "#carrots_2" }
			}
		},
		{
			"__comment": "light*",
			"from": [ 9.9997, 14.4993, 9.9992 ],
			"to": [ 14.99969, 14.9993, 14.9992 ],
			"faces": {
				"down": { "uv": [ 0.000625, 0.000624657, 15.99938, 15.99938 ], "texture": "#carrots_5" },
				"up": { "uv": [ 0.000625, 0.000624657, 15.99938, 15.99938 ], "texture": "#carrots_7" },
				"north": { "uv": [ 0.000625, 0.000624657, 15.99938, 15.99938 ], "texture": "#carrots_2" },
				"south": { "uv": [ 0.000625, 0.000624657, 15.99938, 15.99938 ], "texture": "#carrots_2" },
				"west": { "uv": [ 0.000625, 0.000624657, 15.99938, 15.99938 ], "texture": "#carrots_2" },
				"east": { "uv": [ 0.000625, 0.000624657, 15.99938, 15.99938 ], "texture": "#carrots_2" }
			}
		},
		{
			"__comment": "light*",
			"from": [ 10, 14.5003, 0.999 ],
			"to": [ 15, 15.0003, 5.999 ],
			"faces": {
				"down": { "uv": [ 0.000625, 0.000624657, 15.99938, 15.99938 ], "texture": "#carrots_5" },
				"up": { "uv": [ 0.000625, 0.000624657, 15.99938, 15.99938 ], "texture": "#carrots_7" },
				"north": { "uv": [ 0.000625, 0.000624657, 15.99938, 15.99938 ], "texture": "#carrots_2" },
				"south": { "uv": [ 0.000625, 0.000624657, 15.99938, 15.99938 ], "texture": "#carrots_2" },
				"west": { "uv": [ 0.000625, 0.000624657, 15.99938, 15.99938 ], "texture": "#carrots_2" },
				"east": { "uv": [ 0.000625, 0.000624657, 15.99938, 15.99938 ], "texture": "#carrots_2" }
			}
		},
		{
			"__comment": "light*",
			"from": [ 0.9994, 14.5003, 0.9999 ],
			"to": [ 5.9994, 15.0003, 5.999901 ],
			"faces": {
				"down": { "uv": [ 0.000625, 0.000624657, 15.99938, 15.99938 ], "texture": "#carrots_5" },
				"up": { "uv": [ 0.000625, 0.000624657, 15.99938, 15.99938 ], "texture": "#carrots_7" },
				"north": { "uv": [ 0.000625, 0.000624657, 15.99938, 15.99938 ], "texture": "#carrots_2" },
				"south": { "uv": [ 0.000625, 0.000624657, 15.99938, 15.99938 ], "texture": "#carrots_2" },
				"west": { "uv": [ 0.000625, 0.000624657, 15.99938, 15.99938 ], "texture": "#carrots_2" },
				"east": { "uv": [ 0.000625, 0.000624657, 15.99938, 15.99938 ], "texture": "#carrots_2" }
			}
		},
		{
			"__comment": "Element",
			"from": [ 1.0627, 4.9378, 0.7081 ],
			"to": [ 6.0627, 5.9378, 1.208095 ],
			"rotation": { "origin": [ 1.0625, 5.9375, 0.707125 ], "axis": "x", "angle": 45 },
			"faces": {
				"down": { "uv": [ 14.49938, 14.49938, 10.50062, 13.50062 ], "texture": "#carrots_2" },
				"up": { "uv": [ 10.50062, 13.50062, 14.49938, 14.49938 ], "texture": "#carrots_2" },
				"north": { "uv": [ 0.000625, 3.000625, 15.99938, 5.999374 ], "texture": "#carrots_6" },
				"south": { "uv": [ 10.50062, 13.50062, 14.49938, 14.49938 ], "texture": "#carrots_2" },
				"west": { "uv": [ 13.50062, 13.50062, 14.49938, 14.49938 ], "texture": "#carrots_2" },
				"east": { "uv": [ 13.50062, 13.50062, 14.49938, 14.49938 ], "texture": "#carrots_2" }
			}
		},
		{
			"__comment": "Element",
			"from": [ 0.9998, 4.6241, 15.0009 ],
			"to": [ 5.9998, 5.6241, 15.5009 ],
			"rotation": { "origin": [ 1, 5.625, 15 ], "axis": "x", "angle": -45 },
			"faces": {
				"down": { "uv": [ 14.49938, 14.49938, 10.50062, 13.50062 ], "texture": "#carrots_2" },
				"up": { "uv": [ 10.50062, 13.50062, 14.49938, 14.49938 ], "texture": "#carrots_2" },
				"north": { "uv": [ 1.500625, 1.500625, 14.49938, 2.499375 ], "texture": "#carrots_2" },
				"south": { "uv": [ 0.000625, 3.000625, 15.99938, 5.999374 ], "texture": "#carrots_6" },
				"west": { "uv": [ 13.50062, 13.50062, 14.49938, 14.49938 ], "texture": "#carrots_2" },
				"east": { "uv": [ 13.50062, 13.50062, 14.49938, 14.49938 ], "texture": "#carrots_2" }
			}
		},
		{
			"__comment": "Element",
			"from": [ 10.0008, 4.6881, 15.0001 ],
			"to": [ 15.0008, 5.6881, 15.5001 ],
			"rotation": { "origin": [ 10, 5.6875, 15 ], "axis": "x", "angle": -45 },
			"faces": {
				"down": { "uv": [ 14.49938, 14.49938, 10.50062, 13.50062 ], "texture": "#carrots_2" },
				"up": { "uv": [ 10.50062, 13.50062, 14.49938, 14.49938 ], "texture": "#carrots_2" },
				"north": { "uv": [ 1.500625, 1.500625, 14.49938, 2.499375 ], "texture": "#carrots_2" },
				"south": { "uv": [ 0.000625, 3.000625, 15.99938, 5.999374 ], "texture": "#carrots_6" },
				"west": { "uv": [ 13.50062, 13.50062, 14.49938, 14.49938 ], "texture": "#carrots_2" },
				"east": { "uv": [ 13.50062, 13.50062, 14.49938, 14.49938 ], "texture": "#carrots_2" }
			}
		},
		{
			"__comment": "Element",
			"from": [ 10.0623, 4.9384, 0.7076 ],
			"to": [ 15.0623, 5.9384, 1.207595 ],
			"rotation": { "origin": [ 10.0625, 5.9375, 0.707125 ], "axis": "x", "angle": 45 },
			"faces": {
				"down": { "uv": [ 14.49938, 14.49938, 10.50062, 13.50062 ], "texture": "#carrots_2" },
				"up": { "uv": [ 10.50062, 13.50062, 14.49938, 14.49938 ], "texture": "#carrots_2" },
				"north": { "uv": [ 0.000625, 3.000625, 15.99938, 5.999374 ], "texture": "#carrots_6" },
				"south": { "uv": [ 10.50062, 13.50062, 14.49938, 14.49938 ], "texture": "#carrots_2" },
				"west": { "uv": [ 13.50062, 13.50062, 14.49938, 14.49938 ], "texture": "#carrots_2" },
				"east": { "uv": [ 13.50062, 13.50062, 14.49938, 14.49938 ], "texture": "#carrots_2" }
			}
		},
		{
			"__comment": "Element",
			"from": [ 1.0006, 4.6246, 6.0006 ],
			"to": [ 6.0006, 5.6246, 6.5006 ],
			"rotation": { "origin": [ 1, 5.625, 6 ], "axis": "x", "angle": -45 },
			"faces": {
				"down": { "uv": [ 14.49938, 14.49938, 10.50062, 13.50062 ], "texture": "#carrots_2" },
				"up": { "uv": [ 10.50062, 13.50062, 14.49938, 14.49938 ], "texture": "#carrots_2" },
				"north": { "uv": [ 1.500625, 1.500625, 14.49938, 2.499375 ], "texture": "#carrots_2" },
				"south": { "uv": [ 0.000625, 3.000625, 15.99938, 5.999374 ], "texture": "#carrots_6" },
				"west": { "uv": [ 13.50062, 13.50062, 14.49938, 14.49938 ], "texture": "#carrots_2" },
				"east": { "uv": [ 13.50062, 13.50062, 14.49938, 14.49938 ], "texture": "#carrots_2" }
			}
		},
		{
			"__comment": "Element",
			"from": [ 10.0003, 4.6877, 5.9998 ],
			"to": [ 15.0003, 5.6877, 6.4998 ],
			"rotation": { "origin": [ 10, 5.6875, 6 ], "axis": "x", "angle": -45 },
			"faces": {
				"down": { "uv": [ 14.49938, 14.49938, 10.50062, 13.50062 ], "texture": "#carrots_2" },
				"up": { "uv": [ 10.50062, 13.50062, 14.49938, 14.49938 ], "texture": "#carrots_2" },
				"north": { "uv": [ 1.500625, 1.500625, 14.49938, 2.499375 ], "texture": "#carrots_2" },
				"south": { "uv": [ 0.000625, 3.000625, 15.99938, 5.999374 ], "texture": "#carrots_6" },
				"west": { "uv": [ 13.50062, 13.50062, 14.49938, 14.49938 ], "texture": "#carrots_2" },
				"east": { "uv": [ 13.50062, 13.50062, 14.49938, 14.49938 ], "texture": "#carrots_2" }
			}
		},
		{
			"__comment": "Element",
			"from": [ 1.0615, 4.9367, 9.706699 ],
			"to": [ 6.0615, 5.9367, 10.20669 ],
			"rotation": { "origin": [ 1.0625, 5.9375, 9.70711 ], "axis": "x", "angle": 45 },
			"faces": {
				"down": { "uv": [ 14.49938, 14.49938, 10.50062, 13.50062 ], "texture": "#carrots_2" },
				"up": { "uv": [ 10.50062, 13.50062, 14.49938, 14.49938 ], "texture": "#carrots_2" },
				"north": { "uv": [ 0.000625, 3.000625, 15.99938, 5.999374 ], "texture": "#carrots_6" },
				"south": { "uv": [ 10.50062, 13.50062, 14.49938, 14.49938 ], "texture": "#carrots_2" },
				"west": { "uv": [ 13.50062, 13.50062, 14.49938, 14.49938 ], "texture": "#carrots_2" },
				"east": { "uv": [ 13.50062, 13.50062, 14.49938, 14.49938 ], "texture": "#carrots_2" }
			}
		},
		{
			"__comment": "Element",
			"from": [ 10.0615, 4.9378, 9.7073 ],
			"to": [ 15.0615, 5.9378, 10.20729 ],
			"rotation": { "origin": [ 10.0625, 5.9375, 9.70711 ], "axis": "x", "angle": 45 },
			"faces": {
				"down": { "uv": [ 14.49938, 14.49938, 10.50062, 13.50062 ], "texture": "#carrots_2" },
				"up": { "uv": [ 10.50062, 13.50062, 14.49938, 14.49938 ], "texture": "#carrots_2" },
				"north": { "uv": [ 0.000625, 3.000625, 15.99938, 5.999374 ], "texture": "#carrots_6" },
				"south": { "uv": [ 10.50062, 13.50062, 14.49938, 14.49938 ], "texture": "#carrots_2" },
				"west": { "uv": [ 13.50062, 13.50062, 14.49938, 14.49938 ], "texture": "#carrots_2" },
				"east": { "uv": [ 13.50062, 13.50062, 14.49938, 14.49938 ], "texture": "#carrots_2" }
			}
		},
		{
			"__comment": "Element",
			"from": [ 0.7066, 4.9368, 1.0009 ],
			"to": [ 1.206595, 5.9368, 6.0009 ],
			"rotation": { "origin": [ 0.707125, 5.9375, 1 ], "axis": "z", "angle": -45 },
			"faces": {
				"down": { "uv": [ 14.00062, 1.500625, 14.49938, 5.499374 ], "texture": "#carrots_2" },
				"up": { "uv": [ 14.00062, 1.500625, 14.49938, 5.499374 ], "texture": "#carrots_2" },
				"north": { "uv": [ 14.00062, 13.50062, 14.49938, 14.49938 ], "texture": "#carrots_2" },
				"south": { "uv": [ 14.00062, 13.50062, 14.49938, 14.49938 ], "texture": "#carrots_2" },
				"west": { "uv": [ 0.000625, 3.000625, 15.99938, 5.999374 ], "texture": "#carrots_6" },
				"east": { "uv": [ 10.50062, 13.50062, 14.49938, 14.49938 ], "texture": "#carrots_2" }
			}
		},
		{
			"__comment": "Element",
			"from": [ 0.7073, 4.9367, 10.0005 ],
			"to": [ 1.207295, 5.9367, 15.0005 ],
			"rotation": { "origin": [ 0.707125, 5.9375, 10 ], "axis": "z", "angle": -45 },
			"faces": {
				"down": { "uv": [ 14.00062, 1.500625, 14.49938, 5.499374 ], "texture": "#carrots_2" },
				"up": { "uv": [ 14.00062, 1.500625, 14.49938, 5.499374 ], "texture": "#carrots_2" },
				"north": { "uv": [ 14.00062, 13.50062, 14.49938, 14.49938 ], "texture": "#carrots_2" },
				"south": { "uv": [ 14.00062, 13.50062, 14.49938, 14.49938 ], "texture": "#carrots_2" },
				"west": { "uv": [ 0.000625, 3.000625, 15.99938, 5.999374 ], "texture": "#carrots_6" },
				"east": { "uv": [ 10.50062, 13.50062, 14.49938, 14.49938 ], "texture": "#carrots_2" }
			}
		},
		{
			"__comment": "Element",
			"from": [ 9.7061, 4.9378, 10.0008 ],
			"to": [ 10.20609, 5.9378, 15.0008 ],
			"rotation": { "origin": [ 9.70711, 5.9375, 10 ], "axis": "z", "angle": -45 },
			"faces": {
				"down": { "uv": [ 14.00062, 1.500625, 14.49938, 5.499374 ], "texture": "#carrots_2" },
				"up": { "uv": [ 14.00062, 1.500625, 14.49938, 5.499374 ], "texture": "#carrots_2" },
				"north": { "uv": [ 14.00062, 13.50062, 14.49938, 14.49938 ], "texture": "#carrots_2" },
				"south": { "uv": [ 14.00062, 13.50062, 14.49938, 14.49938 ], "texture": "#carrots_2" },
				"west": { "uv": [ 0.000625, 3.000625, 15.99938, 5.999374 ], "texture": "#carrots_6" },
				"east": { "uv": [ 10.50062, 13.50062, 14.49938, 14.49938 ], "texture": "#carrots_2" }
			}
		},
		{
			"__comment": "Element",
			"from": [ 9.7693, 4.938, 1.0003 ],
			"to": [ 10.26929, 5.938, 6.0003 ],
			"rotation": { "origin": [ 9.76961, 5.9375, 1 ], "axis": "z", "angle": -45 },
			"faces": {
				"down": { "uv": [ 14.00062, 1.500625, 14.49938, 5.499374 ], "texture": "#carrots_2" },
				"up": { "uv": [ 14.00062, 1.500625, 14.49938, 5.499374 ], "texture": "#carrots_2" },
				"north": { "uv": [ 14.00062, 13.50062, 14.49938, 14.49938 ], "texture": "#carrots_2" },
				"south": { "uv": [ 14.00062, 13.50062, 14.49938, 14.49938 ], "texture": "#carrots_2" },
				"west": { "uv": [ 0.000625, 3.000625, 15.99938, 5.999374 ], "texture": "#carrots_6" },
				"east": { "uv": [ 10.50062, 13.50062, 14.49938, 14.49938 ], "texture": "#carrots_2" }
			}
		},
		{
			"__comment": "Element",
			"from": [ 15, 4.6247, 0.9999 ],
			"to": [ 15.5, 5.6247, 5.9999 ],
			"rotation": { "origin": [ 15, 5.625, 1 ], "axis": "z", "angle": 45 },
			"faces": {
				"down": { "uv": [ 14.00062, 1.500625, 14.49938, 5.499374 ], "texture": "#carrots_2" },
				"up": { "uv": [ 14.00062, 1.500625, 14.49938, 5.499374 ], "texture": "#carrots_2" },
				"north": { "uv": [ 14.00062, 13.50062, 14.49938, 14.49938 ], "texture": "#carrots_2" },
				"south": { "uv": [ 14.00062, 13.50062, 14.49938, 14.49938 ], "texture": "#carrots_2" },
				"west": { "uv": [ 1.500625, 1.500625, 14.49938, 2.499375 ], "texture": "#carrots_2" },
				"east": { "uv": [ 0.000625, 3.000625, 15.99938, 5.999374 ], "texture": "#carrots_6" }
			}
		},
		{
			"__comment": "Element",
			"from": [ 15.0003, 4.6248, 9.9998 ],
			"to": [ 15.5003, 5.6248, 14.9998 ],
			"rotation": { "origin": [ 15, 5.625, 10 ], "axis": "z", "angle": 45 },
			"faces": {
				"down": { "uv": [ 14.00062, 1.500625, 14.49938, 5.499374 ], "texture": "#carrots_2" },
				"up": { "uv": [ 14.00062, 1.500625, 14.49938, 5.499374 ], "texture": "#carrots_2" },
				"north": { "uv": [ 14.00062, 13.50062, 14.49938, 14.49938 ], "texture": "#carrots_2" },
				"south": { "uv": [ 14.00062, 13.50062, 14.49938, 14.49938 ], "texture": "#carrots_2" },
				"west": { "uv": [ 1.500625, 1.500625, 14.49938, 2.499375 ], "texture": "#carrots_2" },
				"east": { "uv": [ 0.000625, 3.000625, 15.99938, 5.999374 ], "texture": "#carrots_6" }
			}
		},
		{
			"__comment": "Element",
			"from": [ 5.9993, 4.6259, 9.9999 ],
			"to": [ 6.4993, 5.6259, 14.9999 ],
			"rotation": { "origin": [ 6, 5.625, 10 ], "axis": "z", "angle": 45 },
			"faces": {
				"down": { "uv": [ 14.00062, 1.500625, 14.49938, 5.499374 ], "texture": "#carrots_2" },
				"up": { "uv": [ 14.00062, 1.500625, 14.49938, 5.499374 ], "texture": "#carrots_2" },
				"north": { "uv": [ 14.00062, 13.50062, 14.49938, 14.49938 ], "texture": "#carrots_2" },
				"south": { "uv": [ 14.00062, 13.50062, 14.49938, 14.49938 ], "texture": "#carrots_2" },
				"west": { "uv": [ 1.500625, 1.500625, 14.49938, 2.499375 ], "texture": "#carrots_2" },
				"east": { "uv": [ 0.000625, 3.000625, 15.99938, 5.999374 ], "texture": "#carrots_6" }
			}
		},
		{
			"__comment": "Element",
			"from": [ 6.0006, 4.6256, 1.0002 ],
			"to": [ 6.5006, 5.6256, 6.0002 ],
			"rotation": { "origin": [ 6, 5.625, 1 ], "axis": "z", "angle": 45 },
			"faces": {
				"down": { "uv": [ 14.00062, 1.500625, 14.49938, 5.499374 ], "texture": "#carrots_2" },
				"up": { "uv": [ 14.00062, 1.500625, 14.49938, 5.499374 ], "texture": "#carrots_2" },
				"north": { "uv": [ 14.00062, 13.50062, 14.49938, 14.49938 ], "texture": "#carrots_2" },
				"south": { "uv": [ 14.00062, 13.50062, 14.49938, 14.49938 ], "texture": "#carrots_2" },
				"west": { "uv": [ 1.500625, 1.500625, 14.49938, 2.499375 ], "texture": "#carrots_2" },
				"east": { "uv": [ 0.000625, 3.000625, 15.99938, 5.999374 ], "texture": "#carrots_6" }
			}
		},
		{
			"__comment": "pot*",
			"from": [ 0.0008, 3.0004, 0.0007 ],
			"to": [ 7.000801, 4.0004, 7.0007 ],
			"faces": {
				"down": { "uv": [ 0.000625, 0.000624657, 15.99938, 15.99938 ], "texture": "#carrots_2" },
				"up": { "uv": [ 0.000625, 0.000624657, 15.99938, 15.99938 ], "texture": "#carrots_10" },
				"north": { "uv": [ 0.000625, 0.000624657, 15.99938, 15.99938 ], "texture": "#carrots_2", "cullface": "north" },
				"south": { "uv": [ 0.000625, 0.000624657, 15.99938, 15.99938 ], "texture": "#carrots_2" },
				"west": { "uv": [ 0.000625, 0.000624657, 15.99938, 15.99938 ], "texture": "#carrots_2", "cullface": "west" },
				"east": { "uv": [ 0.000625, 0.000624657, 15.99938, 15.99938 ], "texture": "#carrots_2" }
			}
		},
		{
			"__comment": "pot*",
			"from": [ 8.9997, 2.9993, 0.0006 ],
			"to": [ 15.9997, 3.9993, 7.000599 ],
			"faces": {
				"down": { "uv": [ 0.000625, 0.000624657, 15.99938, 15.99938 ], "texture": "#carrots_2" },
				"up": { "uv": [ 0.000625, 0.000624657, 15.99938, 15.99938 ], "texture": "#carrots_10" },
				"north": { "uv": [ 0.000625, 0.000624657, 15.99938, 15.99938 ], "texture": "#carrots_2", "cullface": "north" },
				"south": { "uv": [ 0.000625, 0.000624657, 15.99938, 15.99938 ], "texture": "#carrots_2" },
				"west": { "uv": [ 0.000625, 0.000624657, 15.99938, 15.99938 ], "texture": "#carrots_2" },
				"east": { "uv": [ 0.000625, 0.000624657, 15.99938, 15.99938 ], "texture": "#carrots_2", "cullface": "east" }
			}
		},
		{
			"__comment": "pot*",
			"from": [ 9, 2.9997, 8.9991 ],
			"to": [ 16, 3.9997, 15.9991 ],
			"faces": {
				"down": { "uv": [ 0.000625, 0.000624657, 15.99938, 15.99938 ], "texture": "#carrots_2" },
				"up": { "uv": [ 0.000625, 0.000624657, 15.99938, 15.99938 ], "texture": "#carrots_10" },
				"north": { "uv": [ 0.000625, 0.000624657, 15.99938, 15.99938 ], "texture": "#carrots_2" },
				"south": { "uv": [ 0.000625, 0.000624657, 15.99938, 15.99938 ], "texture": "#carrots_2", "cullface": "south" },
				"west": { "uv": [ 0.000625, 0.000624657, 15.99938, 15.99938 ], "texture": "#carrots_2" },
				"east": { "uv": [ 0.000625, 0.000624657, 15.99938, 15.99938 ], "texture": "#carrots_2", "cullface": "east" }
			}
		},
		{
			"__comment": "pot*",
			"from": [ -0.0005, 3.0001, 8.9998 ],
			"to": [ 6.999499, 4.0001, 15.9998 ],
			"faces": {
				"down": { "uv": [ 0.000625, 0.000624657, 15.99938, 15.99938 ], "texture": "#carrots_2" },
				"up": { "uv": [ 0.000625, 0.000624657, 15.99938, 15.99938 ], "texture": "#carrots_10" },
				"north": { "uv": [ 0.000625, 0.000624657, 15.99938, 15.99938 ], "texture": "#carrots_2" },
				"south": { "uv": [ 0.000625, 0.000624657, 15.99938, 15.99938 ], "texture": "#carrots_2", "cullface": "south" },
				"west": { "uv": [ 0.000625, 0.000624657, 15.99938, 15.99938 ], "texture": "#carrots_2", "cullface": "west" },
				"east": { "uv": [ 0.000625, 0.000624657, 15.99938, 15.99938 ], "texture": "#carrots_2" }
			}
		},
		{
			"__comment": "Element",
			"from": [ 12.5002, 4.0001, 2 ],
			"to": [ 12.5627, 7.0001, 5 ],
			"faces": {
				"west": { "uv": [ 0, 0, 16, 16 ], "texture": "#carrots_1" },
				"east": { "uv": [ 0, 0, 16, 16 ], "texture": "#carrots_1" }
			}
		},
		{
			"__comment": "Element",
			"from": [ 3.501, 3.9993, 2.0001 ],
			"to": [ 3.5635, 6.9993, 5.0001 ],
			"faces": {
				"west": { "uv": [ 0, 0, 16, 16 ], "texture": "#carrots_1" },
				"east": { "uv": [ 0, 0, 16, 16 ], "texture": "#carrots_1" }
			}
		},
		{
			"__comment": "Element",
			"from": [ 12.4993, 3.9998, 10.9991 ],
			"to": [ 12.5618, 6.9998, 13.9991 ],
			"faces": {
				"west": { "uv": [ 0, 0, 16, 16 ], "texture": "#carrots_1" },
				"east": { "uv": [ 0, 0, 16, 16 ], "texture": "#carrots_1" }
			}
		},
		{
			"__comment": "Element",
			"from": [ 3.4994, 4.0001, 11.0008 ],
			"to": [ 3.5619, 7.0001, 14.0008 ],
			"faces": {
				"west": { "uv": [ 0, 0, 16, 16 ], "texture": "#carrots_1" },
				"east": { "uv": [ 0, 0, 16, 16 ], "texture": "#carrots_1" }
			}
		},
		{
			"__comment": "Element",
			"from": [ 1.9991, 4.0006, 12.5006 ],
			"to": [ 4.9991, 7.0006, 12.5631 ],
			"faces": {
				"north": { "uv": [ 0, 0, 16, 16 ], "texture": "#carrots_1" },
				"south": { "uv": [ 0, 0, 16, 16 ], "texture": "#carrots_1" }
			}
		},
		{
			"__comment": "Element",
			"from": [ 10.9999, 3.9996, 3.5003 ],
			"to": [ 13.9999, 6.999599, 3.5628 ],
			"faces": {
				"north": { "uv": [ 0, 0, 16, 16 ], "texture": "#carrots_1" },
				"south": { "uv": [ 0, 0, 16, 16 ], "texture": "#carrots_1" }
			}
		},
		{
			"__comment": "Element",
			"from": [ 10.9999, 4.0004, 12.5007 ],
			"to": [ 13.9999, 7.0004, 12.5632 ],
			"faces": {
				"north": { "uv": [ 0, 0, 16, 16 ], "texture": "#carrots_1" },
				"south": { "uv": [ 0, 0, 16, 16 ], "texture": "#carrots_1" }
			}
		},
		{
			"__comment": "Element",
			"from": [ 1.999, 4.0008, 3.5 ],
			"to": [ 4.999001, 7.0008, 3.5625 ],
			"faces": {
				"north": { "uv": [ 0, 0, 16, 16 ], "texture": "#carrots_1" },
				"south": { "uv": [ 0, 0, 16, 16 ], "texture": "#carrots_1" }
			}
		}
	],
	"display": {
		"thirdperson_righthand": {
			"rotation":  [ 75, 45, 0 ],
			"translation":  [ 0, 2.5, 2 ],
			"scale":  [ 0.375, 0.375, 0.375 ]
		},
		"thirdperson_lefthand": {
			"rotation":  [ 75, 45, 0 ],
			"translation":  [ 0, 2.5, 2 ],
			"scale":  [ 0.375, 0.375, 0.375 ]
		},
		"firstperson_righthand": {
			"rotation":  [ 0, 45, 0 ],
			"translation":  [ 0, 3, 0 ],
			"scale":  [ 0.4, 0.4, 0.4 ]
		},
		"firstperson_lefthand": {
			"rotation":  [ 0, 45, 0 ],
			"translation":  [ 0, 3, 0 ],
			"scale":  [ 0.4, 0.4, 0.4 ]
		},
		"gui": {
			"rotation":  [ 30, 225, 0 ],
			"scale":  [ 0.625, 0.625, 0.625 ]
		},
		"ground": {
			"translation":  [ 0, 3, 0 ],
			"scale":  [ 0.25, 0.25, 0.25 ]
		},
		"fixed": {
			"translation":  [ 0, 0, -3 ],
			"scale":  [ 0.5, 0.5, 0.5 ]
		}
	}
}