{
	"__comment": "Designed by Intermacgod with BDcraft Cubik PRO 0.87 Beta - http://bdcraft.net",
	"textures": {
		"particle": "block/c/cherry_pressure_plate/cherry_pressure_plate_down",
		"cherry_pressure_plate_1": "block/c/cherry_pressure_plate/cherry_pressure_plate_1",
		"cherry_pressure_plate_2": "block/c/cherry_pressure_plate/cherry_pressure_plate_2",
		"cherry_pressure_plate_3": "block/c/cherry_pressure_plate/cherry_pressure_plate_3",
		"cherry_pressure_plate_4": "block/c/cherry_pressure_plate/cherry_pressure_plate_4"
	},
	"elements": [ 	 
		{
			"__comment": "Element",
			"from": [ 2.0002, 0.0008, 2.0005 ],
			"to": [ 14.0002, 1.0008, 14.0005 ],
			"faces": {
				"up": { "uv": [ 2.000625, 2.000625, 13.99938, 13.99938 ], "texture": "#cherry_pressure_plate_4" },
				"north": { "uv": [ 2.000625, 14.00062, 13.99938, 14.99938 ], "texture": "#cherry_pressure_plate_1" },
				"south": { "uv": [ 2.000625, 14.00062, 13.99938, 14.99938 ], "texture": "#cherry_pressure_plate_4" },
				"west": { "uv": [ 2.000625, 14.00062, 13.99938, 14.99938 ], "texture": "#cherry_pressure_plate_4" },
				"east": { "uv": [ 2.000625, 14.00062, 13.99938, 14.99938 ], "texture": "#cherry_pressure_plate_4" }
			}
		},
		{
			"__comment": "Element",
			"from": [ 1.5006, -0.0001, 1.5005 ],
			"to": [ 14.5006, 0.4999, 14.5005 ],
			"faces": {
				"down": { "uv": [ 14.49938, 14.49938, 1.500625, 1.500625 ], "texture": "#cherry_pressure_plate_3", "cullface": "down" },
				"up": { "uv": [ 1.500625, 1.500625, 14.49938, 14.49938 ], "texture": "#cherry_pressure_plate_3" }
			}
		},
		{
			"__comment": "Element",
			"from": [ 0, 0, 0 ],
			"to": [ 1.5, 1, 16 ],
			"faces": {
				"down": { "uv": [ 15.99938, 15.99938, 14.50062, 0.000624657 ], "texture": "#cherry_pressure_plate_1", "cullface": "down" },
				"up": { "uv": [ 0.000625, 0.000624657, 1.499375, 15.99938 ], "texture": "#cherry_pressure_plate_1" },
				"north": { "uv": [ 14.50062, 15.00062, 15.99938, 15.99938 ], "texture": "#cherry_pressure_plate_1", "cullface": "north" },
				"south": { "uv": [ 0.000625, 15.00062, 1.499375, 15.99938 ], "texture": "#cherry_pressure_plate_1", "cullface": "south" },
				"west": { "uv": [ 0.000625, 15.00062, 15.99938, 15.99938 ], "texture": "#cherry_pressure_plate_1", "cullface": "west" },
				"east": { "uv": [ 0.000625, 15.00062, 15.99938, 15.99938 ], "texture": "#cherry_pressure_plate_1" }
			}
		},
		{
			"__comment": "Element",
			"from": [ 14.5004, -0.0009, 0.0003 ],
			"to": [ 16.0004, 0.9991, 16.0003 ],
			"faces": {
				"down": { "uv": [ 1.499375, 15.99938, 0.000625014, 0.000624657 ], "texture": "#cherry_pressure_plate_1", "cullface": "down" },
				"up": { "uv": [ 14.50062, 0.000624657, 15.99938, 15.99938 ], "texture": "#cherry_pressure_plate_1" },
				"north": { "uv": [ 0.000625, 15.00062, 1.499375, 15.99938 ], "texture": "#cherry_pressure_plate_1", "cullface": "north" },
				"south": { "uv": [ 14.50062, 15.00062, 15.99938, 15.99938 ], "texture": "#cherry_pressure_plate_1", "cullface": "south" },
				"west": { "uv": [ 0.000625, 15.00062, 15.99938, 15.99938 ], "texture": "#cherry_pressure_plate_1" },
				"east": { "uv": [ 0.000625, 15.00062, 15.99938, 15.99938 ], "texture": "#cherry_pressure_plate_1", "cullface": "east" }
			}
		},
		{
			"__comment": "Element",
			"from": [ 1.4995, -0.001, -0.0004 ],
			"to": [ 14.4995, 0.999, 1.4996 ],
			"faces": {
				"down": { "uv": [ 14.49938, 1.499375, 1.500625, 0.000624657 ], "texture": "#cherry_pressure_plate_1", "cullface": "down" },
				"up": { "uv": [ 1.500625, 0.000624657, 14.49938, 1.499375 ], "texture": "#cherry_pressure_plate_1" },
				"north": { "uv": [ 1.500625, 15.00062, 14.49938, 15.99938 ], "texture": "#cherry_pressure_plate_1", "cullface": "north" }
			}
		},
		{
			"__comment": "Element",
			"from": [ 1.4999, 0.0001, 14.4992 ],
			"to": [ 14.4999, 1.0001, 15.9992 ],
			"faces": {
				"down": { "uv": [ 14.49938, 15.99938, 1.500625, 14.50062 ], "texture": "#cherry_pressure_plate_1", "cullface": "down" },
				"up": { "uv": [ 1.500625, 14.50062, 14.49938, 15.99938 ], "texture": "#cherry_pressure_plate_1" },
				"south": { "uv": [ 1.500625, 15.00062, 14.49938, 15.99938 ], "texture": "#cherry_pressure_plate_1", "cullface": "south" }
			}
		}
	],
	"display": {
		"thirdperson_righthand": {
			"rotation":  [ 75, 45, 0 ],
			"translation":  [ 0, 3.5, 3 ],
			"scale":  [ 0.375, 0.375, 0.375 ]
		},
		"thirdperson_lefthand": {
			"rotation":  [ 75, 45, 0 ],
			"translation":  [ 0, 3.5, 3 ],
			"scale":  [ 0.375, 0.375, 0.375 ]
		},
		"firstperson_righthand": {
			"rotation":  [ 31, 0, 0 ],
			"translation":  [ 0, 7.6513, 6 ],
			"scale":  [ 0.8, 0.8, 0.8 ]
		},
		"firstperson_lefthand": {
			"rotation":  [ 31, 0, 0 ],
			"translation":  [ 0, 7.6513, 6 ],
			"scale":  [ 0.8, 0.8, 0.8 ]
		},
		"gui": {
			"rotation":  [ 30, 225, 0 ],
			"scale":  [ 0.625, 0.625, 0.625 ]
		},
		"ground": {
			"translation":  [ 0, 2, 0 ],
			"scale":  [ 0.5, 0.5, 0.5 ]
		},
		"fixed": {
			"rotation":  [ -90, 0, 0 ],
			"translation":  [ 0, -0.084, -6.652 ]
		}
	}
}