{
	"__comment": "Designed by Intermacgod with BDcraft Cubik PRO 0.87 Beta - http://bdcraft.net",
	"textures": {
		"particle": "block/c/cherry_door/cherry_door",
		"cherry_door_1": "block/c/cherry_door/cherry_door_1",
		"cherry_door_2": "block/c/cherry_door/cherry_door_2",
		"cherry_door_3": "block/c/cherry_door/cherry_door_3",
		"cherry_door_4": "block/c/cherry_door/cherry_door_4",
		"cherry_door_5": "block/c/cherry_door/cherry_door_5",
		"cherry_door_6": "block/b/bamboo_door/bamboo_door_6",
		"cherry_door_7": "block/c/cherry_door/cherry_door_7"
	},
	"elements": [ 	 
		{
			"__comment": "Element",
			"from": [ 0.5, 0.5, 14 ],
			"to": [ 2.5, 16, 15.5 ],
			"faces": {
				"down": { "uv": [ 0, 0, 16, 16 ], "texture": "#cherry_door_1" },
				"up": { "uv": [ 0, 0, 16, 16 ], "texture": "#cherry_door_1", "cullface": "up" },
				"north": { "uv": [ 16, 16, 0, 0 ], "texture": "#cherry_door_1" },
				"south": { "uv": [ 16, 16, 0, 0 ], "texture": "#cherry_door_1" },
				"west": { "uv": [ 0, 0, 16, 16 ], "texture": "#cherry_door_1", "rotation": 180 },
				"east": { "uv": [ 0, 0, 16, 16 ], "texture": "#cherry_door_1", "rotation": 180 }
			}
		},
		{
			"__comment": "Element",
			"from": [ -0.0022, 3.0024, 15.4989 ],
			"to": [ 0.9978, 5.0024, 15.9989 ],
			"faces": {
				"down": { "uv": [ 0.00125, 0.001249313, 15.99876, 15.99876 ], "texture": "#cherry_door_4", "rotation": 90 },
				"up": { "uv": [ 0, 15.4993, 0.9987, 15.9993 ], "texture": "#cherry_door_4", "cullface": "up" },
				"north": { "uv": [ 15.99876, 15.99876, 0.001250267, 0.001249313 ], "texture": "#cherry_door_4" },
				"south": { "uv": [ 15.99876, 15.99876, 0.001250267, 0.001249313 ], "texture": "#cherry_door_4" },
				"west": { "uv": [ 0.00125, 0.001249313, 15.99876, 15.99876 ], "texture": "#cherry_door_4", "rotation": 180 },
				"east": { "uv": [ 15.4989, 3.002399, 15.9989, 5.002399 ], "texture": "#cherry_door_4", "rotation": 180 }
			}
		},
		{
			"__comment": "Element",
			"from": [ -0.0009, 15.0013, 15.4996 ],
			"to": [ 0.9991, 16.0013, 15.9996 ],
			"faces": {
				"down": { "uv": [ 0.001244545, 0, 16, 16 ], "texture": "#cherry_door_4", "rotation": 270 },
				"up": { "uv": [ 0.00125, 0.001249313, 15.99876, 8.498751 ], "texture": "#cherry_door_4", "cullface": "up", "rotation": 270 },
				"north": { "uv": [ 15.99876, 8.498751, 0.001250267, 0.001249313 ], "texture": "#cherry_door_4" },
				"south": { "uv": [ 15.99876, 7.998749, 0.001250267, 0.001249313 ], "texture": "#cherry_door_4" },
				"west": { "uv": [ 0.00125, 0.001249313, 15.99876, 7.998749 ], "texture": "#cherry_door_4", "rotation": 180 },
				"east": { "uv": [ 15.4996, 15.0013, 15.9996, 16 ], "texture": "#cherry_door_1", "rotation": 180 }
			}
		},
		{
			"__comment": "Element",
			"from": [ 2.0009, 3.0016, 15.5001 ],
			"to": [ 3.0009, 5.0016, 16.0001 ],
			"faces": {
				"down": { "uv": [ 0.00125, 0.001249313, 15.99876, 15.99876 ], "texture": "#cherry_door_4", "rotation": 90 },
				"up": { "uv": [ 0.00125, 0.001249313, 15.99876, 15.99876 ], "texture": "#cherry_door_4", "cullface": "up", "rotation": 270 },
				"north": { "uv": [ 15.99876, 15.99876, 0.001250267, 0.001249313 ], "texture": "#cherry_door_4" },
				"south": { "uv": [ 15.99876, 15.99876, 0.001250267, 0.001249313 ], "texture": "#cherry_door_4" },
				"west": { "uv": [ 0, 3.0016, 0.4998999, 5.0016 ], "texture": "#cherry_door_1", "rotation": 180 },
				"east": { "uv": [ 0.00125, 0.001249313, 15.99876, 15.99876 ], "texture": "#cherry_door_4", "rotation": 180 }
			}
		},
		{
			"__comment": "Element",
			"from": [ 2.0004, 15.0014, 15.5005 ],
			"to": [ 3.0004, 16.0014, 16.0005 ],
			"faces": {
				"down": { "uv": [ 0.001244545, 0, 16, 16 ], "texture": "#cherry_door_4", "rotation": 270 },
				"up": { "uv": [ 2.0013, 15.5009, 3.0013, 16 ], "texture": "#cherry_door_4", "cullface": "up" },
				"north": { "uv": [ 15.99876, 7.998749, 0.001250267, 0.001249313 ], "texture": "#cherry_door_4" },
				"south": { "uv": [ 15.99876, 7.998749, 0.001250267, 0.001249313 ], "texture": "#cherry_door_4" },
				"west": { "uv": [ 0, 15.0014, 0.4995003, 16 ], "texture": "#cherry_door_4", "rotation": 180 },
				"east": { "uv": [ 0.00125, 0.001249313, 15.99876, 7.998749 ], "texture": "#cherry_door_4", "rotation": 180 }
			}
		},
		{
			"__comment": "Element",
			"from": [ 1.0005, 0.0012, 15.4983 ],
			"to": [ 2.0005, 16.00121, 15.9983 ],
			"faces": {
				"down": { "uv": [ 1.00125, 0.001249313, 1.99875, 0.4987507 ], "texture": "#cherry_door_2" },
				"up": { "uv": [ 14.99876, 0.4987507, 14.00124, 0.001249313 ], "texture": "#cherry_door_2", "cullface": "up" },
				"north": { "uv": [ 1.99875, 15.99876, 1.00125, 0.001249313 ], "texture": "#cherry_door_2" },
				"south": { "uv": [ 14.99876, 15.99876, 14.00124, 0.001249313 ], "texture": "#cherry_door_2" },
				"west": { "uv": [ 0.00125, 0.001249313, 0.49875, 15.99876 ], "texture": "#cherry_door_2", "rotation": 180 },
				"east": { "uv": [ 15.50124, 0.001249313, 15.99876, 15.99876 ], "texture": "#cherry_door_2", "rotation": 180 }
			}
		},
		{
			"__comment": "Element",
			"from": [ 1.0003, 0.0019, 0.0003 ],
			"to": [ 2.0003, 16.0019, 0.5003 ],
			"faces": {
				"down": { "uv": [ 1.00125, 15.50124, 1.99875, 15.99876 ], "texture": "#cherry_door_2" },
				"up": { "uv": [ 1.0013, 0.000800133, 2.0013, 0.5008001 ], "texture": "#cherry_door_1", "cullface": "up" },
				"north": { "uv": [ 1.99875, 15.99876, 1.00125, 0.001249313 ], "texture": "#cherry_door_2" },
				"south": { "uv": [ 14.99876, 15.99876, 14.00124, 0.001249313 ], "texture": "#cherry_door_2" },
				"west": { "uv": [ 15.50124, 0.001249313, 15.99876, 15.99876 ], "texture": "#cherry_door_2", "rotation": 180 },
				"east": { "uv": [ 0.00125, 0.001249313, 0.49875, 15.99876 ], "texture": "#cherry_door_2", "rotation": 180 }
			}
		},
		{
			"__comment": "Element",
			"from": [ 0.9991, 0.0013, 0.4998 ],
			"to": [ 1.9991, 0.5013, 15.49981 ],
			"faces": {
				"down": { "uv": [ 1.00125, 0.5012493, 1.99875, 15.49876 ], "texture": "#cherry_door_2" },
				"up": { "uv": [ 14.99876, 15.49876, 14.00124, 0.5012493 ], "texture": "#cherry_door_2", "cullface": "up" },
				"north": { "uv": [ 14.9992, 0.5012999, 13.9992, 0.001299858 ], "texture": "#cherry_door_1" },
				"south": { "uv": [ 2.0008, 0.5012999, 1.0008, 0.001299858 ], "texture": "#cherry_door_1" },
				"west": { "uv": [ 0.50125, 0.001249313, 15.49876, 0.4987507 ], "texture": "#cherry_door_2", "rotation": 180 },
				"east": { "uv": [ 0.50125, 0.001249313, 15.49876, 0.4987507 ], "texture": "#cherry_door_2", "rotation": 180 }
			}
		},
		{
			"__comment": "Element",
			"from": [ 0.4998, 0.5, 0.4999 ],
			"to": [ 2.4998, 16, 1.9999 ],
			"faces": {
				"down": { "uv": [ 0, 0, 16, 16 ], "texture": "#cherry_door_1" },
				"up": { "uv": [ 0, 0, 16, 16 ], "texture": "#cherry_door_1", "cullface": "up" },
				"north": { "uv": [ 16, 16, 0, 0 ], "texture": "#cherry_door_1" },
				"south": { "uv": [ 16, 16, 0, 0 ], "texture": "#cherry_door_1" },
				"west": { "uv": [ 0, 0, 16, 16 ], "texture": "#cherry_door_1", "rotation": 180 },
				"east": { "uv": [ 0, 0, 16, 16 ], "texture": "#cherry_door_1", "rotation": 180 }
			}
		},
		{
			"__comment": "Element",
			"from": [ 0.4999, 0.5, 2 ],
			"to": [ 2.4999, 2, 14 ],
			"faces": {
				"down": { "uv": [ 0, 0, 16, 4.5 ], "texture": "#cherry_door_1" },
				"up": { "uv": [ 0, 0, 16, 4.5 ], "texture": "#cherry_door_1", "cullface": "up" },
				"north": { "uv": [ 15.4991, 3.0013, 13.4991, 0.5012999 ], "texture": "#cherry_door_1" },
				"south": { "uv": [ 2.500901, 3.0013, 0.5009, 0.5012999 ], "texture": "#cherry_door_1" },
				"west": { "uv": [ 0, 0, 16, 4.5 ], "texture": "#cherry_door_1", "rotation": 180 },
				"east": { "uv": [ 0, 0, 16, 4.5 ], "texture": "#cherry_door_1", "rotation": 180 }
			}
		},
		{
			"__comment": "Element",
			"from": [ -0.501, 11.5013, 1.4995 ],
			"to": [ -0.000999987, 16.0013, 1.9995 ],
			"faces": {
				"down": { "uv": [ 0, 0, 16, 16 ], "texture": "#cherry_door_5" },
				"up": { "uv": [ 0, 1.5, 0.00000006, 2 ], "texture": "#cherry_door_5", "cullface": "up" },
				"north": { "uv": [ 16, 16, 0, 0 ], "texture": "#cherry_door_5" },
				"south": { "uv": [ 16, 16, 0, 0 ], "texture": "#cherry_door_5" },
				"west": { "uv": [ 0, 0, 16, 16 ], "texture": "#cherry_door_5", "rotation": 180 },
				"east": { "uv": [ 0, 0, 16, 16 ], "texture": "#cherry_door_5", "rotation": 180 }
			}
		},
		{
			"__comment": "Element",
			"from": [ -0.0009, 13.0008, 1.4986 ],
			"to": [ 0.4991, 13.5008, 1.9986 ],
			"faces": {
				"down": { "uv": [ 0.00125, 0.001249313, 15.99876, 15.99876 ], "texture": "#cherry_door_4" },
				"up": { "uv": [ 0.00125, 0.001249313, 15.99876, 15.99876 ], "texture": "#cherry_door_4", "cullface": "up" },
				"north": { "uv": [ 15.99876, 15.99876, 0.001250267, 0.001249313 ], "texture": "#cherry_door_4" },
				"south": { "uv": [ 15.99876, 15.99876, 0.001250267, 0.001249313 ], "texture": "#cherry_door_4" },
				"west": { "uv": [ 14.0014, 13.0008, 14.5014, 13.5008 ], "texture": "#cherry_door_1", "rotation": 180 },
				"east": { "uv": [ 1.4986, 13.0008, 1.9986, 13.5008 ], "texture": "#cherry_door_1", "rotation": 180 }
			}
		},
		{
			"__comment": "Element",
			"from": [ 2.4991, 13.0004, 1.5006 ],
			"to": [ 2.9991, 13.5004, 2.0006 ],
			"faces": {
				"down": { "uv": [ 0.00125, 0.001249313, 15.99876, 15.99876 ], "texture": "#cherry_door_4" },
				"up": { "uv": [ 0.00125, 0.001249313, 15.99876, 15.99876 ], "texture": "#cherry_door_4", "cullface": "up" },
				"north": { "uv": [ 15.99876, 15.99876, 0.001250267, 0.001249313 ], "texture": "#cherry_door_4" },
				"south": { "uv": [ 15.99876, 15.99876, 0.001250267, 0.001249313 ], "texture": "#cherry_door_4" },
				"west": { "uv": [ 13.9993, 13.0004, 14.4993, 13.5004 ], "texture": "#cherry_door_4", "rotation": 180 },
				"east": { "uv": [ 1.5007, 13.0004, 2.0007, 13.5004 ], "texture": "#cherry_door_4", "rotation": 180 }
			}
		},
		{
			"__comment": "Element",
			"from": [ 2.999, 11.5012, 1.4998 ],
			"to": [ 3.499, 16.0012, 1.9998 ],
			"faces": {
				"down": { "uv": [ 0, 0, 16, 16 ], "texture": "#cherry_door_5" },
				"up": { "uv": [ 2.9999, 1.5002, 3.4999, 2.0002 ], "texture": "#cherry_door_5", "cullface": "up" },
				"north": { "uv": [ 16, 16, 0, 0 ], "texture": "#cherry_door_5" },
				"south": { "uv": [ 16, 16, 0, 0 ], "texture": "#cherry_door_5" },
				"west": { "uv": [ 0, 0, 16, 16 ], "texture": "#cherry_door_5", "rotation": 180 },
				"east": { "uv": [ 0, 0, 16, 16 ], "texture": "#cherry_door_5", "rotation": 180 }
			}
		},
		{
			"__comment": "Element",
			"from": [ 0.9999, 3.5, 2.5 ],
			"to": [ 1.9999, 4.5, 13.5 ],
			"faces": {
				"down": { "uv": [ 1, 2.5, 2, 13.5 ], "texture": "#cherry_door_3", "rotation": 180 },
				"up": { "uv": [ 1, 2.5, 2, 13.5 ], "texture": "#cherry_door_3", "cullface": "up", "rotation": 180 },
				"north": { "uv": [ 15, 4, 14, 3 ], "texture": "#cherry_door_3" },
				"south": { "uv": [ 2, 4, 1, 3 ], "texture": "#cherry_door_3" },
				"west": { "uv": [ 2.5, 3, 13.5, 4 ], "texture": "#cherry_door_3", "rotation": 180 },
				"east": { "uv": [ 2.5, 3, 13.5, 4 ], "texture": "#cherry_door_3", "rotation": 180 }
			}
		},
		{
			"__comment": "Element",
			"from": [ 0.9999, 13.5, 2.5 ],
			"to": [ 1.9999, 14.5, 13.5 ],
			"faces": {
				"down": { "uv": [ 1, 2.5, 2, 13.5 ], "texture": "#cherry_door_3", "rotation": 180 },
				"up": { "uv": [ 1, 2.5, 2, 13.5 ], "texture": "#cherry_door_3", "cullface": "up", "rotation": 180 },
				"north": { "uv": [ 15, 14, 14, 13 ], "texture": "#cherry_door_3" },
				"south": { "uv": [ 2, 14, 1, 13 ], "texture": "#cherry_door_3" },
				"west": { "uv": [ 2.5, 13, 13.5, 14 ], "texture": "#cherry_door_3", "rotation": 180 },
				"east": { "uv": [ 2.5, 13, 13.5, 14 ], "texture": "#cherry_door_3", "rotation": 180 }
			}
		},
		{
			"__comment": "Element",
			"from": [ 1, 2.5, 11.5 ],
			"to": [ 2, 15.5, 12.5 ],
			"faces": {
				"down": { "uv": [ 1, 11.5, 2, 12.5 ], "texture": "#cherry_door_3", "rotation": 180 },
				"up": { "uv": [ 1, 3.5, 2, 4.5 ], "texture": "#cherry_door_3", "cullface": "up", "rotation": 180 },
				"north": { "uv": [ 15, 15, 14, 2 ], "texture": "#cherry_door_3" },
				"south": { "uv": [ 2, 15, 1, 2 ], "texture": "#cherry_door_3" },
				"west": { "uv": [ 3.5, 2, 4.5, 15 ], "texture": "#cherry_door_3", "rotation": 180 },
				"east": { "uv": [ 11.5, 2, 12.5, 15 ], "texture": "#cherry_door_3", "rotation": 180 }
			}
		},
		{
			"__comment": "Element",
			"from": [ 1, 2.5, 9.5 ],
			"to": [ 2, 15.5, 10.5 ],
			"faces": {
				"down": { "uv": [ 1, 9.5, 2, 10.5 ], "texture": "#cherry_door_3", "rotation": 180 },
				"up": { "uv": [ 1, 5.5, 2, 6.5 ], "texture": "#cherry_door_3", "cullface": "up", "rotation": 180 },
				"north": { "uv": [ 15, 15, 14, 2 ], "texture": "#cherry_door_3" },
				"south": { "uv": [ 2, 15, 1, 2 ], "texture": "#cherry_door_3" },
				"west": { "uv": [ 5.5, 2, 6.5, 15 ], "texture": "#cherry_door_3", "rotation": 180 },
				"east": { "uv": [ 9.5, 2, 10.5, 15 ], "texture": "#cherry_door_3", "rotation": 180 }
			}
		},
		{
			"__comment": "Element",
			"from": [ 0.9999, 2.5, 7.5 ],
			"to": [ 1.9999, 15.5, 8.5 ],
			"faces": {
				"down": { "uv": [ 1, 7.5, 2, 8.5 ], "texture": "#cherry_door_3", "rotation": 180 },
				"up": { "uv": [ 1, 7.5, 2, 8.5 ], "texture": "#cherry_door_3", "cullface": "up", "rotation": 180 },
				"north": { "uv": [ 15, 15, 14, 2 ], "texture": "#cherry_door_3" },
				"south": { "uv": [ 2, 15, 1, 2 ], "texture": "#cherry_door_3" },
				"west": { "uv": [ 7.5, 2, 8.5, 15 ], "texture": "#cherry_door_3", "rotation": 180 },
				"east": { "uv": [ 7.5, 2, 8.5, 15 ], "texture": "#cherry_door_3", "rotation": 180 }
			}
		},
		{
			"__comment": "Element",
			"from": [ 0.9999, 2.5, 5.5 ],
			"to": [ 1.9999, 15.5, 6.5 ],
			"faces": {
				"down": { "uv": [ 1, 5.5, 2, 6.5 ], "texture": "#cherry_door_3", "rotation": 180 },
				"up": { "uv": [ 1, 9.5, 2, 10.5 ], "texture": "#cherry_door_3", "cullface": "up", "rotation": 180 },
				"north": { "uv": [ 15, 15, 14, 2 ], "texture": "#cherry_door_3" },
				"south": { "uv": [ 2, 15, 1, 2 ], "texture": "#cherry_door_3" },
				"west": { "uv": [ 9.5, 2, 10.5, 15 ], "texture": "#cherry_door_3", "rotation": 180 },
				"east": { "uv": [ 5.5, 2, 6.5, 15 ], "texture": "#cherry_door_3", "rotation": 180 }
			}
		},
		{
			"__comment": "Element",
			"from": [ 0.9999, 2.5, 3.4999 ],
			"to": [ 1.9999, 15.5, 4.4999 ],
			"faces": {
				"down": { "uv": [ 1, 3.5, 2, 4.5 ], "texture": "#cherry_door_3", "rotation": 180 },
				"up": { "uv": [ 1, 11.5, 2, 12.5 ], "texture": "#cherry_door_3", "cullface": "up", "rotation": 180 },
				"north": { "uv": [ 15, 15, 14, 2 ], "texture": "#cherry_door_3" },
				"south": { "uv": [ 2, 15, 1, 2 ], "texture": "#cherry_door_3" },
				"west": { "uv": [ 11.5, 2, 12.5, 15 ], "texture": "#cherry_door_3", "rotation": 180 },
				"east": { "uv": [ 3.5, 2, 4.5, 15 ], "texture": "#cherry_door_3", "rotation": 180 }
			}
		},
		{
			"__comment": "Element",
			"from": [ 0.9999, 11.5, 2.5 ],
			"to": [ 1.9999, 12.5, 13.5 ],
			"faces": {
				"down": { "uv": [ 1, 2.5, 2, 13.5 ], "texture": "#cherry_door_3", "rotation": 180 },
				"up": { "uv": [ 1, 2.5, 2, 13.5 ], "texture": "#cherry_door_3", "cullface": "up", "rotation": 180 },
				"north": { "uv": [ 15, 12, 14, 11 ], "texture": "#cherry_door_3" },
				"south": { "uv": [ 2, 12, 1, 11 ], "texture": "#cherry_door_3" },
				"west": { "uv": [ 2.5, 11, 13.5, 12 ], "texture": "#cherry_door_3", "rotation": 180 },
				"east": { "uv": [ 2.5, 11, 13.5, 12 ], "texture": "#cherry_door_3", "rotation": 180 }
			}
		},
		{
			"__comment": "Element",
			"from": [ 0.9999, 9.5, 2.5 ],
			"to": [ 1.9999, 10.5, 13.5 ],
			"faces": {
				"down": { "uv": [ 1, 2.5, 2, 13.5 ], "texture": "#cherry_door_3", "rotation": 180 },
				"up": { "uv": [ 1, 2.5, 2, 13.5 ], "texture": "#cherry_door_3", "cullface": "up", "rotation": 180 },
				"north": { "uv": [ 15, 10, 14, 9 ], "texture": "#cherry_door_3" },
				"south": { "uv": [ 2, 10, 1, 9 ], "texture": "#cherry_door_3" },
				"west": { "uv": [ 2.5, 9, 13.5, 10 ], "texture": "#cherry_door_3", "rotation": 180 },
				"east": { "uv": [ 2.5, 9, 13.5, 10 ], "texture": "#cherry_door_3", "rotation": 180 }
			}
		},
		{
			"__comment": "Element",
			"from": [ 0.9999, 7.5, 2.5 ],
			"to": [ 1.9999, 8.5, 13.5 ],
			"faces": {
				"down": { "uv": [ 1, 2.5, 2, 13.5 ], "texture": "#cherry_door_3", "rotation": 180 },
				"up": { "uv": [ 1, 2.5, 2, 13.5 ], "texture": "#cherry_door_3", "cullface": "up", "rotation": 180 },
				"north": { "uv": [ 15, 8, 14, 7 ], "texture": "#cherry_door_3" },
				"south": { "uv": [ 2, 8, 1, 7 ], "texture": "#cherry_door_3" },
				"west": { "uv": [ 2.5, 7, 13.5, 8 ], "texture": "#cherry_door_3", "rotation": 180 },
				"east": { "uv": [ 2.5, 7, 13.5, 8 ], "texture": "#cherry_door_3", "rotation": 180 }
			}
		},
		{
			"__comment": "Element",
			"from": [ 0.9999, 5.5, 2.5 ],
			"to": [ 1.9999, 6.5, 13.5 ],
			"faces": {
				"down": { "uv": [ 1, 2.5, 2, 13.5 ], "texture": "#cherry_door_3", "rotation": 180 },
				"up": { "uv": [ 1, 2.5, 2, 13.5 ], "texture": "#cherry_door_3", "cullface": "up", "rotation": 180 },
				"north": { "uv": [ 15, 6, 14, 5 ], "texture": "#cherry_door_3" },
				"south": { "uv": [ 2, 6, 1, 5 ], "texture": "#cherry_door_3" },
				"west": { "uv": [ 2.5, 5, 13.5, 6 ], "texture": "#cherry_door_3", "rotation": 180 },
				"east": { "uv": [ 2.5, 5, 13.5, 6 ], "texture": "#cherry_door_3", "rotation": 180 }
			}
		},
		{
			"__comment": "Element",
			"from": [ 0.4999, 2, 2 ],
			"to": [ 2.4999, 16, 2.5 ],
			"faces": {
				"down": { "uv": [ 1, 11.5, 2, 12.5 ], "texture": "#cherry_door_7" },
				"up": { "uv": [ 1, 3.5, 2, 4.5 ], "texture": "#cherry_door_7", "cullface": "up" },
				"north": { "uv": [ 2, 13.5, 1, 4 ], "texture": "#cherry_door_7" },
				"south": { "uv": [ 15, 13.5, 14, 4 ], "texture": "#cherry_door_7" },
				"west": { "uv": [ 11.5, 4, 12.5, 13.5 ], "texture": "#cherry_door_7", "rotation": 180 },
				"east": { "uv": [ 3.5, 4, 4.5, 13.5 ], "texture": "#cherry_door_7", "rotation": 180 }
			}
		},
		{
			"__comment": "Element",
			"from": [ 0.5, 2, 13.5 ],
			"to": [ 2.5, 16, 14 ],
			"faces": {
				"down": { "uv": [ 1, 11.5, 2, 12.5 ], "texture": "#cherry_door_7" },
				"up": { "uv": [ 1, 3.5, 2, 4.5 ], "texture": "#cherry_door_7", "cullface": "up" },
				"north": { "uv": [ 2, 13.5, 1, 4 ], "texture": "#cherry_door_7" },
				"south": { "uv": [ 15, 13.5, 14, 4 ], "texture": "#cherry_door_7" },
				"west": { "uv": [ 11.5, 4, 12.5, 13.5 ], "texture": "#cherry_door_7", "rotation": 180 },
				"east": { "uv": [ 3.5, 4, 4.5, 13.5 ], "texture": "#cherry_door_7", "rotation": 180 }
			}
		},
		{
			"__comment": "Element",
			"from": [ 0.4999, 15.5, 2.5 ],
			"to": [ 2.4999, 16, 13.5 ],
			"faces": {
				"down": { "uv": [ 0.5, 2.5, 2.5, 13.5 ], "texture": "#cherry_door_7", "rotation": 180 },
				"up": { "uv": [ 0.5, 2.5, 2.5, 13.5 ], "texture": "#cherry_door_7", "cullface": "up", "rotation": 180 },
				"north": { "uv": [ 15.5, 15.5, 13.5, 15 ], "texture": "#cherry_door_7" },
				"south": { "uv": [ 2.5, 15.5, 0.5, 15 ], "texture": "#cherry_door_7" },
				"west": { "uv": [ 2.5, 15, 13.5, 15.5 ], "texture": "#cherry_door_7", "rotation": 180 },
				"east": { "uv": [ 2.5, 15, 13.5, 15.5 ], "texture": "#cherry_door_7", "rotation": 180 }
			}
		},
		{
			"__comment": "Element",
			"from": [ 0.4999, 2, 2.5 ],
			"to": [ 2.4999, 2.5, 13.5 ],
			"faces": {
				"down": { "uv": [ 1, 11.5, 2, 12.5 ], "texture": "#cherry_door_7" },
				"up": { "uv": [ 1, 3.5, 2, 4.5 ], "texture": "#cherry_door_7", "cullface": "up" },
				"north": { "uv": [ 2, 13.5, 1, 4 ], "texture": "#cherry_door_7" },
				"south": { "uv": [ 15, 13.5, 14, 4 ], "texture": "#cherry_door_7" },
				"west": { "uv": [ 11.5, 4, 12.5, 13.5 ], "texture": "#cherry_door_7", "rotation": 180 },
				"east": { "uv": [ 3.5, 4, 4.5, 13.5 ], "texture": "#cherry_door_7", "rotation": 180 }
			}
		}
	]
}