{
	"__comment": "Designed by Intermacgod with BDcraft Cubik PRO 0.87 Beta - http://bdcraft.net",
	"textures": {
		"particle": "block/c/cherry_button/cherry_button_pressed",
		"cherry_button_1": "block/c/cherry_button/cherry_button_1",
		"cherry_button_2": "block/c/cherry_button/cherry_button_2",
		"cherry_button_3": "block/c/cherry_button/cherry_button_3",
		"cherry_button_4": "block/c/cherry_button/cherry_button_4",
		"cherry_button_5": "block/c/cherry_button/cherry_button_5",
		"cherry_button_6": "block/c/cherry_button/cherry_button_6",
		"cherry_button_7": "block/c/cherry_button/cherry_button_7"
	},
	"elements": [ 	 
		{
			"__comment": "Element",
			"from": [ 5.4997, 1.999, 8.9992 ],
			"to": [ 5.9997, 2.499001, 11.4992 ],
			"faces": {
				"up": { "uv": [ 0.000625, 0.000624657, 15.99938, 15.99938 ], "texture": "#cherry_button_2" },
				"north": { "uv": [ 0.000625, 0.000624657, 15.99938, 15.99938 ], "texture": "#cherry_button_2" },
				"south": { "uv": [ 0.000625, 0.000624657, 15.99938, 15.99938 ], "texture": "#cherry_button_2" },
				"west": { "uv": [ 0.000625, 0.000624657, 15.99938, 15.99938 ], "texture": "#cherry_button_2" },
				"east": { "uv": [ 0.000625, 0.000624657, 15.99938, 15.99938 ], "texture": "#cherry_button_2" }
			}
		},
		{
			"__comment": "Element",
			"from": [ 10.0007, 1.9995, 9.000299 ],
			"to": [ 10.5007, 2.4995, 11.5003 ],
			"faces": {
				"up": { "uv": [ 0.000625, 0.000624657, 15.99938, 15.99938 ], "texture": "#cherry_button_2" },
				"north": { "uv": [ 0.000625, 0.000624657, 15.99938, 15.99938 ], "texture": "#cherry_button_2" },
				"south": { "uv": [ 0.000625, 0.000624657, 15.99938, 15.99938 ], "texture": "#cherry_button_2" },
				"west": { "uv": [ 0.000625, 0.000624657, 15.99938, 15.99938 ], "texture": "#cherry_button_2" },
				"east": { "uv": [ 0.000625, 0.000624657, 15.99938, 15.99938 ], "texture": "#cherry_button_2" }
			}
		},
		{
			"__comment": "Element",
			"from": [ 10.0003, 1.9998, 4.4998 ],
			"to": [ 10.5003, 2.4998, 8.499798 ],
			"faces": {
				"up": { "uv": [ 0.000625, 0.000624657, 15.99938, 15.99938 ], "texture": "#cherry_button_2" },
				"north": { "uv": [ 0.000625, 0.000624657, 15.99938, 15.99938 ], "texture": "#cherry_button_2" },
				"south": { "uv": [ 0.000625, 0.000624657, 15.99938, 15.99938 ], "texture": "#cherry_button_2" },
				"west": { "uv": [ 0.000625, 0.000624657, 15.99938, 15.99938 ], "texture": "#cherry_button_2" },
				"east": { "uv": [ 0.000625, 0.000624657, 15.99938, 15.99938 ], "texture": "#cherry_button_2" }
			}
		},
		{
			"__comment": "Element",
			"from": [ 5.5008, 1.9992, 4.501 ],
			"to": [ 6.0008, 2.4992, 8.500999 ],
			"faces": {
				"up": { "uv": [ 0.000625, 0.000624657, 15.99938, 15.99938 ], "texture": "#cherry_button_2" },
				"north": { "uv": [ 0.000625, 0.000624657, 15.99938, 15.99938 ], "texture": "#cherry_button_2" },
				"south": { "uv": [ 0.000625, 0.000624657, 15.99938, 15.99938 ], "texture": "#cherry_button_2" },
				"west": { "uv": [ 0.000625, 0.000624657, 15.99938, 15.99938 ], "texture": "#cherry_button_2" },
				"east": { "uv": [ 0.000625, 0.000624657, 15.99938, 15.99938 ], "texture": "#cherry_button_2" }
			}
		},
		{
			"__comment": "Element",
			"from": [ 6.0001, 1.9995, 4.5004 ],
			"to": [ 10.0001, 2.4995, 5.0004 ],
			"faces": {
				"up": { "uv": [ 0.000625, 0.000624657, 15.99938, 15.99938 ], "texture": "#cherry_button_2" },
				"north": { "uv": [ 0.000625, 0.000624657, 15.99938, 15.99938 ], "texture": "#cherry_button_2" }
			}
		},
		{
			"__comment": "Element",
			"from": [ 6.001, 1.9995, 7.9994 ],
			"to": [ 10.001, 2.4995, 8.499399 ],
			"faces": {
				"up": { "uv": [ 0.000625, 0.000624657, 15.99938, 15.99938 ], "texture": "#cherry_button_2" },
				"south": { "uv": [ 0.000625, 0.000624657, 15.99938, 15.99938 ], "texture": "#cherry_button_2" }
			}
		},
		{
			"__comment": "Element",
			"from": [ 5.999, 1.999, 9.0004 ],
			"to": [ 9.999001, 2.499, 9.5004 ],
			"faces": {
				"up": { "uv": [ 0.000625, 0.000624657, 15.99938, 15.99938 ], "texture": "#cherry_button_2" },
				"north": { "uv": [ 0.000625, 0.000624657, 15.99938, 15.99938 ], "texture": "#cherry_button_2" }
			}
		},
		{
			"__comment": "Element",
			"from": [ 6, 2.0002, 11.0008 ],
			"to": [ 10, 2.5002, 11.5008 ],
			"faces": {
				"up": { "uv": [ 0.000625, 0.000624657, 15.99938, 15.99938 ], "texture": "#cherry_button_2" },
				"south": { "uv": [ 0.000625, 0.000624657, 15.99938, 15.99938 ], "texture": "#cherry_button_2" }
			}
		},
		{
			"__comment": "Element",
			"from": [ 5.9992, 2.0001, 9.5008 ],
			"to": [ 9.9992, 3.0001, 11.0008 ],
			"faces": {
				"up": { "uv": [ 0.000625, 0.000624657, 15.99938, 15.99938 ], "texture": "#cherry_button_4" },
				"north": { "uv": [ 0.000625, 0.000624657, 15.99938, 15.99938 ], "texture": "#cherry_button_4" },
				"south": { "uv": [ 0.000625, 0.000624657, 15.99938, 15.99938 ], "texture": "#cherry_button_4" },
				"west": { "uv": [ 0.000625, 0.000624657, 15.99938, 15.99938 ], "texture": "#cherry_button_4" },
				"east": { "uv": [ 0.000625, 0.000624657, 15.99938, 15.99938 ], "texture": "#cherry_button_4" }
			}
		},
		{
			"__comment": "Box12",
			"from": [ 8.500899, 0.4994, 2.5 ],
			"to": [ 9.000899, 0.9994, 4 ],
			"faces": {
				"down": { "uv": [ 0.000625, 0.000624657, 15.99938, 15.99938 ], "texture": "#cherry_button_6" },
				"up": { "uv": [ 0.000625, 0.000624657, 15.99938, 15.99938 ], "texture": "#cherry_button_6" },
				"north": { "uv": [ 0.000625, 0.000624657, 15.99938, 15.99938 ], "texture": "#cherry_button_6" },
				"west": { "uv": [ 0.000625, 0.000624657, 15.99938, 15.99938 ], "texture": "#cherry_button_6" },
				"east": { "uv": [ 0.000625, 0.000624657, 15.99938, 15.99938 ], "texture": "#cherry_button_6" }
			}
		},
		{
			"__comment": "Box12",
			"from": [ 8.5008, 0.001, 2.4996 ],
			"to": [ 9.0008, 0.501, 2.9996 ],
			"faces": {
				"down": { "uv": [ 0.000625, 0.000624657, 15.99938, 15.99938 ], "texture": "#cherry_button_6", "cullface": "down" },
				"north": { "uv": [ 0.000625, 0.000624657, 15.99938, 15.99938 ], "texture": "#cherry_button_6" },
				"south": { "uv": [ 0.000625, 0.000624657, 15.99938, 15.99938 ], "texture": "#cherry_button_6" },
				"west": { "uv": [ 0.000625, 0.000624657, 15.99938, 15.99938 ], "texture": "#cherry_button_6" },
				"east": { "uv": [ 0.000625, 0.000624657, 15.99938, 15.99938 ], "texture": "#cherry_button_6" }
			}
		},
		{
			"__comment": "Box12",
			"from": [ 8.5006, 0.5007, 11.9993 ],
			"to": [ 9.0006, 1.0007, 13.4993 ],
			"faces": {
				"down": { "uv": [ 0.000625, 0.000624657, 15.99938, 15.99938 ], "texture": "#cherry_button_4" },
				"up": { "uv": [ 0.000625, 0.000624657, 15.99938, 15.99938 ], "texture": "#cherry_button_4" },
				"south": { "uv": [ 0.000625, 0.000624657, 15.99938, 15.99938 ], "texture": "#cherry_button_4" },
				"west": { "uv": [ 0.000625, 0.000624657, 15.99938, 15.99938 ], "texture": "#cherry_button_4" },
				"east": { "uv": [ 0.000625, 0.000624657, 15.99938, 15.99938 ], "texture": "#cherry_button_4" }
			}
		},
		{
			"__comment": "Box12",
			"from": [ 8.5, 0.001, 13.0007 ],
			"to": [ 9, 0.501, 13.5007 ],
			"faces": {
				"down": { "uv": [ 0.000625, 0.000624657, 15.99938, 15.99938 ], "texture": "#cherry_button_4", "cullface": "down" },
				"north": { "uv": [ 0.000625, 0.000624657, 15.99938, 15.99938 ], "texture": "#cherry_button_4" },
				"south": { "uv": [ 0.000625, 0.000624657, 15.99938, 15.99938 ], "texture": "#cherry_button_4" },
				"west": { "uv": [ 0.000625, 0.000624657, 15.99938, 15.99938 ], "texture": "#cherry_button_4" },
				"east": { "uv": [ 0.000625, 0.000624657, 15.99938, 15.99938 ], "texture": "#cherry_button_4" }
			}
		},
		{
			"__comment": "Box12",
			"from": [ 6.9991, 0.4992, 2.5008 ],
			"to": [ 7.4991, 0.9992, 4.000799 ],
			"faces": {
				"down": { "uv": [ 0.000625, 0.000624657, 15.99938, 15.99938 ], "texture": "#cherry_button_4" },
				"up": { "uv": [ 0.000625, 0.000624657, 15.99938, 15.99938 ], "texture": "#cherry_button_4" },
				"north": { "uv": [ 0.000625, 0.000624657, 15.99938, 15.99938 ], "texture": "#cherry_button_4" },
				"west": { "uv": [ 0.000625, 0.000624657, 15.99938, 15.99938 ], "texture": "#cherry_button_4" },
				"east": { "uv": [ 0.000625, 0.000624657, 15.99938, 15.99938 ], "texture": "#cherry_button_4" }
			}
		},
		{
			"__comment": "Box12",
			"from": [ 7, 0, 2.4998 ],
			"to": [ 7.5, 0.5, 2.9998 ],
			"faces": {
				"down": { "uv": [ 0.000625, 0.000624657, 15.99938, 15.99938 ], "texture": "#cherry_button_4", "cullface": "down" },
				"north": { "uv": [ 0.000625, 0.000624657, 15.99938, 15.99938 ], "texture": "#cherry_button_4" },
				"south": { "uv": [ 0.000625, 0.000624657, 15.99938, 15.99938 ], "texture": "#cherry_button_4" },
				"west": { "uv": [ 0.000625, 0.000624657, 15.99938, 15.99938 ], "texture": "#cherry_button_4" },
				"east": { "uv": [ 0.000625, 0.000624657, 15.99938, 15.99938 ], "texture": "#cherry_button_4" }
			}
		},
		{
			"__comment": "Box12",
			"from": [ 7.0009, -0.0006, 12.9995 ],
			"to": [ 7.5009, 0.4994, 13.4995 ],
			"faces": {
				"down": { "uv": [ 0.000625, 0.000624657, 15.99938, 15.99938 ], "texture": "#cherry_button_6", "cullface": "down" },
				"north": { "uv": [ 0.000625, 0.000624657, 15.99938, 15.99938 ], "texture": "#cherry_button_6" },
				"south": { "uv": [ 0.000625, 0.000624657, 15.99938, 15.99938 ], "texture": "#cherry_button_6" },
				"west": { "uv": [ 0.000625, 0.000624657, 15.99938, 15.99938 ], "texture": "#cherry_button_6" },
				"east": { "uv": [ 0.000625, 0.000624657, 15.99938, 15.99938 ], "texture": "#cherry_button_6" }
			}
		},
		{
			"__comment": "Box12",
			"from": [ 7.0005, 0.5009, 11.9994 ],
			"to": [ 7.5005, 1.0009, 13.4994 ],
			"faces": {
				"down": { "uv": [ 0.000625, 0.000624657, 15.99938, 15.99938 ], "texture": "#cherry_button_6" },
				"up": { "uv": [ 0.000625, 0.000624657, 15.99938, 15.99938 ], "texture": "#cherry_button_6" },
				"south": { "uv": [ 0.000625, 0.000624657, 15.99938, 15.99938 ], "texture": "#cherry_button_6" },
				"west": { "uv": [ 0.000625, 0.000624657, 15.99938, 15.99938 ], "texture": "#cherry_button_6" },
				"east": { "uv": [ 0.000625, 0.000624657, 15.99938, 15.99938 ], "texture": "#cherry_button_6" }
			}
		},
		{
			"__comment": "Box12",
			"from": [ 7.7492, -0.0001, 2.4998 ],
			"to": [ 8.2492, 0.4999, 2.9998 ],
			"faces": {
				"down": { "uv": [ 0.000625, 0.000624657, 15.99938, 15.99938 ], "texture": "#cherry_button_5", "cullface": "down" },
				"north": { "uv": [ 0.000625, 0.000624657, 15.99938, 15.99938 ], "texture": "#cherry_button_5" },
				"south": { "uv": [ 0.000625, 0.000624657, 15.99938, 15.99938 ], "texture": "#cherry_button_5" },
				"west": { "uv": [ 0.000625, 0.000624657, 15.99938, 15.99938 ], "texture": "#cherry_button_5" },
				"east": { "uv": [ 0.000625, 0.000624657, 15.99938, 15.99938 ], "texture": "#cherry_button_5" }
			}
		},
		{
			"__comment": "Box12",
			"from": [ 7.75, 0.4998, 2.5006 ],
			"to": [ 8.25, 0.9997998, 4.0006 ],
			"faces": {
				"down": { "uv": [ 0.000625, 0.000624657, 15.99938, 15.99938 ], "texture": "#cherry_button_5" },
				"up": { "uv": [ 0.000625, 0.000624657, 15.99938, 15.99938 ], "texture": "#cherry_button_5" },
				"north": { "uv": [ 0.000625, 0.000624657, 15.99938, 15.99938 ], "texture": "#cherry_button_5" },
				"west": { "uv": [ 0.000625, 0.000624657, 15.99938, 15.99938 ], "texture": "#cherry_button_5" },
				"east": { "uv": [ 0.000625, 0.000624657, 15.99938, 15.99938 ], "texture": "#cherry_button_5" }
			}
		},
		{
			"__comment": "Box12",
			"from": [ 7.7492, 0.0002, 13.0004 ],
			"to": [ 8.249201, 0.5002, 13.5004 ],
			"faces": {
				"down": { "uv": [ 0.000625, 0.000624657, 15.99938, 15.99938 ], "texture": "#cherry_button_5", "cullface": "down" },
				"north": { "uv": [ 0.000625, 0.000624657, 15.99938, 15.99938 ], "texture": "#cherry_button_5" },
				"south": { "uv": [ 0.000625, 0.000624657, 15.99938, 15.99938 ], "texture": "#cherry_button_5" },
				"west": { "uv": [ 0.000625, 0.000624657, 15.99938, 15.99938 ], "texture": "#cherry_button_5" },
				"east": { "uv": [ 0.000625, 0.000624657, 15.99938, 15.99938 ], "texture": "#cherry_button_5" }
			}
		},
		{
			"__comment": "Box12",
			"from": [ 7.7496, 0.5008, 11.9997 ],
			"to": [ 8.249599, 1.000799, 13.4997 ],
			"faces": {
				"down": { "uv": [ 0.000625, 0.000624657, 15.99938, 15.99938 ], "texture": "#cherry_button_5" },
				"up": { "uv": [ 0.000625, 0.000624657, 15.99938, 15.99938 ], "texture": "#cherry_button_5" },
				"south": { "uv": [ 0.000625, 0.000624657, 15.99938, 15.99938 ], "texture": "#cherry_button_5" },
				"west": { "uv": [ 0.000625, 0.000624657, 15.99938, 15.99938 ], "texture": "#cherry_button_5" },
				"east": { "uv": [ 0.000625, 0.000624657, 15.99938, 15.99938 ], "texture": "#cherry_button_5" }
			}
		},
		{
			"__comment": "Box12",
			"from": [ 10.9991, 0.5004, 7.7496 ],
			"to": [ 12.4991, 1.0004, 8.249599 ],
			"faces": {
				"down": { "uv": [ 0.000625, 0.000624657, 15.99938, 15.99938 ], "texture": "#cherry_button_5" },
				"up": { "uv": [ 0.000625, 0.000624657, 15.99938, 15.99938 ], "texture": "#cherry_button_5", "rotation": 270 },
				"north": { "uv": [ 0.000625, 0.000624657, 15.99938, 15.99938 ], "texture": "#cherry_button_5" },
				"south": { "uv": [ 0.000625, 0.000624657, 15.99938, 15.99938 ], "texture": "#cherry_button_5" },
				"east": { "uv": [ 0.000625, 0.000624657, 15.99938, 15.99938 ], "texture": "#cherry_button_5" }
			}
		},
		{
			"__comment": "Box12",
			"from": [ 3.5001, 0.5007, 7.7505 ],
			"to": [ 5.0001, 1.0007, 8.2505 ],
			"faces": {
				"down": { "uv": [ 0.000625, 0.000624657, 15.99938, 15.99938 ], "texture": "#cherry_button_5", "rotation": 270 },
				"up": { "uv": [ 0.000625, 0.000624657, 15.99938, 15.99938 ], "texture": "#cherry_button_5", "rotation": 270 },
				"north": { "uv": [ 0.000625, 0.000624657, 15.99938, 15.99938 ], "texture": "#cherry_button_5" },
				"south": { "uv": [ 0.000625, 0.000624657, 15.99938, 15.99938 ], "texture": "#cherry_button_5" },
				"west": { "uv": [ 0.000625, 0.000624657, 15.99938, 15.99938 ], "texture": "#cherry_button_5" }
			}
		},
		{
			"__comment": "Box12",
			"from": [ 3.5009, -0.0009, 7.7493 ],
			"to": [ 4.0009, 0.4991001, 8.2493 ],
			"faces": {
				"down": { "uv": [ 0.000625, 0.000624657, 15.99938, 15.99938 ], "texture": "#cherry_button_5", "cullface": "down" },
				"north": { "uv": [ 0.000625, 0.000624657, 15.99938, 15.99938 ], "texture": "#cherry_button_5" },
				"south": { "uv": [ 0.000625, 0.000624657, 15.99938, 15.99938 ], "texture": "#cherry_button_5" },
				"west": { "uv": [ 0.000625, 0.000624657, 15.99938, 15.99938 ], "texture": "#cherry_button_5" },
				"east": { "uv": [ 0.000625, 0.000624657, 15.99938, 15.99938 ], "texture": "#cherry_button_5" }
			}
		},
		{
			"__comment": "Box12",
			"from": [ 11.9999, -0.0009, 7.7503 ],
			"to": [ 12.4999, 0.4991001, 8.2503 ],
			"faces": {
				"down": { "uv": [ 0.000625, 0.000624657, 15.99938, 15.99938 ], "texture": "#cherry_button_5", "cullface": "down" },
				"north": { "uv": [ 0.000625, 0.000624657, 15.99938, 15.99938 ], "texture": "#cherry_button_5" },
				"south": { "uv": [ 0.000625, 0.000624657, 15.99938, 15.99938 ], "texture": "#cherry_button_5" },
				"west": { "uv": [ 0.000625, 0.000624657, 15.99938, 15.99938 ], "texture": "#cherry_button_5" },
				"east": { "uv": [ 0.000625, 0.000624657, 15.99938, 15.99938 ], "texture": "#cherry_button_5" }
			}
		},
		{
			"__comment": "Box12",
			"from": [ 11.0008, 0.5008, 7.0009 ],
			"to": [ 12.5008, 1.0008, 7.5009 ],
			"faces": {
				"down": { "uv": [ 0.000625, 0.000624657, 15.99938, 15.99938 ], "texture": "#cherry_button_4" },
				"up": { "uv": [ 0.000625, 0.000624657, 15.99938, 15.99938 ], "texture": "#cherry_button_4", "rotation": 270 },
				"north": { "uv": [ 0.000625, 0.000624657, 15.99938, 15.99938 ], "texture": "#cherry_button_4" },
				"south": { "uv": [ 0.000625, 0.000624657, 15.99938, 15.99938 ], "texture": "#cherry_button_4" },
				"east": { "uv": [ 0.000625, 0.000624657, 15.99938, 15.99938 ], "texture": "#cherry_button_4" }
			}
		},
		{
			"__comment": "Box12",
			"from": [ 11.0005, 0.4992, 8.5006 ],
			"to": [ 12.5005, 0.9992, 9.0006 ],
			"faces": {
				"down": { "uv": [ 0.000625, 0.000624657, 15.99938, 15.99938 ], "texture": "#cherry_button_6" },
				"up": { "uv": [ 0.000625, 0.000624657, 15.99938, 15.99938 ], "texture": "#cherry_button_6", "rotation": 270 },
				"north": { "uv": [ 0.000625, 0.000624657, 15.99938, 15.99938 ], "texture": "#cherry_button_6" },
				"south": { "uv": [ 0.000625, 0.000624657, 15.99938, 15.99938 ], "texture": "#cherry_button_6" },
				"east": { "uv": [ 0.000625, 0.000624657, 15.99938, 15.99938 ], "texture": "#cherry_button_6" }
			}
		},
		{
			"__comment": "Box12",
			"from": [ 3.4993, 0.4991, 8.5 ],
			"to": [ 4.9993, 0.9991, 9 ],
			"faces": {
				"down": { "uv": [ 0.000625, 0.000624657, 15.99938, 15.99938 ], "texture": "#cherry_button_4" },
				"up": { "uv": [ 0.000625, 0.000624657, 15.99938, 15.99938 ], "texture": "#cherry_button_4", "rotation": 90 },
				"north": { "uv": [ 0.000625, 0.000624657, 15.99938, 15.99938 ], "texture": "#cherry_button_4" },
				"south": { "uv": [ 0.000625, 0.000624657, 15.99938, 15.99938 ], "texture": "#cherry_button_4" },
				"west": { "uv": [ 0.000625, 0.000624657, 15.99938, 15.99938 ], "texture": "#cherry_button_4" }
			}
		},
		{
			"__comment": "Box12",
			"from": [ 3.5006, 0.4999, 7.0001 ],
			"to": [ 5.0006, 0.9998999, 7.5001 ],
			"faces": {
				"down": { "uv": [ 0.000625, 0.000624657, 15.99938, 15.99938 ], "texture": "#cherry_button_6" },
				"up": { "uv": [ 0.000625, 0.000624657, 15.99938, 15.99938 ], "texture": "#cherry_button_6", "rotation": 270 },
				"north": { "uv": [ 0.000625, 0.000624657, 15.99938, 15.99938 ], "texture": "#cherry_button_6" },
				"south": { "uv": [ 0.000625, 0.000624657, 15.99938, 15.99938 ], "texture": "#cherry_button_6" },
				"west": { "uv": [ 0.000625, 0.000624657, 15.99938, 15.99938 ], "texture": "#cherry_button_6" }
			}
		},
		{
			"__comment": "Box12",
			"from": [ 3.5007, -0.0008, 6.9996 ],
			"to": [ 4.0007, 0.4992, 7.4996 ],
			"faces": {
				"down": { "uv": [ 0.000625, 0.000624657, 15.99938, 15.99938 ], "texture": "#cherry_button_6", "cullface": "down" },
				"north": { "uv": [ 0.000625, 0.000624657, 15.99938, 15.99938 ], "texture": "#cherry_button_6" },
				"south": { "uv": [ 0.000625, 0.000624657, 15.99938, 15.99938 ], "texture": "#cherry_button_6" },
				"west": { "uv": [ 0.000625, 0.000624657, 15.99938, 15.99938 ], "texture": "#cherry_button_6" },
				"east": { "uv": [ 0.000625, 0.000624657, 15.99938, 15.99938 ], "texture": "#cherry_button_6" }
			}
		},
		{
			"__comment": "Box12",
			"from": [ 3.4992, -0.0001, 8.5005 ],
			"to": [ 3.9992, 0.4999, 9.0005 ],
			"faces": {
				"down": { "uv": [ 0.000625, 0.000624657, 15.99938, 15.99938 ], "texture": "#cherry_button_4", "cullface": "down" },
				"north": { "uv": [ 0.000625, 0.000624657, 15.99938, 15.99938 ], "texture": "#cherry_button_4" },
				"south": { "uv": [ 0.000625, 0.000624657, 15.99938, 15.99938 ], "texture": "#cherry_button_4" },
				"west": { "uv": [ 0.000625, 0.000624657, 15.99938, 15.99938 ], "texture": "#cherry_button_4" },
				"east": { "uv": [ 0.000625, 0.000624657, 15.99938, 15.99938 ], "texture": "#cherry_button_4" }
			}
		},
		{
			"__comment": "Box12",
			"from": [ 12, 0.0001, 6.9992 ],
			"to": [ 12.5, 0.5001001, 7.4992 ],
			"faces": {
				"down": { "uv": [ 0.000625, 0.000624657, 15.99938, 15.99938 ], "texture": "#cherry_button_4", "cullface": "down" },
				"north": { "uv": [ 0.000625, 0.000624657, 15.99938, 15.99938 ], "texture": "#cherry_button_4" },
				"south": { "uv": [ 0.000625, 0.000624657, 15.99938, 15.99938 ], "texture": "#cherry_button_4" },
				"west": { "uv": [ 0.000625, 0.000624657, 15.99938, 15.99938 ], "texture": "#cherry_button_4" },
				"east": { "uv": [ 0.000625, 0.000624657, 15.99938, 15.99938 ], "texture": "#cherry_button_4" }
			}
		},
		{
			"__comment": "Box12",
			"from": [ 12.0004, 0.0005, 8.5008 ],
			"to": [ 12.5004, 0.5005, 9.0008 ],
			"faces": {
				"down": { "uv": [ 0.000625, 0.000624657, 15.99938, 15.99938 ], "texture": "#cherry_button_6", "cullface": "down" },
				"north": { "uv": [ 0.000625, 0.000624657, 15.99938, 15.99938 ], "texture": "#cherry_button_6" },
				"south": { "uv": [ 0.000625, 0.000624657, 15.99938, 15.99938 ], "texture": "#cherry_button_6" },
				"west": { "uv": [ 0.000625, 0.000624657, 15.99938, 15.99938 ], "texture": "#cherry_button_6" },
				"east": { "uv": [ 0.000625, 0.000624657, 15.99938, 15.99938 ], "texture": "#cherry_button_6" }
			}
		},
		{
			"__comment": "Element",
			"from": [ 4.9991, -0.0003, 3.9999 ],
			"to": [ 10.9991, 1.9997, 11.9999 ],
			"faces": {
				"down": { "uv": [ 0.000625, 0.000624657, 15.99938, 15.99938 ], "texture": "#cherry_button_1", "cullface": "down" },
				"up": { "uv": [ 0.000625, 0.000624657, 15.99938, 15.99938 ], "texture": "#cherry_button_1" },
				"north": { "uv": [ 0.000625, 0.000624657, 15.99938, 15.99938 ], "texture": "#cherry_button_1" },
				"south": { "uv": [ 0.000625, 0.000624657, 15.99938, 15.99938 ], "texture": "#cherry_button_1" },
				"west": { "uv": [ 0.000625, 0.000624657, 15.99938, 15.99938 ], "texture": "#cherry_button_1" },
				"east": { "uv": [ 0.000625, 0.000624657, 15.99938, 15.99938 ], "texture": "#cherry_button_1" }
			}
		},
		{
			"__comment": "Element",
			"from": [ 6, 1.5, 5 ],
			"to": [ 10, 2.5, 8 ],
			"faces": {
				"up": { "uv": [ 0.000625, 0.000624657, 15.99938, 15.99938 ], "texture": "#cherry_button_7" },
				"north": { "uv": [ 0.000625, 0.000624657, 15.99938, 15.99938 ], "texture": "#cherry_button_7" },
				"south": { "uv": [ 0.000625, 0.000624657, 15.99938, 15.99938 ], "texture": "#cherry_button_7" },
				"west": { "uv": [ 0.000625, 0.000624657, 15.99938, 15.99938 ], "texture": "#cherry_button_7" },
				"east": { "uv": [ 0.000625, 0.000624657, 15.99938, 15.99938 ], "texture": "#cherry_button_7" }
			}
		}
	],
	"display": {
		"thirdperson_righthand": {
			"rotation":  [ 90, -180, 0 ],
			"translation":  [ 0, 3, 8 ]
		},
		"thirdperson_lefthand": {
			"rotation":  [ 90, -180, 0 ],
			"translation":  [ 0, 3, 8 ]
		},
		"firstperson_righthand": {
			"rotation":  [ 30, 180, 0 ],
			"translation":  [ 2, 8, 0 ]
		},
		"firstperson_lefthand": {
			"rotation":  [ 30, 180, 0 ],
			"translation":  [ 2, 8, 0 ]
		},
		"gui": {
			"rotation":  [ 91, 180, 0 ]
		},
		"ground": {
			"translation":  [ 0, 2, 0 ],
			"scale":  [ 0.5, 0.5, 0.5 ]
		},
		"fixed": {
			"rotation":  [ -90, 0, 0 ],
			"translation":  [ 0, 0, -7 ]
		}
	}
}