{
	"__comment": "Designed by Intermacgod with BDcraft Cubik PRO 0.87 Beta - http://bdcraft.net",
	"textures": {
		"particle": "block/c/cherry_button/cherry_button",
		"cherry_button_1": "block/c/cherry_button/cherry_button_1",
		"cherry_button_2": "block/c/cherry_button/cherry_button_2",
		"cherry_button_3": "block/c/cherry_button/cherry_button_3",
		"cherry_button_4": "block/c/cherry_button/cherry_button_4",
		"cherry_button_5": "block/c/cherry_button/cherry_button_5",
		"cherry_button_6": "block/c/cherry_button/cherry_button_6"
	},
	"elements": [ 	 
		{
			"__comment": "Element",
			"from": [ 5.499, 1.9995, 8.9993 ],
			"to": [ 5.999, 2.499501, 11.4993 ],
			"faces": {
				"up": { "uv": [ 0.00125, 0.001249313, 15.99876, 15.99876 ], "texture": "#cherry_button_2" },
				"north": { "uv": [ 0.00125, 0.001249313, 15.99876, 15.99876 ], "texture": "#cherry_button_2" },
				"south": { "uv": [ 0.00125, 0.001249313, 15.99876, 15.99876 ], "texture": "#cherry_button_2" },
				"west": { "uv": [ 0.00125, 0.001249313, 15.99876, 15.99876 ], "texture": "#cherry_button_2" },
				"east": { "uv": [ 0.00125, 0.001249313, 15.99876, 15.99876 ], "texture": "#cherry_button_2" }
			}
		},
		{
			"__comment": "Element",
			"from": [ 10.0007, 1.9998, 8.9994 ],
			"to": [ 10.5007, 2.4998, 11.4994 ],
			"faces": {
				"up": { "uv": [ 0.00125, 0.001249313, 15.99876, 15.99876 ], "texture": "#cherry_button_2" },
				"north": { "uv": [ 0.00125, 0.001249313, 15.99876, 15.99876 ], "texture": "#cherry_button_2" },
				"south": { "uv": [ 0.00125, 0.001249313, 15.99876, 15.99876 ], "texture": "#cherry_button_2" },
				"west": { "uv": [ 0.00125, 0.001249313, 15.99876, 15.99876 ], "texture": "#cherry_button_2" },
				"east": { "uv": [ 0.00125, 0.001249313, 15.99876, 15.99876 ], "texture": "#cherry_button_2" }
			}
		},
		{
			"__comment": "Element",
			"from": [ 10.0004, 2, 4.5008 ],
			"to": [ 10.5004, 2.5, 8.500799 ],
			"faces": {
				"up": { "uv": [ 0.00125, 0.001249313, 15.99876, 15.99876 ], "texture": "#cherry_button_2" },
				"north": { "uv": [ 0.00125, 0.001249313, 15.99876, 15.99876 ], "texture": "#cherry_button_2" },
				"south": { "uv": [ 0.00125, 0.001249313, 15.99876, 15.99876 ], "texture": "#cherry_button_2" },
				"west": { "uv": [ 0.00125, 0.001249313, 15.99876, 15.99876 ], "texture": "#cherry_button_2" },
				"east": { "uv": [ 0.00125, 0.001249313, 15.99876, 15.99876 ], "texture": "#cherry_button_2" }
			}
		},
		{
			"__comment": "Element",
			"from": [ 5.4994, 1.999, 4.4999 ],
			"to": [ 5.9994, 2.499, 8.499901 ],
			"faces": {
				"up": { "uv": [ 0.00125, 0.001249313, 15.99876, 15.99876 ], "texture": "#cherry_button_2" },
				"north": { "uv": [ 0.00125, 0.001249313, 15.99876, 15.99876 ], "texture": "#cherry_button_2" },
				"south": { "uv": [ 0.00125, 0.001249313, 15.99876, 15.99876 ], "texture": "#cherry_button_2" },
				"west": { "uv": [ 0.00125, 0.001249313, 15.99876, 15.99876 ], "texture": "#cherry_button_2" },
				"east": { "uv": [ 0.00125, 0.001249313, 15.99876, 15.99876 ], "texture": "#cherry_button_2" }
			}
		},
		{
			"__comment": "Element",
			"from": [ 6.001, 2, 4.4991 ],
			"to": [ 10.001, 2.5, 4.9991 ],
			"faces": {
				"up": { "uv": [ 0.00125, 0.001249313, 15.99876, 15.99876 ], "texture": "#cherry_button_2" },
				"north": { "uv": [ 0.00125, 0.001249313, 15.99876, 15.99876 ], "texture": "#cherry_button_2" },
				"south": { "uv": [ 0.00125, 0.001249313, 15.99876, 15.99876 ], "texture": "#cherry_button_2" }
			}
		},
		{
			"__comment": "Element",
			"from": [ 6.0001, 2.0007, 8.0006 ],
			"to": [ 10.0001, 2.5007, 8.5006 ],
			"faces": {
				"up": { "uv": [ 0.00125, 0.001249313, 15.99876, 15.99876 ], "texture": "#cherry_button_2" },
				"north": { "uv": [ 0.00125, 0.001249313, 15.99876, 15.99876 ], "texture": "#cherry_button_2" },
				"south": { "uv": [ 0.00125, 0.001249313, 15.99876, 15.99876 ], "texture": "#cherry_button_2" }
			}
		},
		{
			"__comment": "Element",
			"from": [ 6.0003, 1.9994, 8.9999 ],
			"to": [ 10.0003, 2.4994, 9.4999 ],
			"faces": {
				"up": { "uv": [ 0.00125, 0.001249313, 15.99876, 15.99876 ], "texture": "#cherry_button_2" },
				"north": { "uv": [ 0.00125, 0.001249313, 15.99876, 15.99876 ], "texture": "#cherry_button_2" }
			}
		},
		{
			"__comment": "Element",
			"from": [ 6.0003, 1.9994, 10.9991 ],
			"to": [ 10.0003, 2.499399, 11.4991 ],
			"faces": {
				"up": { "uv": [ 0.00125, 0.001249313, 15.99876, 15.99876 ], "texture": "#cherry_button_2" },
				"south": { "uv": [ 0.00125, 0.001249313, 15.99876, 15.99876 ], "texture": "#cherry_button_2" }
			}
		},
		{
			"__comment": "Element",
			"from": [ 6.0003, 2.0009, 9.501599 ],
			"to": [ 10.0003, 3.0009, 11.0016 ],
			"faces": {
				"up": { "uv": [ 0.00125, 0.001249313, 15.99876, 15.99876 ], "texture": "#cherry_button_3" },
				"north": { "uv": [ 0.00125, 0.001249313, 15.99876, 15.99876 ], "texture": "#cherry_button_3" },
				"south": { "uv": [ 0.00125, 0.001249313, 15.99876, 15.99876 ], "texture": "#cherry_button_3" },
				"west": { "uv": [ 0.00125, 0.001249313, 15.99876, 15.99876 ], "texture": "#cherry_button_3" },
				"east": { "uv": [ 0.00125, 0.001249313, 15.99876, 15.99876 ], "texture": "#cherry_button_3" }
			}
		},
		{
			"__comment": "Box12",
			"from": [ 8.5004, 0.5, 2.4999 ],
			"to": [ 9.0004, 1, 3.999901 ],
			"faces": {
				"down": { "uv": [ 0.00125, 0.001249313, 15.99876, 15.99876 ], "texture": "#cherry_button_6" },
				"up": { "uv": [ 0.00125, 0.001249313, 15.99876, 15.99876 ], "texture": "#cherry_button_6" },
				"north": { "uv": [ 0.00125, 0.001249313, 15.99876, 15.99876 ], "texture": "#cherry_button_6" },
				"west": { "uv": [ 0.00125, 0.001249313, 15.99876, 15.99876 ], "texture": "#cherry_button_6" },
				"east": { "uv": [ 0.00125, 0.001249313, 15.99876, 15.99876 ], "texture": "#cherry_button_6" }
			}
		},
		{
			"__comment": "Box12",
			"from": [ 8.498199, -0.0009, 2.4992 ],
			"to": [ 8.998199, 0.4991, 2.9992 ],
			"faces": {
				"down": { "uv": [ 0.00125, 0.001249313, 15.99876, 15.99876 ], "texture": "#cherry_button_6", "cullface": "down" },
				"north": { "uv": [ 0.00125, 0.001249313, 15.99876, 15.99876 ], "texture": "#cherry_button_6" },
				"south": { "uv": [ 0.00125, 0.001249313, 15.99876, 15.99876 ], "texture": "#cherry_button_6" },
				"west": { "uv": [ 0.00125, 0.001249313, 15.99876, 15.99876 ], "texture": "#cherry_button_6" },
				"east": { "uv": [ 0.00125, 0.001249313, 15.99876, 15.99876 ], "texture": "#cherry_button_6" }
			}
		},
		{
			"__comment": "Box12",
			"from": [ 8.4999, 0.5013, 12.0008 ],
			"to": [ 8.9999, 1.0013, 13.5008 ],
			"faces": {
				"down": { "uv": [ 0.00125, 0.001249313, 15.99876, 15.99876 ], "texture": "#cherry_button_4" },
				"up": { "uv": [ 0.00125, 0.001249313, 15.99876, 15.99876 ], "texture": "#cherry_button_4" },
				"south": { "uv": [ 0.00125, 0.001249313, 15.99876, 15.99876 ], "texture": "#cherry_button_4" },
				"west": { "uv": [ 0.00125, 0.001249313, 15.99876, 15.99876 ], "texture": "#cherry_button_4" },
				"east": { "uv": [ 0.00125, 0.001249313, 15.99876, 15.99876 ], "texture": "#cherry_button_4" }
			}
		},
		{
			"__comment": "Box12",
			"from": [ 8.500199, 0.0011, 12.9984 ],
			"to": [ 9.000199, 0.5011, 13.4984 ],
			"faces": {
				"down": { "uv": [ 0.00125, 0.001249313, 15.99876, 15.99876 ], "texture": "#cherry_button_4", "cullface": "down" },
				"north": { "uv": [ 0.00125, 0.001249313, 15.99876, 15.99876 ], "texture": "#cherry_button_4" },
				"south": { "uv": [ 0.00125, 0.001249313, 15.99876, 15.99876 ], "texture": "#cherry_button_4" },
				"west": { "uv": [ 0.00125, 0.001249313, 15.99876, 15.99876 ], "texture": "#cherry_button_4" },
				"east": { "uv": [ 0.00125, 0.001249313, 15.99876, 15.99876 ], "texture": "#cherry_button_4" }
			}
		},
		{
			"__comment": "Box12",
			"from": [ 6.9987, 0.4997, 2.5003 ],
			"to": [ 7.4987, 0.9997, 4.0003 ],
			"faces": {
				"down": { "uv": [ 0.00125, 0.001249313, 15.99876, 15.99876 ], "texture": "#cherry_button_4" },
				"up": { "uv": [ 0.00125, 0.001249313, 15.99876, 15.99876 ], "texture": "#cherry_button_4" },
				"north": { "uv": [ 0.00125, 0.001249313, 15.99876, 15.99876 ], "texture": "#cherry_button_4" },
				"west": { "uv": [ 0.00125, 0.001249313, 15.99876, 15.99876 ], "texture": "#cherry_button_4" },
				"east": { "uv": [ 0.00125, 0.001249313, 15.99876, 15.99876 ], "texture": "#cherry_button_4" }
			}
		},
		{
			"__comment": "Box12",
			"from": [ 6.9993, 0.0008, 2.5016 ],
			"to": [ 7.4993, 0.5007999, 3.0016 ],
			"faces": {
				"down": { "uv": [ 0.00125, 0.001249313, 15.99876, 15.99876 ], "texture": "#cherry_button_4", "cullface": "down" },
				"north": { "uv": [ 0.00125, 0.001249313, 15.99876, 15.99876 ], "texture": "#cherry_button_4" },
				"south": { "uv": [ 0.00125, 0.001249313, 15.99876, 15.99876 ], "texture": "#cherry_button_4" },
				"west": { "uv": [ 0.00125, 0.001249313, 15.99876, 15.99876 ], "texture": "#cherry_button_4" },
				"east": { "uv": [ 0.00125, 0.001249313, 15.99876, 15.99876 ], "texture": "#cherry_button_4" }
			}
		},
		{
			"__comment": "Box12",
			"from": [ 7.0009, 0.0008, 12.9984 ],
			"to": [ 7.5009, 0.5007999, 13.4984 ],
			"faces": {
				"down": { "uv": [ 0.00125, 0.001249313, 15.99876, 15.99876 ], "texture": "#cherry_button_6", "cullface": "down" },
				"north": { "uv": [ 0.00125, 0.001249313, 15.99876, 15.99876 ], "texture": "#cherry_button_6" },
				"south": { "uv": [ 0.00125, 0.001249313, 15.99876, 15.99876 ], "texture": "#cherry_button_6" },
				"west": { "uv": [ 0.00125, 0.001249313, 15.99876, 15.99876 ], "texture": "#cherry_button_6" },
				"east": { "uv": [ 0.00125, 0.001249313, 15.99876, 15.99876 ], "texture": "#cherry_button_6" }
			}
		},
		{
			"__comment": "Box12",
			"from": [ 7, 0.5006, 12.0007 ],
			"to": [ 7.5, 1.0006, 13.5007 ],
			"faces": {
				"down": { "uv": [ 0.00125, 0.001249313, 15.99876, 15.99876 ], "texture": "#cherry_button_6" },
				"up": { "uv": [ 0.00125, 0.001249313, 15.99876, 15.99876 ], "texture": "#cherry_button_6" },
				"south": { "uv": [ 0.00125, 0.001249313, 15.99876, 15.99876 ], "texture": "#cherry_button_6" },
				"west": { "uv": [ 0.00125, 0.001249313, 15.99876, 15.99876 ], "texture": "#cherry_button_6" },
				"east": { "uv": [ 0.00125, 0.001249313, 15.99876, 15.99876 ], "texture": "#cherry_button_6" }
			}
		},
		{
			"__comment": "Box12",
			"from": [ 7.7508, -0.0007, 2.5014 ],
			"to": [ 8.250799, 0.4993001, 3.0014 ],
			"faces": {
				"down": { "uv": [ 0.00125, 0.001249313, 15.99876, 15.99876 ], "texture": "#cherry_button_5", "cullface": "down" },
				"north": { "uv": [ 0.00125, 0.001249313, 15.99876, 15.99876 ], "texture": "#cherry_button_5" },
				"south": { "uv": [ 0.00125, 0.001249313, 15.99876, 15.99876 ], "texture": "#cherry_button_5" },
				"west": { "uv": [ 0.00125, 0.001249313, 15.99876, 15.99876 ], "texture": "#cherry_button_5" },
				"east": { "uv": [ 0.00125, 0.001249313, 15.99876, 15.99876 ], "texture": "#cherry_button_5" }
			}
		},
		{
			"__comment": "Box12",
			"from": [ 7.7495, 0.5, 2.499 ],
			"to": [ 8.2495, 0.9999995, 3.999 ],
			"faces": {
				"down": { "uv": [ 0.00125, 0.001249313, 15.99876, 15.99876 ], "texture": "#cherry_button_5" },
				"up": { "uv": [ 0.00125, 0.001249313, 15.99876, 15.99876 ], "texture": "#cherry_button_5" },
				"north": { "uv": [ 0.00125, 0.001249313, 15.99876, 15.99876 ], "texture": "#cherry_button_5" },
				"west": { "uv": [ 0.00125, 0.001249313, 15.99876, 15.99876 ], "texture": "#cherry_button_5" },
				"east": { "uv": [ 0.00125, 0.001249313, 15.99876, 15.99876 ], "texture": "#cherry_button_5" }
			}
		},
		{
			"__comment": "Box12",
			"from": [ 7.7494, -0.0003, 12.9994 ],
			"to": [ 8.249397, 0.4997, 13.4994 ],
			"faces": {
				"down": { "uv": [ 0.00125, 0.001249313, 15.99876, 15.99876 ], "texture": "#cherry_button_5", "cullface": "down" },
				"north": { "uv": [ 0.00125, 0.001249313, 15.99876, 15.99876 ], "texture": "#cherry_button_5" },
				"south": { "uv": [ 0.00125, 0.001249313, 15.99876, 15.99876 ], "texture": "#cherry_button_5" },
				"west": { "uv": [ 0.00125, 0.001249313, 15.99876, 15.99876 ], "texture": "#cherry_button_5" },
				"east": { "uv": [ 0.00125, 0.001249313, 15.99876, 15.99876 ], "texture": "#cherry_button_5" }
			}
		},
		{
			"__comment": "Box12",
			"from": [ 7.7503, 0.5003, 12.0002 ],
			"to": [ 8.250298, 1.0003, 13.5002 ],
			"faces": {
				"down": { "uv": [ 0.00125, 0.001249313, 15.99876, 15.99876 ], "texture": "#cherry_button_5" },
				"up": { "uv": [ 0.00125, 0.001249313, 15.99876, 15.99876 ], "texture": "#cherry_button_5" },
				"south": { "uv": [ 0.00125, 0.001249313, 15.99876, 15.99876 ], "texture": "#cherry_button_5" },
				"west": { "uv": [ 0.00125, 0.001249313, 15.99876, 15.99876 ], "texture": "#cherry_button_5" },
				"east": { "uv": [ 0.00125, 0.001249313, 15.99876, 15.99876 ], "texture": "#cherry_button_5" }
			}
		},
		{
			"__comment": "Box12",
			"from": [ 10.9982, 0.5001, 7.7496 ],
			"to": [ 12.4982, 1.000099, 8.249599 ],
			"faces": {
				"down": { "uv": [ 0.00125, 0.001249313, 15.99876, 15.99876 ], "texture": "#cherry_button_5" },
				"up": { "uv": [ 0.00125, 0.001249313, 15.99876, 15.99876 ], "texture": "#cherry_button_5", "rotation": 270 },
				"north": { "uv": [ 0.00125, 0.001249313, 15.99876, 15.99876 ], "texture": "#cherry_button_5" },
				"south": { "uv": [ 0.00125, 0.001249313, 15.99876, 15.99876 ], "texture": "#cherry_button_5" },
				"east": { "uv": [ 0.00125, 0.001249313, 15.99876, 15.99876 ], "texture": "#cherry_button_5" }
			}
		},
		{
			"__comment": "Box12",
			"from": [ 3.4988, 0.5003, 7.7493 ],
			"to": [ 4.998797, 1.0003, 8.249301 ],
			"faces": {
				"down": { "uv": [ 0.00125, 0.001249313, 15.99876, 15.99876 ], "texture": "#cherry_button_5", "rotation": 270 },
				"up": { "uv": [ 0.00125, 0.001249313, 15.99876, 15.99876 ], "texture": "#cherry_button_5", "rotation": 270 },
				"north": { "uv": [ 0.00125, 0.001249313, 15.99876, 15.99876 ], "texture": "#cherry_button_5" },
				"south": { "uv": [ 0.00125, 0.001249313, 15.99876, 15.99876 ], "texture": "#cherry_button_5" },
				"west": { "uv": [ 0.00125, 0.001249313, 15.99876, 15.99876 ], "texture": "#cherry_button_5" }
			}
		},
		{
			"__comment": "Box12",
			"from": [ 3.4994, -0.0003, 7.7507 ],
			"to": [ 3.9994, 0.4997, 8.2507 ],
			"faces": {
				"down": { "uv": [ 0.00125, 0.001249313, 15.99876, 15.99876 ], "texture": "#cherry_button_5", "cullface": "down" },
				"north": { "uv": [ 0.00125, 0.001249313, 15.99876, 15.99876 ], "texture": "#cherry_button_5" },
				"south": { "uv": [ 0.00125, 0.001249313, 15.99876, 15.99876 ], "texture": "#cherry_button_5" },
				"west": { "uv": [ 0.00125, 0.001249313, 15.99876, 15.99876 ], "texture": "#cherry_button_5" },
				"east": { "uv": [ 0.00125, 0.001249313, 15.99876, 15.99876 ], "texture": "#cherry_button_5" }
			}
		},
		{
			"__comment": "Box12",
			"from": [ 12.0006, -0.0008, 7.749 ],
			"to": [ 12.5006, 0.4992, 8.249001 ],
			"faces": {
				"down": { "uv": [ 0.00125, 0.001249313, 15.99876, 15.99876 ], "texture": "#cherry_button_5", "cullface": "down" },
				"north": { "uv": [ 0.00125, 0.001249313, 15.99876, 15.99876 ], "texture": "#cherry_button_5" },
				"south": { "uv": [ 0.00125, 0.001249313, 15.99876, 15.99876 ], "texture": "#cherry_button_5" },
				"west": { "uv": [ 0.00125, 0.001249313, 15.99876, 15.99876 ], "texture": "#cherry_button_5" },
				"east": { "uv": [ 0.00125, 0.001249313, 15.99876, 15.99876 ], "texture": "#cherry_button_5" }
			}
		},
		{
			"__comment": "Box12",
			"from": [ 10.9996, 0.5004, 6.9999 ],
			"to": [ 12.4996, 1.0004, 7.4999 ],
			"faces": {
				"down": { "uv": [ 0.00125, 0.001249313, 15.99876, 15.99876 ], "texture": "#cherry_button_4" },
				"up": { "uv": [ 0.00125, 0.001249313, 15.99876, 15.99876 ], "texture": "#cherry_button_4", "rotation": 270 },
				"north": { "uv": [ 0.00125, 0.001249313, 15.99876, 15.99876 ], "texture": "#cherry_button_4" },
				"south": { "uv": [ 0.00125, 0.001249313, 15.99876, 15.99876 ], "texture": "#cherry_button_4" },
				"east": { "uv": [ 0.00125, 0.001249313, 15.99876, 15.99876 ], "texture": "#cherry_button_4" }
			}
		},
		{
			"__comment": "Box12",
			"from": [ 10.9987, 0.4996, 8.5006 ],
			"to": [ 12.4987, 0.9996, 9.0006 ],
			"faces": {
				"down": { "uv": [ 0.00125, 0.001249313, 15.99876, 15.99876 ], "texture": "#cherry_button_6" },
				"up": { "uv": [ 0.00125, 0.001249313, 15.99876, 15.99876 ], "texture": "#cherry_button_6", "rotation": 270 },
				"north": { "uv": [ 0.00125, 0.001249313, 15.99876, 15.99876 ], "texture": "#cherry_button_6" },
				"south": { "uv": [ 0.00125, 0.001249313, 15.99876, 15.99876 ], "texture": "#cherry_button_6" },
				"east": { "uv": [ 0.00125, 0.001249313, 15.99876, 15.99876 ], "texture": "#cherry_button_6" }
			}
		},
		{
			"__comment": "Box12",
			"from": [ 3.4989, 0.5001, 8.5004 ],
			"to": [ 4.9989, 1.0001, 9.0004 ],
			"faces": {
				"down": { "uv": [ 0.00125, 0.001249313, 15.99876, 15.99876 ], "texture": "#cherry_button_4" },
				"up": { "uv": [ 0.00125, 0.001249313, 15.99876, 15.99876 ], "texture": "#cherry_button_4", "rotation": 90 },
				"north": { "uv": [ 0.00125, 0.001249313, 15.99876, 15.99876 ], "texture": "#cherry_button_4" },
				"south": { "uv": [ 0.00125, 0.001249313, 15.99876, 15.99876 ], "texture": "#cherry_button_4" },
				"west": { "uv": [ 0.00125, 0.001249313, 15.99876, 15.99876 ], "texture": "#cherry_button_4" }
			}
		},
		{
			"__comment": "Box12",
			"from": [ 3.5002, 0.5008, 6.9994 ],
			"to": [ 5.000196, 1.0008, 7.4994 ],
			"faces": {
				"down": { "uv": [ 0.00125, 0.001249313, 15.99876, 15.99876 ], "texture": "#cherry_button_6" },
				"up": { "uv": [ 0.00125, 0.001249313, 15.99876, 15.99876 ], "texture": "#cherry_button_6", "rotation": 270 },
				"north": { "uv": [ 0.00125, 0.001249313, 15.99876, 15.99876 ], "texture": "#cherry_button_6" },
				"south": { "uv": [ 0.00125, 0.001249313, 15.99876, 15.99876 ], "texture": "#cherry_button_6" },
				"west": { "uv": [ 0.00125, 0.001249313, 15.99876, 15.99876 ], "texture": "#cherry_button_6" }
			}
		},
		{
			"__comment": "Box12",
			"from": [ 3.5002, -0.0006, 6.9996 ],
			"to": [ 4.000201, 0.4994001, 7.4996 ],
			"faces": {
				"down": { "uv": [ 0.00125, 0.001249313, 15.99876, 15.99876 ], "texture": "#cherry_button_6", "cullface": "down" },
				"north": { "uv": [ 0.00125, 0.001249313, 15.99876, 15.99876 ], "texture": "#cherry_button_6" },
				"south": { "uv": [ 0.00125, 0.001249313, 15.99876, 15.99876 ], "texture": "#cherry_button_6" },
				"west": { "uv": [ 0.00125, 0.001249313, 15.99876, 15.99876 ], "texture": "#cherry_button_6" },
				"east": { "uv": [ 0.00125, 0.001249313, 15.99876, 15.99876 ], "texture": "#cherry_button_6" }
			}
		},
		{
			"__comment": "Box12",
			"from": [ 3.4993, -0.0002, 8.4997 ],
			"to": [ 3.9993, 0.4998002, 8.9997 ],
			"faces": {
				"down": { "uv": [ 0.00125, 0.001249313, 15.99876, 15.99876 ], "texture": "#cherry_button_4", "cullface": "down" },
				"north": { "uv": [ 0.00125, 0.001249313, 15.99876, 15.99876 ], "texture": "#cherry_button_4" },
				"south": { "uv": [ 0.00125, 0.001249313, 15.99876, 15.99876 ], "texture": "#cherry_button_4" },
				"west": { "uv": [ 0.00125, 0.001249313, 15.99876, 15.99876 ], "texture": "#cherry_button_4" },
				"east": { "uv": [ 0.00125, 0.001249313, 15.99876, 15.99876 ], "texture": "#cherry_button_4" }
			}
		},
		{
			"__comment": "Box12",
			"from": [ 12.0003, -0.0006, 6.9995 ],
			"to": [ 12.5003, 0.4993999, 7.4995 ],
			"faces": {
				"down": { "uv": [ 0.00125, 0.001249313, 15.99876, 15.99876 ], "texture": "#cherry_button_4", "cullface": "down" },
				"north": { "uv": [ 0.00125, 0.001249313, 15.99876, 15.99876 ], "texture": "#cherry_button_4" },
				"south": { "uv": [ 0.00125, 0.001249313, 15.99876, 15.99876 ], "texture": "#cherry_button_4" },
				"west": { "uv": [ 0.00125, 0.001249313, 15.99876, 15.99876 ], "texture": "#cherry_button_4" },
				"east": { "uv": [ 0.00125, 0.001249313, 15.99876, 15.99876 ], "texture": "#cherry_button_4" }
			}
		},
		{
			"__comment": "Box12",
			"from": [ 11.9995, 0.0001, 8.5001 ],
			"to": [ 12.4995, 0.5001, 9.0001 ],
			"faces": {
				"down": { "uv": [ 0.00125, 0.001249313, 15.99876, 15.99876 ], "texture": "#cherry_button_6", "cullface": "down" },
				"north": { "uv": [ 0.00125, 0.001249313, 15.99876, 15.99876 ], "texture": "#cherry_button_6" },
				"south": { "uv": [ 0.00125, 0.001249313, 15.99876, 15.99876 ], "texture": "#cherry_button_6" },
				"west": { "uv": [ 0.00125, 0.001249313, 15.99876, 15.99876 ], "texture": "#cherry_button_6" },
				"east": { "uv": [ 0.00125, 0.001249313, 15.99876, 15.99876 ], "texture": "#cherry_button_6" }
			}
		},
		{
			"__comment": "Element",
			"from": [ 4.9994, -0.0013, 3.9992 ],
			"to": [ 10.9994, 1.9987, 11.9992 ],
			"faces": {
				"down": { "uv": [ 0.00125, 0.001249313, 15.99876, 15.99876 ], "texture": "#cherry_button_1", "cullface": "down" },
				"up": { "uv": [ 0.00125, 0.001249313, 15.99876, 15.99876 ], "texture": "#cherry_button_1" },
				"north": { "uv": [ 0.00125, 0.001249313, 15.99876, 15.99876 ], "texture": "#cherry_button_1" },
				"south": { "uv": [ 0.00125, 0.001249313, 15.99876, 15.99876 ], "texture": "#cherry_button_1" },
				"west": { "uv": [ 0.00125, 0.001249313, 15.99876, 15.99876 ], "texture": "#cherry_button_1" },
				"east": { "uv": [ 0.00125, 0.001249313, 15.99876, 15.99876 ], "texture": "#cherry_button_1" }
			}
		},
		{
			"__comment": "Element",
			"from": [ 6.0004, 2.4997, 5.0013 ],
			"to": [ 10.0004, 3.4997, 8.001301 ],
			"faces": {
				"down": { "uv": [ 0.00125, 0.001249313, 15.99876, 15.99876 ], "texture": "#cherry_button_1" },
				"up": { "uv": [ 0.00125, 0.001249313, 15.99876, 15.99876 ], "texture": "#cherry_button_1" },
				"north": { "uv": [ 0.00125, 0.001249313, 15.99876, 15.99876 ], "texture": "#cherry_button_1" },
				"south": { "uv": [ 0.00125, 0.001249313, 15.99876, 15.99876 ], "texture": "#cherry_button_1" },
				"west": { "uv": [ 0.00125, 0.001249313, 15.99876, 15.99876 ], "texture": "#cherry_button_1" },
				"east": { "uv": [ 0.00125, 0.001249313, 15.99876, 15.99876 ], "texture": "#cherry_button_1" }
			}
		}
	],
	"display": {
		"thirdperson_righthand": {
			"rotation":  [ 90, -180, 0 ],
			"translation":  [ 0, 3, 8 ]
		},
		"thirdperson_lefthand": {
			"rotation":  [ 90, -180, 0 ],
			"translation":  [ 0, 3, 8 ]
		},
		"gui": {
			"rotation":  [ 90, 180, 0 ],
			"translation":  [ 0, 0, 13 ]
		},
		"ground": {
			"translation":  [ 0, 2, 0 ],
			"scale":  [ 0.5, 0.5, 0.5 ]
		},
		"fixed": {
			"rotation":  [ -90, 0, 0 ],
			"translation":  [ 0, 0, -6 ]
		}
	}
}