{
	"__comment": "Designed by Interhell2000 with Cubik Studio - https://cubik.studio",
	"textures": {
		"particle": "block/c/cherry_fence_gate/cherry_fence_gate",
		"cherry_fence_gate_1": "block/c/cherry_fence/cherry_fence_1",
		"cherry_fence_gate_2": "block/c/cherry_fence/cherry_fence_2",
		"cherry_fence_gate_3": "block/c/cherry_fence/cherry_fence_3",
		"cherry_fence_gate_4": "block/c/cherry_fence_gate/cherry_fence_gate_4",
		"cherry_fence_gate_5": "block/c/cherry_fence_gate/cherry_fence_gate_5",
		"cherry_fence_gate_6": "block/c/cherry_fence_gate/cherry_fence_gate_6"
	},
	"elements": [ 	 
		{
			"__comment": "Box1",
			"from": [ 0, 1, 8.5 ],
			"to": [ 2, 2, 16 ],
			"faces": {
				"down": { "uv": [ 7, 9, 9, 16 ], "texture": "#cherry_fence_gate_3" },
				"up": { "uv": [ 7, 0, 9, 7 ], "texture": "#cherry_fence_gate_3" },
				"north": { "uv": [ 7, 14, 9, 15 ], "texture": "#cherry_fence_gate_3" },
				"south": { "uv": [ 7, 14, 9, 15 ], "texture": "#cherry_fence_gate_1" },
				"west": { "uv": [ 0, 14, 7, 15 ], "texture": "#cherry_fence_gate_3" },
				"east": { "uv": [ 9, 14, 16, 15 ], "texture": "#cherry_fence_gate_3" }
			}
		},
		{
			"__comment": "Box2",
			"from": [ 0.5, 2, 9.125 ],
			"to": [ 1.5, 10, 15.625 ],
			"faces": {
				"down": { "uv": [ 7.5, 0.5, 8.5, 6.5 ], "texture": "#cherry_fence_gate_1", "rotation": 180 },
				"up": { "uv": [ 7.5, 9.5, 8.5, 15.5 ], "texture": "#cherry_fence_gate_1", "rotation": 180 },
				"north": { "uv": [ 7.5, 6, 8.5, 14 ], "texture": "#cherry_fence_gate_1" },
				"south": { "uv": [ 7.5, 6, 8.5, 14 ], "texture": "#cherry_fence_gate_1" },
				"west": { "uv": [ 0, 0, 16, 16 ], "texture": "#cherry_fence_gate_2" },
				"east": { "uv": [ 0, 0, 16, 16 ], "texture": "#cherry_fence_gate_2" }
			}
		},
		{
			"__comment": "Box1",
			"from": [ 0, 10, 8.5 ],
			"to": [ 2, 11, 16 ],
			"faces": {
				"down": { "uv": [ 7, 9, 9, 16 ], "texture": "#cherry_fence_gate_3" },
				"up": { "uv": [ 7, 0, 9, 7 ], "texture": "#cherry_fence_gate_3" },
				"north": { "uv": [ 7, 5, 9, 6 ], "texture": "#cherry_fence_gate_3" },
				"south": { "uv": [ 7, 5, 9, 6 ], "texture": "#cherry_fence_gate_1" },
				"west": { "uv": [ 0, 5, 7, 6 ], "texture": "#cherry_fence_gate_3" },
				"east": { "uv": [ 9, 5, 16, 6 ], "texture": "#cherry_fence_gate_3" }
			}
		},
		{
			"__comment": "Box4",
			"from": [ 0.5, 13, 11.625 ],
			"to": [ 1.5, 15.5, 12.625 ],
			"faces": {
				"down": { "uv": [ 7.5, 3, 8.5, 4 ], "texture": "#cherry_fence_gate_1", "rotation": 180 },
				"up": { "uv": [ 7.5, 12, 8.5, 13 ], "texture": "#cherry_fence_gate_1", "rotation": 180 },
				"north": { "uv": [ 7.5, 0.5, 8.5, 3 ], "texture": "#cherry_fence_gate_3" },
				"south": { "uv": [ 7.5, 0.5, 8.5, 3 ], "texture": "#cherry_fence_gate_3" },
				"west": { "uv": [ 3, 0.5, 4, 3 ], "texture": "#cherry_fence_gate_3" },
				"east": { "uv": [ 12, 0.5, 13, 3 ], "texture": "#cherry_fence_gate_3" }
			}
		},
		{
			"__comment": "Box4",
			"from": [ 0.5, 12.5, 10.625 ],
			"to": [ 1.5, 15, 11.125 ],
			"faces": {
				"down": { "uv": [ 7.5, 2, 8.5, 2.5 ], "texture": "#cherry_fence_gate_1", "rotation": 180 },
				"up": { "uv": [ 7.5, 13.5, 8.5, 14 ], "texture": "#cherry_fence_gate_1", "rotation": 180 },
				"north": { "uv": [ 7.5, 1, 8.5, 3.5 ], "texture": "#cherry_fence_gate_3" },
				"south": { "uv": [ 7.5, 1, 8.5, 3.5 ], "texture": "#cherry_fence_gate_3" },
				"west": { "uv": [ 2, 1, 2.5, 3.5 ], "texture": "#cherry_fence_gate_3" },
				"east": { "uv": [ 13.5, 1, 14, 3.5 ], "texture": "#cherry_fence_gate_3" }
			}
		},
		{
			"__comment": "Box4",
			"from": [ 0.5, 12, 14.125 ],
			"to": [ 1.5, 14.5, 14.625 ],
			"faces": {
				"down": { "uv": [ 7.5, 5.5, 8.5, 6 ], "texture": "#cherry_fence_gate_1", "rotation": 180 },
				"up": { "uv": [ 7.5, 10, 8.5, 10.5 ], "texture": "#cherry_fence_gate_1", "rotation": 180 },
				"north": { "uv": [ 7.5, 1.5, 8.5, 4 ], "texture": "#cherry_fence_gate_3" },
				"south": { "uv": [ 7.5, 1.5, 8.5, 4 ], "texture": "#cherry_fence_gate_3" },
				"west": { "uv": [ 5.5, 1.5, 6, 4 ], "texture": "#cherry_fence_gate_3" },
				"east": { "uv": [ 10, 1.5, 10.5, 4 ], "texture": "#cherry_fence_gate_3" }
			}
		},
		{
			"__comment": "Box4",
			"from": [ 0.5, 12, 9.625 ],
			"to": [ 1.5, 14.5, 10.125 ],
			"faces": {
				"down": { "uv": [ 7.5, 1, 8.5, 1.5 ], "texture": "#cherry_fence_gate_1", "rotation": 180 },
				"up": { "uv": [ 7.5, 14.5, 8.5, 15 ], "texture": "#cherry_fence_gate_1", "rotation": 180 },
				"north": { "uv": [ 7.5, 1.5, 8.5, 4 ], "texture": "#cherry_fence_gate_3" },
				"south": { "uv": [ 7.5, 1.5, 8.5, 4 ], "texture": "#cherry_fence_gate_3" },
				"west": { "uv": [ 1, 1.5, 1.5, 4 ], "texture": "#cherry_fence_gate_3" },
				"east": { "uv": [ 14.5, 1.5, 15, 4 ], "texture": "#cherry_fence_gate_3" }
			}
		},
		{
			"__comment": "Box4",
			"from": [ 0.5, 11.5, 8.625 ],
			"to": [ 1.5, 14, 9.125 ],
			"faces": {
				"down": { "uv": [ 7.5, 0, 8.5, 0.5 ], "texture": "#cherry_fence_gate_1", "rotation": 180 },
				"up": { "uv": [ 7.5, 15.5, 8.5, 16 ], "texture": "#cherry_fence_gate_1", "rotation": 180 },
				"north": { "uv": [ 7.5, 2, 8.5, 4.5 ], "texture": "#cherry_fence_gate_3" },
				"south": { "uv": [ 7.5, 2, 8.5, 4.5 ], "texture": "#cherry_fence_gate_3" },
				"west": { "uv": [ 0, 2, 0.5, 4.5 ], "texture": "#cherry_fence_gate_3" },
				"east": { "uv": [ 15.5, 2, 16, 4.5 ], "texture": "#cherry_fence_gate_3" }
			}
		},
		{
			"__comment": "Box4",
			"from": [ 0.5, 11.5, 15.125 ],
			"to": [ 1.5, 14, 15.625 ],
			"faces": {
				"down": { "uv": [ 7.5, 6.5, 8.5, 7 ], "texture": "#cherry_fence_gate_1", "rotation": 180 },
				"up": { "uv": [ 7.5, 9, 8.5, 9.5 ], "texture": "#cherry_fence_gate_1", "rotation": 180 },
				"north": { "uv": [ 7.5, 2, 8.5, 4.5 ], "texture": "#cherry_fence_gate_3" },
				"south": { "uv": [ 7.5, 2, 8.5, 4.5 ], "texture": "#cherry_fence_gate_1" },
				"west": { "uv": [ 6.5, 2, 7, 4.5 ], "texture": "#cherry_fence_gate_3" },
				"east": { "uv": [ 9, 2, 9.5, 4.5 ], "texture": "#cherry_fence_gate_3" }
			}
		},
		{
			"__comment": "Box4",
			"from": [ 0.5, 12.5, 13.125 ],
			"to": [ 1.5, 15, 13.625 ],
			"faces": {
				"down": { "uv": [ 7.5, 4.5, 8.5, 5 ], "texture": "#cherry_fence_gate_1", "rotation": 180 },
				"up": { "uv": [ 7.5, 11, 8.5, 11.5 ], "texture": "#cherry_fence_gate_1", "rotation": 180 },
				"north": { "uv": [ 7.5, 1, 8.5, 3.5 ], "texture": "#cherry_fence_gate_3" },
				"south": { "uv": [ 7.5, 1, 8.5, 3.5 ], "texture": "#cherry_fence_gate_3" },
				"west": { "uv": [ 4.5, 1, 5, 3.5 ], "texture": "#cherry_fence_gate_3" },
				"east": { "uv": [ 11, 1, 11.5, 3.5 ], "texture": "#cherry_fence_gate_3" }
			}
		},
		{
			"__comment": "Box12",
			"from": [ 0.5, 11.5, 9.625 ],
			"to": [ 1.5, 12, 10.625 ],
			"faces": {
				"down": { "uv": [ 7.5, 14, 8.5, 15 ], "texture": "#cherry_fence_gate_1" },
				"up": { "uv": [ 7.5, 1, 8.5, 2 ], "texture": "#cherry_fence_gate_1" },
				"north": { "uv": [ 7.5, 4, 8.5, 4.5 ], "texture": "#cherry_fence_gate_1" },
				"south": { "uv": [ 7.5, 4, 8.5, 4.5 ], "texture": "#cherry_fence_gate_1" },
				"west": { "uv": [ 1, 4, 2, 4.5 ], "texture": "#cherry_fence_gate_1" },
				"east": { "uv": [ 14, 4, 15, 4.5 ], "texture": "#cherry_fence_gate_1" }
			}
		},
		{
			"__comment": "Box12",
			"from": [ 0.5, 12, 10.625 ],
			"to": [ 1.5, 12.5, 11.625 ],
			"faces": {
				"down": { "uv": [ 7.5, 13, 8.5, 14 ], "texture": "#cherry_fence_gate_1" },
				"up": { "uv": [ 7.5, 2, 8.5, 3 ], "texture": "#cherry_fence_gate_1" },
				"north": { "uv": [ 7.5, 3.5, 8.5, 4 ], "texture": "#cherry_fence_gate_1" },
				"south": { "uv": [ 7.5, 3.5, 8.5, 4 ], "texture": "#cherry_fence_gate_1" },
				"west": { "uv": [ 2, 3.5, 3, 4 ], "texture": "#cherry_fence_gate_1" },
				"east": { "uv": [ 13, 3.5, 14, 4 ], "texture": "#cherry_fence_gate_1" }
			}
		},
		{
			"__comment": "Box12",
			"from": [ 0.5, 15.5, 11.625 ],
			"to": [ 1.5, 16, 12.625 ],
			"faces": {
				"down": { "uv": [ 7.5, 3, 8.5, 4 ], "texture": "#cherry_fence_gate_1", "rotation": 180 },
				"up": { "uv": [ 7.5, 3, 8.5, 4 ], "texture": "#cherry_fence_gate_1" },
				"north": { "uv": [ 7.5, 0, 8.5, 0.5 ], "texture": "#cherry_fence_gate_1" },
				"south": { "uv": [ 7.5, 0, 8.5, 0.5 ], "texture": "#cherry_fence_gate_1" },
				"west": { "uv": [ 3, 0, 4, 0.5 ], "texture": "#cherry_fence_gate_1" },
				"east": { "uv": [ 12, 0, 13, 0.5 ], "texture": "#cherry_fence_gate_1" }
			}
		},
		{
			"__comment": "Box12",
			"from": [ 0.5, 15, 10.625 ],
			"to": [ 1.5, 15.5, 11.625 ],
			"faces": {
				"down": { "uv": [ 7.5, 13, 8.5, 14 ], "texture": "#cherry_fence_gate_1" },
				"up": { "uv": [ 7.5, 2, 8.5, 3 ], "texture": "#cherry_fence_gate_1" },
				"north": { "uv": [ 7.5, 0.5, 8.5, 1 ], "texture": "#cherry_fence_gate_1" },
				"south": { "uv": [ 7.5, 0.5, 8.5, 1 ], "texture": "#cherry_fence_gate_1" },
				"west": { "uv": [ 2, 0.5, 3, 1 ], "texture": "#cherry_fence_gate_1" },
				"east": { "uv": [ 13, 0.5, 14, 1 ], "texture": "#cherry_fence_gate_1" }
			}
		},
		{
			"__comment": "Box12",
			"from": [ 0.5, 15, 12.625 ],
			"to": [ 1.5, 15.5, 13.625 ],
			"faces": {
				"down": { "uv": [ 7.5, 11, 8.5, 12 ], "texture": "#cherry_fence_gate_1" },
				"up": { "uv": [ 7.5, 4, 8.5, 5 ], "texture": "#cherry_fence_gate_1" },
				"north": { "uv": [ 7.5, 0.5, 8.5, 1 ], "texture": "#cherry_fence_gate_1" },
				"south": { "uv": [ 7.5, 0.5, 8.5, 1 ], "texture": "#cherry_fence_gate_1" },
				"west": { "uv": [ 4, 0.5, 5, 1 ], "texture": "#cherry_fence_gate_1" },
				"east": { "uv": [ 11, 0.5, 12, 1 ], "texture": "#cherry_fence_gate_1" }
			}
		},
		{
			"__comment": "Box12",
			"from": [ 0.5, 14.5, 13.625 ],
			"to": [ 1.5, 15, 14.625 ],
			"faces": {
				"down": { "uv": [ 7.5, 10, 8.5, 11 ], "texture": "#cherry_fence_gate_1" },
				"up": { "uv": [ 7.5, 5, 8.5, 6 ], "texture": "#cherry_fence_gate_1" },
				"north": { "uv": [ 7.5, 1, 8.5, 1.5 ], "texture": "#cherry_fence_gate_1" },
				"south": { "uv": [ 7.5, 1, 8.5, 1.5 ], "texture": "#cherry_fence_gate_1" },
				"west": { "uv": [ 5, 1, 6, 1.5 ], "texture": "#cherry_fence_gate_1" },
				"east": { "uv": [ 10, 1, 11, 1.5 ], "texture": "#cherry_fence_gate_1" }
			}
		},
		{
			"__comment": "Box12",
			"from": [ 0.5, 14, 14.625 ],
			"to": [ 1.5, 14.5, 15.625 ],
			"faces": {
				"down": { "uv": [ 7.5, 9, 8.5, 10 ], "texture": "#cherry_fence_gate_1" },
				"up": { "uv": [ 7.5, 6, 8.5, 7 ], "texture": "#cherry_fence_gate_1" },
				"north": { "uv": [ 7.5, 1.5, 8.5, 2 ], "texture": "#cherry_fence_gate_1" },
				"south": { "uv": [ 7.5, 1.5, 8.5, 2 ], "texture": "#cherry_fence_gate_1" },
				"west": { "uv": [ 6, 1.5, 7, 2 ], "texture": "#cherry_fence_gate_1" },
				"east": { "uv": [ 9, 1.5, 10, 2 ], "texture": "#cherry_fence_gate_1" }
			}
		},
		{
			"__comment": "Box12",
			"from": [ 0.5, 14.5, 9.625 ],
			"to": [ 1.5, 15, 10.625 ],
			"faces": {
				"down": { "uv": [ 7.5, 14, 8.5, 15 ], "texture": "#cherry_fence_gate_1" },
				"up": { "uv": [ 7.5, 1, 8.5, 2 ], "texture": "#cherry_fence_gate_1" },
				"north": { "uv": [ 7.5, 1, 8.5, 1.5 ], "texture": "#cherry_fence_gate_1" },
				"south": { "uv": [ 7.5, 1, 8.5, 1.5 ], "texture": "#cherry_fence_gate_1" },
				"west": { "uv": [ 1, 1, 2, 1.5 ], "texture": "#cherry_fence_gate_1" },
				"east": { "uv": [ 14, 1, 15, 1.5 ], "texture": "#cherry_fence_gate_1" }
			}
		},
		{
			"__comment": "Box12",
			"from": [ 0.5, 14, 8.625 ],
			"to": [ 1.5, 14.5, 9.625 ],
			"faces": {
				"down": { "uv": [ 7.5, 15, 8.5, 16 ], "texture": "#cherry_fence_gate_1" },
				"up": { "uv": [ 7.5, 0, 8.5, 1 ], "texture": "#cherry_fence_gate_1" },
				"north": { "uv": [ 7.5, 1.5, 8.5, 2 ], "texture": "#cherry_fence_gate_1" },
				"south": { "uv": [ 7.5, 1.5, 8.5, 2 ], "texture": "#cherry_fence_gate_1" },
				"west": { "uv": [ 0, 1.5, 1, 2 ], "texture": "#cherry_fence_gate_1" },
				"east": { "uv": [ 15, 1.5, 16, 2 ], "texture": "#cherry_fence_gate_1" }
			}
		},
		{
			"__comment": "Box12",
			"from": [ 0.5, 12, 12.625 ],
			"to": [ 1.5, 12.5, 13.625 ],
			"faces": {
				"down": { "uv": [ 7.5, 11, 8.5, 12 ], "texture": "#cherry_fence_gate_1" },
				"up": { "uv": [ 7.5, 4, 8.5, 5 ], "texture": "#cherry_fence_gate_1" },
				"north": { "uv": [ 7.5, 3.5, 8.5, 4 ], "texture": "#cherry_fence_gate_1" },
				"south": { "uv": [ 7.5, 3.5, 8.5, 4 ], "texture": "#cherry_fence_gate_1" },
				"west": { "uv": [ 4, 3.5, 5, 4 ], "texture": "#cherry_fence_gate_1" },
				"east": { "uv": [ 11, 3.5, 12, 4 ], "texture": "#cherry_fence_gate_1" }
			}
		},
		{
			"__comment": "Box12",
			"from": [ 0.5, 11.5, 13.625 ],
			"to": [ 1.5, 12, 14.625 ],
			"faces": {
				"down": { "uv": [ 7.5, 10, 8.5, 11 ], "texture": "#cherry_fence_gate_1" },
				"up": { "uv": [ 7.5, 5, 8.5, 6 ], "texture": "#cherry_fence_gate_1" },
				"north": { "uv": [ 7.5, 4, 8.5, 4.5 ], "texture": "#cherry_fence_gate_1" },
				"south": { "uv": [ 7.5, 4, 8.5, 4.5 ], "texture": "#cherry_fence_gate_1" },
				"west": { "uv": [ 5, 4, 6, 4.5 ], "texture": "#cherry_fence_gate_1" },
				"east": { "uv": [ 10, 4, 11, 4.5 ], "texture": "#cherry_fence_gate_1" }
			}
		},
		{
			"__comment": "Box12",
			"from": [ 0, 11, 8.625 ],
			"to": [ 2, 11.5, 9.625 ],
			"faces": {
				"down": { "uv": [ 7, 0, 9, 1 ], "texture": "#cherry_fence_gate_1", "rotation": 180 },
				"up": { "uv": [ 7, 0, 9, 1 ], "texture": "#cherry_fence_gate_1" },
				"north": { "uv": [ 7, 4.5, 9, 5 ], "texture": "#cherry_fence_gate_1" },
				"south": { "uv": [ 7, 4.5, 9, 5 ], "texture": "#cherry_fence_gate_1" },
				"west": { "uv": [ 0, 4.5, 1, 5 ], "texture": "#cherry_fence_gate_1" },
				"east": { "uv": [ 15, 4.5, 16, 5 ], "texture": "#cherry_fence_gate_1" }
			}
		},
		{
			"__comment": "Box12",
			"from": [ 0, 11, 14.625 ],
			"to": [ 2, 11.5, 15.625 ],
			"faces": {
				"down": { "uv": [ 7, 6, 9, 7 ], "texture": "#cherry_fence_gate_1", "rotation": 180 },
				"up": { "uv": [ 7, 6, 9, 7 ], "texture": "#cherry_fence_gate_1" },
				"north": { "uv": [ 7, 4.5, 9, 5 ], "texture": "#cherry_fence_gate_1" },
				"south": { "uv": [ 7, 4.5, 9, 5 ], "texture": "#cherry_fence_gate_1" },
				"west": { "uv": [ 6, 4.5, 7, 5 ], "texture": "#cherry_fence_gate_1" },
				"east": { "uv": [ 9, 4.5, 10, 5 ], "texture": "#cherry_fence_gate_1" }
			}
		},
		{
			"__comment": "Box1",
			"from": [ 0, 2, 8.625 ],
			"to": [ 2, 10, 9.125 ],
			"faces": {
				"down": { "uv": [ 7, 0, 9, 0.5 ], "texture": "#cherry_fence_gate_1", "rotation": 180 },
				"up": { "uv": [ 7, 15.5, 9, 16 ], "texture": "#cherry_fence_gate_1", "rotation": 180 },
				"north": { "uv": [ 7, 6, 9, 14 ], "texture": "#cherry_fence_gate_3" },
				"south": { "uv": [ 7, 6, 9, 14 ], "texture": "#cherry_fence_gate_3" },
				"west": { "uv": [ 0, 6, 0.5, 14 ], "texture": "#cherry_fence_gate_3" },
				"east": { "uv": [ 15.5, 6, 16, 14 ], "texture": "#cherry_fence_gate_3" }
			}
		},
		{
			"__comment": "Box1",
			"from": [ 0, 2, 15.5 ],
			"to": [ 2, 10, 16 ],
			"faces": {
				"down": { "uv": [ 7, 6.5, 9, 7 ], "texture": "#cherry_fence_gate_1", "rotation": 180 },
				"up": { "uv": [ 7, 9, 9, 9.5 ], "texture": "#cherry_fence_gate_1", "rotation": 180 },
				"north": { "uv": [ 7, 6, 9, 14 ], "texture": "#cherry_fence_gate_3" },
				"south": { "uv": [ 7, 6, 9, 14 ], "texture": "#cherry_fence_gate_1" },
				"west": { "uv": [ 6.5, 6, 7, 14 ], "texture": "#cherry_fence_gate_3" },
				"east": { "uv": [ 9, 6, 9.5, 14 ], "texture": "#cherry_fence_gate_3" }
			}
		},
		{
			"__comment": "Box12",
			"from": [ 0.5, 12.5, 11.625 ],
			"to": [ 1.5, 13, 12.625 ],
			"faces": {
				"down": { "uv": [ 7.5, 13, 8.5, 14 ], "texture": "#cherry_fence_gate_1" },
				"up": { "uv": [ 7.5, 12, 8.5, 13 ], "texture": "#cherry_fence_gate_1", "rotation": 180 },
				"north": { "uv": [ 7.5, 3.5, 8.5, 4 ], "texture": "#cherry_fence_gate_1" },
				"south": { "uv": [ 7.5, 3.5, 8.5, 4 ], "texture": "#cherry_fence_gate_1" },
				"west": { "uv": [ 2, 3.5, 3, 4 ], "texture": "#cherry_fence_gate_1" },
				"east": { "uv": [ 13, 3.5, 14, 4 ], "texture": "#cherry_fence_gate_1" }
			}
		},
		{
			"__comment": "Box1",
			"from": [ 13.9999, 1, 8.5 ],
			"to": [ 15.9999, 2, 16 ],
			"faces": {
				"down": { "uv": [ 7, 9, 9, 16 ], "texture": "#cherry_fence_gate_3" },
				"up": { "uv": [ 7, 0, 9, 7 ], "texture": "#cherry_fence_gate_3" },
				"north": { "uv": [ 7, 14, 9, 15 ], "texture": "#cherry_fence_gate_3" },
				"south": { "uv": [ 7, 14, 9, 15 ], "texture": "#cherry_fence_gate_1" },
				"west": { "uv": [ 0, 14, 7, 15 ], "texture": "#cherry_fence_gate_3" },
				"east": { "uv": [ 9, 14, 16, 15 ], "texture": "#cherry_fence_gate_3" }
			}
		},
		{
			"__comment": "Box2",
			"from": [ 14.4998, 2, 9.125 ],
			"to": [ 15.4998, 10, 15.625 ],
			"faces": {
				"down": { "uv": [ 7.5, 9.5, 8.5, 15.5 ], "texture": "#cherry_fence_gate_1" },
				"up": { "uv": [ 7.5, 0.5, 8.5, 6.5 ], "texture": "#cherry_fence_gate_1" },
				"north": { "uv": [ 7.5, 6, 8.5, 14 ], "texture": "#cherry_fence_gate_1" },
				"south": { "uv": [ 7.5, 6, 8.5, 14 ], "texture": "#cherry_fence_gate_1" },
				"west": { "uv": [ 0, 0, 16, 16 ], "texture": "#cherry_fence_gate_2" },
				"east": { "uv": [ 0, 0, 16, 16 ], "texture": "#cherry_fence_gate_2" }
			}
		},
		{
			"__comment": "Box1",
			"from": [ 13.9999, 10, 8.5 ],
			"to": [ 15.9999, 11, 16 ],
			"faces": {
				"down": { "uv": [ 7, 9, 9, 16 ], "texture": "#cherry_fence_gate_3" },
				"up": { "uv": [ 7, 0, 9, 7 ], "texture": "#cherry_fence_gate_3" },
				"north": { "uv": [ 7, 5, 9, 6 ], "texture": "#cherry_fence_gate_3" },
				"south": { "uv": [ 7, 5, 9, 6 ], "texture": "#cherry_fence_gate_1" },
				"west": { "uv": [ 0, 5, 7, 6 ], "texture": "#cherry_fence_gate_3" },
				"east": { "uv": [ 9, 5, 16, 6 ], "texture": "#cherry_fence_gate_3" }
			}
		},
		{
			"__comment": "Box4",
			"from": [ 14.5, 13, 11.625 ],
			"to": [ 15.5, 15.5, 12.625 ],
			"faces": {
				"down": { "uv": [ 7.5, 12, 8.5, 13 ], "texture": "#cherry_fence_gate_1" },
				"up": { "uv": [ 7.5, 3, 8.5, 4 ], "texture": "#cherry_fence_gate_1" },
				"north": { "uv": [ 7.5, 0.5, 8.5, 3 ], "texture": "#cherry_fence_gate_3" },
				"south": { "uv": [ 7.5, 0.5, 8.5, 3 ], "texture": "#cherry_fence_gate_3" },
				"west": { "uv": [ 3, 0.5, 4, 3 ], "texture": "#cherry_fence_gate_3" },
				"east": { "uv": [ 12, 0.5, 13, 3 ], "texture": "#cherry_fence_gate_3" }
			}
		},
		{
			"__comment": "Box4",
			"from": [ 14.5, 12.5, 10.625 ],
			"to": [ 15.5, 15, 11.125 ],
			"faces": {
				"down": { "uv": [ 7.5, 13.5, 8.5, 14 ], "texture": "#cherry_fence_gate_1" },
				"up": { "uv": [ 7.5, 2, 8.5, 2.5 ], "texture": "#cherry_fence_gate_1" },
				"north": { "uv": [ 7.5, 1, 8.5, 3.5 ], "texture": "#cherry_fence_gate_3" },
				"south": { "uv": [ 7.5, 1, 8.5, 3.5 ], "texture": "#cherry_fence_gate_3" },
				"west": { "uv": [ 2, 1, 2.5, 3.5 ], "texture": "#cherry_fence_gate_3" },
				"east": { "uv": [ 13.5, 1, 14, 3.5 ], "texture": "#cherry_fence_gate_3" }
			}
		},
		{
			"__comment": "Box4",
			"from": [ 14.5, 12, 14.125 ],
			"to": [ 15.5, 14.5, 14.625 ],
			"faces": {
				"down": { "uv": [ 7.5, 10, 8.5, 10.5 ], "texture": "#cherry_fence_gate_1" },
				"up": { "uv": [ 7.5, 5.5, 8.5, 6 ], "texture": "#cherry_fence_gate_1" },
				"north": { "uv": [ 7.5, 1.5, 8.5, 4 ], "texture": "#cherry_fence_gate_3" },
				"south": { "uv": [ 7.5, 1.5, 8.5, 4 ], "texture": "#cherry_fence_gate_3" },
				"west": { "uv": [ 5.5, 1.5, 6, 4 ], "texture": "#cherry_fence_gate_3" },
				"east": { "uv": [ 10, 1.5, 10.5, 4 ], "texture": "#cherry_fence_gate_3" }
			}
		},
		{
			"__comment": "Box4",
			"from": [ 14.5, 12, 9.625 ],
			"to": [ 15.5, 14.5, 10.125 ],
			"faces": {
				"down": { "uv": [ 7.5, 14.5, 8.5, 15 ], "texture": "#cherry_fence_gate_1" },
				"up": { "uv": [ 7.5, 1, 8.5, 1.5 ], "texture": "#cherry_fence_gate_1" },
				"north": { "uv": [ 7.5, 1.5, 8.5, 4 ], "texture": "#cherry_fence_gate_3" },
				"south": { "uv": [ 7.5, 1.5, 8.5, 4 ], "texture": "#cherry_fence_gate_3" },
				"west": { "uv": [ 1, 1.5, 1.5, 4 ], "texture": "#cherry_fence_gate_3" },
				"east": { "uv": [ 14.5, 1.5, 15, 4 ], "texture": "#cherry_fence_gate_3" }
			}
		},
		{
			"__comment": "Box4",
			"from": [ 14.5, 11.5, 8.625 ],
			"to": [ 15.5, 14, 9.125 ],
			"faces": {
				"down": { "uv": [ 7.5, 15.5, 8.5, 16 ], "texture": "#cherry_fence_gate_1" },
				"up": { "uv": [ 7.5, 0, 8.5, 0.5 ], "texture": "#cherry_fence_gate_1" },
				"north": { "uv": [ 7.5, 2, 8.5, 4.5 ], "texture": "#cherry_fence_gate_3" },
				"south": { "uv": [ 7.5, 2, 8.5, 4.5 ], "texture": "#cherry_fence_gate_3" },
				"west": { "uv": [ 0, 2, 0.5, 4.5 ], "texture": "#cherry_fence_gate_3" },
				"east": { "uv": [ 15.5, 2, 16, 4.5 ], "texture": "#cherry_fence_gate_3" }
			}
		},
		{
			"__comment": "Box4",
			"from": [ 14.4998, 11.5, 15.125 ],
			"to": [ 15.4998, 14, 15.625 ],
			"faces": {
				"down": { "uv": [ 7.5, 9, 8.5, 9.5 ], "texture": "#cherry_fence_gate_1" },
				"up": { "uv": [ 7.5, 6.5, 8.5, 7 ], "texture": "#cherry_fence_gate_1" },
				"north": { "uv": [ 7.5, 2, 8.5, 4.5 ], "texture": "#cherry_fence_gate_3" },
				"south": { "uv": [ 7.5, 2, 8.5, 4.5 ], "texture": "#cherry_fence_gate_1" },
				"west": { "uv": [ 6.5, 2, 7, 4.5 ], "texture": "#cherry_fence_gate_3" },
				"east": { "uv": [ 9, 2, 9.5, 4.5 ], "texture": "#cherry_fence_gate_3" }
			}
		},
		{
			"__comment": "Box4",
			"from": [ 14.5, 12.5, 13.125 ],
			"to": [ 15.5, 15, 13.625 ],
			"faces": {
				"down": { "uv": [ 7.5, 11, 8.5, 11.5 ], "texture": "#cherry_fence_gate_1" },
				"up": { "uv": [ 7.5, 4.5, 8.5, 5 ], "texture": "#cherry_fence_gate_1" },
				"north": { "uv": [ 7.5, 1, 8.5, 3.5 ], "texture": "#cherry_fence_gate_3" },
				"south": { "uv": [ 7.5, 1, 8.5, 3.5 ], "texture": "#cherry_fence_gate_3" },
				"west": { "uv": [ 4.5, 1, 5, 3.5 ], "texture": "#cherry_fence_gate_3" },
				"east": { "uv": [ 11, 1, 11.5, 3.5 ], "texture": "#cherry_fence_gate_3" }
			}
		},
		{
			"__comment": "Box12",
			"from": [ 14.5, 11.5, 9.625 ],
			"to": [ 15.5, 12, 10.625 ],
			"faces": {
				"down": { "uv": [ 7.5, 14, 8.5, 15 ], "texture": "#cherry_fence_gate_1" },
				"up": { "uv": [ 7.5, 1, 8.5, 2 ], "texture": "#cherry_fence_gate_1" },
				"north": { "uv": [ 7.5, 4, 8.5, 4.5 ], "texture": "#cherry_fence_gate_1" },
				"south": { "uv": [ 7.5, 4, 8.5, 4.5 ], "texture": "#cherry_fence_gate_1" },
				"west": { "uv": [ 1, 4, 2, 4.5 ], "texture": "#cherry_fence_gate_1" },
				"east": { "uv": [ 14, 4, 15, 4.5 ], "texture": "#cherry_fence_gate_1" }
			}
		},
		{
			"__comment": "Box12",
			"from": [ 14.5, 12, 10.625 ],
			"to": [ 15.5, 12.5, 11.625 ],
			"faces": {
				"down": { "uv": [ 7.5, 13, 8.5, 14 ], "texture": "#cherry_fence_gate_1" },
				"up": { "uv": [ 7.5, 2, 8.5, 3 ], "texture": "#cherry_fence_gate_1" },
				"north": { "uv": [ 7.5, 3.5, 8.5, 4 ], "texture": "#cherry_fence_gate_1" },
				"south": { "uv": [ 7.5, 3.5, 8.5, 4 ], "texture": "#cherry_fence_gate_1" },
				"west": { "uv": [ 2, 3.5, 3, 4 ], "texture": "#cherry_fence_gate_1" },
				"east": { "uv": [ 13, 3.5, 14, 4 ], "texture": "#cherry_fence_gate_1" }
			}
		},
		{
			"__comment": "Box12",
			"from": [ 14.5, 15.5, 11.625 ],
			"to": [ 15.5, 16, 12.625 ],
			"faces": {
				"down": { "uv": [ 7.5, 12, 8.5, 13 ], "texture": "#cherry_fence_gate_1" },
				"up": { "uv": [ 7.5, 3, 8.5, 4 ], "texture": "#cherry_fence_gate_1" },
				"north": { "uv": [ 7.5, 0, 8.5, 0.5 ], "texture": "#cherry_fence_gate_1" },
				"south": { "uv": [ 7.5, 0, 8.5, 0.5 ], "texture": "#cherry_fence_gate_1" },
				"west": { "uv": [ 3, 0, 4, 0.5 ], "texture": "#cherry_fence_gate_1" },
				"east": { "uv": [ 12, 0, 13, 0.5 ], "texture": "#cherry_fence_gate_1" }
			}
		},
		{
			"__comment": "Box12",
			"from": [ 14.5, 15, 10.625 ],
			"to": [ 15.5, 15.5, 11.625 ],
			"faces": {
				"down": { "uv": [ 7.5, 13, 8.5, 14 ], "texture": "#cherry_fence_gate_1" },
				"up": { "uv": [ 7.5, 2, 8.5, 3 ], "texture": "#cherry_fence_gate_1" },
				"north": { "uv": [ 7.5, 0.5, 8.5, 1 ], "texture": "#cherry_fence_gate_1" },
				"south": { "uv": [ 7.5, 0.5, 8.5, 1 ], "texture": "#cherry_fence_gate_1" },
				"west": { "uv": [ 2, 0.5, 3, 1 ], "texture": "#cherry_fence_gate_1" },
				"east": { "uv": [ 13, 0.5, 14, 1 ], "texture": "#cherry_fence_gate_1" }
			}
		},
		{
			"__comment": "Box12",
			"from": [ 14.5, 15, 12.625 ],
			"to": [ 15.5, 15.5, 13.625 ],
			"faces": {
				"down": { "uv": [ 7.5, 11, 8.5, 12 ], "texture": "#cherry_fence_gate_1" },
				"up": { "uv": [ 7.5, 4, 8.5, 5 ], "texture": "#cherry_fence_gate_1" },
				"north": { "uv": [ 7.5, 0.5, 8.5, 1 ], "texture": "#cherry_fence_gate_1" },
				"south": { "uv": [ 7.5, 0.5, 8.5, 1 ], "texture": "#cherry_fence_gate_1" },
				"west": { "uv": [ 4, 0.5, 5, 1 ], "texture": "#cherry_fence_gate_1" },
				"east": { "uv": [ 11, 0.5, 12, 1 ], "texture": "#cherry_fence_gate_1" }
			}
		},
		{
			"__comment": "Box12",
			"from": [ 14.5, 14.5, 13.625 ],
			"to": [ 15.5, 15, 14.625 ],
			"faces": {
				"down": { "uv": [ 7.5, 10, 8.5, 11 ], "texture": "#cherry_fence_gate_1" },
				"up": { "uv": [ 7.5, 5, 8.5, 6 ], "texture": "#cherry_fence_gate_1" },
				"north": { "uv": [ 7.5, 1, 8.5, 1.5 ], "texture": "#cherry_fence_gate_1" },
				"south": { "uv": [ 7.5, 1, 8.5, 1.5 ], "texture": "#cherry_fence_gate_1" },
				"west": { "uv": [ 5, 1, 6, 1.5 ], "texture": "#cherry_fence_gate_1" },
				"east": { "uv": [ 10, 1, 11, 1.5 ], "texture": "#cherry_fence_gate_1" }
			}
		},
		{
			"__comment": "Box12",
			"from": [ 14.4998, 14, 14.625 ],
			"to": [ 15.4998, 14.5, 15.625 ],
			"faces": {
				"down": { "uv": [ 7.5, 9, 8.5, 10 ], "texture": "#cherry_fence_gate_1" },
				"up": { "uv": [ 7.5, 6, 8.5, 7 ], "texture": "#cherry_fence_gate_1" },
				"north": { "uv": [ 7.5, 1.5, 8.5, 2 ], "texture": "#cherry_fence_gate_1" },
				"south": { "uv": [ 7.5, 1.5, 8.5, 2 ], "texture": "#cherry_fence_gate_1" },
				"west": { "uv": [ 6, 1.5, 7, 2 ], "texture": "#cherry_fence_gate_1" },
				"east": { "uv": [ 9, 1.5, 10, 2 ], "texture": "#cherry_fence_gate_1" }
			}
		},
		{
			"__comment": "Box12",
			"from": [ 14.5, 14.5, 9.625 ],
			"to": [ 15.5, 15, 10.625 ],
			"faces": {
				"down": { "uv": [ 7.5, 14, 8.5, 15 ], "texture": "#cherry_fence_gate_1" },
				"up": { "uv": [ 7.5, 1, 8.5, 2 ], "texture": "#cherry_fence_gate_1" },
				"north": { "uv": [ 7.5, 1, 8.5, 1.5 ], "texture": "#cherry_fence_gate_1" },
				"south": { "uv": [ 7.5, 1, 8.5, 1.5 ], "texture": "#cherry_fence_gate_1" },
				"west": { "uv": [ 1, 1, 2, 1.5 ], "texture": "#cherry_fence_gate_1" },
				"east": { "uv": [ 14, 1, 15, 1.5 ], "texture": "#cherry_fence_gate_1" }
			}
		},
		{
			"__comment": "Box12",
			"from": [ 14.5, 14, 8.625 ],
			"to": [ 15.5, 14.5, 9.625 ],
			"faces": {
				"down": { "uv": [ 7.5, 15, 8.5, 16 ], "texture": "#cherry_fence_gate_1" },
				"up": { "uv": [ 7.5, 0, 8.5, 1 ], "texture": "#cherry_fence_gate_1" },
				"north": { "uv": [ 7.5, 1.5, 8.5, 2 ], "texture": "#cherry_fence_gate_1" },
				"south": { "uv": [ 7.5, 1.5, 8.5, 2 ], "texture": "#cherry_fence_gate_1" },
				"west": { "uv": [ 0, 1.5, 1, 2 ], "texture": "#cherry_fence_gate_1" },
				"east": { "uv": [ 15, 1.5, 16, 2 ], "texture": "#cherry_fence_gate_1" }
			}
		},
		{
			"__comment": "Box12",
			"from": [ 14.5, 12, 12.625 ],
			"to": [ 15.5, 12.5, 13.625 ],
			"faces": {
				"down": { "uv": [ 7.5, 11, 8.5, 12 ], "texture": "#cherry_fence_gate_1" },
				"up": { "uv": [ 7.5, 4, 8.5, 5 ], "texture": "#cherry_fence_gate_1" },
				"north": { "uv": [ 7.5, 3.5, 8.5, 4 ], "texture": "#cherry_fence_gate_1" },
				"south": { "uv": [ 7.5, 3.5, 8.5, 4 ], "texture": "#cherry_fence_gate_1" },
				"west": { "uv": [ 4, 3.5, 5, 4 ], "texture": "#cherry_fence_gate_1" },
				"east": { "uv": [ 11, 3.5, 12, 4 ], "texture": "#cherry_fence_gate_1" }
			}
		},
		{
			"__comment": "Box12",
			"from": [ 14.5, 11.5, 13.625 ],
			"to": [ 15.5, 12, 14.625 ],
			"faces": {
				"down": { "uv": [ 7.5, 10, 8.5, 11 ], "texture": "#cherry_fence_gate_1" },
				"up": { "uv": [ 7.5, 5, 8.5, 6 ], "texture": "#cherry_fence_gate_1" },
				"north": { "uv": [ 7.5, 4, 8.5, 4.5 ], "texture": "#cherry_fence_gate_1" },
				"south": { "uv": [ 7.5, 4, 8.5, 4.5 ], "texture": "#cherry_fence_gate_1" },
				"west": { "uv": [ 5, 4, 6, 4.5 ], "texture": "#cherry_fence_gate_1" },
				"east": { "uv": [ 10, 4, 11, 4.5 ], "texture": "#cherry_fence_gate_1" }
			}
		},
		{
			"__comment": "Box12",
			"from": [ 14, 11, 8.625 ],
			"to": [ 16, 11.5, 9.625 ],
			"faces": {
				"down": { "uv": [ 7, 15, 9, 16 ], "texture": "#cherry_fence_gate_1" },
				"up": { "uv": [ 7, 0, 9, 1 ], "texture": "#cherry_fence_gate_1" },
				"north": { "uv": [ 7, 4.5, 9, 5 ], "texture": "#cherry_fence_gate_1" },
				"south": { "uv": [ 7, 4.5, 9, 5 ], "texture": "#cherry_fence_gate_1" },
				"west": { "uv": [ 0, 4.5, 1, 5 ], "texture": "#cherry_fence_gate_1" },
				"east": { "uv": [ 15, 4.5, 16, 5 ], "texture": "#cherry_fence_gate_1" }
			}
		},
		{
			"__comment": "Box12",
			"from": [ 13.9999, 11, 14.625 ],
			"to": [ 15.9999, 11.5, 15.625 ],
			"faces": {
				"down": { "uv": [ 7, 9, 9, 10 ], "texture": "#cherry_fence_gate_1" },
				"up": { "uv": [ 7, 6, 9, 7 ], "texture": "#cherry_fence_gate_1" },
				"north": { "uv": [ 7, 4.5, 9, 5 ], "texture": "#cherry_fence_gate_1" },
				"south": { "uv": [ 7, 4.5, 9, 5 ], "texture": "#cherry_fence_gate_1" },
				"west": { "uv": [ 6, 4.5, 7, 5 ], "texture": "#cherry_fence_gate_1" },
				"east": { "uv": [ 9, 4.5, 10, 5 ], "texture": "#cherry_fence_gate_1" }
			}
		},
		{
			"__comment": "Box1",
			"from": [ 14, 2, 8.625 ],
			"to": [ 16, 10, 9.125 ],
			"faces": {
				"down": { "uv": [ 7, 15.5, 9, 16 ], "texture": "#cherry_fence_gate_1" },
				"up": { "uv": [ 7, 0, 9, 0.5 ], "texture": "#cherry_fence_gate_1" },
				"north": { "uv": [ 7, 6, 9, 14 ], "texture": "#cherry_fence_gate_3" },
				"south": { "uv": [ 7, 6, 9, 14 ], "texture": "#cherry_fence_gate_3" },
				"west": { "uv": [ 0, 6, 0.5, 14 ], "texture": "#cherry_fence_gate_3" },
				"east": { "uv": [ 15.5, 6, 16, 14 ], "texture": "#cherry_fence_gate_3" }
			}
		},
		{
			"__comment": "Box1",
			"from": [ 13.9999, 2, 15.5 ],
			"to": [ 15.9999, 10, 16 ],
			"faces": {
				"down": { "uv": [ 7, 9, 9, 9.5 ], "texture": "#cherry_fence_gate_1" },
				"up": { "uv": [ 7, 6.5, 9, 7 ], "texture": "#cherry_fence_gate_1" },
				"north": { "uv": [ 7, 6, 9, 14 ], "texture": "#cherry_fence_gate_3" },
				"south": { "uv": [ 7, 6, 9, 14 ], "texture": "#cherry_fence_gate_1" },
				"west": { "uv": [ 6.5, 6, 7, 14 ], "texture": "#cherry_fence_gate_3" },
				"east": { "uv": [ 9, 6, 9.5, 14 ], "texture": "#cherry_fence_gate_3" }
			}
		},
		{
			"__comment": "Box12",
			"from": [ 14.5, 12.5, 11.625 ],
			"to": [ 15.5, 13, 12.625 ],
			"faces": {
				"down": { "uv": [ 7.5, 13, 8.5, 14 ], "texture": "#cherry_fence_gate_1" },
				"up": { "uv": [ 7.5, 3, 8.5, 4 ], "texture": "#cherry_fence_gate_1" },
				"north": { "uv": [ 7.5, 3.5, 8.5, 4 ], "texture": "#cherry_fence_gate_1" },
				"south": { "uv": [ 7.5, 3.5, 8.5, 4 ], "texture": "#cherry_fence_gate_1" },
				"west": { "uv": [ 2, 3.5, 3, 4 ], "texture": "#cherry_fence_gate_1" },
				"east": { "uv": [ 13, 3.5, 14, 4 ], "texture": "#cherry_fence_gate_1" }
			}
		},
		{
			"__comment": "Box58",
			"from": [ 0, 2, 8.125 ],
			"to": [ 2, 3, 8.625 ],
			"faces": {
				"down": { "uv": [ 0, 0, 16, 16 ], "texture": "#cherry_fence_gate_4", "rotation": 270 },
				"up": { "uv": [ 0, 0, 16, 16 ], "texture": "#cherry_fence_gate_4", "rotation": 90 },
				"north": { "uv": [ 0, 0, 16, 16 ], "texture": "#cherry_fence_gate_4" },
				"south": { "uv": [ 0, 0, 16, 16 ], "texture": "#cherry_fence_gate_4" },
				"west": { "uv": [ 0, 0, 16, 16 ], "texture": "#cherry_fence_gate_4" },
				"east": { "uv": [ 0, 0, 16, 16 ], "texture": "#cherry_fence_gate_4" }
			}
		},
		{
			"__comment": "Box58",
			"from": [ 0, 9, 8.125 ],
			"to": [ 2, 10, 8.625 ],
			"faces": {
				"down": { "uv": [ 0, 0, 16, 16 ], "texture": "#cherry_fence_gate_4", "rotation": 270 },
				"up": { "uv": [ 0, 0, 16, 16 ], "texture": "#cherry_fence_gate_4", "rotation": 90 },
				"north": { "uv": [ 0, 0, 16, 16 ], "texture": "#cherry_fence_gate_4" },
				"south": { "uv": [ 0, 0, 16, 16 ], "texture": "#cherry_fence_gate_4" },
				"west": { "uv": [ 0, 0, 16, 16 ], "texture": "#cherry_fence_gate_4" },
				"east": { "uv": [ 0, 0, 16, 16 ], "texture": "#cherry_fence_gate_4" }
			}
		},
		{
			"__comment": "Box58",
			"from": [ 14, 9, 8.125 ],
			"to": [ 16, 10, 8.625 ],
			"faces": {
				"down": { "uv": [ 0, 0, 16, 16 ], "texture": "#cherry_fence_gate_4", "rotation": 90 },
				"up": { "uv": [ 0, 0, 16, 16 ], "texture": "#cherry_fence_gate_4", "rotation": 270 },
				"north": { "uv": [ 0, 0, 16, 16 ], "texture": "#cherry_fence_gate_4" },
				"south": { "uv": [ 0, 0, 16, 16 ], "texture": "#cherry_fence_gate_4" },
				"west": { "uv": [ 0, 0, 16, 16 ], "texture": "#cherry_fence_gate_4" },
				"east": { "uv": [ 0, 0, 16, 16 ], "texture": "#cherry_fence_gate_4" }
			}
		},
		{
			"__comment": "Box58",
			"from": [ 14, 2, 8.125 ],
			"to": [ 16, 3, 8.625 ],
			"faces": {
				"down": { "uv": [ 0, 0, 16, 16 ], "texture": "#cherry_fence_gate_4", "rotation": 90 },
				"up": { "uv": [ 0, 0, 16, 16 ], "texture": "#cherry_fence_gate_4", "rotation": 270 },
				"north": { "uv": [ 0, 0, 16, 16 ], "texture": "#cherry_fence_gate_4" },
				"south": { "uv": [ 0, 0, 16, 16 ], "texture": "#cherry_fence_gate_4" },
				"west": { "uv": [ 0, 0, 16, 16 ], "texture": "#cherry_fence_gate_4" },
				"east": { "uv": [ 0, 0, 16, 16 ], "texture": "#cherry_fence_gate_4" }
			}
		},
		{
			"__comment": "Box57",
			"from": [ 15.9998, 10, 15.125 ],
			"to": [ 16.9998, 11, 15.625 ],
			"faces": {
				"down": { "uv": [ 0, 0, 16, 16 ], "texture": "#cherry_fence_gate_5", "rotation": 90 },
				"up": { "uv": [ 0, 0, 16, 16 ], "texture": "#cherry_fence_gate_5", "rotation": 270 },
				"north": { "uv": [ 0, 0, 16, 16 ], "texture": "#cherry_fence_gate_5" },
				"south": { "uv": [ 0, 0, 16, 16 ], "texture": "#cherry_fence_gate_5" },
				"west": { "uv": [ 0, 0, 16, 16 ], "texture": "#cherry_fence_gate_5" },
				"east": { "uv": [ 0, 0, 16, 16 ], "texture": "#cherry_fence_gate_5" }
			}
		},
		{
			"__comment": "Box57",
			"from": [ -1, 10, 15.125 ],
			"to": [ 0, 11, 15.625 ],
			"faces": {
				"down": { "uv": [ 0, 0, 16, 16 ], "texture": "#cherry_fence_gate_5", "rotation": 270 },
				"up": { "uv": [ 0, 0, 16, 16 ], "texture": "#cherry_fence_gate_5", "rotation": 90 },
				"north": { "uv": [ 0, 0, 16, 16 ], "texture": "#cherry_fence_gate_5" },
				"south": { "uv": [ 0, 0, 16, 16 ], "texture": "#cherry_fence_gate_5" },
				"west": { "uv": [ 0, 0, 16, 16 ], "texture": "#cherry_fence_gate_5" },
				"east": { "uv": [ 0, 0, 16, 16 ], "texture": "#cherry_fence_gate_5" }
			}
		},
		{
			"__comment": "Box57",
			"from": [ -1, 10, 13.625 ],
			"to": [ 0, 11, 14.125 ],
			"faces": {
				"down": { "uv": [ 0, 0, 16, 16 ], "texture": "#cherry_fence_gate_5", "rotation": 270 },
				"up": { "uv": [ 0, 0, 16, 16 ], "texture": "#cherry_fence_gate_5", "rotation": 90 },
				"north": { "uv": [ 0, 0, 16, 16 ], "texture": "#cherry_fence_gate_5" },
				"south": { "uv": [ 0, 0, 16, 16 ], "texture": "#cherry_fence_gate_5" },
				"west": { "uv": [ 0, 0, 16, 16 ], "texture": "#cherry_fence_gate_5" },
				"east": { "uv": [ 0, 0, 16, 16 ], "texture": "#cherry_fence_gate_5" }
			}
		},
		{
			"__comment": "Box63",
			"from": [ -0.75, 10.25, 10.875 ],
			"to": [ -0.25, 10.75, 15.875 ],
			"faces": {
				"down": { "uv": [ 5, 6.25, 10, 6.75 ], "texture": "#cherry_fence_gate_6", "rotation": 270 },
				"up": { "uv": [ 5, 9.25, 10, 9.75 ], "texture": "#cherry_fence_gate_6", "rotation": 90 },
				"north": { "uv": [ 9.25, 5.25, 9.75, 5.75 ], "texture": "#cherry_fence_gate_6" },
				"south": { "uv": [ 6.25, 5.25, 6.75, 5.75 ], "texture": "#cherry_fence_gate_6" },
				"west": { "uv": [ 5, 5.25, 10, 5.75 ], "texture": "#cherry_fence_gate_6" },
				"east": { "uv": [ 6, 5.25, 11, 5.75 ], "texture": "#cherry_fence_gate_6" }
			}
		},
		{
			"__comment": "Box65",
			"from": [ -0.75, 9.75, 10.875 ],
			"to": [ -0.25, 10.25, 11.375 ],
			"faces": {
				"down": { "uv": [ 5, 6.25, 5.5, 6.75 ], "texture": "#cherry_fence_gate_6", "rotation": 270 },
				"up": { "uv": [ 5, 9.25, 5.5, 9.75 ], "texture": "#cherry_fence_gate_6", "rotation": 90 },
				"north": { "uv": [ 9.25, 5.75, 9.75, 6.25 ], "texture": "#cherry_fence_gate_6" },
				"south": { "uv": [ 6.25, 5.75, 6.75, 6.25 ], "texture": "#cherry_fence_gate_6" },
				"west": { "uv": [ 5, 5.75, 5.5, 6.25 ], "texture": "#cherry_fence_gate_6" },
				"east": { "uv": [ 10.5, 5.75, 11, 6.25 ], "texture": "#cherry_fence_gate_6" }
			}
		}
	],
	"display": {
		"thirdperson_righthand": {
			"rotation":  [ 0, 90, 0 ],
			"translation":  [ 0, 0, -4 ],
			"scale":  [ 0.8, 0.8, 0.8 ]
		},
		"thirdperson_lefthand": {
			"rotation":  [ 0, 90, 0 ],
			"translation":  [ 0, 0, -4 ],
			"scale":  [ 0.8, 0.8, 0.8 ]
		},
		"firstperson_righthand": {
			"rotation":  [ 0, -45, 0 ],
			"translation":  [ 0, 2, 0 ],
			"scale":  [ 0.5, 0.5, 0.5 ]
		},
		"firstperson_lefthand": {
			"rotation":  [ 0, -45, 0 ],
			"translation":  [ 0, 2, 0 ],
			"scale":  [ 0.5, 0.5, 0.5 ]
		},
		"gui": {
			"rotation":  [ 30, 45, 0 ],
			"translation":  [ -3, 1, 0 ],
			"scale":  [ 0.7, 0.7, 0.7 ]
		},
		"ground": {
			"translation":  [ 0, 2, 0 ],
			"scale":  [ 0.5, 0.5, 0.5 ]
		}
	}
}