{
	"__comment": "Designed by Intermacgod with BDcraft Cubik PRO 0.87 Beta - http://bdcraft.net",
	"textures": {
		"particle": "block/c/cherry_trapdoor/cherry_trapdoor_open",
		"cherry_trapdoor_1": "block/c/cherry_trapdoor/cherry_trapdoor_1",
		"cherry_trapdoor_2": "block/c/cherry_trapdoor/cherry_trapdoor_2",
		"cherry_trapdoor_3": "block/c/cherry_trapdoor/cherry_trapdoor_3"
	},
	"elements": [ 	 
		{
			"__comment": "Element",
			"from": [ 14, 0, 14 ],
			"to": [ 16, 16, 16 ],
			"faces": {
				"down": { "uv": [ 0, 0, 16, 16 ], "texture": "#cherry_trapdoor_1", "cullface": "up", "rotation": 270 },
				"up": { "uv": [ 0, 0, 16, 16 ], "texture": "#cherry_trapdoor_1", "rotation": 90 },
				"north": { "uv": [ 16, 16, 0, 0 ], "texture": "#cherry_trapdoor_1", "rotation": 180 },
				"south": { "uv": [ 16, 16, 0, 0 ], "texture": "#cherry_trapdoor_1", "rotation": 180 },
				"west": { "uv": [ 16, 16, 0, 0 ], "texture": "#cherry_trapdoor_1", "rotation": 180 },
				"east": { "uv": [ 16, 16, 0, 0 ], "texture": "#cherry_trapdoor_1", "rotation": 180 }
			}
		},
		{
			"__comment": "Element",
			"from": [ 0, 0, 13.9999 ],
			"to": [ 2, 16, 15.9999 ],
			"faces": {
				"down": { "uv": [ 0, 0, 16, 16 ], "texture": "#cherry_trapdoor_1", "cullface": "up", "rotation": 270 },
				"up": { "uv": [ 0, 0, 16, 16 ], "texture": "#cherry_trapdoor_1", "rotation": 90 },
				"north": { "uv": [ 16, 16, 0, 0 ], "texture": "#cherry_trapdoor_1", "rotation": 180 },
				"south": { "uv": [ 16, 16, 0, 0 ], "texture": "#cherry_trapdoor_1", "rotation": 180 },
				"west": { "uv": [ 16, 16, 0, 0 ], "texture": "#cherry_trapdoor_1", "rotation": 180 },
				"east": { "uv": [ 16, 16, 0, 0 ], "texture": "#cherry_trapdoor_1", "rotation": 180 }
			}
		},
		{
			"__comment": "Element",
			"from": [ 2, 14, 14.0001 ],
			"to": [ 14, 16, 16.0001 ],
			"faces": {
				"down": { "uv": [ 0, 0, 16, 4.5 ], "texture": "#cherry_trapdoor_1", "cullface": "up", "rotation": 270 },
				"up": { "uv": [ 0, 0, 16, 4.5 ], "texture": "#cherry_trapdoor_1", "rotation": 90 },
				"north": { "uv": [ 16, 4.5, 0, 0 ], "texture": "#cherry_trapdoor_1", "rotation": 180 },
				"south": { "uv": [ 16, 4.5, 0, 0 ], "texture": "#cherry_trapdoor_1", "rotation": 180 },
				"west": { "uv": [ 15.4991, 3.0013, 13.4991, 0.5012999 ], "texture": "#cherry_trapdoor_1", "rotation": 180 },
				"east": { "uv": [ 2.500901, 3.0013, 0.5009, 0.5012999 ], "texture": "#cherry_trapdoor_1", "rotation": 180 }
			}
		},
		{
			"__comment": "Element",
			"from": [ 2.5, 12.5, 14.5 ],
			"to": [ 13.5, 13.5, 15.5 ],
			"faces": {
				"down": { "uv": [ 1.0001, 2.5, 2.0001, 13.5 ], "texture": "#cherry_trapdoor_2", "cullface": "up", "rotation": 90 },
				"up": { "uv": [ 1.0001, 2.5, 2.0001, 13.5 ], "texture": "#cherry_trapdoor_2", "rotation": 270 },
				"north": { "uv": [ 13.5, 13.5, 2.5, 12.5 ], "texture": "#cherry_trapdoor_2" },
				"south": { "uv": [ 13.5, 13.5, 2.5, 12.5 ], "texture": "#cherry_trapdoor_2" },
				"west": { "uv": [ 1.0001, 12.5, 2.0001, 13.5 ], "texture": "#cherry_trapdoor_2", "rotation": 180 },
				"east": { "uv": [ 13.9999, 12.5, 14.9999, 13.5 ], "texture": "#cherry_trapdoor_2", "rotation": 180 }
			}
		},
		{
			"__comment": "Element",
			"from": [ 2.5, 2.5, 14.4998 ],
			"to": [ 13.5, 3.5, 15.4998 ],
			"faces": {
				"down": { "uv": [ 1.0001, 2.5, 2.0001, 13.5 ], "texture": "#cherry_trapdoor_2", "cullface": "up", "rotation": 90 },
				"up": { "uv": [ 1.0001, 2.5, 2.0001, 13.5 ], "texture": "#cherry_trapdoor_2", "rotation": 270 },
				"north": { "uv": [ 13.5, 3.5, 2.5, 2.5 ], "texture": "#cherry_trapdoor_2" },
				"south": { "uv": [ 13.5, 3.5, 2.5, 2.5 ], "texture": "#cherry_trapdoor_2" },
				"west": { "uv": [ 1.0001, 2.5, 2.0001, 3.5 ], "texture": "#cherry_trapdoor_2", "rotation": 180 },
				"east": { "uv": [ 13.9999, 2.5, 14.9999, 3.5 ], "texture": "#cherry_trapdoor_2", "rotation": 180 }
			}
		},
		{
			"__comment": "Element",
			"from": [ 11.5, 2.5, 14.5 ],
			"to": [ 12.5, 13.5, 15.5 ],
			"faces": {
				"down": { "uv": [ 1, 3.5, 2, 4.5 ], "texture": "#cherry_trapdoor_2", "cullface": "up", "rotation": 90 },
				"up": { "uv": [ 1, 11.5, 2, 12.5 ], "texture": "#cherry_trapdoor_2", "rotation": 270 },
				"north": { "uv": [ 12.5, 13.5, 11.5, 2.5 ], "texture": "#cherry_trapdoor_2" },
				"south": { "uv": [ 4.5, 13.5, 3.5, 2.5 ], "texture": "#cherry_trapdoor_2" },
				"west": { "uv": [ 1, 2.5, 2, 13.5 ], "texture": "#cherry_trapdoor_2", "rotation": 180 },
				"east": { "uv": [ 14, 2.5, 15, 13.5 ], "texture": "#cherry_trapdoor_2", "rotation": 180 }
			}
		},
		{
			"__comment": "Element",
			"from": [ 9.5, 2.5, 14.5 ],
			"to": [ 10.5, 13.5, 15.5 ],
			"faces": {
				"down": { "uv": [ 1, 5.5, 2, 6.5 ], "texture": "#cherry_trapdoor_2", "cullface": "up", "rotation": 90 },
				"up": { "uv": [ 1, 9.5, 2, 10.5 ], "texture": "#cherry_trapdoor_2", "rotation": 270 },
				"north": { "uv": [ 10.5, 13.5, 9.5, 2.5 ], "texture": "#cherry_trapdoor_2" },
				"south": { "uv": [ 6.5, 13.5, 5.5, 2.5 ], "texture": "#cherry_trapdoor_2" },
				"west": { "uv": [ 1, 2.5, 2, 13.5 ], "texture": "#cherry_trapdoor_2", "rotation": 180 },
				"east": { "uv": [ 14, 2.5, 15, 13.5 ], "texture": "#cherry_trapdoor_2", "rotation": 180 }
			}
		},
		{
			"__comment": "Element",
			"from": [ 7.5, 2.5, 14.5 ],
			"to": [ 8.5, 13.5, 15.5 ],
			"faces": {
				"down": { "uv": [ 1, 7.5, 2, 8.5 ], "texture": "#cherry_trapdoor_2", "cullface": "up", "rotation": 90 },
				"up": { "uv": [ 1, 7.5, 2, 8.5 ], "texture": "#cherry_trapdoor_2", "rotation": 270 },
				"north": { "uv": [ 8.5, 13.5, 7.5, 2.5 ], "texture": "#cherry_trapdoor_2" },
				"south": { "uv": [ 8.5, 13.5, 7.5, 2.5 ], "texture": "#cherry_trapdoor_2" },
				"west": { "uv": [ 1, 2.5, 2, 13.5 ], "texture": "#cherry_trapdoor_2", "rotation": 180 },
				"east": { "uv": [ 14, 2.5, 15, 13.5 ], "texture": "#cherry_trapdoor_2", "rotation": 180 }
			}
		},
		{
			"__comment": "Element",
			"from": [ 5.5, 2.5, 14.5 ],
			"to": [ 6.5, 13.5, 15.5 ],
			"faces": {
				"down": { "uv": [ 1, 9.5, 2, 10.5 ], "texture": "#cherry_trapdoor_2", "cullface": "up", "rotation": 90 },
				"up": { "uv": [ 1, 5.5, 2, 6.5 ], "texture": "#cherry_trapdoor_2", "rotation": 270 },
				"north": { "uv": [ 6.5, 13.5, 5.5, 2.5 ], "texture": "#cherry_trapdoor_2" },
				"south": { "uv": [ 10.5, 13.5, 9.5, 2.5 ], "texture": "#cherry_trapdoor_2" },
				"west": { "uv": [ 1, 2.5, 2, 13.5 ], "texture": "#cherry_trapdoor_2", "rotation": 180 },
				"east": { "uv": [ 14, 2.5, 15, 13.5 ], "texture": "#cherry_trapdoor_2", "rotation": 180 }
			}
		},
		{
			"__comment": "Element",
			"from": [ 3.5, 2.5, 14.4999 ],
			"to": [ 4.5, 13.5, 15.4999 ],
			"faces": {
				"down": { "uv": [ 1, 11.5, 2, 12.5 ], "texture": "#cherry_trapdoor_2", "cullface": "up", "rotation": 90 },
				"up": { "uv": [ 1, 3.5, 2, 4.5 ], "texture": "#cherry_trapdoor_2", "rotation": 270 },
				"north": { "uv": [ 4.5, 13.5, 3.5, 2.5 ], "texture": "#cherry_trapdoor_2" },
				"south": { "uv": [ 12.5, 13.5, 11.5, 2.5 ], "texture": "#cherry_trapdoor_2" },
				"west": { "uv": [ 1, 2.5, 2, 13.5 ], "texture": "#cherry_trapdoor_2", "rotation": 180 },
				"east": { "uv": [ 14, 2.5, 15, 13.5 ], "texture": "#cherry_trapdoor_2", "rotation": 180 }
			}
		},
		{
			"__comment": "Element",
			"from": [ 2.5, 4.5, 14.4998 ],
			"to": [ 13.5, 5.5, 15.4998 ],
			"faces": {
				"down": { "uv": [ 1.0001, 2.5, 2.0001, 13.5 ], "texture": "#cherry_trapdoor_2", "cullface": "up", "rotation": 90 },
				"up": { "uv": [ 1.0001, 2.5, 2.0001, 13.5 ], "texture": "#cherry_trapdoor_2", "rotation": 270 },
				"north": { "uv": [ 13.5, 5.5, 2.5, 4.5 ], "texture": "#cherry_trapdoor_2" },
				"south": { "uv": [ 13.5, 5.5, 2.5, 4.5 ], "texture": "#cherry_trapdoor_2" },
				"west": { "uv": [ 1.0001, 4.5, 2.0001, 5.5 ], "texture": "#cherry_trapdoor_2", "rotation": 180 },
				"east": { "uv": [ 13.9999, 4.5, 14.9999, 5.5 ], "texture": "#cherry_trapdoor_2", "rotation": 180 }
			}
		},
		{
			"__comment": "Element",
			"from": [ 2.5, 6.5, 14.4998 ],
			"to": [ 13.5, 7.5, 15.4998 ],
			"faces": {
				"down": { "uv": [ 1.0001, 2.5, 2.0001, 13.5 ], "texture": "#cherry_trapdoor_2", "cullface": "up", "rotation": 90 },
				"up": { "uv": [ 1.0001, 2.5, 2.0001, 13.5 ], "texture": "#cherry_trapdoor_2", "rotation": 270 },
				"north": { "uv": [ 13.5, 7.5, 2.5, 6.5 ], "texture": "#cherry_trapdoor_2" },
				"south": { "uv": [ 13.5, 7.5, 2.5, 6.5 ], "texture": "#cherry_trapdoor_2" },
				"west": { "uv": [ 1.0001, 6.5, 2.0001, 7.5 ], "texture": "#cherry_trapdoor_2", "rotation": 180 },
				"east": { "uv": [ 13.9999, 6.5, 14.9999, 7.5 ], "texture": "#cherry_trapdoor_2", "rotation": 180 }
			}
		},
		{
			"__comment": "Element",
			"from": [ 2.5, 8.5, 14.4999 ],
			"to": [ 13.5, 9.5, 15.4999 ],
			"faces": {
				"down": { "uv": [ 1.0001, 2.5, 2.0001, 13.5 ], "texture": "#cherry_trapdoor_2", "cullface": "up", "rotation": 90 },
				"up": { "uv": [ 1.0001, 2.5, 2.0001, 13.5 ], "texture": "#cherry_trapdoor_2", "rotation": 270 },
				"north": { "uv": [ 13.5, 9.5, 2.5, 8.5 ], "texture": "#cherry_trapdoor_2" },
				"south": { "uv": [ 13.5, 9.5, 2.5, 8.5 ], "texture": "#cherry_trapdoor_2" },
				"west": { "uv": [ 1.0001, 8.5, 2.0001, 9.5 ], "texture": "#cherry_trapdoor_2", "rotation": 180 },
				"east": { "uv": [ 13.9999, 8.5, 14.9999, 9.5 ], "texture": "#cherry_trapdoor_2", "rotation": 180 }
			}
		},
		{
			"__comment": "Element",
			"from": [ 2.5, 10.5, 14.5 ],
			"to": [ 13.5, 11.5, 15.5 ],
			"faces": {
				"down": { "uv": [ 1.0001, 2.5, 2.0001, 13.5 ], "texture": "#cherry_trapdoor_2", "cullface": "up", "rotation": 90 },
				"up": { "uv": [ 1.0001, 2.5, 2.0001, 13.5 ], "texture": "#cherry_trapdoor_2", "rotation": 270 },
				"north": { "uv": [ 13.5, 11.5, 2.5, 10.5 ], "texture": "#cherry_trapdoor_2" },
				"south": { "uv": [ 13.5, 11.5, 2.5, 10.5 ], "texture": "#cherry_trapdoor_2" },
				"west": { "uv": [ 1.0001, 10.5, 2.0001, 11.5 ], "texture": "#cherry_trapdoor_2", "rotation": 180 },
				"east": { "uv": [ 13.9999, 10.5, 14.9999, 11.5 ], "texture": "#cherry_trapdoor_2", "rotation": 180 }
			}
		},
		{
			"__comment": "Element",
			"from": [ 2, 2, 13.9999 ],
			"to": [ 2.5, 14, 15.9999 ],
			"faces": {
				"down": { "uv": [ 1, 3.5, 2, 4.5 ], "texture": "#cherry_trapdoor_3", "cullface": "up", "rotation": 270 },
				"up": { "uv": [ 1, 11.5, 2, 12.5 ], "texture": "#cherry_trapdoor_3", "rotation": 90 },
				"north": { "uv": [ 12.5, 13.5, 11.5, 4 ], "texture": "#cherry_trapdoor_3", "rotation": 180 },
				"south": { "uv": [ 4.5, 13.5, 3.5, 4 ], "texture": "#cherry_trapdoor_3", "rotation": 180 },
				"west": { "uv": [ 2, 13.5, 1, 4 ], "texture": "#cherry_trapdoor_3", "rotation": 180 },
				"east": { "uv": [ 15, 13.5, 14, 4 ], "texture": "#cherry_trapdoor_3", "rotation": 180 }
			}
		},
		{
			"__comment": "Element",
			"from": [ 13.5, 2, 14 ],
			"to": [ 14, 14, 16 ],
			"faces": {
				"down": { "uv": [ 1, 3.5, 2, 4.5 ], "texture": "#cherry_trapdoor_3", "cullface": "up", "rotation": 270 },
				"up": { "uv": [ 1, 11.5, 2, 12.5 ], "texture": "#cherry_trapdoor_3", "rotation": 90 },
				"north": { "uv": [ 12.5, 13.5, 11.5, 4 ], "texture": "#cherry_trapdoor_3", "rotation": 180 },
				"south": { "uv": [ 4.5, 13.5, 3.5, 4 ], "texture": "#cherry_trapdoor_3", "rotation": 180 },
				"west": { "uv": [ 2, 13.5, 1, 4 ], "texture": "#cherry_trapdoor_3", "rotation": 180 },
				"east": { "uv": [ 15, 13.5, 14, 4 ], "texture": "#cherry_trapdoor_3", "rotation": 180 }
			}
		},
		{
			"__comment": "Element",
			"from": [ 2.5, 2, 13.9999 ],
			"to": [ 13.5, 2.5, 15.9999 ],
			"faces": {
				"down": { "uv": [ 0.5, 2.5, 2.5, 13.5 ], "texture": "#cherry_trapdoor_3", "cullface": "up", "rotation": 90 },
				"up": { "uv": [ 0.5, 2.5, 2.5, 13.5 ], "texture": "#cherry_trapdoor_3", "rotation": 270 },
				"north": { "uv": [ 13.5, 15.5, 2.5, 15 ], "texture": "#cherry_trapdoor_3", "rotation": 180 },
				"south": { "uv": [ 13.5, 15.5, 2.5, 15 ], "texture": "#cherry_trapdoor_3", "rotation": 180 },
				"west": { "uv": [ 15.5, 15.5, 13.5, 15 ], "texture": "#cherry_trapdoor_3", "rotation": 180 },
				"east": { "uv": [ 2.5, 15.5, 0.5, 15 ], "texture": "#cherry_trapdoor_3", "rotation": 180 }
			}
		},
		{
			"__comment": "Element",
			"from": [ 2.5, 13.5, 14.0001 ],
			"to": [ 13.5, 14, 16.0001 ],
			"faces": {
				"down": { "uv": [ 1, 3.5, 2, 4.5 ], "texture": "#cherry_trapdoor_3", "cullface": "up", "rotation": 270 },
				"up": { "uv": [ 1, 11.5, 2, 12.5 ], "texture": "#cherry_trapdoor_3", "rotation": 90 },
				"north": { "uv": [ 12.5, 13.5, 11.5, 4 ], "texture": "#cherry_trapdoor_3", "rotation": 180 },
				"south": { "uv": [ 4.5, 13.5, 3.5, 4 ], "texture": "#cherry_trapdoor_3", "rotation": 180 },
				"west": { "uv": [ 2, 13.5, 1, 4 ], "texture": "#cherry_trapdoor_3", "rotation": 180 },
				"east": { "uv": [ 15, 13.5, 14, 4 ], "texture": "#cherry_trapdoor_3", "rotation": 180 }
			}
		},
		{
			"__comment": "Element",
			"from": [ 2, 0, 13.9999 ],
			"to": [ 14, 2, 15.9999 ],
			"faces": {
				"down": { "uv": [ 0, 0, 16, 4.5 ], "texture": "#cherry_trapdoor_1", "cullface": "up", "rotation": 270 },
				"up": { "uv": [ 0, 0, 16, 4.5 ], "texture": "#cherry_trapdoor_1", "rotation": 90 },
				"north": { "uv": [ 16, 4.5, 0, 0 ], "texture": "#cherry_trapdoor_1", "rotation": 180 },
				"south": { "uv": [ 16, 4.5, 0, 0 ], "texture": "#cherry_trapdoor_1", "rotation": 180 },
				"west": { "uv": [ 15.4991, 3.0013, 13.4991, 0.5012999 ], "texture": "#cherry_trapdoor_1", "rotation": 180 },
				"east": { "uv": [ 2.500901, 3.0013, 0.5009, 0.5012999 ], "texture": "#cherry_trapdoor_1", "rotation": 180 }
			}
		}
	],
	"display": {
		"thirdperson_righthand": {
			"rotation":  [ 75, 45, 0 ],
			"translation":  [ 0, 2.5, 3 ],
			"scale":  [ 0.375, 0.375, 0.375 ]
		},
		"thirdperson_lefthand": {
			"rotation":  [ 75, 45, 0 ],
			"translation":  [ 0, 2.5, 3 ],
			"scale":  [ 0.375, 0.375, 0.375 ]
		},
		"firstperson_righthand": {
			"rotation":  [ 0, 45, 0 ],
			"translation":  [ 0, 4, 0 ],
			"scale":  [ 0.4, 0.4, 0.4 ]
		},
		"firstperson_lefthand": {
			"rotation":  [ 0, 45, 0 ],
			"translation":  [ 0, 4, 0 ],
			"scale":  [ 0.4, 0.4, 0.4 ]
		},
		"gui": {
			"rotation":  [ 30, 225, 0 ],
			"scale":  [ 0.625, 0.625, 0.625 ]
		},
		"ground": {
			"translation":  [ 0, 3, 0 ],
			"scale":  [ 0.25, 0.25, 0.25 ]
		},
		"fixed": {
			"rotation":  [ -90, 0, 0 ],
			"translation":  [ 0, 0, -6 ]
		}
	}
}