{
	"__comment": "Designed by Intermacgod with BDcraft Cubik PRO 0.87 Beta - http://bdcraft.net",
	"textures": {
		"particle": "block/c/cherry_door/cherry_door",
		"cherry_door_1": "block/c/cherry_door/cherry_door_1",
		"cherry_door_2": "block/c/cherry_door/cherry_door_2",
		"cherry_door_3": "block/c/cherry_door/cherry_door_3",
		"cherry_door_4": "block/c/cherry_door/cherry_door_4",
		"cherry_door_5": "block/c/cherry_door/cherry_door_5",
		"cherry_door_6": "block/b/bamboo_door/bamboo_door_6",
		"cherry_door_7": "block/c/cherry_door/cherry_door_7"
	},
	"elements": [ 	 
		{
			"__comment": "Element",
			"from": [ 0.5, 0, 0.5 ],
			"to": [ 2.5, 15.5, 2 ],
			"faces": {
				"down": { "uv": [ 0, 0, 16, 16 ], "texture": "#cherry_door_1" },
				"up": { "uv": [ 0, 0, 16, 16 ], "texture": "#cherry_door_1" },
				"north": { "uv": [ 0, 0, 16, 16 ], "texture": "#cherry_door_1" },
				"south": { "uv": [ 0, 0, 16, 16 ], "texture": "#cherry_door_1" },
				"west": { "uv": [ 0, 0, 16, 16 ], "texture": "#cherry_door_1" },
				"east": { "uv": [ 0, 0, 16, 16 ], "texture": "#cherry_door_1" }
			}
		},
		{
			"__comment": "Element",
			"from": [ -0.0022, 10.9976, 0.0011 ],
			"to": [ 0.9978, 12.9976, 0.5011 ],
			"faces": {
				"down": { "uv": [ 0, 15.4993, 0.9987, 15.9993 ], "texture": "#cherry_door_1" },
				"up": { "uv": [ 0.00125, 0.001249313, 15.99876, 15.99876 ], "texture": "#cherry_door_4", "rotation": 90 },
				"north": { "uv": [ 0.00125, 0.001249313, 15.99876, 15.99876 ], "texture": "#cherry_door_4" },
				"south": { "uv": [ 0.00125, 0.001249313, 15.99876, 15.99876 ], "texture": "#cherry_door_4" },
				"west": { "uv": [ 0.00125, 0.001249313, 15.99876, 15.99876 ], "texture": "#cherry_door_4" },
				"east": { "uv": [ 15.4989, 3.002399, 15.9989, 5.002399 ], "texture": "#cherry_door_1" }
			}
		},
		{
			"__comment": "Element",
			"from": [ -0.0009, -0.0013, 0.0004 ],
			"to": [ 0.9991, 0.9987, 0.5004 ],
			"faces": {
				"down": { "uv": [ 0.00125, 0.001249313, 15.99876, 8.498751 ], "texture": "#cherry_door_4", "rotation": 270 },
				"up": { "uv": [ 0.001244545, 0, 16, 16 ], "texture": "#cherry_door_4", "rotation": 270 },
				"north": { "uv": [ 0.00125, 0.001249313, 15.99876, 7.998749 ], "texture": "#cherry_door_4" },
				"south": { "uv": [ 0.00125, 0.001249313, 15.99876, 8.498751 ], "texture": "#cherry_door_4" },
				"west": { "uv": [ 0.00125, 0.001249313, 15.99876, 7.998749 ], "texture": "#cherry_door_4" },
				"east": { "uv": [ 15.4996, 15.0013, 15.9996, 16 ], "texture": "#cherry_door_1" }
			}
		},
		{
			"__comment": "Element",
			"from": [ 2.0009, 10.9984, -0.0001 ],
			"to": [ 3.0009, 12.9984, 0.4998991 ],
			"faces": {
				"down": { "uv": [ 0.00125, 0.001249313, 15.99876, 15.99876 ], "texture": "#cherry_door_4", "rotation": 270 },
				"up": { "uv": [ 0.00125, 0.001249313, 15.99876, 15.99876 ], "texture": "#cherry_door_4", "rotation": 90 },
				"north": { "uv": [ 0.00125, 0.001249313, 15.99876, 15.99876 ], "texture": "#cherry_door_4" },
				"south": { "uv": [ 0.00125, 0.001249313, 15.99876, 15.99876 ], "texture": "#cherry_door_4" },
				"west": { "uv": [ 0, 3.0016, 0.4998999, 5.0016 ], "texture": "#cherry_door_1" },
				"east": { "uv": [ 0.00125, 0.001249313, 15.99876, 15.99876 ], "texture": "#cherry_door_4" }
			}
		},
		{
			"__comment": "Element",
			"from": [ 2.0004, -0.0014, -0.0005 ],
			"to": [ 3.0004, 0.9986001, 0.4995 ],
			"faces": {
				"down": { "uv": [ 2.0013, 15.5009, 3.0013, 16 ], "texture": "#cherry_door_1" },
				"up": { "uv": [ 0.001244545, 0, 16, 16 ], "texture": "#cherry_door_4", "rotation": 270 },
				"north": { "uv": [ 0.00125, 0.001249313, 15.99876, 7.998749 ], "texture": "#cherry_door_4" },
				"south": { "uv": [ 0.00125, 0.001249313, 15.99876, 7.998749 ], "texture": "#cherry_door_4" },
				"west": { "uv": [ 0, 15.0014, 0.4995003, 16 ], "texture": "#cherry_door_1" },
				"east": { "uv": [ 0.00125, 0.001249313, 15.99876, 7.998749 ], "texture": "#cherry_door_4" }
			}
		},
		{
			"__comment": "Element",
			"from": [ 1.0005, -0.0012, 0.0017 ],
			"to": [ 2.0005, 15.99881, 0.5017 ],
			"faces": {
				"down": { "uv": [ 14.99876, 0.4987507, 14.00124, 0.001249313 ], "texture": "#cherry_door_2" },
				"up": { "uv": [ 1.00125, 0.001249313, 1.99875, 0.4987507 ], "texture": "#cherry_door_2" },
				"north": { "uv": [ 14.00124, 0.001249313, 14.99876, 15.99876 ], "texture": "#cherry_door_2" },
				"south": { "uv": [ 1.00125, 0.001249313, 1.99875, 15.99876 ], "texture": "#cherry_door_2" },
				"west": { "uv": [ 0.00125, 0.001249313, 0.49875, 15.99876 ], "texture": "#cherry_door_2" },
				"east": { "uv": [ 15.50124, 0.001249313, 15.99876, 15.99876 ], "texture": "#cherry_door_2" }
			}
		},
		{
			"__comment": "Element",
			"from": [ 1.0005, -0.0019, 15.4996 ],
			"to": [ 2.0005, 15.9981, 15.9996 ],
			"faces": {
				"down": { "uv": [ 1.0013, 0.000800133, 2.0013, 0.5008001 ], "texture": "#cherry_door_1" },
				"up": { "uv": [ 1.00125, 15.50124, 1.99875, 15.99876 ], "texture": "#cherry_door_2" },
				"north": { "uv": [ 14.00124, 0.001249313, 14.99876, 15.99876 ], "texture": "#cherry_door_2" },
				"south": { "uv": [ 1.00125, 0.001249313, 1.99875, 15.99876 ], "texture": "#cherry_door_2" },
				"west": { "uv": [ 15.50124, 0.001249313, 15.99876, 15.99876 ], "texture": "#cherry_door_2" },
				"east": { "uv": [ 0.00125, 0.001249313, 0.49875, 15.99876 ], "texture": "#cherry_door_2" }
			}
		},
		{
			"__comment": "Element",
			"from": [ 0.9992, 15.4987, 0.5002 ],
			"to": [ 1.9992, 15.9987, 15.50021 ],
			"faces": {
				"down": { "uv": [ 14.99876, 15.49876, 14.00124, 0.5012493 ], "texture": "#cherry_door_2" },
				"up": { "uv": [ 1.00125, 0.5012493, 1.99875, 15.49876 ], "texture": "#cherry_door_2" },
				"north": { "uv": [ 1.0008, 0.001299858, 2.0008, 0.5012999 ], "texture": "#cherry_door_1" },
				"south": { "uv": [ 13.9992, 0.001299858, 14.9992, 0.5012999 ], "texture": "#cherry_door_1" },
				"west": { "uv": [ 0.50125, 0.001249313, 15.49876, 0.4987507 ], "texture": "#cherry_door_2" },
				"east": { "uv": [ 0.50125, 0.001249313, 15.49876, 0.4987507 ], "texture": "#cherry_door_2" }
			}
		},
		{
			"__comment": "Element",
			"from": [ 0.5, 0, 14 ],
			"to": [ 2.5, 15.5, 15.5 ],
			"faces": {
				"down": { "uv": [ 0, 0, 16, 16 ], "texture": "#cherry_door_1" },
				"up": { "uv": [ 0, 0, 16, 16 ], "texture": "#cherry_door_1" },
				"north": { "uv": [ 0, 0, 16, 16 ], "texture": "#cherry_door_1" },
				"south": { "uv": [ 0, 0, 16, 16 ], "texture": "#cherry_door_1" },
				"west": { "uv": [ 0, 0, 16, 16 ], "texture": "#cherry_door_1" },
				"east": { "uv": [ 0, 0, 16, 16 ], "texture": "#cherry_door_1" }
			}
		},
		{
			"__comment": "Element",
			"from": [ 0.5, 14, 2 ],
			"to": [ 2.5, 15.5, 14 ],
			"faces": {
				"down": { "uv": [ 0, 0, 16, 4.5 ], "texture": "#cherry_door_1" },
				"up": { "uv": [ 0, 0, 16, 4.5 ], "texture": "#cherry_door_1" },
				"north": { "uv": [ 0.5009, 0.5012999, 2.500901, 3.0013 ], "texture": "#cherry_door_1" },
				"south": { "uv": [ 13.4991, 0.5012999, 15.4991, 3.0013 ], "texture": "#cherry_door_1" },
				"west": { "uv": [ 0, 0, 16, 4.5 ], "texture": "#cherry_door_1" },
				"east": { "uv": [ 0, 0, 16, 4.5 ], "texture": "#cherry_door_1" }
			}
		},
		{
			"__comment": "Element",
			"from": [ -0.5008, -0.0013, 14.0004 ],
			"to": [ -0.000800014, 4.4987, 14.5004 ],
			"faces": {
				"down": { "uv": [ 0, 1.5, 0.00000006, 2 ], "texture": "#cherry_door_5" },
				"up": { "uv": [ 0, 0, 16, 16 ], "texture": "#cherry_door_5" },
				"north": { "uv": [ 0, 0, 16, 16 ], "texture": "#cherry_door_5" },
				"south": { "uv": [ 0, 0, 16, 16 ], "texture": "#cherry_door_5" },
				"west": { "uv": [ 0, 0, 16, 16 ], "texture": "#cherry_door_5" },
				"east": { "uv": [ 0, 0, 16, 16 ], "texture": "#cherry_door_5" }
			}
		},
		{
			"__comment": "Element",
			"from": [ -0.0007, 2.4992, 14.0014 ],
			"to": [ 0.4993, 2.9992, 14.5014 ],
			"faces": {
				"down": { "uv": [ 0.00125, 0.001249313, 15.99876, 15.99876 ], "texture": "#cherry_door_4" },
				"up": { "uv": [ 0.00125, 0.001249313, 15.99876, 15.99876 ], "texture": "#cherry_door_4" },
				"north": { "uv": [ 0.00125, 0.001249313, 15.99876, 15.99876 ], "texture": "#cherry_door_4" },
				"south": { "uv": [ 0.00125, 0.001249313, 15.99876, 15.99876 ], "texture": "#cherry_door_4" },
				"west": { "uv": [ 14.0014, 13.0008, 14.5014, 13.5008 ], "texture": "#cherry_door_1" },
				"east": { "uv": [ 1.4986, 13.0008, 1.9986, 13.5008 ], "texture": "#cherry_door_1" }
			}
		},
		{
			"__comment": "Element",
			"from": [ 2.4992, 2.4996, 13.9993 ],
			"to": [ 2.9992, 2.9996, 14.4993 ],
			"faces": {
				"down": { "uv": [ 0.00125, 0.001249313, 15.99876, 15.99876 ], "texture": "#cherry_door_4" },
				"up": { "uv": [ 0.00125, 0.001249313, 15.99876, 15.99876 ], "texture": "#cherry_door_4" },
				"north": { "uv": [ 0.00125, 0.001249313, 15.99876, 15.99876 ], "texture": "#cherry_door_4" },
				"south": { "uv": [ 0.00125, 0.001249313, 15.99876, 15.99876 ], "texture": "#cherry_door_4" },
				"west": { "uv": [ 13.9993, 13.0004, 14.4993, 13.5004 ], "texture": "#cherry_door_4" },
				"east": { "uv": [ 1.5007, 13.0004, 2.0007, 13.5004 ], "texture": "#cherry_door_4" }
			}
		},
		{
			"__comment": "Element",
			"from": [ 2.9991, -0.0012, 14.0001 ],
			"to": [ 3.4991, 4.4988, 14.5001 ],
			"faces": {
				"down": { "uv": [ 2.9999, 1.5002, 3.4999, 2.0002 ], "texture": "#cherry_door_5" },
				"up": { "uv": [ 0, 0, 16, 16 ], "texture": "#cherry_door_5" },
				"north": { "uv": [ 0, 0, 16, 16 ], "texture": "#cherry_door_5" },
				"south": { "uv": [ 0, 0, 16, 16 ], "texture": "#cherry_door_5" },
				"west": { "uv": [ 0, 0, 16, 16 ], "texture": "#cherry_door_5" },
				"east": { "uv": [ 0, 0, 16, 16 ], "texture": "#cherry_door_5" }
			}
		},
		{
			"__comment": "Element",
			"from": [ 1, 11.5, 2.5 ],
			"to": [ 2, 12.5, 13.5 ],
			"faces": {
				"down": { "uv": [ 1, 2.5, 2, 13.5 ], "texture": "#cherry_door_3", "rotation": 180 },
				"up": { "uv": [ 1, 2.5, 2, 13.5 ], "texture": "#cherry_door_3", "rotation": 180 },
				"north": { "uv": [ 1, 3, 2, 4 ], "texture": "#cherry_door_3" },
				"south": { "uv": [ 14, 3, 15, 4 ], "texture": "#cherry_door_3" },
				"west": { "uv": [ 2.5, 3, 13.5, 4 ], "texture": "#cherry_door_3" },
				"east": { "uv": [ 2.5, 3, 13.5, 4 ], "texture": "#cherry_door_3" }
			}
		},
		{
			"__comment": "Element",
			"from": [ 1, 1.5, 2.5 ],
			"to": [ 2, 2.5, 13.5 ],
			"faces": {
				"down": { "uv": [ 1, 2.5, 2, 13.5 ], "texture": "#cherry_door_3", "rotation": 180 },
				"up": { "uv": [ 1, 2.5, 2, 13.5 ], "texture": "#cherry_door_3", "rotation": 180 },
				"north": { "uv": [ 1, 13, 2, 14 ], "texture": "#cherry_door_3" },
				"south": { "uv": [ 14, 13, 15, 14 ], "texture": "#cherry_door_3" },
				"west": { "uv": [ 2.5, 13, 13.5, 14 ], "texture": "#cherry_door_3" },
				"east": { "uv": [ 2.5, 13, 13.5, 14 ], "texture": "#cherry_door_3" }
			}
		},
		{
			"__comment": "Element",
			"from": [ 1, 0.5, 3.5 ],
			"to": [ 2, 13.5, 4.5 ],
			"faces": {
				"down": { "uv": [ 1, 3.5, 2, 4.5 ], "texture": "#cherry_door_3", "rotation": 180 },
				"up": { "uv": [ 1, 11.5, 2, 12.5 ], "texture": "#cherry_door_3", "rotation": 180 },
				"north": { "uv": [ 1, 2, 2, 15 ], "texture": "#cherry_door_3" },
				"south": { "uv": [ 14, 2, 15, 15 ], "texture": "#cherry_door_3" },
				"west": { "uv": [ 3.5, 2, 4.5, 15 ], "texture": "#cherry_door_3" },
				"east": { "uv": [ 11.5, 2, 12.5, 15 ], "texture": "#cherry_door_3" }
			}
		},
		{
			"__comment": "Element",
			"from": [ 1, 0.5, 5.5 ],
			"to": [ 2, 13.5, 6.5 ],
			"faces": {
				"down": { "uv": [ 1, 5.5, 2, 6.5 ], "texture": "#cherry_door_3", "rotation": 180 },
				"up": { "uv": [ 1, 9.5, 2, 10.5 ], "texture": "#cherry_door_3", "rotation": 180 },
				"north": { "uv": [ 1, 2, 2, 15 ], "texture": "#cherry_door_3" },
				"south": { "uv": [ 14, 2, 15, 15 ], "texture": "#cherry_door_3" },
				"west": { "uv": [ 5.5, 2, 6.5, 15 ], "texture": "#cherry_door_3" },
				"east": { "uv": [ 9.5, 2, 10.5, 15 ], "texture": "#cherry_door_3" }
			}
		},
		{
			"__comment": "Element",
			"from": [ 1, 0.5, 7.5 ],
			"to": [ 2, 13.5, 8.5 ],
			"faces": {
				"down": { "uv": [ 1, 7.5, 2, 8.5 ], "texture": "#cherry_door_3", "rotation": 180 },
				"up": { "uv": [ 1, 7.5, 2, 8.5 ], "texture": "#cherry_door_3", "rotation": 180 },
				"north": { "uv": [ 1, 2, 2, 15 ], "texture": "#cherry_door_3" },
				"south": { "uv": [ 14, 2, 15, 15 ], "texture": "#cherry_door_3" },
				"west": { "uv": [ 7.5, 2, 8.5, 15 ], "texture": "#cherry_door_3" },
				"east": { "uv": [ 7.5, 2, 8.5, 15 ], "texture": "#cherry_door_3" }
			}
		},
		{
			"__comment": "Element",
			"from": [ 1, 0.5, 9.5 ],
			"to": [ 2, 13.5, 10.5 ],
			"faces": {
				"down": { "uv": [ 1, 9.5, 2, 10.5 ], "texture": "#cherry_door_3", "rotation": 180 },
				"up": { "uv": [ 1, 5.5, 2, 6.5 ], "texture": "#cherry_door_3", "rotation": 180 },
				"north": { "uv": [ 1, 2, 2, 15 ], "texture": "#cherry_door_3" },
				"south": { "uv": [ 14, 2, 15, 15 ], "texture": "#cherry_door_3" },
				"west": { "uv": [ 9.5, 2, 10.5, 15 ], "texture": "#cherry_door_3" },
				"east": { "uv": [ 5.5, 2, 6.5, 15 ], "texture": "#cherry_door_3" }
			}
		},
		{
			"__comment": "Element",
			"from": [ 1, 0.5, 11.5 ],
			"to": [ 2, 13.5, 12.5 ],
			"faces": {
				"down": { "uv": [ 1, 11.5, 2, 12.5 ], "texture": "#cherry_door_3", "rotation": 180 },
				"up": { "uv": [ 1, 3.5, 2, 4.5 ], "texture": "#cherry_door_3", "rotation": 180 },
				"north": { "uv": [ 1, 2, 2, 15 ], "texture": "#cherry_door_3" },
				"south": { "uv": [ 14, 2, 15, 15 ], "texture": "#cherry_door_3" },
				"west": { "uv": [ 11.5, 2, 12.5, 15 ], "texture": "#cherry_door_3" },
				"east": { "uv": [ 3.5, 2, 4.5, 15 ], "texture": "#cherry_door_3" }
			}
		},
		{
			"__comment": "Element",
			"from": [ 1, 3.5, 2.5 ],
			"to": [ 2, 4.5, 13.5 ],
			"faces": {
				"down": { "uv": [ 1, 2.5, 2, 13.5 ], "texture": "#cherry_door_3", "rotation": 180 },
				"up": { "uv": [ 1, 2.5, 2, 13.5 ], "texture": "#cherry_door_3", "rotation": 180 },
				"north": { "uv": [ 1, 11, 2, 12 ], "texture": "#cherry_door_3" },
				"south": { "uv": [ 14, 11, 15, 12 ], "texture": "#cherry_door_3" },
				"west": { "uv": [ 2.5, 11, 13.5, 12 ], "texture": "#cherry_door_3" },
				"east": { "uv": [ 2.5, 11, 13.5, 12 ], "texture": "#cherry_door_3" }
			}
		},
		{
			"__comment": "Element",
			"from": [ 1, 5.5, 2.5 ],
			"to": [ 2, 6.5, 13.5 ],
			"faces": {
				"down": { "uv": [ 1, 2.5, 2, 13.5 ], "texture": "#cherry_door_3", "rotation": 180 },
				"up": { "uv": [ 1, 2.5, 2, 13.5 ], "texture": "#cherry_door_3", "rotation": 180 },
				"north": { "uv": [ 1, 9, 2, 10 ], "texture": "#cherry_door_3" },
				"south": { "uv": [ 14, 9, 15, 10 ], "texture": "#cherry_door_3" },
				"west": { "uv": [ 2.5, 9, 13.5, 10 ], "texture": "#cherry_door_3" },
				"east": { "uv": [ 2.5, 9, 13.5, 10 ], "texture": "#cherry_door_3" }
			}
		},
		{
			"__comment": "Element",
			"from": [ 1, 7.5, 2.5 ],
			"to": [ 2, 8.5, 13.5 ],
			"faces": {
				"down": { "uv": [ 1, 2.5, 2, 13.5 ], "texture": "#cherry_door_3", "rotation": 180 },
				"up": { "uv": [ 1, 2.5, 2, 13.5 ], "texture": "#cherry_door_3", "rotation": 180 },
				"north": { "uv": [ 1, 7, 2, 8 ], "texture": "#cherry_door_3" },
				"south": { "uv": [ 14, 7, 15, 8 ], "texture": "#cherry_door_3" },
				"west": { "uv": [ 2.5, 7, 13.5, 8 ], "texture": "#cherry_door_3" },
				"east": { "uv": [ 2.5, 7, 13.5, 8 ], "texture": "#cherry_door_3" }
			}
		},
		{
			"__comment": "Element",
			"from": [ 1, 9.5, 2.5 ],
			"to": [ 2, 10.5, 13.5 ],
			"faces": {
				"down": { "uv": [ 1, 2.5, 2, 13.5 ], "texture": "#cherry_door_3", "rotation": 180 },
				"up": { "uv": [ 1, 2.5, 2, 13.5 ], "texture": "#cherry_door_3", "rotation": 180 },
				"north": { "uv": [ 1, 5, 2, 6 ], "texture": "#cherry_door_3" },
				"south": { "uv": [ 14, 5, 15, 6 ], "texture": "#cherry_door_3" },
				"west": { "uv": [ 2.5, 5, 13.5, 6 ], "texture": "#cherry_door_3" },
				"east": { "uv": [ 2.5, 5, 13.5, 6 ], "texture": "#cherry_door_3" }
			}
		},
		{
			"__comment": "Element",
			"from": [ 0.5, 0, 13.5 ],
			"to": [ 2.5, 14, 14 ],
			"faces": {
				"down": { "uv": [ 1, 3.5, 2, 4.5 ], "texture": "#cherry_door_7" },
				"up": { "uv": [ 1, 11.5, 2, 12.5 ], "texture": "#cherry_door_7" },
				"north": { "uv": [ 14, 4, 15, 13.5 ], "texture": "#cherry_door_7" },
				"south": { "uv": [ 1, 4, 2, 13.5 ], "texture": "#cherry_door_7" },
				"west": { "uv": [ 11.5, 4, 12.5, 13.5 ], "texture": "#cherry_door_7" },
				"east": { "uv": [ 3.5, 4, 4.5, 13.5 ], "texture": "#cherry_door_7" }
			}
		},
		{
			"__comment": "Element",
			"from": [ 0.5, 0, 2 ],
			"to": [ 2.5, 14, 2.5 ],
			"faces": {
				"down": { "uv": [ 1, 3.5, 2, 4.5 ], "texture": "#cherry_door_7" },
				"up": { "uv": [ 1, 11.5, 2, 12.5 ], "texture": "#cherry_door_7" },
				"north": { "uv": [ 14, 4, 15, 13.5 ], "texture": "#cherry_door_7" },
				"south": { "uv": [ 1, 4, 2, 13.5 ], "texture": "#cherry_door_7" },
				"west": { "uv": [ 11.5, 4, 12.5, 13.5 ], "texture": "#cherry_door_7" },
				"east": { "uv": [ 3.5, 4, 4.5, 13.5 ], "texture": "#cherry_door_7" }
			}
		},
		{
			"__comment": "Element",
			"from": [ 0.5, 0, 2.5 ],
			"to": [ 2.5, 0.5, 13.5 ],
			"faces": {
				"down": { "uv": [ 0.5, 2.5, 2.5, 13.5 ], "texture": "#cherry_door_7", "rotation": 180 },
				"up": { "uv": [ 0.5, 2.5, 2.5, 13.5 ], "texture": "#cherry_door_7", "rotation": 180 },
				"north": { "uv": [ 0.5, 15, 2.5, 15.5 ], "texture": "#cherry_door_7" },
				"south": { "uv": [ 13.5, 15, 15.5, 15.5 ], "texture": "#cherry_door_7" },
				"west": { "uv": [ 2.5, 15, 13.5, 15.5 ], "texture": "#cherry_door_7" },
				"east": { "uv": [ 2.5, 15, 13.5, 15.5 ], "texture": "#cherry_door_7" }
			}
		},
		{
			"__comment": "Element",
			"from": [ 0.5, 13.5, 2.5 ],
			"to": [ 2.5, 14, 13.5 ],
			"faces": {
				"down": { "uv": [ 1, 3.5, 2, 4.5 ], "texture": "#cherry_door_7" },
				"up": { "uv": [ 1, 11.5, 2, 12.5 ], "texture": "#cherry_door_7" },
				"north": { "uv": [ 14, 4, 15, 13.5 ], "texture": "#cherry_door_7" },
				"south": { "uv": [ 1, 4, 2, 13.5 ], "texture": "#cherry_door_7" },
				"west": { "uv": [ 11.5, 4, 12.5, 13.5 ], "texture": "#cherry_door_7" },
				"east": { "uv": [ 3.5, 4, 4.5, 13.5 ], "texture": "#cherry_door_7" }
			}
		}
	]
}