{
	"__comment": "Designed by Interhell2000 with Cubik Studio - https://cubik.studio",
	"textures": {
		"particle": "block/c/cherry_stairs/cherry_stairs_inner",
		"cherry_stairs_1": "block/c/cherry_stairs/cherry_stairs_1"
	},
	"elements": [ 	 
		{
			"__comment": "Box1",
			"from": [ 0, 0, 0 ],
			"to": [ 16, 4, 16 ],
			"faces": {
				"down": { "uv": [ 0.000625, 0.000624657, 15.99938, 15.99938 ], "texture": "#cherry_stairs_1", "cullface": "down" },
				"up": { "uv": [ 0.000625, 0.000624657, 15.99938, 15.99938 ], "texture": "#cherry_stairs_1" },
				"north": { "uv": [ 0.000625, 12.00062, 15.99938, 15.99938 ], "texture": "#cherry_stairs_1", "cullface": "north" },
				"south": { "uv": [ 0.000625, 12.00062, 15.99938, 15.99938 ], "texture": "#cherry_stairs_1", "cullface": "south" },
				"west": { "uv": [ 0.000625, 12.00062, 15.99938, 15.99938 ], "texture": "#cherry_stairs_1", "cullface": "west" },
				"east": { "uv": [ 0.000625, 12.00062, 15.99938, 15.99938 ], "texture": "#cherry_stairs_1", "cullface": "east" }
			}
		},
		{
			"__comment": "Box6",
			"from": [ 4.0008, 3.9996, -0.0002 ],
			"to": [ 16.0008, 7.9996, 15.9998 ],
			"faces": {
				"up": { "uv": [ 4.000625, 0.000624657, 15.99938, 15.99938 ], "texture": "#cherry_stairs_1" },
				"north": { "uv": [ 0.000625, 8.000625, 11.99938, 11.99938 ], "texture": "#cherry_stairs_1", "cullface": "north" },
				"south": { "uv": [ 4.000625, 8.000625, 15.99938, 11.99938 ], "texture": "#cherry_stairs_1", "cullface": "south" },
				"west": { "uv": [ 0.000625, 8.000625, 15.99938, 11.99938 ], "texture": "#cherry_stairs_1" },
				"east": { "uv": [ 0.000625, 8.000625, 15.99938, 11.99938 ], "texture": "#cherry_stairs_1", "cullface": "east" }
			}
		},
		{
			"__comment": "Box6",
			"from": [ 0.0001, 4.001, 4.0003 ],
			"to": [ 4.0001, 8.000999, 16.0003 ],
			"faces": {
				"up": { "uv": [ 0.000625, 4.000626, 3.999375, 15.99938 ], "texture": "#cherry_stairs_1" },
				"north": { "uv": [ 12.00062, 8.000625, 15.99938, 11.99938 ], "texture": "#cherry_stairs_1" },
				"south": { "uv": [ 0.000625, 8.000625, 3.999375, 11.99938 ], "texture": "#cherry_stairs_1", "cullface": "south" },
				"west": { "uv": [ 4.000625, 8.000625, 15.99938, 11.99938 ], "texture": "#cherry_stairs_1", "cullface": "west" }
			}
		},
		{
			"__comment": "Box8",
			"from": [ 8.000999, 7.9995, -0.0004 ],
			"to": [ 16.001, 11.9995, 15.9996 ],
			"faces": {
				"up": { "uv": [ 8.000625, 0.000624657, 15.99938, 15.99938 ], "texture": "#cherry_stairs_1" },
				"north": { "uv": [ 0.000625, 4.000626, 7.999375, 7.999374 ], "texture": "#cherry_stairs_1", "cullface": "north" },
				"south": { "uv": [ 8.000625, 4.000626, 15.99938, 7.999374 ], "texture": "#cherry_stairs_1", "cullface": "south" },
				"west": { "uv": [ 0.000625, 4.000626, 15.99938, 7.999374 ], "texture": "#cherry_stairs_1" },
				"east": { "uv": [ 0.000625, 4.000626, 15.99938, 7.999374 ], "texture": "#cherry_stairs_1", "cullface": "east" }
			}
		},
		{
			"__comment": "Box8",
			"from": [ 0.0008, 8.0008, 7.9991 ],
			"to": [ 8.5008, 12.0008, 15.9991 ],
			"faces": {
				"down": { "uv": [ 0.000625, 0.000624657, 8.499375, 7.999374 ], "texture": "#cherry_stairs_1" },
				"up": { "uv": [ 0.000625, 8.000625, 8.499375, 15.99938 ], "texture": "#cherry_stairs_1" },
				"north": { "uv": [ 7.500625, 4.000626, 15.99938, 7.999374 ], "texture": "#cherry_stairs_1" },
				"south": { "uv": [ 0.000625, 4.000626, 8.499375, 7.999374 ], "texture": "#cherry_stairs_1", "cullface": "south" },
				"west": { "uv": [ 8.000625, 4.000626, 15.99938, 7.999374 ], "texture": "#cherry_stairs_1", "cullface": "west" }
			}
		},
		{
			"__comment": "Box10",
			"from": [ 11.9996, 12.0004, -0.0003 ],
			"to": [ 15.9996, 16.0004, 15.9997 ],
			"faces": {
				"up": { "uv": [ 12.00062, 0.000624657, 15.99938, 15.99938 ], "texture": "#cherry_stairs_1", "cullface": "up" },
				"north": { "uv": [ 0.000625, 0.000624657, 3.999375, 3.999375 ], "texture": "#cherry_stairs_1", "cullface": "north" },
				"south": { "uv": [ 12.00062, 0.000624657, 15.99938, 3.999375 ], "texture": "#cherry_stairs_1", "cullface": "south" },
				"west": { "uv": [ 0.000625, 0.000624657, 15.99938, 3.999375 ], "texture": "#cherry_stairs_1" },
				"east": { "uv": [ 0.000625, 0.000624657, 15.99938, 3.999375 ], "texture": "#cherry_stairs_1", "cullface": "east" }
			}
		},
		{
			"__comment": "Box10",
			"from": [ -0.0003, 11.9998, 11.9993 ],
			"to": [ 11.9997, 15.9998, 15.9993 ],
			"faces": {
				"down": { "uv": [ 0.000625, 0.000624657, 11.99938, 3.999375 ], "texture": "#cherry_stairs_1" },
				"up": { "uv": [ 0.000625, 12.00062, 11.99938, 15.99938 ], "texture": "#cherry_stairs_1", "cullface": "up" },
				"north": { "uv": [ 4.000625, 0.000624657, 15.99938, 3.999375 ], "texture": "#cherry_stairs_1" },
				"south": { "uv": [ 0.000625, 0.000624657, 11.99938, 3.999375 ], "texture": "#cherry_stairs_1", "cullface": "south" },
				"west": { "uv": [ 12.00062, 0.000624657, 15.99938, 3.999375 ], "texture": "#cherry_stairs_1", "cullface": "west" }
			}
		}
	],
	"display": {
		"thirdperson_righthand": {
			"rotation":  [ 75, 45, 0 ],
			"translation":  [ 0, 2.5, 0 ],
			"scale":  [ 0.375, 0.375, 0.375 ]
		},
		"thirdperson_lefthand": {
			"rotation":  [ 75, 45, 0 ],
			"translation":  [ 0, 2.5, 0 ],
			"scale":  [ 0.375, 0.375, 0.375 ]
		},
		"firstperson_righthand": {
			"rotation":  [ 0, 35, 0 ],
			"scale":  [ 0.4, 0.4, 0.4 ]
		},
		"firstperson_lefthand": {
			"rotation":  [ 0, 106, 0 ],
			"scale":  [ 0.4, 0.4, 0.4 ]
		},
		"gui": {
			"rotation":  [ 30, 225, 0 ],
			"scale":  [ 0.625, 0.625, 0.625 ]
		},
		"ground": {
			"translation":  [ 0, 2, 0 ],
			"scale":  [ 0.5, 0.5, 0.5 ]
		}
	}
}