{
	"__comment": "Designed by Intermacgod with BDcraft Cubik PRO 0.85 Beta - http://bdcraft.net",
	"textures": {
		"particle": "block/c/cherry_wood/cherry_wood",
		"cherry_wood_1": "block/c/cherry_wood/cherry_wood_1"
	},
	"elements": [ 	 
		{
			"__comment": "Box38",
			"from": [ 0, 0, 0 ],
			"to": [ 16, 16, 16 ],
			"faces": {
				"down": { "uv": [ 0, 0, 16, 16 ], "texture": "#cherry_wood_1", "cullface": "down" },
				"up": { "uv": [ 0, 0, 16, 16 ], "texture": "#cherry_wood_1", "cullface": "up" },
				"north": { "uv": [ 0, 0, 16, 16 ], "texture": "#cherry_wood_1", "cullface": "north" },
				"south": { "uv": [ 0, 0, 16, 16 ], "texture": "#cherry_wood_1", "cullface": "south" },
				"west": { "uv": [ 0, 0, 16, 16 ], "texture": "#cherry_wood_1", "cullface": "west" },
				"east": { "uv": [ 0, 0, 16, 16 ], "texture": "#cherry_wood_1", "cullface": "east" }
			}
		},
		{
			"__comment": "Box39",
			"from": [ 0.125, 3.4999, 16.0007 ],
			"to": [ 1.125, 10.9999, 17.0007 ],
			"faces": {
				"down": { "uv": [ 0.1250419, 0, 1.125042, 0.9993401 ], "texture": "#cherry_wood_1", "cullface": "south" },
				"up": { "uv": [ 0.1250419, 15.00066, 1.125042, 16 ], "texture": "#cherry_wood_1", "cullface": "south" },
				"south": { "uv": [ 0.1250419, 5.00006, 1.125042, 12.50006 ], "texture": "#cherry_wood_1", "cullface": "south" },
				"west": { "uv": [ 15.00066, 5.00006, 16, 12.50006 ], "texture": "#cherry_wood_1", "cullface": "south" },
				"east": { "uv": [ 0, 5.00006, 0.9993401, 12.50006 ], "texture": "#cherry_wood_1", "cullface": "south" }
			}
		},
		{
			"__comment": "Box40",
			"from": [ 3.0003, 3.0003, 16.0003 ],
			"to": [ 4.000301, 15.0003, 17.0003 ],
			"faces": {
				"down": { "uv": [ 3.000293, 0, 4.000294, 0.9997406 ], "texture": "#cherry_wood_1", "cullface": "south" },
				"up": { "uv": [ 3.000293, 15.00026, 4.000294, 16 ], "texture": "#cherry_wood_1", "cullface": "south" },
				"south": { "uv": [ 3.000293, 0.9996595, 4.000294, 12.99966 ], "texture": "#cherry_wood_1", "cullface": "south" },
				"west": { "uv": [ 15.00026, 0.9996595, 16, 12.99966 ], "texture": "#cherry_wood_1", "cullface": "south" },
				"east": { "uv": [ 0, 0.9996595, 0.9997406, 12.99966 ], "texture": "#cherry_wood_1", "cullface": "south" }
			}
		},
		{
			"__comment": "Box41",
			"from": [ 1.5005, -0.0001, 16.0004 ],
			"to": [ 2.5005, 2.4999, 17.0004 ],
			"faces": {
				"down": { "uv": [ 1.500459, 0, 2.500459, 0.9996204 ], "texture": "#cherry_wood_1", "cullface": "down" },
				"up": { "uv": [ 1.500459, 15.00038, 2.500459, 16 ], "texture": "#cherry_wood_1" },
				"south": { "uv": [ 1.500459, 13.50013, 2.500459, 16 ], "texture": "#cherry_wood_1", "cullface": "south" },
				"west": { "uv": [ 15.00038, 13.50013, 16, 16 ], "texture": "#cherry_wood_1" },
				"east": { "uv": [ 0, 13.50013, 0.9996204, 16 ], "texture": "#cherry_wood_1" }
			}
		},
		{
			"__comment": "Box42",
			"from": [ 5.5, 10.0003, 15.9995 ],
			"to": [ 6.5, 15.5003, 16.9995 ],
			"faces": {
				"down": { "uv": [ 5.499957, 0.000530243, 6.499957, 1.00053 ], "texture": "#cherry_wood_1", "cullface": "south" },
				"up": { "uv": [ 5.499957, 14.99947, 6.499957, 15.99947 ], "texture": "#cherry_wood_1", "cullface": "south" },
				"south": { "uv": [ 5.499957, 0.4996996, 6.499957, 5.999701 ], "texture": "#cherry_wood_1", "cullface": "south" },
				"west": { "uv": [ 14.99947, 0.4996996, 15.99947, 5.999701 ], "texture": "#cherry_wood_1", "cullface": "south" },
				"east": { "uv": [ 0.000530243, 0.4996996, 1.00053, 5.999701 ], "texture": "#cherry_wood_1", "cullface": "south" }
			}
		},
		{
			"__comment": "Box43",
			"from": [ 6.5003, 1.0009, 15.9996 ],
			"to": [ 7.5003, 8.000899, 16.9996 ],
			"faces": {
				"down": { "uv": [ 6.500252, 0.00041008, 7.500252, 1.00041 ], "texture": "#cherry_wood_1", "cullface": "south" },
				"up": { "uv": [ 6.500252, 14.99959, 7.500252, 15.99959 ], "texture": "#cherry_wood_1", "cullface": "south" },
				"south": { "uv": [ 6.500252, 7.999119, 7.500252, 14.99912 ], "texture": "#cherry_wood_1", "cullface": "south" },
				"west": { "uv": [ 14.99959, 7.999119, 15.99959, 14.99912 ], "texture": "#cherry_wood_1", "cullface": "south" },
				"east": { "uv": [ 0.00041008, 7.999119, 1.00041, 14.99912 ], "texture": "#cherry_wood_1", "cullface": "south" }
			}
		},
		{
			"__comment": "Box44",
			"from": [ 1.4993, 11.0006, 16.0002 ],
			"to": [ 2.4993, 14.0006, 17.0002 ],
			"faces": {
				"down": { "uv": [ 1.49933, 0, 2.49933, 0.9998493 ], "texture": "#cherry_wood_1", "cullface": "south" },
				"up": { "uv": [ 1.49933, 15.00015, 2.49933, 16 ], "texture": "#cherry_wood_1", "cullface": "south" },
				"south": { "uv": [ 1.49933, 1.99943, 2.49933, 4.99943 ], "texture": "#cherry_wood_1", "cullface": "south" },
				"west": { "uv": [ 15.00015, 1.99943, 16, 4.99943 ], "texture": "#cherry_wood_1", "cullface": "south" },
				"east": { "uv": [ 0, 1.99943, 0.9998493, 4.99943 ], "texture": "#cherry_wood_1", "cullface": "south" }
			}
		},
		{
			"__comment": "Box45",
			"from": [ 8.9994, 0.9997, 16.0005 ],
			"to": [ 9.9994, 14.9997, 17.0005 ],
			"faces": {
				"down": { "uv": [ 8.999367, 0, 9.999367, 0.9995193 ], "texture": "#cherry_wood_1", "cullface": "south" },
				"up": { "uv": [ 8.999367, 15.00048, 9.999367, 16 ], "texture": "#cherry_wood_1", "cullface": "south" },
				"south": { "uv": [ 8.999367, 1.00029, 9.999367, 15.00029 ], "texture": "#cherry_wood_1", "cullface": "south" },
				"west": { "uv": [ 15.00048, 1.00029, 16, 15.00029 ], "texture": "#cherry_wood_1", "cullface": "south" },
				"east": { "uv": [ 0, 1.00029, 0.9995193, 15.00029 ], "texture": "#cherry_wood_1", "cullface": "south" }
			}
		},
		{
			"__comment": "Box46",
			"from": [ 13.9998, 0.5004, 15.9997 ],
			"to": [ 14.9998, 2.5004, 16.9997 ],
			"faces": {
				"down": { "uv": [ 13.99982, 0.000338554, 14.99982, 1.00034 ], "texture": "#cherry_wood_1", "cullface": "south" },
				"up": { "uv": [ 13.99982, 14.99966, 14.99982, 15.99966 ], "texture": "#cherry_wood_1", "cullface": "south" },
				"south": { "uv": [ 13.99982, 13.49957, 14.99982, 15.49957 ], "texture": "#cherry_wood_1", "cullface": "south" },
				"west": { "uv": [ 14.99966, 13.49957, 15.99966, 15.49957 ], "texture": "#cherry_wood_1", "cullface": "south" },
				"east": { "uv": [ 0.000338554, 13.49957, 1.00034, 15.49957 ], "texture": "#cherry_wood_1", "cullface": "south" }
			}
		},
		{
			"__comment": "Box47",
			"from": [ 11.4996, 13.4996, 16.0008 ],
			"to": [ 12.4996, 15.9996, 17.0008 ],
			"faces": {
				"down": { "uv": [ 11.49963, 0, 12.49963, 0.9991894 ], "texture": "#cherry_wood_1", "cullface": "south" },
				"up": { "uv": [ 11.49963, 15.00081, 12.49963, 16 ], "texture": "#cherry_wood_1", "cullface": "south" },
				"south": { "uv": [ 11.49963, 0.00039959, 12.49963, 2.500401 ], "texture": "#cherry_wood_1", "cullface": "south" },
				"west": { "uv": [ 15.00081, 0.00039959, 16, 2.500401 ], "texture": "#cherry_wood_1", "cullface": "south" },
				"east": { "uv": [ 0, 0.00039959, 0.9991894, 2.500401 ], "texture": "#cherry_wood_1", "cullface": "south" }
			}
		},
		{
			"__comment": "Box48",
			"from": [ 12.5006, 5.5003, 15.9998 ],
			"to": [ 13.5006, 13.0003, 16.9998 ],
			"faces": {
				"down": { "uv": [ 12.50056, 0.000229836, 13.50056, 1.000229 ], "texture": "#cherry_wood_1", "cullface": "south" },
				"up": { "uv": [ 12.50056, 14.99977, 13.50056, 15.99977 ], "texture": "#cherry_wood_1", "cullface": "south" },
				"south": { "uv": [ 12.50056, 2.99975, 13.50056, 10.49975 ], "texture": "#cherry_wood_1", "cullface": "south" },
				"west": { "uv": [ 14.99977, 2.99975, 15.99977, 10.49975 ], "texture": "#cherry_wood_1", "cullface": "south" },
				"east": { "uv": [ 0.000229836, 2.99975, 1.000229, 10.49975 ], "texture": "#cherry_wood_1", "cullface": "south" }
			}
		},
		{
			"__comment": "Box49",
			"from": [ 14.4996, 12.4992, 16.0003 ],
			"to": [ 15.4996, 14.9992, 17.0003 ],
			"faces": {
				"down": { "uv": [ 14.49964, 0, 15.49964, 0.9997292 ], "texture": "#cherry_wood_1", "cullface": "south" },
				"up": { "uv": [ 14.49964, 15.00027, 15.49964, 16 ], "texture": "#cherry_wood_1", "cullface": "south" },
				"south": { "uv": [ 14.49964, 1.00081, 15.49964, 3.50081 ], "texture": "#cherry_wood_1", "cullface": "south" },
				"west": { "uv": [ 15.00027, 1.00081, 16, 3.50081 ], "texture": "#cherry_wood_1", "cullface": "south" },
				"east": { "uv": [ 0, 1.00081, 0.9997292, 3.50081 ], "texture": "#cherry_wood_1", "cullface": "south" }
			}
		},
		{
			"__comment": "Box39",
			"from": [ -0.9999, 3.5002, 0.1242 ],
			"to": [ 0.000100017, 11.0002, 1.1242 ],
			"faces": {
				"down": { "uv": [ 0.000062525, 14.87582, 1.000062, 15.87582 ], "texture": "#cherry_wood_1", "cullface": "west" },
				"up": { "uv": [ 0.000062525, 0.1241827, 1.000062, 1.124183 ], "texture": "#cherry_wood_1", "cullface": "west" },
				"north": { "uv": [ 14.99994, 4.99984, 15.99994, 12.49984 ], "texture": "#cherry_wood_1", "cullface": "west" },
				"south": { "uv": [ 0.000062525, 4.99984, 1.000062, 12.49984 ], "texture": "#cherry_wood_1", "cullface": "west" },
				"west": { "uv": [ 0.124183, 4.99984, 1.124183, 12.49984 ], "texture": "#cherry_wood_1", "cullface": "west" }
			}
		},
		{
			"__comment": "Box49",
			"from": [ -0.9998, 12.5003, 14.501 ],
			"to": [ 0.000200033, 15.0003, 15.501 ],
			"faces": {
				"down": { "uv": [ 0.00022608, 0.4989996, 1.000226, 1.499 ], "texture": "#cherry_wood_1", "cullface": "west" },
				"up": { "uv": [ 0.00022608, 14.501, 1.000226, 15.501 ], "texture": "#cherry_wood_1", "cullface": "west" },
				"north": { "uv": [ 14.99977, 0.9997301, 15.99977, 3.49973 ], "texture": "#cherry_wood_1", "cullface": "west" },
				"south": { "uv": [ 0.00022608, 0.9997301, 1.000226, 3.49973 ], "texture": "#cherry_wood_1", "cullface": "west" },
				"west": { "uv": [ 14.501, 0.9997301, 15.501, 3.49973 ], "texture": "#cherry_wood_1", "cullface": "west" }
			}
		},
		{
			"__comment": "Box40",
			"from": [ -0.9993, 3.0008, 2.9991 ],
			"to": [ 0.000700116, 15.0008, 3.9991 ],
			"faces": {
				"down": { "uv": [ 0.000745475, 12.00088, 1.000746, 13.00088 ], "texture": "#cherry_wood_1", "cullface": "west" },
				"up": { "uv": [ 0.000745475, 2.999119, 1.000746, 3.999119 ], "texture": "#cherry_wood_1", "cullface": "west" },
				"north": { "uv": [ 14.99925, 0.9991703, 15.99925, 12.99917 ], "texture": "#cherry_wood_1", "cullface": "west" },
				"south": { "uv": [ 0.000745475, 0.9991703, 1.000746, 12.99917 ], "texture": "#cherry_wood_1", "cullface": "west" },
				"west": { "uv": [ 2.999119, 0.9991703, 3.999119, 12.99917 ], "texture": "#cherry_wood_1", "cullface": "west" }
			}
		},
		{
			"__comment": "Box41",
			"from": [ -1.0002, -0.0007, 1.4994 ],
			"to": [ -0.000200152, 2.4993, 2.4994 ],
			"faces": {
				"down": { "uv": [ 0, 13.50064, 0.9997599, 14.50064 ], "texture": "#cherry_wood_1" },
				"up": { "uv": [ 0, 1.499355, 0.9997599, 2.499355 ], "texture": "#cherry_wood_1" },
				"north": { "uv": [ 15.00024, 13.50074, 16, 16 ], "texture": "#cherry_wood_1" },
				"south": { "uv": [ 0, 13.50074, 0.9997599, 16 ], "texture": "#cherry_wood_1" },
				"west": { "uv": [ 1.499355, 13.50074, 2.499355, 16 ], "texture": "#cherry_wood_1" }
			}
		},
		{
			"__comment": "Box42",
			"from": [ -0.9992, 9.9999, 5.4999 ],
			"to": [ 0.000800014, 15.4999, 6.4999 ],
			"faces": {
				"down": { "uv": [ 0.000796616, 9.500097, 1.000797, 10.5001 ], "texture": "#cherry_wood_1", "cullface": "west" },
				"up": { "uv": [ 0.000796616, 5.499903, 1.000797, 6.499903 ], "texture": "#cherry_wood_1", "cullface": "west" },
				"north": { "uv": [ 14.9992, 0.5001297, 15.9992, 6.00013 ], "texture": "#cherry_wood_1", "cullface": "west" },
				"south": { "uv": [ 0.000796616, 0.5001297, 1.000797, 6.00013 ], "texture": "#cherry_wood_1", "cullface": "west" },
				"west": { "uv": [ 5.499903, 0.5001297, 6.499903, 6.00013 ], "texture": "#cherry_wood_1", "cullface": "west" }
			}
		},
		{
			"__comment": "Box43",
			"from": [ -0.9993, 1.0003, 6.4994 ],
			"to": [ 0.000699997, 8.000299, 7.4994 ],
			"faces": {
				"down": { "uv": [ 0.000705481, 8.500608, 1.000705, 9.500608 ], "texture": "#cherry_wood_1", "cullface": "west" },
				"up": { "uv": [ 0.000705481, 6.499392, 1.000705, 7.499392 ], "texture": "#cherry_wood_1", "cullface": "west" },
				"north": { "uv": [ 14.99929, 7.999664, 15.99929, 14.99966 ], "texture": "#cherry_wood_1", "cullface": "west" },
				"south": { "uv": [ 0.000705481, 7.999664, 1.000705, 14.99966 ], "texture": "#cherry_wood_1", "cullface": "west" },
				"west": { "uv": [ 6.499391, 7.999664, 7.499391, 14.99966 ], "texture": "#cherry_wood_1", "cullface": "west" }
			}
		},
		{
			"__comment": "Box44",
			"from": [ -1.0003, 11.0001, 1.4994 ],
			"to": [ -0.000299335, 14.0001, 2.4994 ],
			"faces": {
				"down": { "uv": [ 0, 13.5006, 0.999683, 14.5006 ], "texture": "#cherry_wood_1", "cullface": "west" },
				"up": { "uv": [ 0, 1.499401, 0.999683, 2.499401 ], "texture": "#cherry_wood_1", "cullface": "west" },
				"north": { "uv": [ 15.00032, 1.99993, 16, 4.999929 ], "texture": "#cherry_wood_1", "cullface": "west" },
				"south": { "uv": [ 0, 1.99993, 0.999683, 4.999929 ], "texture": "#cherry_wood_1", "cullface": "west" },
				"west": { "uv": [ 1.499401, 1.99993, 2.499401, 4.999929 ], "texture": "#cherry_wood_1", "cullface": "west" }
			}
		},
		{
			"__comment": "Box45",
			"from": [ -0.9992, 0.9996, 9.0007 ],
			"to": [ 0.000800014, 14.9996, 10.0007 ],
			"faces": {
				"down": { "uv": [ 0.000759482, 5.99928, 1.000759, 6.999285 ], "texture": "#cherry_wood_1", "cullface": "west" },
				"up": { "uv": [ 0.000759482, 9.000715, 1.000759, 10.00072 ], "texture": "#cherry_wood_1", "cullface": "west" },
				"north": { "uv": [ 14.99924, 1.00036, 15.99924, 15.00036 ], "texture": "#cherry_wood_1", "cullface": "west" },
				"south": { "uv": [ 0.000759482, 1.00036, 1.000759, 15.00036 ], "texture": "#cherry_wood_1", "cullface": "west" },
				"west": { "uv": [ 9.000715, 1.00036, 10.00072, 15.00036 ], "texture": "#cherry_wood_1", "cullface": "west" }
			}
		},
		{
			"__comment": "Box46",
			"from": [ -0.9992, 0.5002, 14.0002 ],
			"to": [ 0.000799954, 2.5002, 15.0002 ],
			"faces": {
				"down": { "uv": [ 0.000846624, 0.9997702, 1.000847, 1.99977 ], "texture": "#cherry_wood_1", "cullface": "west" },
				"up": { "uv": [ 0.000846624, 14.00023, 1.000847, 15.00023 ], "texture": "#cherry_wood_1", "cullface": "west" },
				"north": { "uv": [ 14.99915, 13.49976, 15.99915, 15.49976 ], "texture": "#cherry_wood_1", "cullface": "west" },
				"south": { "uv": [ 0.000846624, 13.49976, 1.000847, 15.49976 ], "texture": "#cherry_wood_1", "cullface": "west" },
				"west": { "uv": [ 14.00023, 13.49976, 15.00023, 15.49976 ], "texture": "#cherry_wood_1", "cullface": "west" }
			}
		},
		{
			"__comment": "Box47",
			"from": [ -0.9991, 13.499, 11.5005 ],
			"to": [ 0.00090003, 15.999, 12.5005 ],
			"faces": {
				"down": { "uv": [ 0.000900328, 3.49947, 1.0009, 4.49947 ], "texture": "#cherry_wood_1", "cullface": "west" },
				"up": { "uv": [ 0.000900328, 11.50053, 1.0009, 12.50053 ], "texture": "#cherry_wood_1", "cullface": "west" },
				"north": { "uv": [ 14.9991, 0.000969887, 15.9991, 2.50097 ], "texture": "#cherry_wood_1", "cullface": "west" },
				"south": { "uv": [ 0.000900328, 0.000969887, 1.0009, 2.50097 ], "texture": "#cherry_wood_1", "cullface": "west" },
				"west": { "uv": [ 11.50053, 0.000969887, 12.50053, 2.50097 ], "texture": "#cherry_wood_1", "cullface": "west" }
			}
		},
		{
			"__comment": "Box48",
			"from": [ -0.9999, 5.5003, 12.4997 ],
			"to": [ 0.000100017, 13.0003, 13.4997 ],
			"faces": {
				"down": { "uv": [ 0.000112295, 2.50028, 1.000112, 3.50028 ], "texture": "#cherry_wood_1", "cullface": "west" },
				"up": { "uv": [ 0.000112295, 12.49972, 1.000112, 13.49972 ], "texture": "#cherry_wood_1", "cullface": "west" },
				"north": { "uv": [ 14.99989, 2.99975, 15.99989, 10.49975 ], "texture": "#cherry_wood_1", "cullface": "west" },
				"south": { "uv": [ 0.000112295, 2.99975, 1.000112, 10.49975 ], "texture": "#cherry_wood_1", "cullface": "west" },
				"west": { "uv": [ 12.49972, 2.99975, 13.49972, 10.49975 ], "texture": "#cherry_wood_1", "cullface": "west" }
			}
		},
		{
			"__comment": "Box39",
			"from": [ 14.8748, 16.0005, 3.4995 ],
			"to": [ 15.8748, 17.0005, 10.9995 ],
			"faces": {
				"up": { "uv": [ 14.87484, 3.499496, 15.87484, 10.9995 ], "texture": "#cherry_wood_1", "cullface": "up" },
				"north": { "uv": [ 0.1251602, 0, 1.12516, 0.9995403 ], "texture": "#cherry_wood_1", "cullface": "up" },
				"south": { "uv": [ 14.87484, 0, 15.87484, 0.9995403 ], "texture": "#cherry_wood_1", "cullface": "up" },
				"west": { "uv": [ 3.499496, 0, 10.9995, 0.9995403 ], "texture": "#cherry_wood_1", "cullface": "up" },
				"east": { "uv": [ 5.0005, 0, 12.5005, 0.9995403 ], "texture": "#cherry_wood_1", "cullface": "up" }
			}
		},
		{
			"__comment": "Box49",
			"from": [ 0.5002, 15.9992, 12.4998 ],
			"to": [ 1.5002, 16.9992, 14.9998 ],
			"faces": {
				"up": { "uv": [ 0.5001519, 12.49976, 1.500152, 14.99976 ], "texture": "#cherry_wood_1", "cullface": "up" },
				"north": { "uv": [ 14.49985, 0.000749588, 15.49985, 1.00075 ], "texture": "#cherry_wood_1", "cullface": "up" },
				"south": { "uv": [ 0.5001519, 0.000749588, 1.500152, 1.00075 ], "texture": "#cherry_wood_1", "cullface": "up" },
				"west": { "uv": [ 12.49976, 0.000749588, 14.99976, 1.00075 ], "texture": "#cherry_wood_1", "cullface": "up" },
				"east": { "uv": [ 1.00024, 0.000749588, 3.50024, 1.00075 ], "texture": "#cherry_wood_1", "cullface": "up" }
			}
		},
		{
			"__comment": "Box40",
			"from": [ 12.0003, 16.0007, 3.0003 ],
			"to": [ 13.0003, 17.0007, 15.0003 ],
			"faces": {
				"up": { "uv": [ 12.00031, 3.000332, 13.00031, 15.00033 ], "texture": "#cherry_wood_1", "cullface": "up" },
				"north": { "uv": [ 2.99969, 0, 3.99969, 0.9993305 ], "texture": "#cherry_wood_1", "cullface": "up" },
				"south": { "uv": [ 12.00031, 0, 13.00031, 0.9993305 ], "texture": "#cherry_wood_1", "cullface": "up" },
				"west": { "uv": [ 3.000332, 0, 15.00033, 0.9993305 ], "texture": "#cherry_wood_1", "cullface": "up" },
				"east": { "uv": [ 0.9996698, 0, 12.99967, 0.9993305 ], "texture": "#cherry_wood_1", "cullface": "up" }
			}
		},
		{
			"__comment": "Box41",
			"from": [ 13.4996, 15.9995, 0.0007 ],
			"to": [ 14.4996, 16.9995, 2.5007 ],
			"faces": {
				"up": { "uv": [ 13.49957, 0.00069809, 14.49957, 2.500698 ], "texture": "#cherry_wood_1", "cullface": "up" },
				"north": { "uv": [ 1.50043, 0.000509262, 2.50043, 1.00051 ], "texture": "#cherry_wood_1", "cullface": "up" },
				"south": { "uv": [ 13.49957, 0.000509262, 14.49957, 1.00051 ], "texture": "#cherry_wood_1", "cullface": "up" },
				"west": { "uv": [ 0.000698172, 0.000509262, 2.500698, 1.00051 ], "texture": "#cherry_wood_1", "cullface": "up" },
				"east": { "uv": [ 13.4993, 0.000509262, 15.9993, 1.00051 ], "texture": "#cherry_wood_1", "cullface": "up" }
			}
		},
		{
			"__comment": "Box42",
			"from": [ 9.4998, 16.0003, 9.9998 ],
			"to": [ 10.49981, 17.0003, 15.4998 ],
			"faces": {
				"up": { "uv": [ 9.499825, 9.999762, 10.49983, 15.49976 ], "texture": "#cherry_wood_1", "cullface": "up" },
				"north": { "uv": [ 5.50017, 0, 6.500175, 0.9996605 ], "texture": "#cherry_wood_1", "cullface": "up" },
				"south": { "uv": [ 9.499825, 0, 10.49983, 0.9996605 ], "texture": "#cherry_wood_1", "cullface": "up" },
				"west": { "uv": [ 9.999762, 0, 15.49976, 0.9996605 ], "texture": "#cherry_wood_1", "cullface": "up" },
				"east": { "uv": [ 0.5002403, 0, 6.000238, 0.9996605 ], "texture": "#cherry_wood_1", "cullface": "up" }
			}
		},
		{
			"__comment": "Box43",
			"from": [ 8.500899, 15.9996, 0.9991 ],
			"to": [ 9.500899, 16.9996, 7.999101 ],
			"faces": {
				"up": { "uv": [ 8.500935, 0.9991322, 9.500935, 7.999132 ], "texture": "#cherry_wood_1", "cullface": "up" },
				"north": { "uv": [ 6.499065, 0.000360489, 7.499065, 1.00036 ], "texture": "#cherry_wood_1", "cullface": "up" },
				"south": { "uv": [ 8.500935, 0.000360489, 9.500935, 1.00036 ], "texture": "#cherry_wood_1", "cullface": "up" },
				"west": { "uv": [ 0.9991317, 0.000360489, 7.999132, 1.00036 ], "texture": "#cherry_wood_1", "cullface": "up" },
				"east": { "uv": [ 8.000868, 0.000360489, 15.00087, 1.00036 ], "texture": "#cherry_wood_1", "cullface": "up" }
			}
		},
		{
			"__comment": "Box44",
			"from": [ 13.4999, 15.9995, 11.0009 ],
			"to": [ 14.4999, 16.9995, 14.0009 ],
			"faces": {
				"up": { "uv": [ 13.49992, 11.00091, 14.49992, 14.00091 ], "texture": "#cherry_wood_1", "cullface": "up" },
				"north": { "uv": [ 1.50008, 0.000490189, 2.50008, 1.00049 ], "texture": "#cherry_wood_1", "cullface": "up" },
				"south": { "uv": [ 13.49992, 0.000490189, 14.49992, 1.00049 ], "texture": "#cherry_wood_1", "cullface": "up" },
				"west": { "uv": [ 11.00091, 0.000490189, 14.00091, 1.00049 ], "texture": "#cherry_wood_1", "cullface": "up" },
				"east": { "uv": [ 1.99909, 0.000490189, 4.99909, 1.00049 ], "texture": "#cherry_wood_1", "cullface": "up" }
			}
		},
		{
			"__comment": "Box45",
			"from": [ 5.9998, 16.0008, 1.0007 ],
			"to": [ 6.9998, 17.0008, 15.0007 ],
			"faces": {
				"up": { "uv": [ 5.999754, 1.000679, 6.999754, 15.00068 ], "texture": "#cherry_wood_1", "cullface": "up" },
				"north": { "uv": [ 9.000246, 0, 10.00025, 0.9992104 ], "texture": "#cherry_wood_1", "cullface": "up" },
				"south": { "uv": [ 5.999754, 0, 6.999754, 0.9992104 ], "texture": "#cherry_wood_1", "cullface": "up" },
				"west": { "uv": [ 1.000679, 0, 15.00068, 0.9992104 ], "texture": "#cherry_wood_1", "cullface": "up" },
				"east": { "uv": [ 0.99932, 0, 14.99932, 0.9992104 ], "texture": "#cherry_wood_1", "cullface": "up" }
			}
		},
		{
			"__comment": "Box46",
			"from": [ 1.0001, 16, 0.4992 ],
			"to": [ 2.0001, 17, 2.4992 ],
			"faces": {
				"up": { "uv": [ 1.00013, 0.4991817, 2.00013, 2.499182 ], "texture": "#cherry_wood_1", "cullface": "up" },
				"north": { "uv": [ 13.99987, 0, 14.99987, 0.9999905 ], "texture": "#cherry_wood_1", "cullface": "up" },
				"south": { "uv": [ 1.00013, 0, 2.00013, 0.9999905 ], "texture": "#cherry_wood_1", "cullface": "up" },
				"west": { "uv": [ 0.499182, 0, 2.499182, 0.9999905 ], "texture": "#cherry_wood_1", "cullface": "up" },
				"east": { "uv": [ 13.50082, 0, 15.50082, 0.9999905 ], "texture": "#cherry_wood_1", "cullface": "up" }
			}
		},
		{
			"__comment": "Box47",
			"from": [ 3.4996, 16.0002, 13.4992 ],
			"to": [ 4.4996, 17.0002, 15.9992 ],
			"faces": {
				"up": { "uv": [ 3.499605, 13.49925, 4.499605, 15.99925 ], "texture": "#cherry_wood_1", "cullface": "up" },
				"north": { "uv": [ 11.50039, 0, 12.50039, 0.9998398 ], "texture": "#cherry_wood_1", "cullface": "up" },
				"south": { "uv": [ 3.499605, 0, 4.499605, 0.9998398 ], "texture": "#cherry_wood_1", "cullface": "up" },
				"west": { "uv": [ 13.49925, 0, 15.99925, 0.9998398 ], "texture": "#cherry_wood_1", "cullface": "up" },
				"east": { "uv": [ 0.000749588, 0, 2.50075, 0.9998398 ], "texture": "#cherry_wood_1", "cullface": "up" }
			}
		},
		{
			"__comment": "Box48",
			"from": [ 2.5006, 15.9995, 5.5006 ],
			"to": [ 3.5006, 16.9995, 13.0006 ],
			"faces": {
				"up": { "uv": [ 2.500582, 5.500594, 3.500582, 13.00059 ], "texture": "#cherry_wood_1", "cullface": "up" },
				"north": { "uv": [ 12.49942, 0.000509262, 13.49942, 1.00051 ], "texture": "#cherry_wood_1", "cullface": "up" },
				"south": { "uv": [ 2.500582, 0.000509262, 3.500582, 1.00051 ], "texture": "#cherry_wood_1", "cullface": "up" },
				"west": { "uv": [ 5.500594, 0.000509262, 13.00059, 1.00051 ], "texture": "#cherry_wood_1", "cullface": "up" },
				"east": { "uv": [ 2.99941, 0.000509262, 10.49941, 1.00051 ], "texture": "#cherry_wood_1", "cullface": "up" }
			}
		},
		{
			"__comment": "Box39",
			"from": [ 16.0006, 3.5, 14.8744 ],
			"to": [ 17.0006, 11, 15.8744 ],
			"faces": {
				"down": { "uv": [ 14.87555, 0.1256504, 15.87555, 1.12565 ], "texture": "#cherry_wood_1", "cullface": "east" },
				"up": { "uv": [ 14.87555, 14.87435, 15.87555, 15.87435 ], "texture": "#cherry_wood_1", "cullface": "east" },
				"north": { "uv": [ 0.1244507, 4.99998, 1.124451, 12.49998 ], "texture": "#cherry_wood_1", "cullface": "east" },
				"south": { "uv": [ 14.87555, 4.99998, 15.87555, 12.49998 ], "texture": "#cherry_wood_1", "cullface": "east" },
				"east": { "uv": [ 0.1256504, 4.99998, 1.12565, 12.49998 ], "texture": "#cherry_wood_1", "cullface": "east" }
			}
		},
		{
			"__comment": "Box49",
			"from": [ 15.9991, 12.5006, 0.4998 ],
			"to": [ 16.9991, 15.0006, 1.499799 ],
			"faces": {
				"down": { "uv": [ 14.8741, 14.50021, 15.8741, 15.5002 ], "texture": "#cherry_wood_1", "cullface": "east" },
				"up": { "uv": [ 14.8741, 0.4997959, 15.8741, 1.499795 ], "texture": "#cherry_wood_1", "cullface": "east" },
				"north": { "uv": [ 0.1259003, 0.9994097, 1.1259, 3.49941 ], "texture": "#cherry_wood_1", "cullface": "east" },
				"south": { "uv": [ 14.8741, 0.9994097, 15.8741, 3.49941 ], "texture": "#cherry_wood_1", "cullface": "east" },
				"east": { "uv": [ 14.50021, 0.9994097, 15.5002, 3.49941 ], "texture": "#cherry_wood_1", "cullface": "east" }
			}
		},
		{
			"__comment": "Box40",
			"from": [ 15.9995, 3.0004, 12.0002 ],
			"to": [ 16.99951, 15.00041, 13.0002 ],
			"faces": {
				"down": { "uv": [ 14.87451, 2.99984, 15.87452, 3.99984 ], "texture": "#cherry_wood_1", "cullface": "east" },
				"up": { "uv": [ 14.87451, 12.00016, 15.87452, 13.00016 ], "texture": "#cherry_wood_1", "cullface": "east" },
				"north": { "uv": [ 0.1254807, 0.9995499, 1.12549, 12.99956 ], "texture": "#cherry_wood_1", "cullface": "east" },
				"south": { "uv": [ 14.87451, 0.9995499, 15.87452, 12.99956 ], "texture": "#cherry_wood_1", "cullface": "east" },
				"east": { "uv": [ 2.99984, 0.9995499, 3.99984, 12.99956 ], "texture": "#cherry_wood_1", "cullface": "east" }
			}
		},
		{
			"__comment": "Box41",
			"from": [ 15.9997, 0.0001, 13.4998 ],
			"to": [ 16.9997, 2.5001, 14.4998 ],
			"faces": {
				"down": { "uv": [ 14.87468, 1.50017, 15.87468, 2.50017 ], "texture": "#cherry_wood_1", "cullface": "east" },
				"up": { "uv": [ 14.87468, 13.49983, 15.87468, 14.49983 ], "texture": "#cherry_wood_1", "cullface": "east" },
				"north": { "uv": [ 0.1253204, 13.49992, 1.12532, 15.99992 ], "texture": "#cherry_wood_1", "cullface": "east" },
				"south": { "uv": [ 14.87468, 13.49992, 15.87468, 15.99992 ], "texture": "#cherry_wood_1", "cullface": "east" },
				"east": { "uv": [ 1.50017, 13.49992, 2.50017, 15.99992 ], "texture": "#cherry_wood_1", "cullface": "east" }
			}
		},
		{
			"__comment": "Box42",
			"from": [ 15.9992, 10.0005, 9.5004 ],
			"to": [ 16.9992, 15.5005, 10.5004 ],
			"faces": {
				"down": { "uv": [ 14.87425, 5.49958, 15.87425, 6.499582 ], "texture": "#cherry_wood_1", "cullface": "east" },
				"up": { "uv": [ 14.87425, 9.500418, 15.87425, 10.50042 ], "texture": "#cherry_wood_1", "cullface": "east" },
				"north": { "uv": [ 0.1257496, 0.4994698, 1.12575, 5.99947 ], "texture": "#cherry_wood_1", "cullface": "east" },
				"south": { "uv": [ 14.87425, 0.4994698, 15.87425, 5.99947 ], "texture": "#cherry_wood_1", "cullface": "east" },
				"east": { "uv": [ 5.49958, 0.4994698, 6.499582, 5.99947 ], "texture": "#cherry_wood_1", "cullface": "east" }
			}
		},
		{
			"__comment": "Box43",
			"from": [ 15.9997, 0.9994, 8.500899 ],
			"to": [ 16.9997, 7.9994, 9.500899 ],
			"faces": {
				"down": { "uv": [ 14.87472, 6.499086, 15.87472, 7.499086 ], "texture": "#cherry_wood_1", "cullface": "east" },
				"up": { "uv": [ 14.87472, 8.500914, 15.87472, 9.500914 ], "texture": "#cherry_wood_1", "cullface": "east" },
				"north": { "uv": [ 0.1252804, 8.000624, 1.12528, 15.00062 ], "texture": "#cherry_wood_1", "cullface": "east" },
				"south": { "uv": [ 14.87472, 8.000624, 15.87472, 15.00062 ], "texture": "#cherry_wood_1", "cullface": "east" },
				"east": { "uv": [ 6.499086, 8.000624, 7.499086, 15.00062 ], "texture": "#cherry_wood_1", "cullface": "east" }
			}
		},
		{
			"__comment": "Box44",
			"from": [ 16, 10.9993, 13.4993 ],
			"to": [ 17, 13.9993, 14.4993 ],
			"faces": {
				"down": { "uv": [ 14.87501, 1.50066, 15.87501, 2.50066 ], "texture": "#cherry_wood_1", "cullface": "east" },
				"up": { "uv": [ 14.87501, 13.49934, 15.87501, 14.49934 ], "texture": "#cherry_wood_1", "cullface": "east" },
				"north": { "uv": [ 0.1249905, 2.00065, 1.12499, 5.00065 ], "texture": "#cherry_wood_1", "cullface": "east" },
				"south": { "uv": [ 14.87501, 2.00065, 15.87501, 5.00065 ], "texture": "#cherry_wood_1", "cullface": "east" },
				"east": { "uv": [ 1.50066, 2.00065, 2.50066, 5.00065 ], "texture": "#cherry_wood_1", "cullface": "east" }
			}
		},
		{
			"__comment": "Box45",
			"from": [ 16.0001, 0.9995, 6.0002 ],
			"to": [ 17.0001, 14.9995, 7.0002 ],
			"faces": {
				"down": { "uv": [ 14.8751, 8.999774, 15.8751, 9.999774 ], "texture": "#cherry_wood_1", "cullface": "east" },
				"up": { "uv": [ 14.8751, 6.000226, 15.8751, 7.000226 ], "texture": "#cherry_wood_1", "cullface": "east" },
				"north": { "uv": [ 0.1249008, 1.00054, 1.124901, 15.00054 ], "texture": "#cherry_wood_1", "cullface": "east" },
				"south": { "uv": [ 14.8751, 1.00054, 15.8751, 15.00054 ], "texture": "#cherry_wood_1", "cullface": "east" },
				"east": { "uv": [ 8.999774, 1.00054, 9.999774, 15.00054 ], "texture": "#cherry_wood_1", "cullface": "east" }
			}
		},
		{
			"__comment": "Box46",
			"from": [ 15.9992, 0.4995, 0.9995 ],
			"to": [ 16.9992, 2.4995, 1.9995 ],
			"faces": {
				"down": { "uv": [ 14.87423, 14.00053, 15.87423, 15.00053 ], "texture": "#cherry_wood_1", "cullface": "east" },
				"up": { "uv": [ 14.87423, 0.9994678, 15.87423, 1.999468 ], "texture": "#cherry_wood_1", "cullface": "east" },
				"north": { "uv": [ 0.1257715, 13.50054, 1.125771, 15.50054 ], "texture": "#cherry_wood_1", "cullface": "east" },
				"south": { "uv": [ 14.87423, 13.50054, 15.87423, 15.50054 ], "texture": "#cherry_wood_1", "cullface": "east" },
				"east": { "uv": [ 14.00053, 13.50054, 15.00053, 15.50054 ], "texture": "#cherry_wood_1", "cullface": "east" }
			}
		},
		{
			"__comment": "Box47",
			"from": [ 15.9993, 13.5009, 3.5006 ],
			"to": [ 16.9993, 16.0009, 4.5006 ],
			"faces": {
				"down": { "uv": [ 14.87434, 11.49942, 15.87434, 12.49942 ], "texture": "#cherry_wood_1", "cullface": "east" },
				"up": { "uv": [ 14.87434, 3.50058, 15.87434, 4.50058 ], "texture": "#cherry_wood_1", "cullface": "east" },
				"north": { "uv": [ 0.1256599, 0, 1.12566, 2.49911 ], "texture": "#cherry_wood_1", "cullface": "east" },
				"south": { "uv": [ 14.87434, 0, 15.87434, 2.49911 ], "texture": "#cherry_wood_1", "cullface": "east" },
				"east": { "uv": [ 11.49942, 0, 12.49942, 2.49911 ], "texture": "#cherry_wood_1", "cullface": "east" }
			}
		},
		{
			"__comment": "Box48",
			"from": [ 16.0006, 5.4991, 2.5006 ],
			"to": [ 17.0006, 12.9991, 3.5006 ],
			"faces": {
				"down": { "uv": [ 14.87561, 12.49943, 15.87561, 13.49943 ], "texture": "#cherry_wood_1", "cullface": "east" },
				"up": { "uv": [ 14.87561, 2.500566, 15.87561, 3.500566 ], "texture": "#cherry_wood_1", "cullface": "east" },
				"north": { "uv": [ 0.1243896, 3.00087, 1.12439, 10.50087 ], "texture": "#cherry_wood_1", "cullface": "east" },
				"south": { "uv": [ 14.87561, 3.00087, 15.87561, 10.50087 ], "texture": "#cherry_wood_1", "cullface": "east" },
				"east": { "uv": [ 12.49943, 3.00087, 13.49943, 10.50087 ], "texture": "#cherry_wood_1", "cullface": "east" }
			}
		},
		{
			"__comment": "Box44",
			"from": [ 13.4991, 11.0002, -0.9992 ],
			"to": [ 14.4991, 14.0002, 0.000800014 ],
			"faces": {
				"down": { "uv": [ 13.49912, 14.99921, 14.49912, 15.99921 ], "texture": "#cherry_wood_1", "cullface": "north" },
				"up": { "uv": [ 13.49912, 0.000793457, 14.49912, 1.000793 ], "texture": "#cherry_wood_1", "cullface": "north" },
				"north": { "uv": [ 1.50088, 1.99975, 2.50088, 4.99975 ], "texture": "#cherry_wood_1", "cullface": "north" },
				"west": { "uv": [ 0.00079298, 1.99975, 1.000793, 4.99975 ], "texture": "#cherry_wood_1", "cullface": "north" },
				"east": { "uv": [ 14.99921, 1.99975, 15.99921, 4.99975 ], "texture": "#cherry_wood_1", "cullface": "north" }
			}
		},
		{
			"__comment": "Box41",
			"from": [ 13.4997, 0.0009, -1.0004 ],
			"to": [ 14.4997, 2.500901, -0.000400305 ],
			"faces": {
				"down": { "uv": [ 13.49966, 15.00036, 14.49966, 16 ], "texture": "#cherry_wood_1", "cullface": "north" },
				"up": { "uv": [ 13.49966, 0, 14.49966, 0.9996424 ], "texture": "#cherry_wood_1", "cullface": "north" },
				"north": { "uv": [ 1.50034, 13.49907, 2.50034, 15.99907 ], "texture": "#cherry_wood_1", "cullface": "north" },
				"west": { "uv": [ 0, 13.49907, 0.9996426, 15.99907 ], "texture": "#cherry_wood_1", "cullface": "north" },
				"east": { "uv": [ 15.00036, 13.49907, 16, 15.99907 ], "texture": "#cherry_wood_1", "cullface": "north" }
			}
		},
		{
			"__comment": "Box42",
			"from": [ 9.5004, 9.999599, -1.0007 ],
			"to": [ 10.5004, 15.4996, -0.000699759 ],
			"faces": {
				"down": { "uv": [ 9.500402, 15.0007, 10.5004, 16 ], "texture": "#cherry_wood_1", "cullface": "north" },
				"up": { "uv": [ 9.500402, 0, 10.5004, 0.999301 ], "texture": "#cherry_wood_1", "cullface": "north" },
				"north": { "uv": [ 5.4996, 0.5003595, 6.499598, 6.00036 ], "texture": "#cherry_wood_1", "cullface": "north" },
				"west": { "uv": [ 0, 0.5003595, 0.9993012, 6.00036 ], "texture": "#cherry_wood_1", "cullface": "north" },
				"east": { "uv": [ 15.0007, 0.5003595, 16, 6.00036 ], "texture": "#cherry_wood_1", "cullface": "north" }
			}
		},
		{
			"__comment": "Box43",
			"from": [ 8.500299, 0.9995, -0.9996 ],
			"to": [ 9.500299, 7.999499, 0.000400007 ],
			"faces": {
				"down": { "uv": [ 8.500274, 14.99959, 9.500274, 15.99959 ], "texture": "#cherry_wood_1", "cullface": "north" },
				"up": { "uv": [ 8.500274, 0.000409126, 9.500274, 1.000409 ], "texture": "#cherry_wood_1", "cullface": "north" },
				"north": { "uv": [ 6.499726, 8.000525, 7.499726, 15.00052 ], "texture": "#cherry_wood_1", "cullface": "north" },
				"west": { "uv": [ 0.000409365, 8.000525, 1.000409, 15.00052 ], "texture": "#cherry_wood_1", "cullface": "north" },
				"east": { "uv": [ 14.99959, 8.000525, 15.99959, 15.00052 ], "texture": "#cherry_wood_1", "cullface": "north" }
			}
		},
		{
			"__comment": "Box45",
			"from": [ 6.0008, 1.0007, -0.9995 ],
			"to": [ 7.0008, 15.0007, 0.000500023 ],
			"faces": {
				"down": { "uv": [ 6.000789, 14.99946, 7.000789, 15.99946 ], "texture": "#cherry_wood_1", "cullface": "north" },
				"up": { "uv": [ 6.000789, 0.000535965, 7.000789, 1.000536 ], "texture": "#cherry_wood_1", "cullface": "north" },
				"north": { "uv": [ 8.99921, 0.9993296, 9.99921, 14.99933 ], "texture": "#cherry_wood_1", "cullface": "north" },
				"west": { "uv": [ 0.000535727, 0.9993296, 1.000536, 14.99933 ], "texture": "#cherry_wood_1", "cullface": "north" },
				"east": { "uv": [ 14.99946, 0.9993296, 15.99946, 14.99933 ], "texture": "#cherry_wood_1", "cullface": "north" }
			}
		},
		{
			"__comment": "Box48",
			"from": [ 2.4992, 5.4998, -0.9993 ],
			"to": [ 3.4992, 12.9998, 0.000699997 ],
			"faces": {
				"down": { "uv": [ 2.499203, 14.99934, 3.499203, 15.99934 ], "texture": "#cherry_wood_1", "cullface": "north" },
				"up": { "uv": [ 2.499203, 0.000656128, 3.499203, 1.000656 ], "texture": "#cherry_wood_1", "cullface": "north" },
				"north": { "uv": [ 12.5008, 3.00018, 13.5008, 10.50018 ], "texture": "#cherry_wood_1", "cullface": "north" },
				"west": { "uv": [ 0.000656128, 3.00018, 1.000656, 10.50018 ], "texture": "#cherry_wood_1", "cullface": "north" },
				"east": { "uv": [ 14.99934, 3.00018, 15.99934, 10.50018 ], "texture": "#cherry_wood_1", "cullface": "north" }
			}
		},
		{
			"__comment": "Box49",
			"from": [ 0.4995, 12.5003, -0.9998 ],
			"to": [ 1.4995, 15.0003, 0.000200152 ],
			"faces": {
				"down": { "uv": [ 0.499535, 14.99981, 1.499535, 15.99981 ], "texture": "#cherry_wood_1", "cullface": "north" },
				"up": { "uv": [ 0.499535, 0.000189781, 1.499535, 1.00019 ], "texture": "#cherry_wood_1", "cullface": "north" },
				"north": { "uv": [ 14.50047, 0.9997101, 15.50047, 3.49971 ], "texture": "#cherry_wood_1", "cullface": "north" },
				"west": { "uv": [ 0.000189781, 0.9997101, 1.00019, 3.49971 ], "texture": "#cherry_wood_1", "cullface": "north" },
				"east": { "uv": [ 14.99981, 0.9997101, 15.99981, 3.49971 ], "texture": "#cherry_wood_1", "cullface": "north" }
			}
		},
		{
			"__comment": "Box47",
			"from": [ 3.5006, 13.4998, -0.9994 ],
			"to": [ 4.5006, 15.9998, 0.000600159 ],
			"faces": {
				"down": { "uv": [ 3.500575, 14.99935, 4.500575, 15.99935 ], "texture": "#cherry_wood_1", "cullface": "north" },
				"up": { "uv": [ 3.500575, 0.000645638, 4.500575, 1.000646 ], "texture": "#cherry_wood_1", "cullface": "north" },
				"north": { "uv": [ 11.49942, 0.000160217, 12.49942, 2.50016 ], "texture": "#cherry_wood_1", "cullface": "north" },
				"west": { "uv": [ 0.000645638, 0.000160217, 1.000646, 2.50016 ], "texture": "#cherry_wood_1", "cullface": "north" },
				"east": { "uv": [ 14.99935, 0.000160217, 15.99935, 2.50016 ], "texture": "#cherry_wood_1", "cullface": "north" }
			}
		},
		{
			"__comment": "Box46",
			"from": [ 1.0005, 0.5001, -0.9995 ],
			"to": [ 2.0005, 2.5001, 0.000500023 ],
			"faces": {
				"down": { "uv": [ 1.0005, 14.99953, 2.0005, 15.99953 ], "texture": "#cherry_wood_1", "cullface": "north" },
				"up": { "uv": [ 1.0005, 0.000472069, 2.0005, 1.000472 ], "texture": "#cherry_wood_1", "cullface": "north" },
				"north": { "uv": [ 13.9995, 13.49994, 14.9995, 15.49993 ], "texture": "#cherry_wood_1", "cullface": "north" },
				"west": { "uv": [ 0.000472069, 13.49994, 1.000472, 15.49993 ], "texture": "#cherry_wood_1", "cullface": "north" },
				"east": { "uv": [ 14.99953, 13.49994, 15.99953, 15.49993 ], "texture": "#cherry_wood_1", "cullface": "north" }
			}
		},
		{
			"__comment": "Box40",
			"from": [ 12, 3.0006, -0.9999 ],
			"to": [ 13, 15.0006, 0.000100017 ],
			"faces": {
				"down": { "uv": [ 12.00004, 14.9999, 13.00004, 15.9999 ], "texture": "#cherry_wood_1", "cullface": "north" },
				"up": { "uv": [ 12.00004, 0.000103951, 13.00004, 1.000104 ], "texture": "#cherry_wood_1", "cullface": "north" },
				"north": { "uv": [ 2.99996, 0.9993496, 3.99996, 12.99935 ], "texture": "#cherry_wood_1", "cullface": "north" },
				"west": { "uv": [ 0.000104189, 0.9993496, 1.000104, 12.99935 ], "texture": "#cherry_wood_1", "cullface": "north" },
				"east": { "uv": [ 14.9999, 0.9993496, 15.9999, 12.99935 ], "texture": "#cherry_wood_1", "cullface": "north" }
			}
		},
		{
			"__comment": "Box39",
			"from": [ 14.8749, 3.4994, -1.0009 ],
			"to": [ 15.8749, 10.9994, -0.000899673 ],
			"faces": {
				"down": { "uv": [ 14.87493, 15.00093, 15.87493, 16 ], "texture": "#cherry_wood_1", "cullface": "north" },
				"up": { "uv": [ 14.87493, 0, 15.87493, 0.9990749 ], "texture": "#cherry_wood_1", "cullface": "north" },
				"north": { "uv": [ 0.1250696, 5.00062, 1.12507, 12.50062 ], "texture": "#cherry_wood_1", "cullface": "north" },
				"west": { "uv": [ 0, 5.00062, 0.9990754, 12.50062 ], "texture": "#cherry_wood_1", "cullface": "north" },
				"east": { "uv": [ 15.00093, 5.00062, 16, 12.50062 ], "texture": "#cherry_wood_1", "cullface": "north" }
			}
		},
		{
			"__comment": "Box39",
			"from": [ 14.8754, -0.9997, 5.0005 ],
			"to": [ 15.8754, 0.000300288, 12.5005 ],
			"faces": {
				"down": { "uv": [ 14.87541, 3.49945, 15.87541, 10.99945 ], "texture": "#cherry_wood_1", "cullface": "down" },
				"north": { "uv": [ 0.1245899, 14.99973, 1.12459, 15.99973 ], "texture": "#cherry_wood_1", "cullface": "down" },
				"south": { "uv": [ 14.87541, 14.99973, 15.87541, 15.99973 ], "texture": "#cherry_wood_1", "cullface": "down" },
				"west": { "uv": [ 5.000547, 14.99973, 12.50055, 15.99973 ], "texture": "#cherry_wood_1", "cullface": "down" },
				"east": { "uv": [ 3.49945, 14.99973, 10.99945, 15.99973 ], "texture": "#cherry_wood_1", "cullface": "down" }
			}
		},
		{
			"__comment": "Box49",
			"from": [ 0.5006, -1.0001, 1 ],
			"to": [ 1.5006, -0.000099778, 3.5 ],
			"faces": {
				"down": { "uv": [ 0.5005561, 12.49996, 1.500556, 14.99996 ], "texture": "#cherry_wood_1", "cullface": "down" },
				"north": { "uv": [ 14.49944, 15.00013, 15.49944, 16 ], "texture": "#cherry_wood_1", "cullface": "down" },
				"south": { "uv": [ 0.5005561, 15.00013, 1.500556, 16 ], "texture": "#cherry_wood_1", "cullface": "down" },
				"west": { "uv": [ 1.000035, 15.00013, 3.500035, 16 ], "texture": "#cherry_wood_1", "cullface": "down" },
				"east": { "uv": [ 12.49996, 15.00013, 14.99996, 16 ], "texture": "#cherry_wood_1", "cullface": "down" }
			}
		},
		{
			"__comment": "Box40",
			"from": [ 11.9999, -0.9992, 1.0003 ],
			"to": [ 12.9999, 0.000800014, 13.0003 ],
			"faces": {
				"down": { "uv": [ 11.9999, 2.99975, 12.9999, 14.99975 ], "texture": "#cherry_wood_1", "cullface": "down" },
				"north": { "uv": [ 3.0001, 14.99922, 4.0001, 15.99922 ], "texture": "#cherry_wood_1", "cullface": "down" },
				"south": { "uv": [ 11.9999, 14.99922, 12.9999, 15.99922 ], "texture": "#cherry_wood_1", "cullface": "down" },
				"west": { "uv": [ 1.000251, 14.99922, 13.00025, 15.99922 ], "texture": "#cherry_wood_1", "cullface": "down" },
				"east": { "uv": [ 2.99975, 14.99922, 14.99975, 15.99922 ], "texture": "#cherry_wood_1", "cullface": "down" }
			}
		},
		{
			"__comment": "Box41",
			"from": [ 13.4993, -0.9996, 13.5003 ],
			"to": [ 14.4993, 0.000399947, 16.0003 ],
			"faces": {
				"down": { "uv": [ 13.49934, 0, 14.49934, 2.49974 ], "texture": "#cherry_wood_1", "cullface": "down" },
				"north": { "uv": [ 1.50066, 14.99956, 2.50066, 15.99956 ], "texture": "#cherry_wood_1", "cullface": "down" },
				"south": { "uv": [ 13.49934, 14.99956, 14.49934, 15.99956 ], "texture": "#cherry_wood_1", "cullface": "down" },
				"west": { "uv": [ 13.50026, 14.99956, 16, 15.99956 ], "texture": "#cherry_wood_1", "cullface": "down" },
				"east": { "uv": [ 0, 14.99956, 2.49974, 15.99956 ], "texture": "#cherry_wood_1", "cullface": "down" }
			}
		},
		{
			"__comment": "Box42",
			"from": [ 9.4997, -1, 0.4996 ],
			"to": [ 10.4997, -0.000000358, 5.9996 ],
			"faces": {
				"down": { "uv": [ 9.499667, 10.00038, 10.49967, 15.50038 ], "texture": "#cherry_wood_1", "cullface": "down" },
				"north": { "uv": [ 5.50033, 15.00004, 6.500333, 16 ], "texture": "#cherry_wood_1", "cullface": "down" },
				"south": { "uv": [ 9.499667, 15.00004, 10.49967, 16 ], "texture": "#cherry_wood_1", "cullface": "down" },
				"west": { "uv": [ 0.4996236, 15.00004, 5.999624, 16 ], "texture": "#cherry_wood_1", "cullface": "down" },
				"east": { "uv": [ 10.00038, 15.00004, 15.50038, 16 ], "texture": "#cherry_wood_1", "cullface": "down" }
			}
		},
		{
			"__comment": "Box43",
			"from": [ 8.500899, -1.0007, 7.9992 ],
			"to": [ 9.500899, -0.000699878, 14.9992 ],
			"faces": {
				"down": { "uv": [ 8.500916, 1.00084, 9.500916, 8.000837 ], "texture": "#cherry_wood_1", "cullface": "down" },
				"north": { "uv": [ 6.499084, 15.00073, 7.499084, 16 ], "texture": "#cherry_wood_1", "cullface": "down" },
				"south": { "uv": [ 8.500916, 15.00073, 9.500916, 16 ], "texture": "#cherry_wood_1", "cullface": "down" },
				"west": { "uv": [ 7.999163, 15.00073, 14.99916, 16 ], "texture": "#cherry_wood_1", "cullface": "down" },
				"east": { "uv": [ 1.00084, 15.00073, 8.000837, 16 ], "texture": "#cherry_wood_1", "cullface": "down" }
			}
		},
		{
			"__comment": "Box44",
			"from": [ 13.4992, -0.9993, 1.9996 ],
			"to": [ 14.4992, 0.000699997, 4.9996 ],
			"faces": {
				"down": { "uv": [ 13.4992, 11.00035, 14.4992, 14.00035 ], "texture": "#cherry_wood_1", "cullface": "down" },
				"north": { "uv": [ 1.5008, 14.99931, 2.5008, 15.99931 ], "texture": "#cherry_wood_1", "cullface": "down" },
				"south": { "uv": [ 13.4992, 14.99931, 14.4992, 15.99931 ], "texture": "#cherry_wood_1", "cullface": "down" },
				"west": { "uv": [ 1.999649, 14.99931, 4.999649, 15.99931 ], "texture": "#cherry_wood_1", "cullface": "down" },
				"east": { "uv": [ 11.00035, 14.99931, 14.00035, 15.99931 ], "texture": "#cherry_wood_1", "cullface": "down" }
			}
		},
		{
			"__comment": "Box45",
			"from": [ 6.0001, -0.9998, 1.0007 ],
			"to": [ 7.0001, 0.000200033, 15.0007 ],
			"faces": {
				"down": { "uv": [ 6.000145, 0.9992599, 7.000145, 14.99926 ], "texture": "#cherry_wood_1", "cullface": "down" },
				"north": { "uv": [ 8.999855, 14.99979, 9.999855, 15.99979 ], "texture": "#cherry_wood_1", "cullface": "down" },
				"south": { "uv": [ 6.000145, 14.99979, 7.000145, 15.99979 ], "texture": "#cherry_wood_1", "cullface": "down" },
				"west": { "uv": [ 1.000735, 14.99979, 15.00074, 15.99979 ], "texture": "#cherry_wood_1", "cullface": "down" },
				"east": { "uv": [ 0.9992602, 14.99979, 14.99926, 15.99979 ], "texture": "#cherry_wood_1", "cullface": "down" }
			}
		},
		{
			"__comment": "Box46",
			"from": [ 1.0009, -1, 13.4993 ],
			"to": [ 2.0009, 0, 15.4993 ],
			"faces": {
				"down": { "uv": [ 1.00087, 0.50068, 2.00087, 2.50068 ], "texture": "#cherry_wood_1", "cullface": "down" },
				"north": { "uv": [ 13.99913, 14.99998, 14.99913, 15.99998 ], "texture": "#cherry_wood_1", "cullface": "down" },
				"south": { "uv": [ 1.00087, 14.99998, 2.00087, 15.99998 ], "texture": "#cherry_wood_1", "cullface": "down" },
				"west": { "uv": [ 13.49932, 14.99998, 15.49932, 15.99998 ], "texture": "#cherry_wood_1", "cullface": "down" },
				"east": { "uv": [ 0.50068, 14.99998, 2.50068, 15.99998 ], "texture": "#cherry_wood_1", "cullface": "down" }
			}
		},
		{
			"__comment": "Box47",
			"from": [ 3.4999, -1.0008, 0.0005 ],
			"to": [ 4.4999, -0.000800133, 2.5005 ],
			"faces": {
				"down": { "uv": [ 3.4999, 13.49953, 4.4999, 15.99953 ], "texture": "#cherry_wood_1", "cullface": "down" },
				"north": { "uv": [ 11.5001, 15.00078, 12.5001, 16 ], "texture": "#cherry_wood_1", "cullface": "down" },
				"south": { "uv": [ 3.4999, 15.00078, 4.4999, 16 ], "texture": "#cherry_wood_1", "cullface": "down" },
				"west": { "uv": [ 0.000469014, 15.00078, 2.500469, 16 ], "texture": "#cherry_wood_1", "cullface": "down" },
				"east": { "uv": [ 13.49953, 15.00078, 15.99953, 16 ], "texture": "#cherry_wood_1", "cullface": "down" }
			}
		},
		{
			"__comment": "Box48",
			"from": [ 2.4999, -1.0007, 3.0002 ],
			"to": [ 3.4999, -0.000699759, 10.5002 ],
			"faces": {
				"down": { "uv": [ 2.499878, 5.499821, 3.499878, 12.99982 ], "texture": "#cherry_wood_1", "cullface": "down" },
				"north": { "uv": [ 12.50012, 15.0007, 13.50012, 16 ], "texture": "#cherry_wood_1", "cullface": "down" },
				"south": { "uv": [ 2.499878, 15.0007, 3.499878, 16 ], "texture": "#cherry_wood_1", "cullface": "down" },
				"west": { "uv": [ 3.000177, 15.0007, 10.50018, 16 ], "texture": "#cherry_wood_1", "cullface": "down" },
				"east": { "uv": [ 5.49982, 15.0007, 12.99982, 16 ], "texture": "#cherry_wood_1", "cullface": "down" }
			}
		}
	],
	"display": {
		"thirdperson_righthand": {
			"rotation":  [ 75, 45, 0 ],
			"translation":  [ 0, 2.5, 0 ],
			"scale":  [ 0.375, 0.375, 0.375 ]
		},
		"thirdperson_lefthand": {
			"rotation":  [ 75, 45, 0 ],
			"translation":  [ 0, 2.5, 0 ],
			"scale":  [ 0.375, 0.375, 0.375 ]
		},
		"firstperson_righthand": {
			"rotation":  [ 0, 45, 0 ],
			"scale":  [ 0.4, 0.4, 0.4 ]
		},
		"firstperson_lefthand": {
			"rotation":  [ 0, 45, 0 ],
			"scale":  [ 0.4, 0.4, 0.4 ]
		},
		"gui": {
			"rotation":  [ 30, 225, 0 ],
			"scale":  [ 0.625, 0.625, 0.625 ]
		},
		"ground": {
			"translation":  [ 0, 3, 0 ],
			"scale":  [ 0.25, 0.25, 0.25 ]
		}
	}
}