{
	"__comment": "Designed by Interhell2000 with Cubik Studio - https://cubik.studio",
	"ambientocclusion": false,
	"textures": {
		"particle": "block/c/chiseled_bookshelf/chiseled_bookshelf",
		"chiseled_bookshelf_1": "block/c/chiseled_bookshelf/chiseled_bookshelf_1",
		"chiseled_bookshelf_2": "block/c/chiseled_bookshelf/chiseled_bookshelf_2",
		"chiseled_bookshelf_3": "block/c/chiseled_bookshelf/chiseled_bookshelf_3",
		"chiseled_bookshelf_4": "block/c/chiseled_bookshelf/chiseled_bookshelf_4"
	},
	"elements": [ 	 
		{
			"__comment": "Box1",
			"from": [ 1, 0, 1 ],
			"to": [ 15, 1, 15 ],
			"faces": {
				"down": { "uv": [ 1, 0, 15, 15 ], "texture": "#chiseled_bookshelf_1", "cullface": "down", "rotation": 180 },
				"up": { "uv": [ 1, 1, 15, 16 ], "texture": "#chiseled_bookshelf_2", "rotation": 180 }
			}
		},
		{
			"__comment": "Box1",
			"from": [ 1, 7, 0 ],
			"to": [ 15, 9, 15 ],
			"faces": {
				"down": { "uv": [ 1, 0, 15, 15 ], "texture": "#chiseled_bookshelf_2", "rotation": 180 },
				"up": { "uv": [ 1, 1, 15, 16 ], "texture": "#chiseled_bookshelf_2", "rotation": 180 },
				"north": { "uv": [ 2, 7, 14, 9 ], "texture": "#chiseled_bookshelf_4", "cullface": "north" },
				"west": { "uv": [ 0, 7, 15, 9 ], "texture": "#chiseled_bookshelf_1" },
				"east": { "uv": [ 1, 7, 16, 9 ], "texture": "#chiseled_bookshelf_1" }
			}
		},
		{
			"__comment": "Box1",
			"from": [ 1, 15, 1 ],
			"to": [ 15, 16, 15 ],
			"faces": {
				"down": { "uv": [ 1, 0, 15, 15 ], "texture": "#chiseled_bookshelf_2", "rotation": 180 },
				"up": { "uv": [ 1, 1, 15, 16 ], "texture": "#chiseled_bookshelf_1", "cullface": "up", "rotation": 180 }
			}
		},
		{
			"__comment": "Box4",
			"from": [ 15, 0, 1.0001 ],
			"to": [ 16, 16, 15.0001 ],
			"faces": {
				"down": { "uv": [ 0, 0, 1, 15 ], "texture": "#chiseled_bookshelf_1", "cullface": "down", "rotation": 180 },
				"up": { "uv": [ 0, 1, 1, 16 ], "texture": "#chiseled_bookshelf_1", "cullface": "up", "rotation": 180 },
				"west": { "uv": [ 0, 0, 15, 16 ], "texture": "#chiseled_bookshelf_2" },
				"east": { "uv": [ 1, 0, 16, 16 ], "texture": "#chiseled_bookshelf_1", "cullface": "east" }
			}
		},
		{
			"__comment": "Box4",
			"from": [ 0, 0, 1 ],
			"to": [ 1, 16, 15 ],
			"faces": {
				"down": { "uv": [ 15, 0, 16, 15 ], "texture": "#chiseled_bookshelf_1", "cullface": "down", "rotation": 180 },
				"up": { "uv": [ 15, 1, 16, 16 ], "texture": "#chiseled_bookshelf_1", "cullface": "up", "rotation": 180 },
				"west": { "uv": [ 0, 0, 15, 16 ], "texture": "#chiseled_bookshelf_1", "cullface": "west" },
				"east": { "uv": [ 1, 0, 16, 16 ], "texture": "#chiseled_bookshelf_2" }
			}
		},
		{
			"__comment": "Box6",
			"from": [ 0, 0, 15 ],
			"to": [ 16, 16, 16 ],
			"faces": {
				"down": { "uv": [ 0, 15, 16, 16 ], "texture": "#chiseled_bookshelf_1", "cullface": "down", "rotation": 180 },
				"up": { "uv": [ 0, 0, 16, 1 ], "texture": "#chiseled_bookshelf_1", "cullface": "up", "rotation": 180 },
				"north": { "uv": [ 0, 0, 16, 16 ], "texture": "#chiseled_bookshelf_1" },
				"south": { "uv": [ 0, 0, 16, 16 ], "texture": "#chiseled_bookshelf_1", "cullface": "south" },
				"west": { "uv": [ 15, 0, 16, 16 ], "texture": "#chiseled_bookshelf_1", "cullface": "west" },
				"east": { "uv": [ 0, 0, 1, 16 ], "texture": "#chiseled_bookshelf_1", "cullface": "east" }
			}
		},
		{
			"__comment": "Box7",
			"from": [ 1, 9, 5 ],
			"to": [ 15, 15, 6 ],
			"faces": {
				"north": { "uv": [ 1, 1, 15, 7 ], "texture": "#chiseled_bookshelf_2" },
				"south": { "uv": [ 1, 1, 15, 7 ], "texture": "#chiseled_bookshelf_2" }
			}
		},
		{
			"__comment": "Box7",
			"from": [ 1, 1, 5 ],
			"to": [ 15, 7, 6 ],
			"faces": {
				"north": { "uv": [ 1, 9, 15, 15 ], "texture": "#chiseled_bookshelf_2" },
				"south": { "uv": [ 1, 9, 15, 15 ], "texture": "#chiseled_bookshelf_2" }
			}
		},
		{
			"__comment": "Box33",
			"from": [ 15, 0, 0 ],
			"to": [ 16, 16, 1 ],
			"faces": {
				"down": { "uv": [ 0, 0, 1, 1 ], "texture": "#chiseled_bookshelf_4", "cullface": "down", "rotation": 180 },
				"up": { "uv": [ 0, 15, 1, 16 ], "texture": "#chiseled_bookshelf_4", "cullface": "up", "rotation": 180 },
				"north": { "uv": [ 0, 0, 1, 16 ], "texture": "#chiseled_bookshelf_4", "cullface": "north" },
				"west": { "uv": [ 0, 0, 1, 16 ], "texture": "#chiseled_bookshelf_4" },
				"east": { "uv": [ 15, 0, 16, 16 ], "texture": "#chiseled_bookshelf_4", "cullface": "east" }
			}
		},
		{
			"__comment": "Box33",
			"from": [ 0, 0, 0 ],
			"to": [ 1, 16, 1 ],
			"faces": {
				"down": { "uv": [ 15, 0, 16, 1 ], "texture": "#chiseled_bookshelf_4", "cullface": "down", "rotation": 180 },
				"up": { "uv": [ 15, 15, 16, 16 ], "texture": "#chiseled_bookshelf_4", "cullface": "up", "rotation": 180 },
				"north": { "uv": [ 15, 0, 16, 16 ], "texture": "#chiseled_bookshelf_4", "cullface": "north" },
				"west": { "uv": [ 0, 0, 1, 16 ], "texture": "#chiseled_bookshelf_4", "cullface": "west" },
				"east": { "uv": [ 15, 0, 16, 16 ], "texture": "#chiseled_bookshelf_4" }
			}
		},
		{
			"__comment": "Box35",
			"from": [ 1, 0, 0 ],
			"to": [ 15, 1, 1 ],
			"faces": {
				"down": { "uv": [ 1, 0, 15, 1 ], "texture": "#chiseled_bookshelf_4", "cullface": "down", "rotation": 180 },
				"up": { "uv": [ 1, 15, 15, 16 ], "texture": "#chiseled_bookshelf_4", "rotation": 180 },
				"north": { "uv": [ 1, 15, 15, 16 ], "texture": "#chiseled_bookshelf_4", "cullface": "north" }
			}
		},
		{
			"__comment": "Box35",
			"from": [ 1, 15, 0 ],
			"to": [ 15, 16, 1 ],
			"faces": {
				"down": { "uv": [ 1, 0, 15, 1 ], "texture": "#chiseled_bookshelf_4", "rotation": 180 },
				"up": { "uv": [ 1, 15, 15, 16 ], "texture": "#chiseled_bookshelf_4", "cullface": "up", "rotation": 180 },
				"north": { "uv": [ 1, 0, 15, 1 ], "texture": "#chiseled_bookshelf_4", "cullface": "north" }
			}
		},
		{
			"__comment": "Box25",
			"from": [ 9, 1, 1 ],
			"to": [ 10, 6, 4 ],
			"faces": {
				"up": { "uv": [ 0.5, 12, 1.5, 15.5 ], "texture": "#chiseled_bookshelf_3", "rotation": 180 },
				"north": { "uv": [ 8.5, 0.5, 9, 3 ], "texture": "#chiseled_bookshelf_3" },
				"south": { "uv": [ 9, 10, 10, 15 ], "texture": "#chiseled_bookshelf_3" },
				"east": { "uv": [ 8.5, 11.5, 11.5, 15.5 ], "texture": "#chiseled_bookshelf_3" }
			}
		},
		{
			"__comment": "Box25",
			"from": [ 8, 1, 0 ],
			"to": [ 9, 6.5, 4 ],
			"faces": {
				"down": { "uv": [ 0.5, 12, 1.5, 15.5 ], "texture": "#chiseled_bookshelf_3", "rotation": 180 },
				"up": { "uv": [ 0.5, 12, 1.5, 15.5 ], "texture": "#chiseled_bookshelf_3", "rotation": 180 },
				"north": { "uv": [ 4, 0.5, 5, 3 ], "texture": "#chiseled_bookshelf_3", "cullface": "north" },
				"south": { "uv": [ 8, 9.5, 9, 15 ], "texture": "#chiseled_bookshelf_3" },
				"west": { "uv": [ 8.5, 11.5, 11.5, 15.5 ], "texture": "#chiseled_bookshelf_3" },
				"east": { "uv": [ 8.5, 11.5, 11.5, 15.5 ], "texture": "#chiseled_bookshelf_3" }
			}
		},
		{
			"__comment": "Box25",
			"from": [ 7, 1, 0.5 ],
			"to": [ 8, 6, 4 ],
			"faces": {
				"down": { "uv": [ 0.5, 12, 1.5, 15.5 ], "texture": "#chiseled_bookshelf_3", "rotation": 180 },
				"up": { "uv": [ 0.5, 12, 1.5, 15.5 ], "texture": "#chiseled_bookshelf_3", "rotation": 180 },
				"north": { "uv": [ 4, 0.5, 5, 3 ], "texture": "#chiseled_bookshelf_3" },
				"south": { "uv": [ 7, 10, 8, 15 ], "texture": "#chiseled_bookshelf_3" },
				"west": { "uv": [ 8.5, 11.5, 11.5, 15.5 ], "texture": "#chiseled_bookshelf_3" }
			}
		},
		{
			"__comment": "Box25",
			"from": [ 6, 1, 1 ],
			"to": [ 7, 6.5, 4 ],
			"faces": {
				"up": { "uv": [ 0.5, 12, 1.5, 15.5 ], "texture": "#chiseled_bookshelf_3", "rotation": 180 },
				"north": { "uv": [ 4, 0.5, 5, 3 ], "texture": "#chiseled_bookshelf_3" },
				"south": { "uv": [ 6, 9.5, 7, 15 ], "texture": "#chiseled_bookshelf_3" },
				"west": { "uv": [ 8.5, 11.5, 11.5, 15.5 ], "texture": "#chiseled_bookshelf_3" },
				"east": { "uv": [ 8.5, 11.5, 11.5, 15.5 ], "texture": "#chiseled_bookshelf_3" }
			}
		}
	],
	"display": {
		"thirdperson_righthand": {
			"rotation":  [ 75, 45, 0 ],
			"translation":  [ 0, 2.5, -2 ],
			"scale":  [ 0.375, 0.375, 0.375 ]
		},
		"thirdperson_lefthand": {
			"rotation":  [ 75, 45, 0 ],
			"translation":  [ 0, 2.5, -2 ],
			"scale":  [ 0.375, 0.375, 0.375 ]
		},
		"firstperson_righthand": {
			"rotation":  [ 0, 145, 0 ],
			"translation":  [ 0, 4, 0 ],
			"scale":  [ 0.4, 0.4, 0.4 ]
		},
		"firstperson_lefthand": {
			"rotation":  [ 0, 145, 0 ],
			"translation":  [ 0, 4, 0 ],
			"scale":  [ 0.4, 0.4, 0.4 ]
		},
		"gui": {
			"rotation":  [ 30, 225, 0 ],
			"scale":  [ 0.625, 0.625, 0.625 ]
		},
		"ground": {
			"translation":  [ 0, 3, 0 ],
			"scale":  [ 0.25, 0.25, 0.25 ]
		}
	}
}