{
	"__comment": "Designed by Interhell2000 with Cubik Studio - https://cubik.studio",
	"ambientocclusion": false,
	"textures": {
		"particle": "item/r/ravager_spawn_egg/ravager_spawn_egg",
		"chiseled_bookshelf_1": "block/c/chiseled_bookshelf/chiseled_bookshelf_1",
		"chiseled_bookshelf_2": "block/c/chiseled_bookshelf/chiseled_bookshelf_2",
		"chiseled_bookshelf_3": "block/c/chiseled_bookshelf/chiseled_bookshelf_3",
		"chiseled_bookshelf_4": "block/c/chiseled_bookshelf/chiseled_bookshelf_4",
		"ravager_spawn_egg_1": "item/r/ravager_spawn_egg/ravager_spawn_egg_1"
	},
	"elements": [ 	 
		{
			"__comment": "Box1",
			"from": [ 1, 0, 1 ],
			"to": [ 15, 1, 15 ],
			"faces": {
				"down": { "uv": [ 1, 0, 15, 15 ], "texture": "#chiseled_bookshelf_1", "cullface": "down", "rotation": 180 },
				"up": { "uv": [ 1, 1, 15, 16 ], "texture": "#chiseled_bookshelf_2", "rotation": 180 }
			}
		},
		{
			"__comment": "Box1",
			"from": [ 1, 7, 0 ],
			"to": [ 15, 9, 15 ],
			"faces": {
				"down": { "uv": [ 1, 0, 15, 15 ], "texture": "#chiseled_bookshelf_2", "rotation": 180 },
				"up": { "uv": [ 1, 1, 15, 16 ], "texture": "#chiseled_bookshelf_2", "rotation": 180 },
				"north": { "uv": [ 2, 7, 14, 9 ], "texture": "#chiseled_bookshelf_4", "cullface": "north" },
				"west": { "uv": [ 0, 7, 15, 9 ], "texture": "#chiseled_bookshelf_1" },
				"east": { "uv": [ 1, 7, 16, 9 ], "texture": "#chiseled_bookshelf_1" }
			}
		},
		{
			"__comment": "Box1",
			"from": [ 1, 15, 1 ],
			"to": [ 15, 16, 15 ],
			"faces": {
				"down": { "uv": [ 1, 0, 15, 15 ], "texture": "#chiseled_bookshelf_2", "rotation": 180 },
				"up": { "uv": [ 1, 1, 15, 16 ], "texture": "#chiseled_bookshelf_1", "cullface": "up", "rotation": 180 }
			}
		},
		{
			"__comment": "Box4",
			"from": [ 15, 0, 1.0001 ],
			"to": [ 16, 16, 15.0001 ],
			"faces": {
				"down": { "uv": [ 0, 0, 1, 15 ], "texture": "#chiseled_bookshelf_1", "cullface": "down", "rotation": 180 },
				"up": { "uv": [ 0, 1, 1, 16 ], "texture": "#chiseled_bookshelf_1", "cullface": "up", "rotation": 180 },
				"west": { "uv": [ 0, 0, 15, 16 ], "texture": "#chiseled_bookshelf_2" },
				"east": { "uv": [ 1, 0, 16, 16 ], "texture": "#chiseled_bookshelf_1", "cullface": "east" }
			}
		},
		{
			"__comment": "Box4",
			"from": [ 0, 0, 1 ],
			"to": [ 1, 16, 15 ],
			"faces": {
				"down": { "uv": [ 15, 0, 16, 15 ], "texture": "#chiseled_bookshelf_1", "cullface": "down", "rotation": 180 },
				"up": { "uv": [ 15, 1, 16, 16 ], "texture": "#chiseled_bookshelf_1", "cullface": "up", "rotation": 180 },
				"west": { "uv": [ 0, 0, 15, 16 ], "texture": "#chiseled_bookshelf_1", "cullface": "west" },
				"east": { "uv": [ 1, 0, 16, 16 ], "texture": "#chiseled_bookshelf_2" }
			}
		},
		{
			"__comment": "Box6",
			"from": [ 0, 0, 15 ],
			"to": [ 16, 16, 16 ],
			"faces": {
				"down": { "uv": [ 0, 15, 16, 16 ], "texture": "#chiseled_bookshelf_1", "cullface": "down", "rotation": 180 },
				"up": { "uv": [ 0, 0, 16, 1 ], "texture": "#chiseled_bookshelf_1", "cullface": "up", "rotation": 180 },
				"north": { "uv": [ 0, 0, 16, 16 ], "texture": "#chiseled_bookshelf_1" },
				"south": { "uv": [ 0, 0, 16, 16 ], "texture": "#chiseled_bookshelf_1", "cullface": "south" },
				"west": { "uv": [ 15, 0, 16, 16 ], "texture": "#chiseled_bookshelf_1", "cullface": "west" },
				"east": { "uv": [ 0, 0, 1, 16 ], "texture": "#chiseled_bookshelf_1", "cullface": "east" }
			}
		},
		{
			"__comment": "Box7",
			"from": [ 1, 9, 5 ],
			"to": [ 15, 15, 6 ],
			"faces": {
				"north": { "uv": [ 1, 1, 15, 7 ], "texture": "#chiseled_bookshelf_2" },
				"south": { "uv": [ 1, 1, 15, 7 ], "texture": "#chiseled_bookshelf_2" }
			}
		},
		{
			"__comment": "Box7",
			"from": [ 1, 1, 5 ],
			"to": [ 15, 7, 6 ],
			"faces": {
				"north": { "uv": [ 1, 9, 15, 15 ], "texture": "#chiseled_bookshelf_2" },
				"south": { "uv": [ 1, 9, 15, 15 ], "texture": "#chiseled_bookshelf_2" }
			}
		},
		{
			"__comment": "Box33",
			"from": [ 15, 0, 0 ],
			"to": [ 16, 16, 1 ],
			"faces": {
				"down": { "uv": [ 0, 0, 1, 1 ], "texture": "#chiseled_bookshelf_4", "cullface": "down", "rotation": 180 },
				"up": { "uv": [ 0, 15, 1, 16 ], "texture": "#chiseled_bookshelf_4", "cullface": "up", "rotation": 180 },
				"north": { "uv": [ 0, 0, 1, 16 ], "texture": "#chiseled_bookshelf_4", "cullface": "north" },
				"west": { "uv": [ 0, 0, 1, 16 ], "texture": "#chiseled_bookshelf_4" },
				"east": { "uv": [ 15, 0, 16, 16 ], "texture": "#chiseled_bookshelf_4", "cullface": "east" }
			}
		},
		{
			"__comment": "Box33",
			"from": [ 0, 0, 0 ],
			"to": [ 1, 16, 1 ],
			"faces": {
				"down": { "uv": [ 15, 0, 16, 1 ], "texture": "#chiseled_bookshelf_4", "cullface": "down", "rotation": 180 },
				"up": { "uv": [ 15, 15, 16, 16 ], "texture": "#chiseled_bookshelf_4", "cullface": "up", "rotation": 180 },
				"north": { "uv": [ 15, 0, 16, 16 ], "texture": "#chiseled_bookshelf_4", "cullface": "north" },
				"west": { "uv": [ 0, 0, 1, 16 ], "texture": "#chiseled_bookshelf_4", "cullface": "west" },
				"east": { "uv": [ 15, 0, 16, 16 ], "texture": "#chiseled_bookshelf_4" }
			}
		},
		{
			"__comment": "Box35",
			"from": [ 1, 0, 0 ],
			"to": [ 15, 1, 1 ],
			"faces": {
				"down": { "uv": [ 1, 0, 15, 1 ], "texture": "#chiseled_bookshelf_4", "cullface": "down", "rotation": 180 },
				"up": { "uv": [ 1, 15, 15, 16 ], "texture": "#chiseled_bookshelf_4", "rotation": 180 },
				"north": { "uv": [ 1, 15, 15, 16 ], "texture": "#chiseled_bookshelf_4", "cullface": "north" }
			}
		},
		{
			"__comment": "Box35",
			"from": [ 1, 15, 0 ],
			"to": [ 15, 16, 1 ],
			"faces": {
				"down": { "uv": [ 1, 0, 15, 1 ], "texture": "#chiseled_bookshelf_4", "rotation": 180 },
				"up": { "uv": [ 1, 15, 15, 16 ], "texture": "#chiseled_bookshelf_4", "cullface": "up", "rotation": 180 },
				"north": { "uv": [ 1, 0, 15, 1 ], "texture": "#chiseled_bookshelf_4", "cullface": "north" }
			}
		},
		{
			"__comment": "Box1",
			"from": [ 7, 2.5, 0 ],
			"to": [ 8.6, 4.7, 1.6 ],
			"faces": {
				"down": { "uv": [ 2, 0, 4, 2 ], "texture": "#ravager_spawn_egg_1" },
				"up": { "uv": [ 2, 0, 4, 2 ], "texture": "#ravager_spawn_egg_1" },
				"north": { "uv": [ 2, 2, 4, 5 ], "texture": "#ravager_spawn_egg_1", "cullface": "north" },
				"south": { "uv": [ 6, 2, 8, 5 ], "texture": "#ravager_spawn_egg_1" },
				"west": { "uv": [ 4, 2, 6, 5 ], "texture": "#ravager_spawn_egg_1" },
				"east": { "uv": [ 0, 2, 2, 5 ], "texture": "#ravager_spawn_egg_1" }
			}
		},
		{
			"__comment": "Box2",
			"from": [ 7.6, 2.5, -0.4 ],
			"to": [ 8, 3.3, 0.00000006 ],
			"faces": {
				"down": { "uv": [ 0.5, 0, 1, 0.5 ], "texture": "#ravager_spawn_egg_1", "cullface": "north" },
				"up": { "uv": [ 1, 0, 1.5, 0.5 ], "texture": "#ravager_spawn_egg_1", "cullface": "north" },
				"north": { "uv": [ 0.5, 0.5, 1, 1.5 ], "texture": "#ravager_spawn_egg_1", "cullface": "north" },
				"west": { "uv": [ 1, 0.5, 1.5, 1.5 ], "texture": "#ravager_spawn_egg_1", "cullface": "north" },
				"east": { "uv": [ 0, 0.5, 0.5, 1.5 ], "texture": "#ravager_spawn_egg_1", "cullface": "north" }
			}
		},
		{
			"__comment": "Box3",
			"from": [ 6.6, 1.3, 1.6 ],
			"to": [ 7.4, 4.9, 2.4 ],
			"faces": {
				"down": { "uv": [ 10, 0, 11, 1 ], "texture": "#ravager_spawn_egg_1" },
				"up": { "uv": [ 9, 0, 10, 1 ], "texture": "#ravager_spawn_egg_1" },
				"north": { "uv": [ 9, 1, 10, 5.5 ], "texture": "#ravager_spawn_egg_1" },
				"south": { "uv": [ 11, 1, 12, 5.5 ], "texture": "#ravager_spawn_egg_1" },
				"west": { "uv": [ 8, 1, 9, 5.5 ], "texture": "#ravager_spawn_egg_1" },
				"east": { "uv": [ 10, 1, 11, 5.5 ], "texture": "#ravager_spawn_egg_1" }
			}
		},
		{
			"__comment": "Box4",
			"from": [ 6.6, 1.3, 4 ],
			"to": [ 7.4, 4.9, 4.8 ],
			"faces": {
				"down": { "uv": [ 14, 0, 15, 1 ], "texture": "#ravager_spawn_egg_1" },
				"up": { "uv": [ 13, 0, 14, 1 ], "texture": "#ravager_spawn_egg_1" },
				"north": { "uv": [ 13, 1, 14, 5.5 ], "texture": "#ravager_spawn_egg_1" },
				"south": { "uv": [ 16, 1, 15, 5.5 ], "texture": "#ravager_spawn_egg_1" },
				"west": { "uv": [ 12, 1, 13, 5.5 ], "texture": "#ravager_spawn_egg_1" },
				"east": { "uv": [ 14, 1, 15, 5.5 ], "texture": "#ravager_spawn_egg_1" }
			}
		},
		{
			"__comment": "Box3",
			"from": [ 8.2, 1.3, 1.6 ],
			"to": [ 9, 4.9, 2.4 ],
			"faces": {
				"down": { "uv": [ 10, 0, 11, 1 ], "texture": "#ravager_spawn_egg_1" },
				"up": { "uv": [ 9, 0, 10, 1 ], "texture": "#ravager_spawn_egg_1" },
				"north": { "uv": [ 9, 1, 10, 5.5 ], "texture": "#ravager_spawn_egg_1" },
				"south": { "uv": [ 11, 1, 12, 5.5 ], "texture": "#ravager_spawn_egg_1" },
				"west": { "uv": [ 10, 1, 11, 5.5 ], "texture": "#ravager_spawn_egg_1" },
				"east": { "uv": [ 8, 1, 9, 5.5 ], "texture": "#ravager_spawn_egg_1" }
			}
		},
		{
			"__comment": "Box4",
			"from": [ 8.2, 1.3, 4 ],
			"to": [ 9, 4.9, 4.8 ],
			"faces": {
				"down": { "uv": [ 14, 0, 15, 1 ], "texture": "#ravager_spawn_egg_1" },
				"up": { "uv": [ 13, 0, 14, 1 ], "texture": "#ravager_spawn_egg_1" },
				"north": { "uv": [ 13, 1, 14, 5.5 ], "texture": "#ravager_spawn_egg_1" },
				"south": { "uv": [ 15, 1, 16, 5.5 ], "texture": "#ravager_spawn_egg_1" },
				"west": { "uv": [ 14, 1, 15, 5.5 ], "texture": "#ravager_spawn_egg_1" },
				"east": { "uv": [ 12, 1, 13, 5.5 ], "texture": "#ravager_spawn_egg_1" }
			}
		},
		{
			"__comment": "Box7",
			"from": [ 7, 2.95, 1.8 ],
			"to": [ 8.6, 4.95, 3.2 ],
			"faces": {
				"down": { "uv": [ 12, 8, 14.5, 6 ], "texture": "#ravager_spawn_egg_1" },
				"up": { "uv": [ 5.5, 6, 8.5, 8 ], "texture": "#ravager_spawn_egg_1" },
				"north": { "uv": [ 9, 9, 11, 11.5 ], "texture": "#ravager_spawn_egg_1" },
				"south": { "uv": [ 9, 9, 11, 11.5 ], "texture": "#ravager_spawn_egg_1" },
				"west": { "uv": [ 2.5, 6, 5.5, 8 ], "texture": "#ravager_spawn_egg_1", "rotation": 270 },
				"east": { "uv": [ 8, 6, 11.5, 8 ], "texture": "#ravager_spawn_egg_1", "rotation": 90 }
			}
		},
		{
			"__comment": "Box8",
			"from": [ 7.1, 3.1, 3.2 ],
			"to": [ 8.5, 4.7, 4.599999 ],
			"faces": {
				"down": { "uv": [ 3, 9, 5.5, 12.5 ], "texture": "#ravager_spawn_egg_1" },
				"up": { "uv": [ 7, 9.5, 8.5, 11 ], "texture": "#ravager_spawn_egg_1" },
				"south": { "uv": [ 3, 9, 5.5, 12.5 ], "texture": "#ravager_spawn_egg_1" },
				"west": { "uv": [ 3, 9, 5.5, 12.5 ], "texture": "#ravager_spawn_egg_1" },
				"east": { "uv": [ 3, 9, 5.5, 12.5 ], "texture": "#ravager_spawn_egg_1" }
			}
		},
		{
			"__comment": "Box9",
			"from": [ 7.4, 2.9, 1.6 ],
			"to": [ 8.199999, 4.5, 1.8 ],
			"faces": {
				"down": { "uv": [ 3.5, 11, 5.5, 11.5 ], "texture": "#ravager_spawn_egg_1" },
				"up": { "uv": [ 3.5, 10, 5.5, 10.5 ], "texture": "#ravager_spawn_egg_1" }
			}
		},
		{
			"__comment": "Box10",
			"from": [ 6.8, 4.5, -0.8 ],
			"to": [ 7, 4.9, 0.4000001 ],
			"rotation": { "origin": [ 6.8, 4.5, -0.8 ], "axis": "x", "angle": 22.5 },
			"faces": {
				"down": { "uv": [ 1, 11.5, 1.5, 10 ], "texture": "#ravager_spawn_egg_1", "cullface": "north" },
				"up": { "uv": [ 1, 10, 1.5, 11.5 ], "texture": "#ravager_spawn_egg_1", "cullface": "north" },
				"north": { "uv": [ 1, 9.5, 1.5, 10 ], "texture": "#ravager_spawn_egg_1", "cullface": "north" },
				"south": { "uv": [ 1, 11, 1.5, 11.5 ], "texture": "#ravager_spawn_egg_1", "cullface": "north" },
				"west": { "uv": [ 1.5, 10, 2, 11.5 ], "texture": "#ravager_spawn_egg_1", "cullface": "north", "rotation": 270 },
				"east": { "uv": [ 0.5, 10, 1, 11.5 ], "texture": "#ravager_spawn_egg_1", "cullface": "north", "rotation": 90 }
			}
		},
		{
			"__comment": "Box10",
			"from": [ 8.599999, 4.5, -0.8 ],
			"to": [ 8.799999, 4.9, 0.4000001 ],
			"rotation": { "origin": [ 8.6, 4.5, -0.8 ], "axis": "x", "angle": 22.5 },
			"faces": {
				"down": { "uv": [ 1, 11.5, 1.5, 10 ], "texture": "#ravager_spawn_egg_1", "cullface": "north" },
				"up": { "uv": [ 1, 10, 1.5, 11.5 ], "texture": "#ravager_spawn_egg_1", "cullface": "north" },
				"north": { "uv": [ 1, 9.5, 1.5, 10 ], "texture": "#ravager_spawn_egg_1", "cullface": "north" },
				"south": { "uv": [ 1, 11, 1.5, 11.5 ], "texture": "#ravager_spawn_egg_1", "cullface": "north" },
				"west": { "uv": [ 1.5, 10, 2, 11.5 ], "texture": "#ravager_spawn_egg_1", "cullface": "north", "rotation": 270 },
				"east": { "uv": [ 0.5, 10, 1, 11.5 ], "texture": "#ravager_spawn_egg_1", "cullface": "north", "rotation": 90 }
			}
		}
	],
	"display": {
		"thirdperson_righthand": {
			"rotation":  [ 90, 0, 0 ],
			"scale":  [ 0.5, 0.5, 0.5 ]
		},
		"thirdperson_lefthand": {
			"rotation":  [ 90, 0, 0 ],
			"scale":  [ 0.5, 0.5, 0.5 ]
		},
		"firstperson_righthand": {
			"rotation":  [ 0, 125, 0 ],
			"translation":  [ 3, 3, 0 ],
			"scale":  [ 0.3, 0.4, 0.4 ]
		},
		"firstperson_lefthand": {
			"rotation":  [ 0, 125, 0 ],
			"translation":  [ 3, 3, 0 ],
			"scale":  [ 0.3, 0.4, 0.4 ]
		},
		"gui": {
			"rotation":  [ 30, 225, 0 ],
			"translation":  [ 0, 1, 0 ]
		},
		"ground": {
			"translation":  [ 0, 3, 0 ],
			"scale":  [ 0.25, 0.25, 0.25 ]
		}
	}
}