{
	"__comment": "Designed by Interhell2000 with Cubik Studio - https://cubik.studio",
	"gui_light": "front",
	"ambientocclusion": false,
	"textures": {
		"particle": "block/c/cobblestone_slab/cobblestone_slab",
		"cobblestone_slab_1": "block/c/cobblestone_slab/cobblestone_slab_1",
		"cobblestone_slab_2": "block/c/cobblestone/cobblestone_2"
	},
	"elements": [ 	 
		{
			"__comment": "Box1",
			"from": [ 12.5, -0.0005, -0.0001 ],
			"to": [ 16, 3.4995, 0.9999001 ],
			"faces": {
				"down": { "uv": [ 12.50062, 15.00062, 15.99938, 15.99938 ], "texture": "#cobblestone_slab_1", "cullface": "down" },
				"up": { "uv": [ 12.50062, 0.000624657, 15.99938, 0.9993753 ], "texture": "#cobblestone_slab_1" },
				"north": { "uv": [ 0.000625, 12.50062, 3.499375, 15.99938 ], "texture": "#cobblestone_slab_1", "cullface": "north" },
				"south": { "uv": [ 12.50062, 12.50062, 15.99938, 15.99938 ], "texture": "#cobblestone_slab_1" },
				"west": { "uv": [ 0.000625, 12.50062, 0.999375, 15.99938 ], "texture": "#cobblestone_slab_1" },
				"east": { "uv": [ 15.00062, 12.50062, 15.99938, 15.99938 ], "texture": "#cobblestone_slab_1", "cullface": "east" }
			}
		},
		{
			"__comment": "Box1",
			"from": [ 0, 0, 0 ],
			"to": [ 4, 3.5, 1 ],
			"faces": {
				"down": { "uv": [ 0.000625, 15.00062, 3.999375, 15.99938 ], "texture": "#cobblestone_slab_1", "cullface": "down" },
				"up": { "uv": [ 0.000625, 0.000624657, 3.999375, 0.9993753 ], "texture": "#cobblestone_slab_1" },
				"north": { "uv": [ 12.00062, 12.50062, 15.99938, 15.99938 ], "texture": "#cobblestone_slab_1", "cullface": "north" },
				"south": { "uv": [ 0.000625, 12.50062, 3.999375, 15.99938 ], "texture": "#cobblestone_slab_1" },
				"west": { "uv": [ 0.000625, 12.50062, 0.999375, 15.99938 ], "texture": "#cobblestone_slab_1", "cullface": "west" },
				"east": { "uv": [ 15.00062, 12.50062, 15.99938, 15.99938 ], "texture": "#cobblestone_slab_1" }
			}
		},
		{
			"__comment": "Box1",
			"from": [ 4.5, -0.0001, 0.0001 ],
			"to": [ 11.99999, 3.4999, 1.0001 ],
			"faces": {
				"down": { "uv": [ 4.500625, 15.00062, 11.99938, 15.99938 ], "texture": "#cobblestone_slab_1", "cullface": "down" },
				"up": { "uv": [ 4.500625, 0.000624657, 11.99938, 0.9993753 ], "texture": "#cobblestone_slab_1" },
				"north": { "uv": [ 4.000625, 12.50062, 11.49938, 15.99938 ], "texture": "#cobblestone_slab_1", "cullface": "north" },
				"west": { "uv": [ 0.000625, 12.50062, 0.999375, 15.99938 ], "texture": "#cobblestone_slab_1" },
				"east": { "uv": [ 15.00062, 12.50062, 15.99938, 15.99938 ], "texture": "#cobblestone_slab_1" }
			}
		},
		{
			"__comment": "Box1",
			"from": [ 0.4992, 3.9992, 0.0003 ],
			"to": [ 7.9992, 7.4992, 1.0003 ],
			"faces": {
				"down": { "uv": [ 0.500625, 15.00062, 7.999375, 15.99938 ], "texture": "#cobblestone_slab_1" },
				"up": { "uv": [ 0.500625, 0.000624657, 7.999375, 0.9993753 ], "texture": "#cobblestone_slab_1" },
				"north": { "uv": [ 8.000625, 8.500625, 15.49938, 11.99938 ], "texture": "#cobblestone_slab_1", "cullface": "north" },
				"south": { "uv": [ 0.500625, 8.500625, 7.999375, 11.99938 ], "texture": "#cobblestone_slab_1" },
				"east": { "uv": [ 15.00062, 8.500625, 15.99938, 11.99938 ], "texture": "#cobblestone_slab_1" }
			}
		},
		{
			"__comment": "Box1",
			"from": [ 8.500899, 4.0003, -0.0004 ],
			"to": [ 15.0009, 7.5003, 0.9996 ],
			"faces": {
				"down": { "uv": [ 8.500625, 15.00062, 14.99938, 15.99938 ], "texture": "#cobblestone_slab_1" },
				"up": { "uv": [ 8.500625, 0.000624657, 14.99938, 0.9993753 ], "texture": "#cobblestone_slab_1" },
				"north": { "uv": [ 1.000625, 8.500625, 7.499375, 11.99938 ], "texture": "#cobblestone_slab_1", "cullface": "north" },
				"west": { "uv": [ 0.000625, 8.500625, 0.999375, 11.99938 ], "texture": "#cobblestone_slab_1" },
				"east": { "uv": [ 15.00062, 8.500625, 15.99938, 11.99938 ], "texture": "#cobblestone_slab_1" }
			}
		},
		{
			"__comment": "Box1",
			"from": [ 0.0009, 0.0002, 14.999 ],
			"to": [ 3.5009, 3.5002, 15.999 ],
			"faces": {
				"down": { "uv": [ 0.000625, 0.000624657, 3.499375, 0.9993753 ], "texture": "#cobblestone_slab_1", "cullface": "down" },
				"up": { "uv": [ 0.000625, 15.00062, 3.499375, 15.99938 ], "texture": "#cobblestone_slab_1" },
				"north": { "uv": [ 12.50062, 12.50062, 15.99938, 15.99938 ], "texture": "#cobblestone_slab_1" },
				"south": { "uv": [ 0.000625, 12.50062, 3.499375, 15.99938 ], "texture": "#cobblestone_slab_1", "cullface": "south" },
				"west": { "uv": [ 15.00062, 12.50062, 15.99938, 15.99938 ], "texture": "#cobblestone_slab_1", "cullface": "west" },
				"east": { "uv": [ 0.000625, 12.50062, 0.999375, 15.99938 ], "texture": "#cobblestone_slab_1" }
			}
		},
		{
			"__comment": "Box1",
			"from": [ 11.9996, -0.0001, 14.9993 ],
			"to": [ 15.9996, 3.4999, 15.9993 ],
			"faces": {
				"down": { "uv": [ 12.00062, 0.000624657, 15.99938, 0.9993753 ], "texture": "#cobblestone_slab_1", "cullface": "down" },
				"up": { "uv": [ 12.00062, 15.00062, 15.99938, 15.99938 ], "texture": "#cobblestone_slab_1" },
				"north": { "uv": [ 0.000625, 12.50062, 3.999375, 15.99938 ], "texture": "#cobblestone_slab_1" },
				"south": { "uv": [ 12.00062, 12.50062, 15.99938, 15.99938 ], "texture": "#cobblestone_slab_1", "cullface": "south" },
				"west": { "uv": [ 15.00062, 12.50062, 15.99938, 15.99938 ], "texture": "#cobblestone_slab_1" },
				"east": { "uv": [ 0.000625, 12.50062, 0.999375, 15.99938 ], "texture": "#cobblestone_slab_1", "cullface": "east" }
			}
		},
		{
			"__comment": "Box13",
			"from": [ 0, 0.0001, 0.9993 ],
			"to": [ 0.9999999, 3.5001, 2.9993 ],
			"faces": {
				"down": { "uv": [ 0.000625, 13.00062, 0.999375, 14.99938 ], "texture": "#cobblestone_slab_1", "cullface": "down" },
				"up": { "uv": [ 0.000625, 1.000625, 0.999375, 2.999375 ], "texture": "#cobblestone_slab_1" },
				"south": { "uv": [ 0.000625, 12.50062, 0.999375, 15.99938 ], "texture": "#cobblestone_slab_1" },
				"west": { "uv": [ 1.000625, 12.50062, 2.999375, 15.99938 ], "texture": "#cobblestone_slab_1", "cullface": "west" }
			}
		},
		{
			"__comment": "Box13",
			"from": [ 0.0002, -0.0002, 3.4991 ],
			"to": [ 1.0002, 3.4998, 11.4991 ],
			"faces": {
				"down": { "uv": [ 0.000625, 4.500626, 0.999375, 12.49938 ], "texture": "#cobblestone_slab_1", "cullface": "down" },
				"up": { "uv": [ 0.000625, 3.500625, 0.999375, 11.49938 ], "texture": "#cobblestone_slab_1" },
				"north": { "uv": [ 15.00062, 12.50062, 15.99938, 15.99938 ], "texture": "#cobblestone_slab_1" },
				"south": { "uv": [ 0.000625, 12.50062, 0.999375, 15.99938 ], "texture": "#cobblestone_slab_1" },
				"west": { "uv": [ 3.500625, 12.50062, 11.49938, 15.99938 ], "texture": "#cobblestone_slab_1", "cullface": "west" }
			}
		},
		{
			"__comment": "Box1",
			"from": [ 3.9995, 0, 15.001 ],
			"to": [ 11.4995, 3.5, 16.001 ],
			"faces": {
				"down": { "uv": [ 4.000625, 0.000624657, 11.49938, 0.9993753 ], "texture": "#cobblestone_slab_1", "cullface": "down" },
				"up": { "uv": [ 4.000625, 15.00062, 11.49938, 15.99938 ], "texture": "#cobblestone_slab_1" },
				"south": { "uv": [ 4.000625, 12.50062, 11.49938, 15.99938 ], "texture": "#cobblestone_slab_1", "cullface": "south" },
				"west": { "uv": [ 15.00062, 12.50062, 15.99938, 15.99938 ], "texture": "#cobblestone_slab_1" },
				"east": { "uv": [ 0.000625, 12.50062, 0.999375, 15.99938 ], "texture": "#cobblestone_slab_1" }
			}
		},
		{
			"__comment": "Box1",
			"from": [ 0.9997, 3.9997, 15.0008 ],
			"to": [ 7.4997, 7.499701, 16.0008 ],
			"faces": {
				"down": { "uv": [ 1.000625, 0.000624657, 7.499375, 0.9993753 ], "texture": "#cobblestone_slab_1" },
				"up": { "uv": [ 1.000625, 15.00062, 7.499375, 15.99938 ], "texture": "#cobblestone_slab_1" },
				"south": { "uv": [ 1.000625, 8.500625, 7.499375, 11.99938 ], "texture": "#cobblestone_slab_1", "cullface": "south" },
				"west": { "uv": [ 15.00062, 8.500625, 15.99938, 11.99938 ], "texture": "#cobblestone_slab_1" },
				"east": { "uv": [ 0.000625, 8.500625, 0.999375, 11.99938 ], "texture": "#cobblestone_slab_1" }
			}
		},
		{
			"__comment": "Box1",
			"from": [ 7.9993, 3.9991, 14.9997 ],
			"to": [ 15.4993, 7.4991, 15.9997 ],
			"faces": {
				"down": { "uv": [ 8.000625, 0.000624657, 15.49938, 0.9993753 ], "texture": "#cobblestone_slab_1" },
				"up": { "uv": [ 8.000625, 15.00062, 15.49938, 15.99938 ], "texture": "#cobblestone_slab_1" },
				"north": { "uv": [ 0.500625, 8.500625, 7.999375, 11.99938 ], "texture": "#cobblestone_slab_1" },
				"south": { "uv": [ 8.000625, 8.500625, 15.49938, 11.99938 ], "texture": "#cobblestone_slab_1", "cullface": "south" },
				"west": { "uv": [ 15.00062, 8.500625, 15.99938, 11.99938 ], "texture": "#cobblestone_slab_1" }
			}
		},
		{
			"__comment": "Box13",
			"from": [ -0.0002, 0.0007, 11.9991 ],
			"to": [ 0.9998, 3.5007, 14.9991 ],
			"faces": {
				"down": { "uv": [ 0.000625, 1.000625, 0.999375, 3.999375 ], "texture": "#cobblestone_slab_1", "cullface": "down" },
				"up": { "uv": [ 0.000625, 12.00062, 0.999375, 14.99938 ], "texture": "#cobblestone_slab_1" },
				"north": { "uv": [ 15.00062, 12.50062, 15.99938, 15.99938 ], "texture": "#cobblestone_slab_1" },
				"west": { "uv": [ 12.00062, 12.50062, 14.99938, 15.99938 ], "texture": "#cobblestone_slab_1", "cullface": "west" }
			}
		},
		{
			"__comment": "Box13",
			"from": [ 14.9996, -0.0007, 12.9991 ],
			"to": [ 15.9996, 3.4993, 14.9991 ],
			"faces": {
				"down": { "uv": [ 15.00062, 1.000625, 15.99938, 2.999375 ], "texture": "#cobblestone_slab_1", "cullface": "down" },
				"up": { "uv": [ 15.00062, 13.00062, 15.99938, 14.99938 ], "texture": "#cobblestone_slab_1" },
				"north": { "uv": [ 0.000625, 12.50062, 0.999375, 15.99938 ], "texture": "#cobblestone_slab_1" },
				"east": { "uv": [ 1.000625, 12.50062, 2.999375, 15.99938 ], "texture": "#cobblestone_slab_1", "cullface": "east" }
			}
		},
		{
			"__comment": "Box13",
			"from": [ 15.0009, -0.0003, 1.001 ],
			"to": [ 16.0009, 3.4997, 4.001 ],
			"faces": {
				"down": { "uv": [ 15.00062, 12.00062, 15.99938, 14.99938 ], "texture": "#cobblestone_slab_1", "cullface": "down" },
				"up": { "uv": [ 15.00062, 1.000625, 15.99938, 3.999375 ], "texture": "#cobblestone_slab_1" },
				"south": { "uv": [ 15.00062, 12.50062, 15.99938, 15.99938 ], "texture": "#cobblestone_slab_1" },
				"east": { "uv": [ 12.00062, 12.50062, 14.99938, 15.99938 ], "texture": "#cobblestone_slab_1", "cullface": "east" }
			}
		},
		{
			"__comment": "Box13",
			"from": [ 15.0002, 0.0001, 4.5008 ],
			"to": [ 16.0002, 3.5001, 12.5008 ],
			"faces": {
				"down": { "uv": [ 15.00062, 3.500625, 15.99938, 11.49938 ], "texture": "#cobblestone_slab_1", "cullface": "down" },
				"up": { "uv": [ 15.00062, 4.500626, 15.99938, 12.49938 ], "texture": "#cobblestone_slab_1" },
				"north": { "uv": [ 0.000625, 12.50062, 0.999375, 15.99938 ], "texture": "#cobblestone_slab_1" },
				"south": { "uv": [ 15.00062, 12.50062, 15.99938, 15.99938 ], "texture": "#cobblestone_slab_1" },
				"east": { "uv": [ 3.500625, 12.50062, 11.49938, 15.99938 ], "texture": "#cobblestone_slab_1", "cullface": "east" }
			}
		},
		{
			"__comment": "Box13",
			"from": [ 14.9995, 3.9991, 7.9992 ],
			"to": [ 15.9995, 7.4991, 14.9992 ],
			"faces": {
				"down": { "uv": [ 15.00062, 1.000625, 15.99938, 7.999374 ], "texture": "#cobblestone_slab_1" },
				"up": { "uv": [ 15.00062, 8.000625, 15.99938, 14.99938 ], "texture": "#cobblestone_slab_1" },
				"north": { "uv": [ 0.000625, 8.500625, 0.999375, 11.99938 ], "texture": "#cobblestone_slab_1" },
				"south": { "uv": [ 15.00062, 8.500625, 15.99938, 11.99938 ], "texture": "#cobblestone_slab_1" },
				"east": { "uv": [ 1.000625, 8.500625, 7.999375, 11.99938 ], "texture": "#cobblestone_slab_1", "cullface": "east" }
			}
		},
		{
			"__comment": "Box13",
			"from": [ -0.0009, 4.0007, 8.4997 ],
			"to": [ 0.9991, 7.5007, 15.4997 ],
			"faces": {
				"down": { "uv": [ 0.000625, 0.5006247, 0.999375, 7.499374 ], "texture": "#cobblestone_slab_1" },
				"up": { "uv": [ 0.000625, 8.500625, 0.999375, 15.49938 ], "texture": "#cobblestone_slab_1" },
				"north": { "uv": [ 15.00062, 8.500625, 15.99938, 11.99938 ], "texture": "#cobblestone_slab_1" },
				"west": { "uv": [ 8.500625, 8.500625, 15.49938, 11.99938 ], "texture": "#cobblestone_slab_1", "cullface": "west" },
				"east": { "uv": [ 0.500625, 8.500625, 7.499375, 11.99938 ], "texture": "#cobblestone_slab_1" }
			}
		},
		{
			"__comment": "Box13",
			"from": [ 0.0009, 3.9994, -0.0002 ],
			"to": [ 0.5009, 7.4994, 0.9998 ],
			"faces": {
				"down": { "uv": [ 0.000625, 15.00062, 0.499375, 15.99938 ], "texture": "#cobblestone_slab_1" },
				"up": { "uv": [ 0.000625, 0.000624657, 0.499375, 0.9993753 ], "texture": "#cobblestone_slab_1" },
				"north": { "uv": [ 15.50062, 8.500625, 15.99938, 11.99938 ], "texture": "#cobblestone_slab_2", "cullface": "north" },
				"west": { "uv": [ 0.000625, 8.500625, 0.999375, 11.99938 ], "texture": "#cobblestone_slab_1", "cullface": "west" }
			}
		},
		{
			"__comment": "Box13",
			"from": [ 0.0002, 4.001, 15.5006 ],
			"to": [ 1.0002, 7.501, 16.0006 ],
			"faces": {
				"down": { "uv": [ 0.000625, 0.000624657, 0.999375, 0.4993753 ], "texture": "#cobblestone_slab_1" },
				"up": { "uv": [ 0.000625, 15.50062, 0.999375, 15.99938 ], "texture": "#cobblestone_slab_1" },
				"south": { "uv": [ 0.000625, 8.500625, 0.999375, 11.99938 ], "texture": "#cobblestone_slab_1", "cullface": "south" },
				"west": { "uv": [ 15.50062, 8.500625, 15.99938, 11.99938 ], "texture": "#cobblestone_slab_1", "cullface": "west" }
			}
		},
		{
			"__comment": "Box13",
			"from": [ 15.4999, 4.0008, 15.0008 ],
			"to": [ 15.9999, 7.5008, 16.0008 ],
			"faces": {
				"down": { "uv": [ 15.50062, 0.000624657, 15.99938, 0.9993753 ], "texture": "#cobblestone_slab_1" },
				"up": { "uv": [ 15.50062, 15.00062, 15.99938, 15.99938 ], "texture": "#cobblestone_slab_1" },
				"south": { "uv": [ 15.50062, 8.500625, 15.99938, 11.99938 ], "texture": "#cobblestone_slab_2", "cullface": "south" },
				"east": { "uv": [ 0.000625, 8.500625, 0.999375, 11.99938 ], "texture": "#cobblestone_slab_1", "cullface": "east" }
			}
		},
		{
			"__comment": "Box13",
			"from": [ 14.9995, 4.0005, 0.5 ],
			"to": [ 15.9995, 7.5005, 7.5 ],
			"faces": {
				"down": { "uv": [ 15.00062, 8.500625, 15.99938, 15.49938 ], "texture": "#cobblestone_slab_1" },
				"up": { "uv": [ 15.00062, 0.5006247, 15.99938, 7.499374 ], "texture": "#cobblestone_slab_1" },
				"south": { "uv": [ 15.00062, 8.500625, 15.99938, 11.99938 ], "texture": "#cobblestone_slab_1" },
				"west": { "uv": [ 0.500625, 8.500625, 7.499375, 11.99938 ], "texture": "#cobblestone_slab_1" },
				"east": { "uv": [ 8.500625, 8.500625, 15.49938, 11.99938 ], "texture": "#cobblestone_slab_1", "cullface": "east" }
			}
		},
		{
			"__comment": "Box13",
			"from": [ 15.0007, 4.0001, -0.0007 ],
			"to": [ 16.0007, 7.5001, 0.4993001 ],
			"faces": {
				"down": { "uv": [ 15.00062, 15.50062, 15.99938, 15.99938 ], "texture": "#cobblestone_slab_1" },
				"up": { "uv": [ 15.00062, 0.000624657, 15.99938, 0.4993753 ], "texture": "#cobblestone_slab_1" },
				"north": { "uv": [ 0.000625, 8.500625, 0.999375, 11.99938 ], "texture": "#cobblestone_slab_1", "cullface": "north" },
				"east": { "uv": [ 15.50062, 8.500625, 15.99938, 11.99938 ], "texture": "#cobblestone_slab_2", "cullface": "east" }
			}
		},
		{
			"__comment": "Box13",
			"from": [ 0.001, 3.9997, 0.9999 ],
			"to": [ 1.001, 7.499699, 7.9999 ],
			"faces": {
				"down": { "uv": [ 0.000625, 8.000625, 0.999375, 14.99938 ], "texture": "#cobblestone_slab_1" },
				"up": { "uv": [ 0.000625, 1.000625, 0.999375, 7.999374 ], "texture": "#cobblestone_slab_1" },
				"north": { "uv": [ 15.00062, 8.500625, 15.99938, 11.99938 ], "texture": "#cobblestone_slab_1" },
				"south": { "uv": [ 0.000625, 8.500625, 0.999375, 11.99938 ], "texture": "#cobblestone_slab_1" },
				"west": { "uv": [ 1.000625, 8.500625, 7.999375, 11.99938 ], "texture": "#cobblestone_slab_1", "cullface": "west" }
			}
		},
		{
			"__comment": "Box53",
			"from": [ 1, 0.0002, 1.0003 ],
			"to": [ 15, 8.000201, 15.0003 ],
			"faces": {
				"down": { "uv": [ 1.000625, 1.000625, 14.99938, 14.99938 ], "texture": "#cobblestone_slab_1", "cullface": "down" },
				"up": { "uv": [ 1.000625, 1.000625, 14.99938, 14.99938 ], "texture": "#cobblestone_slab_1" },
				"north": { "uv": [ 1.000625, 0.5006247, 14.99938, 15.99938 ], "texture": "#cobblestone_slab_2" },
				"south": { "uv": [ 1.000625, 0.5006247, 14.99938, 15.99938 ], "texture": "#cobblestone_slab_2" },
				"west": { "uv": [ 1.000625, 0.5006247, 14.99938, 15.99938 ], "texture": "#cobblestone_slab_2" },
				"east": { "uv": [ 1.000625, 0.5006247, 14.99938, 15.99938 ], "texture": "#cobblestone_slab_2" }
			}
		},
		{
			"__comment": "PlaneY55",
			"from": [ 3.5001, 0.0002, 15.0008 ],
			"to": [ 4.0001, 0.0012, 16.0008 ],
			"faces": {
				"down": { "uv": [ 3.500625, 0.000624657, 3.999375, 0.9993753 ], "texture": "#cobblestone_slab_1", "cullface": "down" },
				"up": { "uv": [ 3.500625, 15.00062, 3.999375, 15.99938 ], "texture": "#cobblestone_slab_1" }
			}
		},
		{
			"__comment": "PlaneY55",
			"from": [ 11.5002, -0.0004, 15.0004 ],
			"to": [ 12.0002, 0.0006, 16.0004 ],
			"faces": {
				"down": { "uv": [ 11.50062, 0.000624657, 11.99938, 0.9993753 ], "texture": "#cobblestone_slab_1", "cullface": "down" },
				"up": { "uv": [ 11.50062, 15.00062, 11.99938, 15.99938 ], "texture": "#cobblestone_slab_1" }
			}
		},
		{
			"__comment": "PlaneY55",
			"from": [ 4.0009, 0.0005, -0.0006 ],
			"to": [ 4.5009, 0.0015, 0.9994 ],
			"faces": {
				"down": { "uv": [ 4.000625, 15.00062, 4.499375, 15.99938 ], "texture": "#cobblestone_slab_1", "cullface": "down" },
				"up": { "uv": [ 4.000625, 0.000624657, 4.499375, 0.9993753 ], "texture": "#cobblestone_slab_1" }
			}
		},
		{
			"__comment": "PlaneY55",
			"from": [ 11.9993, 0.0001, -0.0008 ],
			"to": [ 12.4993, 0.0011, 0.9992 ],
			"faces": {
				"down": { "uv": [ 12.00062, 15.00062, 12.49938, 15.99938 ], "texture": "#cobblestone_slab_1", "cullface": "down" },
				"up": { "uv": [ 12.00062, 0.000624657, 12.49938, 0.9993753 ], "texture": "#cobblestone_slab_1" }
			}
		},
		{
			"__comment": "PlaneY55",
			"from": [ 0.0004, 0.0006, 3.0005 ],
			"to": [ 1.0004, 0.0016, 3.5005 ],
			"faces": {
				"down": { "uv": [ 0.000625, 12.50062, 0.999375, 12.99938 ], "texture": "#cobblestone_slab_1", "cullface": "down" },
				"up": { "uv": [ 0.000625, 3.000625, 0.999375, 3.499375 ], "texture": "#cobblestone_slab_1" }
			}
		},
		{
			"__comment": "PlaneY55",
			"from": [ -0.0008, -0.0005, 11.499 ],
			"to": [ 0.9992, 0.0005, 11.999 ],
			"faces": {
				"down": { "uv": [ 0.000625, 4.000626, 0.999375, 4.499374 ], "texture": "#cobblestone_slab_1", "cullface": "down" },
				"up": { "uv": [ 0.000625, 11.50062, 0.999375, 11.99938 ], "texture": "#cobblestone_slab_1" }
			}
		},
		{
			"__comment": "PlaneY55",
			"from": [ 15.0004, 0.0007, 12.4992 ],
			"to": [ 16.0004, 0.0017, 12.9992 ],
			"faces": {
				"down": { "uv": [ 15.00062, 3.000625, 15.99938, 3.499375 ], "texture": "#cobblestone_slab_1", "cullface": "down" },
				"up": { "uv": [ 15.00062, 12.50062, 15.99938, 12.99938 ], "texture": "#cobblestone_slab_1" }
			}
		},
		{
			"__comment": "PlaneY55",
			"from": [ 14.9991, 0.0006, 4.0008 ],
			"to": [ 15.9991, 0.0016, 4.5008 ],
			"faces": {
				"down": { "uv": [ 15.00062, 11.50062, 15.99938, 11.99938 ], "texture": "#cobblestone_slab_1", "cullface": "down" },
				"up": { "uv": [ 15.00062, 4.000626, 15.99938, 4.499374 ], "texture": "#cobblestone_slab_1" }
			}
		},
		{
			"__comment": "PlaneX34",
			"from": [ 0, 0, 0 ],
			"to": [ 0.001, 8, 22.5 ],
			"rotation": { "origin": [ 0, 0, 0 ], "axis": "y", "angle": 45 },
			"faces": {
				"west": { "uv": [ 0.000625, 8.000625, 15.99938, 15.99938 ], "texture": "#cobblestone_slab_2" },
				"east": { "uv": [ 0.000625, 8.000625, 15.99938, 15.99938 ], "texture": "#cobblestone_slab_2" }
			}
		},
		{
			"__comment": "PlaneX34",
			"from": [ 15.9994, 0, -0.0002 ],
			"to": [ 16.0004, 8.000001, 22.4998 ],
			"rotation": { "origin": [ 16, 0, 0 ], "axis": "y", "angle": -45 },
			"faces": {
				"west": { "uv": [ 0.000625, 8.000625, 15.99938, 15.99938 ], "texture": "#cobblestone_slab_2" },
				"east": { "uv": [ 0.000625, 8.000625, 15.99938, 15.99938 ], "texture": "#cobblestone_slab_2" }
			}
		}
	],
	"display": {
		"thirdperson_righthand": {
			"rotation":  [ 75, 45, 0 ],
			"translation":  [ 0, 2.5, 0 ],
			"scale":  [ 0.375, 0.375, 0.375 ]
		},
		"thirdperson_lefthand": {
			"rotation":  [ 75, 45, 0 ],
			"translation":  [ 0, 2.5, 0 ],
			"scale":  [ 0.375, 0.375, 0.375 ]
		},
		"firstperson_righthand": {
			"rotation":  [ 0, 45, 0 ],
			"translation":  [ 0, 3, 0 ],
			"scale":  [ 0.4, 0.4, 0.4 ]
		},
		"firstperson_lefthand": {
			"rotation":  [ 0, 45, 0 ],
			"translation":  [ 0, 3, 0 ],
			"scale":  [ 0.4, 0.4, 0.4 ]
		},
		"gui": {
			"rotation":  [ 30, 45, 0 ],
			"scale":  [ 0.625, 0.625, 0.625 ]
		},
		"ground": {
			"translation":  [ 0, 3, 0 ],
			"scale":  [ 0.25, 0.25, 0.25 ]
		}
	}
}