{
	"__comment": "Designed by Interhell2000 with Cubik Studio - https://cubik.studio",
	"gui_light": "front",
	"ambientocclusion": false,
	"textures": {
		"particle": "block/c/composter/composter",
		"composter_8": "block/c/composter/composter_8",
		"composter_7": "block/c/composter/composter_7",
		"composter_2": "block/c/composter/composter_2",
		"composter_4": "block/c/composter/composter_4",
		"composter_5": "block/c/composter/composter_5",
		"composter_6": "block/c/composter/composter_6"
	},
	"elements": [ 	 
		{
			"__comment": "Box5",
			"from": [ 0, 22.0009, -2.3758 ],
			"to": [ 16, 22.5009, -1.3758 ],
			"rotation": { "origin": [ 5, 24.5, 12.625 ], "axis": "x", "angle": -22.5 },
			"shade": false,
			"faces": {
				"down": { "uv": [ 0.000625, 15.00062, 15.99938, 15.99938 ], "texture": "#composter_5" },
				"up": { "uv": [ 0.000625, 0.000624657, 15.99938, 0.9993753 ], "texture": "#composter_5" },
				"north": { "uv": [ 0.000625, 2.500625, 15.99938, 2.999375 ], "texture": "#composter_5" },
				"south": { "uv": [ 0.000625, 2.500625, 15.99938, 2.999375 ], "texture": "#composter_5" },
				"west": { "uv": [ 0.000625, 2.500625, 0.999375, 2.999375 ], "texture": "#composter_5" },
				"east": { "uv": [ 15.00062, 2.500625, 15.99938, 2.999375 ], "texture": "#composter_5" }
			}
		},
		{
			"__comment": "Box5",
			"from": [ 1, 22.5002, -2.3748 ],
			"to": [ 15, 23.0002, -1.3748 ],
			"rotation": { "origin": [ 5, 24.5, 12.625 ], "axis": "x", "angle": -22.5 },
			"shade": false,
			"faces": {
				"down": { "uv": [ 1.000625, 15.00062, 14.99938, 15.99938 ], "texture": "#composter_8" },
				"up": { "uv": [ 1.000625, 0.000624657, 14.99938, 0.9993753 ], "texture": "#composter_8" },
				"north": { "uv": [ 1.000625, 2.000625, 14.99938, 2.499375 ], "texture": "#composter_8" },
				"south": { "uv": [ 1.000625, 2.000625, 14.99938, 2.499375 ], "texture": "#composter_8" },
				"west": { "uv": [ 0.000625, 2.000625, 0.999375, 2.499375 ], "texture": "#composter_8" },
				"east": { "uv": [ 15.00062, 2.000625, 15.99938, 2.499375 ], "texture": "#composter_8" }
			}
		},
		{
			"__comment": "Box5",
			"from": [ 2, 22.9997, -2.3756 ],
			"to": [ 14, 23.4997, -1.3756 ],
			"rotation": { "origin": [ 5, 24.5, 12.625 ], "axis": "x", "angle": -22.5 },
			"shade": false,
			"faces": {
				"down": { "uv": [ 2.000625, 15.00062, 13.99938, 15.99938 ], "texture": "#composter_8" },
				"up": { "uv": [ 2.000625, 0.000624657, 13.99938, 0.9993753 ], "texture": "#composter_8" },
				"north": { "uv": [ 2.000625, 1.500625, 13.99938, 1.999375 ], "texture": "#composter_8" },
				"south": { "uv": [ 2.000625, 1.500625, 13.99938, 1.999375 ], "texture": "#composter_8" },
				"west": { "uv": [ 0.000625, 1.500625, 0.999375, 1.999375 ], "texture": "#composter_8" },
				"east": { "uv": [ 15.00062, 1.500625, 15.99938, 1.999375 ], "texture": "#composter_8" }
			}
		},
		{
			"__comment": "Box5",
			"from": [ 3.001, 23.4998, -2.3742 ],
			"to": [ 13.001, 23.9998, -1.3742 ],
			"rotation": { "origin": [ 5, 24.5, 12.625 ], "axis": "x", "angle": -22.5 },
			"shade": false,
			"faces": {
				"down": { "uv": [ 3.000625, 15.00062, 12.99938, 15.99938 ], "texture": "#composter_8" },
				"up": { "uv": [ 3.000625, 0.000624657, 12.99938, 0.9993753 ], "texture": "#composter_8" },
				"north": { "uv": [ 3.000625, 1.000625, 12.99938, 1.499375 ], "texture": "#composter_8" },
				"south": { "uv": [ 3.000625, 1.000625, 12.99938, 1.499375 ], "texture": "#composter_8" },
				"west": { "uv": [ 0.000625, 1.000625, 0.999375, 1.499375 ], "texture": "#composter_8" },
				"east": { "uv": [ 15.00062, 1.000625, 15.99938, 1.499375 ], "texture": "#composter_8" }
			}
		},
		{
			"__comment": "Box5",
			"from": [ 3.9992, 24.0004, -2.3751 ],
			"to": [ 11.9992, 24.5004, -1.3751 ],
			"rotation": { "origin": [ 5, 24.5, 12.625 ], "axis": "x", "angle": -22.5 },
			"shade": false,
			"faces": {
				"down": { "uv": [ 4.000625, 15.00062, 11.99938, 15.99938 ], "texture": "#composter_8" },
				"up": { "uv": [ 4.000625, 0.000624657, 11.99938, 0.9993753 ], "texture": "#composter_8" },
				"north": { "uv": [ 4.000625, 0.5006247, 11.99938, 0.9993753 ], "texture": "#composter_8" },
				"south": { "uv": [ 4.000625, 0.5006247, 11.99938, 0.9993753 ], "texture": "#composter_8" },
				"west": { "uv": [ 0.000625, 0.5006247, 0.999375, 0.9993753 ], "texture": "#composter_8" },
				"east": { "uv": [ 15.00062, 0.5006247, 15.99938, 0.9993753 ], "texture": "#composter_8" }
			}
		},
		{
			"__comment": "Box5",
			"from": [ 5.0004, 24.5004, -2.3746 ],
			"to": [ 11.0004, 25.0004, -1.3746 ],
			"rotation": { "origin": [ 5, 24.5, 12.625 ], "axis": "x", "angle": -22.5 },
			"shade": false,
			"faces": {
				"down": { "uv": [ 5.000625, 15.00062, 10.99938, 15.99938 ], "texture": "#composter_8" },
				"up": { "uv": [ 5.000625, 0.000624657, 10.99938, 0.9993753 ], "texture": "#composter_8" },
				"north": { "uv": [ 5.000625, 0.000624657, 10.99938, 0.4993753 ], "texture": "#composter_8" },
				"south": { "uv": [ 5.000625, 0.000624657, 10.99938, 0.4993753 ], "texture": "#composter_8" },
				"west": { "uv": [ 0.000625, 0.000624657, 0.999375, 0.4993753 ], "texture": "#composter_8" },
				"east": { "uv": [ 15.00062, 0.000624657, 15.99938, 0.4993753 ], "texture": "#composter_8" }
			}
		},
		{
			"__comment": "Box5",
			"from": [ 1.0004, 22.5001, 12.6253 ],
			"to": [ 15.0004, 23.0001, 13.6253 ],
			"rotation": { "origin": [ 5, 24.5, 12.625 ], "axis": "x", "angle": -22.5 },
			"shade": false,
			"faces": {
				"down": { "uv": [ 1.000625, 0.000624657, 14.99938, 0.9993753 ], "texture": "#composter_8" },
				"up": { "uv": [ 1.000625, 15.00062, 14.99938, 15.99938 ], "texture": "#composter_8" },
				"north": { "uv": [ 1.000625, 2.000625, 14.99938, 2.499375 ], "texture": "#composter_8" },
				"south": { "uv": [ 1.000625, 2.000625, 14.99938, 2.499375 ], "texture": "#composter_8" },
				"west": { "uv": [ 15.00062, 2.000625, 15.99938, 2.499375 ], "texture": "#composter_8" },
				"east": { "uv": [ 0.000625, 2.000625, 0.999375, 2.499375 ], "texture": "#composter_8" }
			}
		},
		{
			"__comment": "Box5",
			"from": [ 2.0001, 22.9991, 12.6258 ],
			"to": [ 14.0001, 23.4991, 13.6258 ],
			"rotation": { "origin": [ 5, 24.5, 12.625 ], "axis": "x", "angle": -22.5 },
			"shade": false,
			"faces": {
				"down": { "uv": [ 2.000625, 0.000624657, 13.99938, 0.9993753 ], "texture": "#composter_8" },
				"up": { "uv": [ 2.000625, 15.00062, 13.99938, 15.99938 ], "texture": "#composter_8" },
				"north": { "uv": [ 2.000625, 1.500625, 13.99938, 1.999375 ], "texture": "#composter_8" },
				"south": { "uv": [ 2.000625, 1.500625, 13.99938, 1.999375 ], "texture": "#composter_8" },
				"west": { "uv": [ 15.00062, 1.500625, 15.99938, 1.999375 ], "texture": "#composter_8" },
				"east": { "uv": [ 0.000625, 1.500625, 0.999375, 1.999375 ], "texture": "#composter_8" }
			}
		},
		{
			"__comment": "Box5",
			"from": [ 2.9996, 23.5001, 12.6252 ],
			"to": [ 12.9996, 24.0001, 13.6252 ],
			"rotation": { "origin": [ 5, 24.5, 12.625 ], "axis": "x", "angle": -22.5 },
			"shade": false,
			"faces": {
				"down": { "uv": [ 3.000625, 0.000624657, 12.99938, 0.9993753 ], "texture": "#composter_8" },
				"up": { "uv": [ 3.000625, 15.00062, 12.99938, 15.99938 ], "texture": "#composter_8" },
				"north": { "uv": [ 3.000625, 1.000625, 12.99938, 1.499375 ], "texture": "#composter_8" },
				"south": { "uv": [ 3.000625, 1.000625, 12.99938, 1.499375 ], "texture": "#composter_8" },
				"west": { "uv": [ 15.00062, 1.000625, 15.99938, 1.499375 ], "texture": "#composter_8" },
				"east": { "uv": [ 0.000625, 1.000625, 0.999375, 1.499375 ], "texture": "#composter_8" }
			}
		},
		{
			"__comment": "Box5",
			"from": [ 4.0007, 24.0003, 12.6247 ],
			"to": [ 12.0007, 24.5003, 13.6247 ],
			"rotation": { "origin": [ 5, 24.5, 12.625 ], "axis": "x", "angle": -22.5 },
			"shade": false,
			"faces": {
				"down": { "uv": [ 4.000625, 0.000624657, 11.99938, 0.9993753 ], "texture": "#composter_8" },
				"up": { "uv": [ 4.000625, 15.00062, 11.99938, 15.99938 ], "texture": "#composter_8" },
				"north": { "uv": [ 4.000625, 0.5006247, 11.99938, 0.9993753 ], "texture": "#composter_8" },
				"south": { "uv": [ 4.000625, 0.5006247, 11.99938, 0.9993753 ], "texture": "#composter_8" },
				"west": { "uv": [ 15.00062, 0.5006247, 15.99938, 0.9993753 ], "texture": "#composter_8" },
				"east": { "uv": [ 0.000625, 0.5006247, 0.999375, 0.9993753 ], "texture": "#composter_8" }
			}
		},
		{
			"__comment": "Box5",
			"from": [ 4.9993, 24.5009, 12.6242 ],
			"to": [ 10.9993, 25.0009, 13.6242 ],
			"rotation": { "origin": [ 5, 24.5, 12.625 ], "axis": "x", "angle": -22.5 },
			"shade": false,
			"faces": {
				"down": { "uv": [ 5.000625, 0.000624657, 10.99938, 0.9993753 ], "texture": "#composter_8" },
				"up": { "uv": [ 5.000625, 15.00062, 10.99938, 15.99938 ], "texture": "#composter_8" },
				"north": { "uv": [ 5.000625, 0.000624657, 10.99938, 0.4993753 ], "texture": "#composter_8" },
				"south": { "uv": [ 5.000625, 0.000624657, 10.99938, 0.4993753 ], "texture": "#composter_8" },
				"west": { "uv": [ 15.00062, 0.000624657, 15.99938, 0.4993753 ], "texture": "#composter_8" },
				"east": { "uv": [ 0.000625, 0.000624657, 0.999375, 0.4993753 ], "texture": "#composter_8" }
			}
		},
		{
			"__comment": "Box24",
			"from": [ -0.4998, 21.4996, -2.3746 ],
			"to": [ 0.000200003, 22.4996, 13.6254 ],
			"rotation": { "origin": [ 5, 24.5, 12.625 ], "axis": "x", "angle": -22.5 },
			"shade": false,
			"faces": {
				"down": { "uv": [ 15.50062, 0.000624657, 15.99938, 15.99938 ], "texture": "#composter_5" },
				"up": { "uv": [ 15.50062, 0.000624657, 15.99938, 15.99938 ], "texture": "#composter_5" },
				"north": { "uv": [ 0.000625, 2.500625, 0.499375, 3.499375 ], "texture": "#composter_5" },
				"south": { "uv": [ 15.50062, 2.500625, 15.99938, 3.499375 ], "texture": "#composter_5" },
				"west": { "uv": [ 0.000625, 2.500625, 15.99938, 3.499375 ], "texture": "#composter_5" },
				"east": { "uv": [ 0.000625, 2.500625, 15.99938, 3.499375 ], "texture": "#composter_5" }
			}
		},
		{
			"__comment": "Box24",
			"from": [ 15.9994, 21.4999, -2.3756 ],
			"to": [ 16.4994, 22.4999, 13.6244 ],
			"rotation": { "origin": [ 5, 24.5, 12.625 ], "axis": "x", "angle": -22.5 },
			"shade": false,
			"faces": {
				"down": { "uv": [ 0.000625, 0.000624657, 0.499375, 15.99938 ], "texture": "#composter_5" },
				"up": { "uv": [ 0.000625, 0.000624657, 0.499375, 15.99938 ], "texture": "#composter_5" },
				"north": { "uv": [ 15.50062, 2.500625, 15.99938, 3.499375 ], "texture": "#composter_5" },
				"south": { "uv": [ 0.000625, 2.500625, 0.499375, 3.499375 ], "texture": "#composter_5" },
				"west": { "uv": [ 0.000625, 2.500625, 15.99938, 3.499375 ], "texture": "#composter_5" },
				"east": { "uv": [ 0.000625, 2.500625, 15.99938, 3.499375 ], "texture": "#composter_5" }
			}
		},
		{
			"__comment": "Box28",
			"from": [ 5.0002, 25, -3.374 ],
			"to": [ 11.0002, 25.5, 14.626 ],
			"rotation": { "origin": [ 5, 24.5, 12.625 ], "axis": "x", "angle": -22.5 },
			"shade": false,
			"faces": {
				"down": { "uv": [ 5.000625, 0.000624657, 10.99938, 15.99938 ], "texture": "#composter_7" },
				"up": { "uv": [ 5.000625, 0.000624657, 10.99938, 15.99938 ], "texture": "#composter_7" },
				"north": { "uv": [ 5.000625, 15.50062, 10.99938, 15.99938 ], "texture": "#composter_7" },
				"south": { "uv": [ 5.000625, 15.50062, 10.99938, 15.99938 ], "texture": "#composter_7" },
				"west": { "uv": [ 0.000625, 15.50062, 15.99938, 15.99938 ], "texture": "#composter_7" },
				"east": { "uv": [ 0.000625, 15.50062, 15.99938, 15.99938 ], "texture": "#composter_7" }
			}
		},
		{
			"__comment": "Box28",
			"from": [ 10.9999, 24.4996, -3.376 ],
			"to": [ 11.9999, 24.9996, 14.624 ],
			"rotation": { "origin": [ 5, 24.5, 12.625 ], "axis": "x", "angle": -22.5 },
			"shade": false,
			"faces": {
				"down": { "uv": [ 11.00062, 0.000624657, 11.99938, 15.99938 ], "texture": "#composter_7" },
				"up": { "uv": [ 11.00062, 0.000624657, 11.99938, 15.99938 ], "texture": "#composter_7" },
				"north": { "uv": [ 4.000625, 0.000624657, 4.999375, 0.4993753 ], "texture": "#composter_7" },
				"south": { "uv": [ 11.00062, 0.000624657, 11.99938, 0.4993753 ], "texture": "#composter_7" },
				"west": { "uv": [ 0.000625, 0.000624657, 15.99938, 0.4993753 ], "texture": "#composter_7" },
				"east": { "uv": [ 0.000625, 0.000624657, 15.99938, 0.4993753 ], "texture": "#composter_7" }
			}
		},
		{
			"__comment": "Box28",
			"from": [ 12.0008, 24, -3.3749 ],
			"to": [ 13.0008, 24.5, 14.6251 ],
			"rotation": { "origin": [ 5, 24.5, 12.625 ], "axis": "x", "angle": -22.5 },
			"shade": false,
			"faces": {
				"down": { "uv": [ 12.00062, 0.000624657, 12.99938, 15.99938 ], "texture": "#composter_7" },
				"up": { "uv": [ 12.00062, 0.000624657, 12.99938, 15.99938 ], "texture": "#composter_7" },
				"north": { "uv": [ 3.000625, 0.5006247, 3.999375, 0.9993753 ], "texture": "#composter_7" },
				"south": { "uv": [ 12.00062, 0.5006247, 12.99938, 0.9993753 ], "texture": "#composter_7" },
				"west": { "uv": [ 0.000625, 0.5006247, 15.99938, 0.9993753 ], "texture": "#composter_7" },
				"east": { "uv": [ 0.000625, 0.5006247, 15.99938, 0.9993753 ], "texture": "#composter_7" }
			}
		},
		{
			"__comment": "Box28",
			"from": [ 13.0002, 23.5001, -3.3756 ],
			"to": [ 14.0002, 24.0001, 14.6244 ],
			"rotation": { "origin": [ 5, 24.5, 12.625 ], "axis": "x", "angle": -22.5 },
			"shade": false,
			"faces": {
				"down": { "uv": [ 13.00062, 0.000624657, 13.99938, 15.99938 ], "texture": "#composter_7" },
				"up": { "uv": [ 13.00062, 0.000624657, 13.99938, 15.99938 ], "texture": "#composter_7" },
				"north": { "uv": [ 2.000625, 1.000625, 2.999375, 1.499375 ], "texture": "#composter_7" },
				"south": { "uv": [ 13.00062, 1.000625, 13.99938, 1.499375 ], "texture": "#composter_7" },
				"west": { "uv": [ 0.000625, 1.000625, 15.99938, 1.499375 ], "texture": "#composter_7" },
				"east": { "uv": [ 0.000625, 1.000625, 15.99938, 1.499375 ], "texture": "#composter_7" }
			}
		},
		{
			"__comment": "Box28",
			"from": [ 14.0007, 23.0001, -3.3748 ],
			"to": [ 15.0007, 23.5001, 14.6252 ],
			"rotation": { "origin": [ 5, 24.5, 12.625 ], "axis": "x", "angle": -22.5 },
			"shade": false,
			"faces": {
				"down": { "uv": [ 14.00062, 0.000624657, 14.99938, 15.99938 ], "texture": "#composter_7" },
				"up": { "uv": [ 14.00062, 0.000624657, 14.99938, 15.99938 ], "texture": "#composter_7" },
				"north": { "uv": [ 1.000625, 1.500625, 1.999375, 1.999375 ], "texture": "#composter_7" },
				"south": { "uv": [ 14.00062, 1.500625, 14.99938, 1.999375 ], "texture": "#composter_7" },
				"west": { "uv": [ 0.000625, 1.500625, 15.99938, 1.999375 ], "texture": "#composter_7" },
				"east": { "uv": [ 0.000625, 1.500625, 15.99938, 1.999375 ], "texture": "#composter_7" }
			}
		},
		{
			"__comment": "Box28",
			"from": [ 15.001, 22.4996, -3.3742 ],
			"to": [ 16.00101, 22.9996, 14.6258 ],
			"rotation": { "origin": [ 5, 24.5, 12.625 ], "axis": "x", "angle": -22.5 },
			"shade": false,
			"faces": {
				"down": { "uv": [ 15.00062, 0.000624657, 15.99938, 15.99938 ], "texture": "#composter_7" },
				"up": { "uv": [ 15.00062, 0.000624657, 15.99938, 15.99938 ], "texture": "#composter_7" },
				"north": { "uv": [ 0.000625, 2.000625, 0.999375, 2.499375 ], "texture": "#composter_7" },
				"south": { "uv": [ 15.00062, 2.000625, 15.99938, 2.499375 ], "texture": "#composter_7" },
				"west": { "uv": [ 0.000625, 2.000625, 15.99938, 2.499375 ], "texture": "#composter_7" },
				"east": { "uv": [ 0.000625, 2.000625, 15.99938, 2.499375 ], "texture": "#composter_7" }
			}
		},
		{
			"__comment": "Box28",
			"from": [ 4.0008, 24.5006, -3.3753 ],
			"to": [ 5.0008, 25.0006, 14.6247 ],
			"rotation": { "origin": [ 5, 24.5, 12.625 ], "axis": "x", "angle": -22.5 },
			"shade": false,
			"faces": {
				"down": { "uv": [ 4.000625, 0.000624657, 4.999375, 15.99938 ], "texture": "#composter_7" },
				"up": { "uv": [ 4.000625, 0.000624657, 4.999375, 15.99938 ], "texture": "#composter_7" },
				"north": { "uv": [ 11.00062, 0.000624657, 11.99938, 0.4993753 ], "texture": "#composter_7" },
				"south": { "uv": [ 4.000625, 0.000624657, 4.999375, 0.4993753 ], "texture": "#composter_7" },
				"west": { "uv": [ 0.000625, 0.000624657, 15.99938, 0.4993753 ], "texture": "#composter_7" },
				"east": { "uv": [ 0.000625, 0.000624657, 15.99938, 0.4993753 ], "texture": "#composter_7" }
			}
		},
		{
			"__comment": "Box28",
			"from": [ 3.0007, 24.0007, -3.3743 ],
			"to": [ 4.0007, 24.5007, 14.6257 ],
			"rotation": { "origin": [ 5, 24.5, 12.625 ], "axis": "x", "angle": -22.5 },
			"shade": false,
			"faces": {
				"down": { "uv": [ 3.000625, 0.000624657, 3.999375, 15.99938 ], "texture": "#composter_7" },
				"up": { "uv": [ 3.000625, 0.000624657, 3.999375, 15.99938 ], "texture": "#composter_7" },
				"north": { "uv": [ 12.00062, 0.5006247, 12.99938, 0.9993753 ], "texture": "#composter_7" },
				"south": { "uv": [ 3.000625, 0.5006247, 3.999375, 0.9993753 ], "texture": "#composter_7" },
				"west": { "uv": [ 0.000625, 0.5006247, 15.99938, 0.9993753 ], "texture": "#composter_7" },
				"east": { "uv": [ 0.000625, 0.5006247, 15.99938, 0.9993753 ], "texture": "#composter_7" }
			}
		},
		{
			"__comment": "Box28",
			"from": [ 1.9993, 23.4991, -3.3748 ],
			"to": [ 2.9993, 23.9991, 14.6252 ],
			"rotation": { "origin": [ 5, 24.5, 12.625 ], "axis": "x", "angle": -22.5 },
			"shade": false,
			"faces": {
				"down": { "uv": [ 2.000625, 0.000624657, 2.999375, 15.99938 ], "texture": "#composter_7" },
				"up": { "uv": [ 2.000625, 0.000624657, 2.999375, 15.99938 ], "texture": "#composter_7" },
				"north": { "uv": [ 13.00062, 1.000625, 13.99938, 1.499375 ], "texture": "#composter_7" },
				"south": { "uv": [ 2.000625, 1.000625, 2.999375, 1.499375 ], "texture": "#composter_7" },
				"west": { "uv": [ 0.000625, 1.000625, 15.99938, 1.499375 ], "texture": "#composter_7" },
				"east": { "uv": [ 0.000625, 1.000625, 15.99938, 1.499375 ], "texture": "#composter_7" }
			}
		},
		{
			"__comment": "Box28",
			"from": [ 0.9996, 23.0011, -3.3758 ],
			"to": [ 1.9996, 23.5011, 14.6242 ],
			"rotation": { "origin": [ 5, 24.5, 12.625 ], "axis": "x", "angle": -22.5 },
			"shade": false,
			"faces": {
				"down": { "uv": [ 1.000625, 0.000624657, 1.999375, 15.99938 ], "texture": "#composter_7" },
				"up": { "uv": [ 1.000625, 0.000624657, 1.999375, 15.99938 ], "texture": "#composter_7" },
				"north": { "uv": [ 14.00062, 1.500625, 14.99938, 1.999375 ], "texture": "#composter_7" },
				"south": { "uv": [ 1.000625, 1.500625, 1.999375, 1.999375 ], "texture": "#composter_7" },
				"west": { "uv": [ 0.000625, 1.500625, 15.99938, 1.999375 ], "texture": "#composter_7" },
				"east": { "uv": [ 0.000625, 1.500625, 15.99938, 1.999375 ], "texture": "#composter_7" }
			}
		},
		{
			"__comment": "Box28",
			"from": [ -0.0009, 22.4996, -3.376 ],
			"to": [ 0.9991, 22.9996, 14.624 ],
			"rotation": { "origin": [ 5, 24.5, 12.625 ], "axis": "x", "angle": -22.5 },
			"shade": false,
			"faces": {
				"down": { "uv": [ 0.000625, 0.000624657, 0.999375, 15.99938 ], "texture": "#composter_7" },
				"up": { "uv": [ 0.000625, 0.000624657, 0.999375, 15.99938 ], "texture": "#composter_7" },
				"north": { "uv": [ 15.00062, 2.000625, 15.99938, 2.499375 ], "texture": "#composter_7" },
				"south": { "uv": [ 0.000625, 2.000625, 0.999375, 2.499375 ], "texture": "#composter_7" },
				"west": { "uv": [ 0.000625, 2.000625, 15.99938, 2.499375 ], "texture": "#composter_7" },
				"east": { "uv": [ 0.000625, 2.000625, 15.99938, 2.499375 ], "texture": "#composter_7" }
			}
		},
		{
			"__comment": "Box39",
			"from": [ -0.4999, 21.4992, 13.6242 ],
			"to": [ 16.5001, 22.4992, 14.1242 ],
			"rotation": { "origin": [ 5, 24.5, 12.625 ], "axis": "x", "angle": -22.5 },
			"shade": false,
			"faces": {
				"down": { "uv": [ 0.000625, 15.50062, 15.99938, 15.99938 ], "texture": "#composter_5" },
				"up": { "uv": [ 0.000625, 0.000624657, 15.99938, 0.4993753 ], "texture": "#composter_5" },
				"north": { "uv": [ 0.000625, 2.500625, 15.99938, 3.499375 ], "texture": "#composter_5" },
				"south": { "uv": [ 0.000625, 2.500625, 15.99938, 3.499375 ], "texture": "#composter_5" },
				"west": { "uv": [ 0.000625, 2.500625, 0.499375, 3.499375 ], "texture": "#composter_5" },
				"east": { "uv": [ 15.50062, 2.500625, 15.99938, 3.499375 ], "texture": "#composter_5" }
			}
		},
		{
			"__comment": "Box61",
			"from": [ 5.0006, 0.5005, 14.5001 ],
			"to": [ 6.0006, 6.500501, 15.5001 ],
			"shade": false,
			"faces": {
				"up": { "uv": [ 5.000625, 14.50062, 5.999375, 15.49938 ], "texture": "#composter_2" },
				"south": { "uv": [ 5.000625, 9.500625, 5.999375, 15.49938 ], "texture": "#composter_2" },
				"west": { "uv": [ 14.50062, 9.500625, 15.49938, 15.49938 ], "texture": "#composter_2" },
				"east": { "uv": [ 0.500625, 9.500625, 1.499375, 15.49938 ], "texture": "#composter_2" }
			}
		},
		{
			"__comment": "Box61",
			"from": [ 9.9997, 0.5005, 14.5005 ],
			"to": [ 10.99969, 6.5005, 15.5005 ],
			"shade": false,
			"faces": {
				"up": { "uv": [ 10.00062, 14.50062, 10.99938, 15.49938 ], "texture": "#composter_2" },
				"south": { "uv": [ 10.00062, 9.500625, 10.99938, 15.49938 ], "texture": "#composter_2" },
				"west": { "uv": [ 14.50062, 9.500625, 15.49938, 15.49938 ], "texture": "#composter_2" },
				"east": { "uv": [ 0.500625, 9.500625, 1.499375, 15.49938 ], "texture": "#composter_2" }
			}
		},
		{
			"__comment": "Box65",
			"from": [ 5.0006, 5.5007, 15.4998 ],
			"to": [ 11.0006, 6.5007, 15.9998 ],
			"shade": false,
			"faces": {
				"down": { "uv": [ 5.000625, 0.000624657, 10.99938, 0.4993753 ], "texture": "#composter_7" },
				"up": { "uv": [ 5.000625, 15.50062, 10.99938, 15.99938 ], "texture": "#composter_7" },
				"north": { "uv": [ 5.000625, 9.500625, 10.99938, 10.49938 ], "texture": "#composter_7" },
				"south": { "uv": [ 5.000625, 9.500625, 10.99938, 10.49938 ], "texture": "#composter_7" },
				"west": { "uv": [ 15.50062, 9.500625, 15.99938, 10.49938 ], "texture": "#composter_7" },
				"east": { "uv": [ 0.000625, 9.500625, 0.499375, 10.49938 ], "texture": "#composter_7" }
			}
		},
		{
			"__comment": "Box65",
			"from": [ 4.9994, 3.9993, 15.5 ],
			"to": [ 10.9994, 4.999301, 16 ],
			"shade": false,
			"faces": {
				"down": { "uv": [ 5.000625, 0.000624657, 10.99938, 0.4993753 ], "texture": "#composter_7" },
				"up": { "uv": [ 5.000625, 15.50062, 10.99938, 15.99938 ], "texture": "#composter_7" },
				"north": { "uv": [ 5.000625, 11.00062, 10.99938, 11.99938 ], "texture": "#composter_7" },
				"south": { "uv": [ 5.000625, 11.00062, 10.99938, 11.99938 ], "texture": "#composter_7" },
				"west": { "uv": [ 15.50062, 11.00062, 15.99938, 11.99938 ], "texture": "#composter_7" },
				"east": { "uv": [ 0.000625, 11.00062, 0.499375, 11.99938 ], "texture": "#composter_7" }
			}
		},
		{
			"__comment": "Box65",
			"from": [ 5.0004, 2.5002, 15.4993 ],
			"to": [ 11.0004, 3.5002, 15.9993 ],
			"shade": false,
			"faces": {
				"down": { "uv": [ 5.000625, 0.000624657, 10.99938, 0.4993753 ], "texture": "#composter_7" },
				"up": { "uv": [ 5.000625, 15.50062, 10.99938, 15.99938 ], "texture": "#composter_7" },
				"north": { "uv": [ 5.000625, 12.50062, 10.99938, 13.49938 ], "texture": "#composter_7" },
				"south": { "uv": [ 5.000625, 12.50062, 10.99938, 13.49938 ], "texture": "#composter_7" },
				"west": { "uv": [ 15.50062, 12.50062, 15.99938, 13.49938 ], "texture": "#composter_7" },
				"east": { "uv": [ 0.000625, 12.50062, 0.499375, 13.49938 ], "texture": "#composter_7" }
			}
		},
		{
			"__comment": "Box65",
			"from": [ 5.0003, 0.4992, 15.5005 ],
			"to": [ 11.00029, 1.9992, 16.0005 ],
			"shade": false,
			"faces": {
				"up": { "uv": [ 5.000625, 15.50062, 10.99938, 15.99938 ], "texture": "#composter_7" },
				"north": { "uv": [ 5.000625, 14.00062, 10.99938, 15.49938 ], "texture": "#composter_7" },
				"south": { "uv": [ 5.000625, 14.00062, 10.99938, 15.49938 ], "texture": "#composter_7" },
				"west": { "uv": [ 15.50062, 14.00062, 15.99938, 15.49938 ], "texture": "#composter_7" },
				"east": { "uv": [ 0.000625, 14.00062, 0.499375, 15.49938 ], "texture": "#composter_7" }
			}
		},
		{
			"__comment": "Box65",
			"from": [ 7.4998, 5.5001, 16.0001 ],
			"to": [ 8.4998, 8.000099, 16.5001 ],
			"shade": false,
			"faces": {
				"down": { "uv": [ 0.000625, 0.000624657, 15.99938, 15.99938 ], "texture": "#composter_4" },
				"up": { "uv": [ 0.000625, 0.000624657, 15.99938, 15.99938 ], "texture": "#composter_4" },
				"north": { "uv": [ 0.000625, 0.000624657, 15.99938, 15.99938 ], "texture": "#composter_4" },
				"south": { "uv": [ 0.000625, 0.000624657, 15.99938, 15.99938 ], "texture": "#composter_4" },
				"west": { "uv": [ 0.000625, 0.000624657, 15.99938, 15.99938 ], "texture": "#composter_4" },
				"east": { "uv": [ 0.000625, 0.000624657, 15.99938, 15.99938 ], "texture": "#composter_4" }
			}
		},
		{
			"__comment": "Box88",
			"from": [ 0.0003, 16.0008, 10.9991 ],
			"to": [ 0.5003, 21.5008, 11.4991 ],
			"shade": false,
			"faces": {
				"up": { "uv": [ 0.000625, 11.00062, 0.499375, 11.49938 ], "texture": "#composter_5" },
				"north": { "uv": [ 15.50062, 0.000624657, 15.99938, 2.999375 ], "texture": "#composter_5" },
				"south": { "uv": [ 0.000625, 0.000624657, 0.499375, 2.999375 ], "texture": "#composter_5" },
				"west": { "uv": [ 11.00062, 0.000624657, 11.49938, 2.999375 ], "texture": "#composter_5" },
				"east": { "uv": [ 4.500625, 0.000624657, 4.999375, 2.999375 ], "texture": "#composter_5" }
			}
		},
		{
			"__comment": "Box88",
			"from": [ 15.4995, 16.0001, 11.0004 ],
			"to": [ 15.9995, 21.5001, 11.5004 ],
			"shade": false,
			"faces": {
				"up": { "uv": [ 15.50062, 11.00062, 15.99938, 11.49938 ], "texture": "#composter_5" },
				"north": { "uv": [ 0.000625, 0.000624657, 0.499375, 2.999375 ], "texture": "#composter_5" },
				"south": { "uv": [ 15.50062, 0.000624657, 15.99938, 2.999375 ], "texture": "#composter_5" },
				"west": { "uv": [ 11.00062, 0.000624657, 11.49938, 2.999375 ], "texture": "#composter_5" },
				"east": { "uv": [ 4.500625, 0.000624657, 4.999375, 2.999375 ], "texture": "#composter_5" }
			}
		},
		{
			"__comment": "Box90",
			"from": [ 1, 0.5, 0.5 ],
			"to": [ 15, 13.5, 15 ],
			"shade": false,
			"faces": {
				"up": { "uv": [ 1, 0.5, 15, 15 ], "texture": "#composter_6" },
				"north": { "uv": [ 1, 2.5, 15, 15.5 ], "texture": "#composter_6" },
				"south": { "uv": [ 1, 2.5, 15, 15.5 ], "texture": "#composter_6" },
				"west": { "uv": [ 0.5, 2.5, 15, 15.5 ], "texture": "#composter_6" },
				"east": { "uv": [ 1, 2.5, 15.5, 15.5 ], "texture": "#composter_6" }
			}
		}
	],
	"display": {
		"thirdperson_righthand": {
			"rotation":  [ 75, 45, 0 ],
			"translation":  [ 0, 2.5, 0 ],
			"scale":  [ 0.375, 0.375, 0.375 ]
		},
		"thirdperson_lefthand": {
			"rotation":  [ 75, 45, 0 ],
			"translation":  [ 0, 2.5, 0 ],
			"scale":  [ 0.375, 0.375, 0.375 ]
		},
		"firstperson_righthand": {
			"rotation":  [ 0, 45, 0 ],
			"scale":  [ 0.4, 0.4, 0.4 ]
		},
		"firstperson_lefthand": {
			"rotation":  [ 0, 45, 0 ],
			"scale":  [ 0.4, 0.4, 0.4 ]
		},
		"gui": {
			"rotation":  [ 30, 45, 0 ],
			"scale":  [ 0.625, 0.625, 0.625 ]
		},
		"head": {
			"rotation":  [ 0, 180, 0 ]
		},
		"ground": {
			"translation":  [ 0, 2, 0 ],
			"scale":  [ 0.5, 0.5, 0.5 ]
		},
		"fixed": {
			"rotation":  [ 0, 180, 0 ]
		}
	}
}