{
	"__comment": "Designed by Interhell2000 with Cubik Studio - https://cubik.studio",
	"gui_light": "front",
	"ambientocclusion": false,
	"textures": {
		"particle": "block/c/composter/composter",
		"composter_8": "block/c/composter/composter_8",
		"composter_7": "block/c/composter/composter_7",
		"composter_4": "block/c/composter/composter_4",
		"composter_5": "block/c/composter/composter_5",
		"composter_6": "block/c/composter/composter_6",
		"composter_2": "block/c/composter/composter_2"
	},
	"elements": [ 	 
		{
			"__comment": "Box5",
			"from": [ 0.0005, 22.0004, -2.3766 ],
			"to": [ 16.0005, 22.5004, -1.3766 ],
			"rotation": { "origin": [ 5, 24.5, 12.625 ], "axis": "x", "angle": -22.5 },
			"shade": false,
			"faces": {
				"down": { "uv": [ 0.00125, 15.00124, 15.99876, 15.99876 ], "texture": "#composter_5" },
				"up": { "uv": [ 0.00125, 0.001249313, 15.99876, 0.9987507 ], "texture": "#composter_5" },
				"north": { "uv": [ 0.00125, 2.50125, 15.99876, 2.99875 ], "texture": "#composter_5" },
				"south": { "uv": [ 0.00125, 2.50125, 15.99876, 2.99875 ], "texture": "#composter_5" },
				"west": { "uv": [ 0.00125, 2.50125, 0.99875, 2.99875 ], "texture": "#composter_5" },
				"east": { "uv": [ 15.00124, 2.50125, 15.99876, 2.99875 ], "texture": "#composter_5" }
			}
		},
		{
			"__comment": "Box5",
			"from": [ 0.9996, 22.5008, -2.3749 ],
			"to": [ 14.9996, 23.0008, -1.3749 ],
			"rotation": { "origin": [ 5, 24.5, 12.625 ], "axis": "x", "angle": -22.5 },
			"shade": false,
			"faces": {
				"down": { "uv": [ 1.00125, 15.00124, 14.99876, 15.99876 ], "texture": "#composter_8" },
				"up": { "uv": [ 1.00125, 0.001249313, 14.99876, 0.9987507 ], "texture": "#composter_8" },
				"north": { "uv": [ 1.00125, 2.00125, 14.99876, 2.49875 ], "texture": "#composter_8" },
				"south": { "uv": [ 1.00125, 2.00125, 14.99876, 2.49875 ], "texture": "#composter_8" },
				"west": { "uv": [ 0.00125, 2.00125, 0.99875, 2.49875 ], "texture": "#composter_8" },
				"east": { "uv": [ 15.00124, 2.00125, 15.99876, 2.49875 ], "texture": "#composter_8" }
			}
		},
		{
			"__comment": "Box5",
			"from": [ 2.0003, 23.0006, -2.3763 ],
			"to": [ 14.0003, 23.5006, -1.3763 ],
			"rotation": { "origin": [ 5, 24.5, 12.625 ], "axis": "x", "angle": -22.5 },
			"shade": false,
			"faces": {
				"down": { "uv": [ 2.00125, 15.00124, 13.99875, 15.99876 ], "texture": "#composter_8" },
				"up": { "uv": [ 2.00125, 0.001249313, 13.99875, 0.9987507 ], "texture": "#composter_8" },
				"north": { "uv": [ 2.00125, 1.50125, 13.99875, 1.99875 ], "texture": "#composter_8" },
				"south": { "uv": [ 2.00125, 1.50125, 13.99875, 1.99875 ], "texture": "#composter_8" },
				"west": { "uv": [ 0.00125, 1.50125, 0.99875, 1.99875 ], "texture": "#composter_8" },
				"east": { "uv": [ 15.00124, 1.50125, 15.99876, 1.99875 ], "texture": "#composter_8" }
			}
		},
		{
			"__comment": "Box5",
			"from": [ 3.0018, 23.4989, -2.3747 ],
			"to": [ 13.0018, 23.9989, -1.3747 ],
			"rotation": { "origin": [ 5, 24.5, 12.625 ], "axis": "x", "angle": -22.5 },
			"shade": false,
			"faces": {
				"down": { "uv": [ 3.00125, 15.00124, 12.99875, 15.99876 ], "texture": "#composter_8" },
				"up": { "uv": [ 3.00125, 0.001249313, 12.99875, 0.9987507 ], "texture": "#composter_8" },
				"north": { "uv": [ 3.00125, 1.00125, 12.99875, 1.49875 ], "texture": "#composter_8" },
				"south": { "uv": [ 3.00125, 1.00125, 12.99875, 1.49875 ], "texture": "#composter_8" },
				"west": { "uv": [ 0.00125, 1.00125, 0.99875, 1.49875 ], "texture": "#composter_8" },
				"east": { "uv": [ 15.00124, 1.00125, 15.99876, 1.49875 ], "texture": "#composter_8" }
			}
		},
		{
			"__comment": "Box5",
			"from": [ 3.9987, 24.001, -2.375 ],
			"to": [ 11.9987, 24.501, -1.375 ],
			"rotation": { "origin": [ 5, 24.5, 12.625 ], "axis": "x", "angle": -22.5 },
			"shade": false,
			"faces": {
				"down": { "uv": [ 4.00125, 15.00124, 11.99876, 15.99876 ], "texture": "#composter_8" },
				"up": { "uv": [ 4.00125, 0.001249313, 11.99876, 0.9987507 ], "texture": "#composter_8" },
				"north": { "uv": [ 4.00125, 0.5012493, 11.99876, 0.9987507 ], "texture": "#composter_8" },
				"south": { "uv": [ 4.00125, 0.5012493, 11.99876, 0.9987507 ], "texture": "#composter_8" },
				"west": { "uv": [ 0.00125, 0.5012493, 0.99875, 0.9987507 ], "texture": "#composter_8" },
				"east": { "uv": [ 15.00124, 0.5012493, 15.99876, 0.9987507 ], "texture": "#composter_8" }
			}
		},
		{
			"__comment": "Box5",
			"from": [ 5.0005, 24.501, -2.3742 ],
			"to": [ 11.0005, 25.001, -1.3742 ],
			"rotation": { "origin": [ 5, 24.5, 12.625 ], "axis": "x", "angle": -22.5 },
			"shade": false,
			"faces": {
				"down": { "uv": [ 5.00125, 15.00124, 10.99876, 15.99876 ], "texture": "#composter_8" },
				"up": { "uv": [ 5.00125, 0.001249313, 10.99876, 0.9987507 ], "texture": "#composter_8" },
				"north": { "uv": [ 5.00125, 0.001249313, 10.99876, 0.4987507 ], "texture": "#composter_8" },
				"south": { "uv": [ 5.00125, 0.001249313, 10.99876, 0.4987507 ], "texture": "#composter_8" },
				"west": { "uv": [ 0.00125, 0.001249313, 0.99875, 0.4987507 ], "texture": "#composter_8" },
				"east": { "uv": [ 15.00124, 0.001249313, 15.99876, 0.4987507 ], "texture": "#composter_8" }
			}
		},
		{
			"__comment": "Box5",
			"from": [ 1.0011, 22.4991, 12.6259 ],
			"to": [ 15.0011, 22.9991, 13.6259 ],
			"rotation": { "origin": [ 5, 24.5, 12.625 ], "axis": "x", "angle": -22.5 },
			"shade": false,
			"faces": {
				"down": { "uv": [ 1.00125, 0.001249313, 14.99876, 0.9987507 ], "texture": "#composter_8" },
				"up": { "uv": [ 1.00125, 15.00124, 14.99876, 15.99876 ], "texture": "#composter_8" },
				"north": { "uv": [ 1.00125, 2.00125, 14.99876, 2.49875 ], "texture": "#composter_8" },
				"south": { "uv": [ 1.00125, 2.00125, 14.99876, 2.49875 ], "texture": "#composter_8" },
				"west": { "uv": [ 15.00124, 2.00125, 15.99876, 2.49875 ], "texture": "#composter_8" },
				"east": { "uv": [ 0.00125, 2.00125, 0.99875, 2.49875 ], "texture": "#composter_8" }
			}
		},
		{
			"__comment": "Box5",
			"from": [ 1.9995, 22.9991, 12.6252 ],
			"to": [ 13.9995, 23.4991, 13.6252 ],
			"rotation": { "origin": [ 5, 24.5, 12.625 ], "axis": "x", "angle": -22.5 },
			"shade": false,
			"faces": {
				"down": { "uv": [ 2.00125, 0.001249313, 13.99875, 0.9987507 ], "texture": "#composter_8" },
				"up": { "uv": [ 2.00125, 15.00124, 13.99875, 15.99876 ], "texture": "#composter_8" },
				"north": { "uv": [ 2.00125, 1.50125, 13.99875, 1.99875 ], "texture": "#composter_8" },
				"south": { "uv": [ 2.00125, 1.50125, 13.99875, 1.99875 ], "texture": "#composter_8" },
				"west": { "uv": [ 15.00124, 1.50125, 15.99876, 1.99875 ], "texture": "#composter_8" },
				"east": { "uv": [ 0.00125, 1.50125, 0.99875, 1.99875 ], "texture": "#composter_8" }
			}
		},
		{
			"__comment": "Box5",
			"from": [ 2.9988, 23.4998, 12.6246 ],
			"to": [ 12.9988, 23.9998, 13.6246 ],
			"rotation": { "origin": [ 5, 24.5, 12.625 ], "axis": "x", "angle": -22.5 },
			"shade": false,
			"faces": {
				"down": { "uv": [ 3.00125, 0.001249313, 12.99875, 0.9987507 ], "texture": "#composter_8" },
				"up": { "uv": [ 3.00125, 15.00124, 12.99875, 15.99876 ], "texture": "#composter_8" },
				"north": { "uv": [ 3.00125, 1.00125, 12.99875, 1.49875 ], "texture": "#composter_8" },
				"south": { "uv": [ 3.00125, 1.00125, 12.99875, 1.49875 ], "texture": "#composter_8" },
				"west": { "uv": [ 15.00124, 1.00125, 15.99876, 1.49875 ], "texture": "#composter_8" },
				"east": { "uv": [ 0.00125, 1.00125, 0.99875, 1.49875 ], "texture": "#composter_8" }
			}
		},
		{
			"__comment": "Box5",
			"from": [ 4, 24.0011, 12.6256 ],
			"to": [ 12, 24.5011, 13.6256 ],
			"rotation": { "origin": [ 5, 24.5, 12.625 ], "axis": "x", "angle": -22.5 },
			"shade": false,
			"faces": {
				"down": { "uv": [ 4.00125, 0.001249313, 11.99876, 0.9987507 ], "texture": "#composter_8" },
				"up": { "uv": [ 4.00125, 15.00124, 11.99876, 15.99876 ], "texture": "#composter_8" },
				"north": { "uv": [ 4.00125, 0.5012493, 11.99876, 0.9987507 ], "texture": "#composter_8" },
				"south": { "uv": [ 4.00125, 0.5012493, 11.99876, 0.9987507 ], "texture": "#composter_8" },
				"west": { "uv": [ 15.00124, 0.5012493, 15.99876, 0.9987507 ], "texture": "#composter_8" },
				"east": { "uv": [ 0.00125, 0.5012493, 0.99875, 0.9987507 ], "texture": "#composter_8" }
			}
		},
		{
			"__comment": "Box5",
			"from": [ 4.9999, 24.5008, 12.6232 ],
			"to": [ 10.9999, 25.0008, 13.6232 ],
			"rotation": { "origin": [ 5, 24.5, 12.625 ], "axis": "x", "angle": -22.5 },
			"shade": false,
			"faces": {
				"down": { "uv": [ 5.00125, 0.001249313, 10.99876, 0.9987507 ], "texture": "#composter_8" },
				"up": { "uv": [ 5.00125, 15.00124, 10.99876, 15.99876 ], "texture": "#composter_8" },
				"north": { "uv": [ 5.00125, 0.001249313, 10.99876, 0.4987507 ], "texture": "#composter_8" },
				"south": { "uv": [ 5.00125, 0.001249313, 10.99876, 0.4987507 ], "texture": "#composter_8" },
				"west": { "uv": [ 15.00124, 0.001249313, 15.99876, 0.4987507 ], "texture": "#composter_8" },
				"east": { "uv": [ 0.00125, 0.001249313, 0.99875, 0.4987507 ], "texture": "#composter_8" }
			}
		},
		{
			"__comment": "Box24",
			"from": [ -0.4994, 21.4992, -2.3742 ],
			"to": [ 0.00060007, 22.4992, 13.6258 ],
			"rotation": { "origin": [ 5, 24.5, 12.625 ], "axis": "x", "angle": -22.5 },
			"shade": false,
			"faces": {
				"down": { "uv": [ 15.50124, 0.001249313, 15.99876, 15.99876 ], "texture": "#composter_5" },
				"up": { "uv": [ 15.50124, 0.001249313, 15.99876, 15.99876 ], "texture": "#composter_5" },
				"north": { "uv": [ 0.00125, 2.50125, 0.49875, 3.49875 ], "texture": "#composter_5" },
				"south": { "uv": [ 15.50124, 2.50125, 15.99876, 3.49875 ], "texture": "#composter_5" },
				"west": { "uv": [ 0.00125, 2.50125, 15.99876, 3.49875 ], "texture": "#composter_5" },
				"east": { "uv": [ 0.00125, 2.50125, 15.99876, 3.49875 ], "texture": "#composter_5" }
			}
		},
		{
			"__comment": "Box24",
			"from": [ 15.9985, 21.499, -2.3752 ],
			"to": [ 16.4985, 22.499, 13.6248 ],
			"rotation": { "origin": [ 5, 24.5, 12.625 ], "axis": "x", "angle": -22.5 },
			"shade": false,
			"faces": {
				"down": { "uv": [ 0.00125, 0.001249313, 0.49875, 15.99876 ], "texture": "#composter_5" },
				"up": { "uv": [ 0.00125, 0.001249313, 0.49875, 15.99876 ], "texture": "#composter_5" },
				"north": { "uv": [ 15.50124, 2.50125, 15.99876, 3.49875 ], "texture": "#composter_5" },
				"south": { "uv": [ 0.00125, 2.50125, 0.49875, 3.49875 ], "texture": "#composter_5" },
				"west": { "uv": [ 0.00125, 2.50125, 15.99876, 3.49875 ], "texture": "#composter_5" },
				"east": { "uv": [ 0.00125, 2.50125, 15.99876, 3.49875 ], "texture": "#composter_5" }
			}
		},
		{
			"__comment": "Box28",
			"from": [ 4.9994, 24.9993, -3.3748 ],
			"to": [ 10.9994, 25.4993, 14.6252 ],
			"rotation": { "origin": [ 5, 24.5, 12.625 ], "axis": "x", "angle": -22.5 },
			"shade": false,
			"faces": {
				"down": { "uv": [ 5.00125, 0.001249313, 10.99876, 15.99876 ], "texture": "#composter_7" },
				"up": { "uv": [ 5.00125, 0.001249313, 10.99876, 15.99876 ], "texture": "#composter_7" },
				"north": { "uv": [ 5.00125, 15.50124, 10.99876, 15.99876 ], "texture": "#composter_7" },
				"south": { "uv": [ 5.00125, 15.50124, 10.99876, 15.99876 ], "texture": "#composter_7" },
				"west": { "uv": [ 0.00125, 15.50124, 15.99876, 15.99876 ], "texture": "#composter_7" },
				"east": { "uv": [ 0.00125, 15.50124, 15.99876, 15.99876 ], "texture": "#composter_7" }
			}
		},
		{
			"__comment": "Box28",
			"from": [ 10.9994, 24.5005, -3.377 ],
			"to": [ 11.9994, 25.0005, 14.623 ],
			"rotation": { "origin": [ 5, 24.5, 12.625 ], "axis": "x", "angle": -22.5 },
			"shade": false,
			"faces": {
				"down": { "uv": [ 11.00124, 0.001249313, 11.99876, 15.99876 ], "texture": "#composter_7" },
				"up": { "uv": [ 11.00124, 0.001249313, 11.99876, 15.99876 ], "texture": "#composter_7" },
				"north": { "uv": [ 4.00125, 0.001249313, 4.99875, 0.4987507 ], "texture": "#composter_7" },
				"south": { "uv": [ 11.00124, 0.001249313, 11.99876, 0.4987507 ], "texture": "#composter_7" },
				"west": { "uv": [ 0.00125, 0.001249313, 15.99876, 0.4987507 ], "texture": "#composter_7" },
				"east": { "uv": [ 0.00125, 0.001249313, 15.99876, 0.4987507 ], "texture": "#composter_7" }
			}
		},
		{
			"__comment": "Box28",
			"from": [ 12.0015, 23.9993, -3.3757 ],
			"to": [ 13.0015, 24.4993, 14.6243 ],
			"rotation": { "origin": [ 5, 24.5, 12.625 ], "axis": "x", "angle": -22.5 },
			"shade": false,
			"faces": {
				"down": { "uv": [ 12.00124, 0.001249313, 12.99876, 15.99876 ], "texture": "#composter_7" },
				"up": { "uv": [ 12.00124, 0.001249313, 12.99876, 15.99876 ], "texture": "#composter_7" },
				"north": { "uv": [ 3.00125, 0.5012493, 3.99875, 0.9987507 ], "texture": "#composter_7" },
				"south": { "uv": [ 12.00124, 0.5012493, 12.99876, 0.9987507 ], "texture": "#composter_7" },
				"west": { "uv": [ 0.00125, 0.5012493, 15.99876, 0.9987507 ], "texture": "#composter_7" },
				"east": { "uv": [ 0.00125, 0.5012493, 15.99876, 0.9987507 ], "texture": "#composter_7" }
			}
		},
		{
			"__comment": "Box28",
			"from": [ 13.0007, 23.4992, -3.375 ],
			"to": [ 14.0007, 23.9992, 14.625 ],
			"rotation": { "origin": [ 5, 24.5, 12.625 ], "axis": "x", "angle": -22.5 },
			"shade": false,
			"faces": {
				"down": { "uv": [ 13.00124, 0.001249313, 13.99876, 15.99876 ], "texture": "#composter_7" },
				"up": { "uv": [ 13.00124, 0.001249313, 13.99876, 15.99876 ], "texture": "#composter_7" },
				"north": { "uv": [ 2.00125, 1.00125, 2.99875, 1.49875 ], "texture": "#composter_7" },
				"south": { "uv": [ 13.00124, 1.00125, 13.99876, 1.49875 ], "texture": "#composter_7" },
				"west": { "uv": [ 0.00125, 1.00125, 15.99876, 1.49875 ], "texture": "#composter_7" },
				"east": { "uv": [ 0.00125, 1.00125, 15.99876, 1.49875 ], "texture": "#composter_7" }
			}
		},
		{
			"__comment": "Box28",
			"from": [ 14.0006, 22.9993, -3.3741 ],
			"to": [ 15.0006, 23.4993, 14.6259 ],
			"rotation": { "origin": [ 5, 24.5, 12.625 ], "axis": "x", "angle": -22.5 },
			"shade": false,
			"faces": {
				"down": { "uv": [ 14.00124, 0.001249313, 14.99876, 15.99876 ], "texture": "#composter_7" },
				"up": { "uv": [ 14.00124, 0.001249313, 14.99876, 15.99876 ], "texture": "#composter_7" },
				"north": { "uv": [ 1.00125, 1.50125, 1.99875, 1.99875 ], "texture": "#composter_7" },
				"south": { "uv": [ 14.00124, 1.50125, 14.99876, 1.99875 ], "texture": "#composter_7" },
				"west": { "uv": [ 0.00125, 1.50125, 15.99876, 1.99875 ], "texture": "#composter_7" },
				"east": { "uv": [ 0.00125, 1.50125, 15.99876, 1.99875 ], "texture": "#composter_7" }
			}
		},
		{
			"__comment": "Box28",
			"from": [ 15.0019, 22.5, -3.3749 ],
			"to": [ 16.00191, 23, 14.62511 ],
			"rotation": { "origin": [ 5, 24.5, 12.625 ], "axis": "x", "angle": -22.5 },
			"shade": false,
			"faces": {
				"down": { "uv": [ 15.00124, 0.001249313, 15.99876, 15.99876 ], "texture": "#composter_7" },
				"up": { "uv": [ 15.00124, 0.001249313, 15.99876, 15.99876 ], "texture": "#composter_7" },
				"north": { "uv": [ 0.00125, 2.00125, 0.99875, 2.49875 ], "texture": "#composter_7" },
				"south": { "uv": [ 15.00124, 2.00125, 15.99876, 2.49875 ], "texture": "#composter_7" },
				"west": { "uv": [ 0.00125, 2.00125, 15.99876, 2.49875 ], "texture": "#composter_7" },
				"east": { "uv": [ 0.00125, 2.00125, 15.99876, 2.49875 ], "texture": "#composter_7" }
			}
		},
		{
			"__comment": "Box28",
			"from": [ 4.001, 24.4997, -3.3753 ],
			"to": [ 5.001, 24.9997, 14.6247 ],
			"rotation": { "origin": [ 5, 24.5, 12.625 ], "axis": "x", "angle": -22.5 },
			"shade": false,
			"faces": {
				"down": { "uv": [ 4.00125, 0.001249313, 4.99875, 15.99876 ], "texture": "#composter_7" },
				"up": { "uv": [ 4.00125, 0.001249313, 4.99875, 15.99876 ], "texture": "#composter_7" },
				"north": { "uv": [ 11.00124, 0.001249313, 11.99876, 0.4987507 ], "texture": "#composter_7" },
				"south": { "uv": [ 4.00125, 0.001249313, 4.99875, 0.4987507 ], "texture": "#composter_7" },
				"west": { "uv": [ 0.00125, 0.001249313, 15.99876, 0.4987507 ], "texture": "#composter_7" },
				"east": { "uv": [ 0.00125, 0.001249313, 15.99876, 0.4987507 ], "texture": "#composter_7" }
			}
		},
		{
			"__comment": "Box28",
			"from": [ 3.0012, 24.001, -3.3747 ],
			"to": [ 4.0012, 24.501, 14.6253 ],
			"rotation": { "origin": [ 5, 24.5, 12.625 ], "axis": "x", "angle": -22.5 },
			"shade": false,
			"faces": {
				"down": { "uv": [ 3.00125, 0.001249313, 3.99875, 15.99876 ], "texture": "#composter_7" },
				"up": { "uv": [ 3.00125, 0.001249313, 3.99875, 15.99876 ], "texture": "#composter_7" },
				"north": { "uv": [ 12.00124, 0.5012493, 12.99876, 0.9987507 ], "texture": "#composter_7" },
				"south": { "uv": [ 3.00125, 0.5012493, 3.99875, 0.9987507 ], "texture": "#composter_7" },
				"west": { "uv": [ 0.00125, 0.5012493, 15.99876, 0.9987507 ], "texture": "#composter_7" },
				"east": { "uv": [ 0.00125, 0.5012493, 15.99876, 0.9987507 ], "texture": "#composter_7" }
			}
		},
		{
			"__comment": "Box28",
			"from": [ 2.0001, 23.4988, -3.3758 ],
			"to": [ 3.0001, 23.9988, 14.6242 ],
			"rotation": { "origin": [ 5, 24.5, 12.625 ], "axis": "x", "angle": -22.5 },
			"shade": false,
			"faces": {
				"down": { "uv": [ 2.00125, 0.001249313, 2.99875, 15.99876 ], "texture": "#composter_7" },
				"up": { "uv": [ 2.00125, 0.001249313, 2.99875, 15.99876 ], "texture": "#composter_7" },
				"north": { "uv": [ 13.00124, 1.00125, 13.99876, 1.49875 ], "texture": "#composter_7" },
				"south": { "uv": [ 2.00125, 1.00125, 2.99875, 1.49875 ], "texture": "#composter_7" },
				"west": { "uv": [ 0.00125, 1.00125, 15.99876, 1.49875 ], "texture": "#composter_7" },
				"east": { "uv": [ 0.00125, 1.00125, 15.99876, 1.49875 ], "texture": "#composter_7" }
			}
		},
		{
			"__comment": "Box28",
			"from": [ 0.9987, 23.0007, -3.3765 ],
			"to": [ 1.9987, 23.5007, 14.6235 ],
			"rotation": { "origin": [ 5, 24.5, 12.625 ], "axis": "x", "angle": -22.5 },
			"shade": false,
			"faces": {
				"down": { "uv": [ 1.00125, 0.001249313, 1.99875, 15.99876 ], "texture": "#composter_7" },
				"up": { "uv": [ 1.00125, 0.001249313, 1.99875, 15.99876 ], "texture": "#composter_7" },
				"north": { "uv": [ 14.00124, 1.50125, 14.99876, 1.99875 ], "texture": "#composter_7" },
				"south": { "uv": [ 1.00125, 1.50125, 1.99875, 1.99875 ], "texture": "#composter_7" },
				"west": { "uv": [ 0.00125, 1.50125, 15.99876, 1.99875 ], "texture": "#composter_7" },
				"east": { "uv": [ 0.00125, 1.50125, 15.99876, 1.99875 ], "texture": "#composter_7" }
			}
		},
		{
			"__comment": "Box28",
			"from": [ -0.0014, 22.5, -3.3758 ],
			"to": [ 0.9986, 23, 14.6242 ],
			"rotation": { "origin": [ 5, 24.5, 12.625 ], "axis": "x", "angle": -22.5 },
			"shade": false,
			"faces": {
				"down": { "uv": [ 0.00125, 0.001249313, 0.99875, 15.99876 ], "texture": "#composter_7" },
				"up": { "uv": [ 0.00125, 0.001249313, 0.99875, 15.99876 ], "texture": "#composter_7" },
				"north": { "uv": [ 15.00124, 2.00125, 15.99876, 2.49875 ], "texture": "#composter_7" },
				"south": { "uv": [ 0.00125, 2.00125, 0.99875, 2.49875 ], "texture": "#composter_7" },
				"west": { "uv": [ 0.00125, 2.00125, 15.99876, 2.49875 ], "texture": "#composter_7" },
				"east": { "uv": [ 0.00125, 2.00125, 15.99876, 2.49875 ], "texture": "#composter_7" }
			}
		},
		{
			"__comment": "Box39",
			"from": [ -0.4996, 21.4998, 13.6245 ],
			"to": [ 16.5004, 22.4998, 14.1245 ],
			"rotation": { "origin": [ 5, 24.5, 12.625 ], "axis": "x", "angle": -22.5 },
			"shade": false,
			"faces": {
				"down": { "uv": [ 0.00125, 15.50124, 15.99876, 15.99876 ], "texture": "#composter_5" },
				"up": { "uv": [ 0.00125, 0.001249313, 15.99876, 0.4987507 ], "texture": "#composter_5" },
				"north": { "uv": [ 0.00125, 2.50125, 15.99876, 3.49875 ], "texture": "#composter_5" },
				"south": { "uv": [ 0.00125, 2.50125, 15.99876, 3.49875 ], "texture": "#composter_5" },
				"west": { "uv": [ 0.00125, 2.50125, 0.49875, 3.49875 ], "texture": "#composter_5" },
				"east": { "uv": [ 15.50124, 2.50125, 15.99876, 3.49875 ], "texture": "#composter_5" }
			}
		},
		{
			"__comment": "Box61",
			"from": [ 5.0013, 0.4996, 14.5009 ],
			"to": [ 6.0013, 6.4996, 15.5009 ],
			"shade": false,
			"faces": {
				"up": { "uv": [ 5.00125, 14.50124, 5.99875, 15.49876 ], "texture": "#composter_2" },
				"south": { "uv": [ 5.00125, 9.501249, 5.99875, 15.49876 ], "texture": "#composter_2" },
				"west": { "uv": [ 14.50124, 9.501249, 15.49876, 15.49876 ], "texture": "#composter_2" },
				"east": { "uv": [ 0.50125, 9.501249, 1.49875, 15.49876 ], "texture": "#composter_2" }
			}
		},
		{
			"__comment": "Box61",
			"from": [ 9.9992, 0.501, 14.5003 ],
			"to": [ 10.99919, 6.501, 15.5003 ],
			"shade": false,
			"faces": {
				"up": { "uv": [ 10.00124, 14.50124, 10.99876, 15.49876 ], "texture": "#composter_2" },
				"south": { "uv": [ 10.00124, 9.501249, 10.99876, 15.49876 ], "texture": "#composter_2" },
				"west": { "uv": [ 14.50124, 9.501249, 15.49876, 15.49876 ], "texture": "#composter_2" },
				"east": { "uv": [ 0.50125, 9.501249, 1.49875, 15.49876 ], "texture": "#composter_2" }
			}
		},
		{
			"__comment": "Box65",
			"from": [ 5.0016, 5.5009, 15.4993 ],
			"to": [ 11.0016, 6.5009, 15.9993 ],
			"shade": false,
			"faces": {
				"down": { "uv": [ 5.00125, 0.001249313, 10.99876, 0.4987507 ], "texture": "#composter_7" },
				"up": { "uv": [ 5.00125, 15.50124, 10.99876, 15.99876 ], "texture": "#composter_7" },
				"north": { "uv": [ 5.00125, 9.501249, 10.99876, 10.49876 ], "texture": "#composter_7" },
				"south": { "uv": [ 5.00125, 9.501249, 10.99876, 10.49876 ], "texture": "#composter_7" },
				"west": { "uv": [ 15.50124, 9.501249, 15.99876, 10.49876 ], "texture": "#composter_7" },
				"east": { "uv": [ 0.00125, 9.501249, 0.49875, 10.49876 ], "texture": "#composter_7" }
			}
		},
		{
			"__comment": "Box65",
			"from": [ 4.9986, 3.999, 15.4994 ],
			"to": [ 10.9986, 4.999001, 15.9994 ],
			"shade": false,
			"faces": {
				"down": { "uv": [ 5.00125, 0.001249313, 10.99876, 0.4987507 ], "texture": "#composter_7" },
				"up": { "uv": [ 5.00125, 15.50124, 10.99876, 15.99876 ], "texture": "#composter_7" },
				"north": { "uv": [ 5.00125, 11.00124, 10.99876, 11.99876 ], "texture": "#composter_7" },
				"south": { "uv": [ 5.00125, 11.00124, 10.99876, 11.99876 ], "texture": "#composter_7" },
				"west": { "uv": [ 15.50124, 11.00124, 15.99876, 11.99876 ], "texture": "#composter_7" },
				"east": { "uv": [ 0.00125, 11.00124, 0.49875, 11.99876 ], "texture": "#composter_7" }
			}
		},
		{
			"__comment": "Box65",
			"from": [ 5.0005, 2.4998, 15.5 ],
			"to": [ 11.0005, 3.4998, 16 ],
			"shade": false,
			"faces": {
				"down": { "uv": [ 5.00125, 0.001249313, 10.99876, 0.4987507 ], "texture": "#composter_7" },
				"up": { "uv": [ 5.00125, 15.50124, 10.99876, 15.99876 ], "texture": "#composter_7" },
				"north": { "uv": [ 5.00125, 12.50124, 10.99876, 13.49876 ], "texture": "#composter_7" },
				"south": { "uv": [ 5.00125, 12.50124, 10.99876, 13.49876 ], "texture": "#composter_7" },
				"west": { "uv": [ 15.50124, 12.50124, 15.99876, 13.49876 ], "texture": "#composter_7" },
				"east": { "uv": [ 0.00125, 12.50124, 0.49875, 13.49876 ], "texture": "#composter_7" }
			}
		},
		{
			"__comment": "Box65",
			"from": [ 5, 0.4998, 15.4998 ],
			"to": [ 10.99999, 1.999799, 15.9998 ],
			"shade": false,
			"faces": {
				"up": { "uv": [ 5.00125, 15.50124, 10.99876, 15.99876 ], "texture": "#composter_7" },
				"north": { "uv": [ 5.00125, 14.00124, 10.99876, 15.49876 ], "texture": "#composter_7" },
				"south": { "uv": [ 5.00125, 14.00124, 10.99876, 15.49876 ], "texture": "#composter_7" },
				"west": { "uv": [ 15.50124, 14.00124, 15.99876, 15.49876 ], "texture": "#composter_7" },
				"east": { "uv": [ 0.00125, 14.00124, 0.49875, 15.49876 ], "texture": "#composter_7" }
			}
		},
		{
			"__comment": "Box65",
			"from": [ 7.4992, 5.4997, 15.9999 ],
			"to": [ 8.4992, 7.999699, 16.4999 ],
			"shade": false,
			"faces": {
				"down": { "uv": [ 0.00125, 0.001249313, 15.99876, 15.99876 ], "texture": "#composter_4" },
				"up": { "uv": [ 0.00125, 0.001249313, 15.99876, 15.99876 ], "texture": "#composter_4" },
				"north": { "uv": [ 0.00125, 0.001249313, 15.99876, 15.99876 ], "texture": "#composter_4" },
				"south": { "uv": [ 0.00125, 0.001249313, 15.99876, 15.99876 ], "texture": "#composter_4" },
				"west": { "uv": [ 0.00125, 0.001249313, 15.99876, 15.99876 ], "texture": "#composter_4" },
				"east": { "uv": [ 0.00125, 0.001249313, 15.99876, 15.99876 ], "texture": "#composter_4" }
			}
		},
		{
			"__comment": "Box88",
			"from": [ 0.0011, 16.0018, 10.9994 ],
			"to": [ 0.5010999, 21.5018, 11.4994 ],
			"shade": false,
			"faces": {
				"up": { "uv": [ 0.00125, 11.00124, 0.49875, 11.49876 ], "texture": "#composter_5" },
				"north": { "uv": [ 15.50124, 0.001249313, 15.99876, 2.99875 ], "texture": "#composter_5" },
				"south": { "uv": [ 0.00125, 0.001249313, 0.49875, 2.99875 ], "texture": "#composter_5" },
				"west": { "uv": [ 11.00124, 0.001249313, 11.49876, 2.99875 ], "texture": "#composter_5" },
				"east": { "uv": [ 4.50125, 0.001249313, 4.99875, 2.99875 ], "texture": "#composter_5" }
			}
		},
		{
			"__comment": "Box88",
			"from": [ 15.4988, 16.0003, 10.9996 ],
			"to": [ 15.9988, 21.5003, 11.4996 ],
			"shade": false,
			"faces": {
				"up": { "uv": [ 15.50124, 11.00124, 15.99876, 11.49876 ], "texture": "#composter_5" },
				"north": { "uv": [ 0.00125, 0.001249313, 0.49875, 2.99875 ], "texture": "#composter_5" },
				"south": { "uv": [ 15.50124, 0.001249313, 15.99876, 2.99875 ], "texture": "#composter_5" },
				"west": { "uv": [ 11.00124, 0.001249313, 11.49876, 2.99875 ], "texture": "#composter_5" },
				"east": { "uv": [ 4.50125, 0.001249313, 4.99875, 2.99875 ], "texture": "#composter_5" }
			}
		},
		{
			"__comment": "Box90",
			"from": [ 0.9992, 0.5016, 0.4996 ],
			"to": [ 14.9992, 7.501599, 14.9996 ],
			"shade": false,
			"faces": {
				"up": { "uv": [ 0.999925, 0.5003242, 14.99868, 14.99907 ], "texture": "#composter_6" },
				"north": { "uv": [ 1.001325, 8.499825, 15.00008, 15.49858 ], "texture": "#composter_6" },
				"south": { "uv": [ 0.999925, 8.499825, 14.99868, 15.49858 ], "texture": "#composter_6" },
				"west": { "uv": [ 0.500325, 8.499825, 14.99907, 15.49858 ], "texture": "#composter_6" },
				"east": { "uv": [ 1.000925, 8.499825, 15.49968, 15.49858 ], "texture": "#composter_6" }
			}
		}
	],
	"display": {
		"thirdperson_righthand": {
			"rotation":  [ 75, 45, 0 ],
			"translation":  [ 0, 2.5, 0 ],
			"scale":  [ 0.375, 0.375, 0.375 ]
		},
		"thirdperson_lefthand": {
			"rotation":  [ 75, 45, 0 ],
			"translation":  [ 0, 2.5, 0 ],
			"scale":  [ 0.375, 0.375, 0.375 ]
		},
		"firstperson_righthand": {
			"rotation":  [ 0, 45, 0 ],
			"scale":  [ 0.4, 0.4, 0.4 ]
		},
		"firstperson_lefthand": {
			"rotation":  [ 0, 45, 0 ],
			"scale":  [ 0.4, 0.4, 0.4 ]
		},
		"gui": {
			"rotation":  [ 30, 45, 0 ],
			"scale":  [ 0.625, 0.625, 0.625 ]
		},
		"head": {
			"rotation":  [ 0, 180, 0 ]
		},
		"ground": {
			"translation":  [ 0, 2, 0 ],
			"scale":  [ 0.5, 0.5, 0.5 ]
		},
		"fixed": {
			"rotation":  [ 0, 180, 0 ]
		}
	}
}