{
	"__comment": "Designed by Intermacgod with BDcraft Cubik PRO 0.85 Beta - http://bdcraft.net",
	"gui_light": "front",
	"ambientocclusion": false,
	"textures": {
		"comparator_12": "block/c/comparator/comparator_12",
		"comparator_1": "block/c/comparator/comparator_1",
		"comparator_2": "block/c/comparator/comparator_2",
		"comparator_3": "block/c/comparator/comparator_3",
		"comparator_4": "block/c/comparator/comparator_4",
		"comparator_5": "block/c/comparator/comparator_5",
		"comparator_6": "block/c/comparator/comparator_6",
		"comparator_7": "block/c/comparator/comparator_7",
		"comparator_8": "block/c/comparator/comparator_8",
		"comparator_9": "block/c/comparator/comparator_9",
		"comparator_10": "block/c/comparator/comparator_10",
		"comparator_13": "block/c/comparator/comparator_13",
		"comparator_11": "block/c/comparator/comparator_11",
		"particle": "block/c/comparator/comparator_on"
	},
	"elements": [ 	 
		{
			"__comment": "Element",
			"from": [ 7.75, 3.7498, 11 ],
			"to": [ 8.25, 4.2498, 12 ],
			"faces": {
				"down": { "uv": [ 0.000625, 0.000624657, 15.99938, 15.99938 ], "texture": "#comparator_5" },
				"up": { "uv": [ 0.000625, 0.000624657, 15.99938, 15.99938 ], "texture": "#comparator_5" },
				"west": { "uv": [ 0.000625, 0.000624657, 15.99938, 15.99938 ], "texture": "#comparator_5" },
				"east": { "uv": [ 0.000625, 0.000624657, 15.99938, 15.99938 ], "texture": "#comparator_5" }
			}
		},
		{
			"__comment": "Element",
			"from": [ 7.5003, 3.4992, 12 ],
			"to": [ 8.500299, 4.4992, 14 ],
			"faces": {
				"up": { "uv": [ 0.000625, 0.000624657, 15.99938, 15.99938 ], "texture": "#comparator_8" },
				"north": { "uv": [ 0.000625, 0.000624657, 15.99938, 15.99938 ], "texture": "#comparator_8" },
				"west": { "uv": [ 0.000625, 0.000624657, 15.99938, 15.99938 ], "texture": "#comparator_8" },
				"east": { "uv": [ 0.000625, 0.000624657, 15.99938, 15.99938 ], "texture": "#comparator_8" }
			}
		},
		{
			"__comment": "Element",
			"from": [ 6.5003, 1.4995, 14.0002 ],
			"to": [ 9.500299, 2.4995, 16.0002 ],
			"faces": {
				"down": { "uv": [ 9.499375, 15.99938, 6.500625, 14.00062 ], "texture": "#comparator_1" },
				"up": { "uv": [ 6.500625, 14.00062, 9.499375, 15.99938 ], "texture": "#comparator_1" },
				"south": { "uv": [ 6.500625, 14.00062, 9.499375, 14.99938 ], "texture": "#comparator_1", "cullface": "south" },
				"west": { "uv": [ 14.00062, 14.00062, 15.99938, 14.99938 ], "texture": "#comparator_1" },
				"east": { "uv": [ 0.000625, 14.00062, 1.999375, 14.99938 ], "texture": "#comparator_1" }
			}
		},
		{
			"__comment": "Element",
			"from": [ 9.5, 1.5, 14.0003 ],
			"to": [ 11, 2.5, 15.0003 ],
			"faces": {
				"down": { "uv": [ 0.000625, 0.000624657, 15.99938, 15.99938 ], "texture": "#comparator_4" },
				"up": { "uv": [ 0.000625, 0.000624657, 15.99938, 15.99938 ], "texture": "#comparator_4" },
				"south": { "uv": [ 0.000625, 0.000624657, 15.99938, 15.99938 ], "texture": "#comparator_4" },
				"east": { "uv": [ 0.000625, 0.000624657, 15.99938, 15.99938 ], "texture": "#comparator_4" }
			}
		},
		{
			"__comment": "Element",
			"from": [ 5.0003, 1.5001, 14.0004 ],
			"to": [ 6.5003, 2.5001, 15.0004 ],
			"faces": {
				"down": { "uv": [ 0.000625, 0.000624657, 15.99938, 15.99938 ], "texture": "#comparator_7" },
				"up": { "uv": [ 0.000625, 0.000624657, 15.99938, 15.99938 ], "texture": "#comparator_7" },
				"south": { "uv": [ 0.000625, 0.000624657, 15.99938, 15.99938 ], "texture": "#comparator_7" },
				"west": { "uv": [ 0.000625, 0.000624657, 15.99938, 15.99938 ], "texture": "#comparator_7" }
			}
		},
		{
			"__comment": "Element",
			"from": [ 9.999499, 3.4996, 12.0005 ],
			"to": [ 10.9995, 4.4996, 14.0005 ],
			"faces": {
				"up": { "uv": [ 0.000625, 0.000624657, 15.99938, 15.99938 ], "texture": "#comparator_4" },
				"north": { "uv": [ 0.000625, 0.000624657, 15.99938, 15.99938 ], "texture": "#comparator_4" },
				"west": { "uv": [ 0.000625, 0.000624657, 15.99938, 15.99938 ], "texture": "#comparator_4" },
				"east": { "uv": [ 0.000625, 0.000624657, 15.99938, 15.99938 ], "texture": "#comparator_4" }
			}
		},
		{
			"__comment": "Element",
			"from": [ 5.0002, 3.4995, 11.9995 ],
			"to": [ 6.0002, 4.499498, 13.9995 ],
			"faces": {
				"up": { "uv": [ 0.000625, 0.000624657, 15.99938, 15.99938 ], "texture": "#comparator_7" },
				"north": { "uv": [ 0.000625, 0.000624657, 15.99938, 15.99938 ], "texture": "#comparator_7" },
				"west": { "uv": [ 0.000625, 0.000624657, 15.99938, 15.99938 ], "texture": "#comparator_7" },
				"east": { "uv": [ 0.000625, 0.000624657, 15.99938, 15.99938 ], "texture": "#comparator_7" }
			}
		},
		{
			"__comment": "Element",
			"from": [ 10.3126, 3.7503, 11.0001 ],
			"to": [ 10.8126, 4.2503, 12.0001 ],
			"faces": {
				"down": { "uv": [ 0.000625, 0.000624657, 15.99938, 15.99938 ], "texture": "#comparator_5" },
				"up": { "uv": [ 0.000625, 0.000624657, 15.99938, 15.99938 ], "texture": "#comparator_5" },
				"west": { "uv": [ 0.000625, 0.000624657, 15.99938, 15.99938 ], "texture": "#comparator_5" },
				"east": { "uv": [ 0.000625, 0.000624657, 15.99938, 15.99938 ], "texture": "#comparator_5" }
			}
		},
		{
			"__comment": "Element",
			"from": [ 5.2505, 3.7505, 11 ],
			"to": [ 5.7505, 4.2505, 12 ],
			"faces": {
				"down": { "uv": [ 0.000625, 0.000624657, 15.99938, 15.99938 ], "texture": "#comparator_5" },
				"up": { "uv": [ 0.000625, 0.000624657, 15.99938, 15.99938 ], "texture": "#comparator_5" },
				"west": { "uv": [ 0.000625, 0.000624657, 15.99938, 15.99938 ], "texture": "#comparator_5" },
				"east": { "uv": [ 0.000625, 0.000624657, 15.99938, 15.99938 ], "texture": "#comparator_5" }
			}
		},
		{
			"__comment": "Element",
			"from": [ 7.4998, 3.0006, 14.001 ],
			"to": [ 8.4998, 3.5006, 16.001 ],
			"faces": {
				"up": { "uv": [ 7.500625, 14.00062, 8.499375, 15.99938 ], "texture": "#comparator_1" },
				"south": { "uv": [ 7.500625, 13.00062, 8.499375, 13.49938 ], "texture": "#comparator_1", "cullface": "south" },
				"west": { "uv": [ 14.00062, 13.00062, 15.99938, 13.49938 ], "texture": "#comparator_1" },
				"east": { "uv": [ 0.000625, 13.00062, 1.999375, 13.49938 ], "texture": "#comparator_1" }
			}
		},
		{
			"__comment": "Element",
			"from": [ 7.5008, 0.5009, 13.9996 ],
			"to": [ 8.500799, 1.0009, 15.9996 ],
			"faces": {
				"south": { "uv": [ 7.500625, 15.50062, 8.499375, 15.99938 ], "texture": "#comparator_1", "cullface": "south" },
				"west": { "uv": [ 14.00062, 15.50062, 15.99938, 15.99938 ], "texture": "#comparator_1" },
				"east": { "uv": [ 0.000625, 15.50062, 1.999375, 15.99938 ], "texture": "#comparator_1" }
			}
		},
		{
			"__comment": "Element",
			"from": [ 7.7495, 3.7501, 3.9991 ],
			"to": [ 8.249499, 4.2501, 4.9991 ],
			"faces": {
				"down": { "uv": [ 0.000625, 0.000624657, 15.99938, 15.99938 ], "texture": "#comparator_5", "rotation": 180 },
				"up": { "uv": [ 0.000625, 0.000624657, 15.99938, 15.99938 ], "texture": "#comparator_5", "rotation": 180 },
				"west": { "uv": [ 0.000625, 0.000624657, 15.99938, 15.99938 ], "texture": "#comparator_5" },
				"east": { "uv": [ 0.000625, 0.000624657, 15.99938, 15.99938 ], "texture": "#comparator_5" }
			}
		},
		{
			"__comment": "Element",
			"from": [ 7.499, 3.4994, 1.9994 ],
			"to": [ 8.498999, 4.4994, 3.9994 ],
			"faces": {
				"up": { "uv": [ 0.000625, 0.000624657, 15.99938, 15.99938 ], "texture": "#comparator_8", "rotation": 180 },
				"south": { "uv": [ 0.000625, 0.000624657, 15.99938, 15.99938 ], "texture": "#comparator_8" },
				"west": { "uv": [ 0.000625, 0.000624657, 15.99938, 15.99938 ], "texture": "#comparator_8" },
				"east": { "uv": [ 0.000625, 0.000624657, 15.99938, 15.99938 ], "texture": "#comparator_8" }
			}
		},
		{
			"__comment": "Element",
			"from": [ 6.5008, 1.5, 0.0001 ],
			"to": [ 9.500799, 2.5, 2.0001 ],
			"faces": {
				"down": { "uv": [ 8.999375, 15.99938, 7.000625, 14.00062 ], "texture": "#comparator_1", "rotation": 180 },
				"up": { "uv": [ 7.000625, 14.00062, 8.999375, 15.99938 ], "texture": "#comparator_1", "rotation": 180 },
				"north": { "uv": [ 7.000625, 14.50062, 8.999375, 15.49938 ], "texture": "#comparator_1", "cullface": "north" },
				"west": { "uv": [ 0.000625, 14.50062, 1.999375, 15.49938 ], "texture": "#comparator_1" },
				"east": { "uv": [ 14.00062, 14.50062, 15.99938, 15.49938 ], "texture": "#comparator_1" }
			}
		},
		{
			"__comment": "Element",
			"from": [ 4.9995, 1.4997, 1.0008 ],
			"to": [ 6.4995, 2.4997, 2.0008 ],
			"faces": {
				"down": { "uv": [ 0.000625, 0.000624657, 15.99938, 15.99938 ], "texture": "#comparator_4", "rotation": 180 },
				"up": { "uv": [ 0.000625, 0.000624657, 15.99938, 15.99938 ], "texture": "#comparator_4", "rotation": 180 },
				"north": { "uv": [ 0.000625, 0.000624657, 15.99938, 15.99938 ], "texture": "#comparator_4" },
				"west": { "uv": [ 0.000625, 0.000624657, 15.99938, 15.99938 ], "texture": "#comparator_4" }
			}
		},
		{
			"__comment": "Element",
			"from": [ 9.499599, 1.5005, 1.0002 ],
			"to": [ 10.9996, 2.5005, 2.0002 ],
			"faces": {
				"down": { "uv": [ 0.000625, 0.000624657, 15.99938, 15.99938 ], "texture": "#comparator_7", "rotation": 180 },
				"up": { "uv": [ 0.000625, 0.000624657, 15.99938, 15.99938 ], "texture": "#comparator_7", "rotation": 180 },
				"north": { "uv": [ 0.000625, 0.000624657, 15.99938, 15.99938 ], "texture": "#comparator_7" },
				"east": { "uv": [ 0.000625, 0.000624657, 15.99938, 15.99938 ], "texture": "#comparator_7" }
			}
		},
		{
			"__comment": "Element",
			"from": [ 4.9992, 3.5008, 1.9999 ],
			"to": [ 5.9992, 4.500801, 3.999901 ],
			"faces": {
				"up": { "uv": [ 0.000625, 0.000624657, 15.99938, 15.99938 ], "texture": "#comparator_4", "rotation": 180 },
				"south": { "uv": [ 0.000625, 0.000624657, 15.99938, 15.99938 ], "texture": "#comparator_4" },
				"west": { "uv": [ 0.000625, 0.000624657, 15.99938, 15.99938 ], "texture": "#comparator_4" },
				"east": { "uv": [ 0.000625, 0.000624657, 15.99938, 15.99938 ], "texture": "#comparator_4" }
			}
		},
		{
			"__comment": "Element",
			"from": [ 9.999, 3.4995, 1.9993 ],
			"to": [ 10.999, 4.499499, 3.9993 ],
			"faces": {
				"up": { "uv": [ 0.000625, 0.000624657, 15.99938, 15.99938 ], "texture": "#comparator_7", "rotation": 180 },
				"south": { "uv": [ 0.000625, 0.000624657, 15.99938, 15.99938 ], "texture": "#comparator_7" },
				"west": { "uv": [ 0.000625, 0.000624657, 15.99938, 15.99938 ], "texture": "#comparator_7" },
				"east": { "uv": [ 0.000625, 0.000624657, 15.99938, 15.99938 ], "texture": "#comparator_7" }
			}
		},
		{
			"__comment": "Element",
			"from": [ 5.2506, 3.7509, 4.0004 ],
			"to": [ 5.7506, 4.250899, 5.0004 ],
			"faces": {
				"down": { "uv": [ 0.000625, 0.000624657, 15.99938, 15.99938 ], "texture": "#comparator_5", "rotation": 180 },
				"up": { "uv": [ 0.000625, 0.000624657, 15.99938, 15.99938 ], "texture": "#comparator_5", "rotation": 180 },
				"west": { "uv": [ 0.000625, 0.000624657, 15.99938, 15.99938 ], "texture": "#comparator_5" },
				"east": { "uv": [ 0.000625, 0.000624657, 15.99938, 15.99938 ], "texture": "#comparator_5" }
			}
		},
		{
			"__comment": "Element",
			"from": [ 10.312, 3.7491, 4 ],
			"to": [ 10.812, 4.2491, 5 ],
			"faces": {
				"down": { "uv": [ 0.000625, 0.000624657, 15.99938, 15.99938 ], "texture": "#comparator_5", "rotation": 180 },
				"up": { "uv": [ 0.000625, 0.000624657, 15.99938, 15.99938 ], "texture": "#comparator_5", "rotation": 180 },
				"west": { "uv": [ 0.000625, 0.000624657, 15.99938, 15.99938 ], "texture": "#comparator_5" },
				"east": { "uv": [ 0.000625, 0.000624657, 15.99938, 15.99938 ], "texture": "#comparator_5" }
			}
		},
		{
			"__comment": "Element",
			"from": [ 7.5007, 3.0001, 0 ],
			"to": [ 8.5007, 3.5001, 2 ],
			"faces": {
				"up": { "uv": [ 7.500625, 14.00062, 8.499375, 15.99938 ], "texture": "#comparator_1", "rotation": 180 },
				"north": { "uv": [ 7.500625, 14.00062, 8.499375, 14.49938 ], "texture": "#comparator_1", "cullface": "north" },
				"west": { "uv": [ 0.000625, 14.00062, 1.999375, 14.49938 ], "texture": "#comparator_1" },
				"east": { "uv": [ 14.00062, 14.00062, 15.99938, 14.49938 ], "texture": "#comparator_1" }
			}
		},
		{
			"__comment": "Element",
			"from": [ 7.5006, 0.5002, 0 ],
			"to": [ 8.5006, 1.0002, 2 ],
			"faces": {
				"north": { "uv": [ 7.500625, 15.50062, 8.499375, 15.99938 ], "texture": "#comparator_1", "cullface": "north" },
				"west": { "uv": [ 0.000625, 15.50062, 1.999375, 15.99938 ], "texture": "#comparator_1" },
				"east": { "uv": [ 14.00062, 15.50062, 15.99938, 15.99938 ], "texture": "#comparator_1" }
			}
		},
		{
			"__comment": "Element",
			"from": [ 4.9994, 3.4995, 5.0007 ],
			"to": [ 10.9994, 4.499499, 11.0007 ],
			"faces": {
				"up": { "uv": [ 0.000625, 0.000624657, 15.99938, 15.99938 ], "texture": "#comparator_6" },
				"north": { "uv": [ 0.000625, 0.000624657, 15.99938, 15.99938 ], "texture": "#comparator_1" },
				"south": { "uv": [ 0.000625, 0.000624657, 15.99938, 15.99938 ], "texture": "#comparator_1" },
				"west": { "uv": [ 0.000625, 0.000624657, 15.99938, 15.99938 ], "texture": "#comparator_1" },
				"east": { "uv": [ 0.000625, 0.000624657, 15.99938, 15.99938 ], "texture": "#comparator_1" }
			}
		},
		{
			"__comment": "Element",
			"from": [ 5.4994, 4.4994, 5.5004 ],
			"to": [ 10.4994, 4.9994, 10.5004 ],
			"faces": {
				"up": { "uv": [ 1.000625, 1.000625, 14.99938, 14.49938 ], "texture": "#comparator_6" },
				"north": { "uv": [ 0.000625, 0.000624657, 15.99938, 15.99938 ], "texture": "#comparator_1" },
				"south": { "uv": [ 0.000625, 0.000624657, 15.99938, 15.99938 ], "texture": "#comparator_1" },
				"west": { "uv": [ 0.000625, 0.000624657, 15.99938, 15.99938 ], "texture": "#comparator_1" },
				"east": { "uv": [ 0.000625, 0.000624657, 15.99938, 15.99938 ], "texture": "#comparator_1" }
			}
		},
		{
			"__comment": "Element",
			"from": [ 7.0006, 0.9993, 14 ],
			"to": [ 9.0006, 1.4993, 16 ],
			"faces": {
				"down": { "uv": [ 8.999375, 15.99938, 7.000625, 14.00062 ], "texture": "#comparator_1" },
				"south": { "uv": [ 7.000625, 15.00062, 8.999375, 15.49938 ], "texture": "#comparator_1", "cullface": "south" },
				"west": { "uv": [ 14.00062, 15.00062, 15.99938, 15.49938 ], "texture": "#comparator_1" },
				"east": { "uv": [ 0.000625, 15.00062, 1.999375, 15.49938 ], "texture": "#comparator_1" }
			}
		},
		{
			"__comment": "Element",
			"from": [ 7.0007, 2.5005, 13.9996 ],
			"to": [ 9.0007, 3.0005, 15.9996 ],
			"faces": {
				"up": { "uv": [ 7.000625, 14.00062, 8.999375, 15.99938 ], "texture": "#comparator_1" },
				"south": { "uv": [ 7.000625, 13.50062, 8.999375, 13.99938 ], "texture": "#comparator_1", "cullface": "south" },
				"west": { "uv": [ 14.00062, 13.50062, 15.99938, 13.99938 ], "texture": "#comparator_1" },
				"east": { "uv": [ 0.000625, 13.50062, 1.999375, 13.99938 ], "texture": "#comparator_1" }
			}
		},
		{
			"__comment": "Element",
			"from": [ 7.0004, 0.9994, 0.0005 ],
			"to": [ 9.000401, 1.4994, 2.0005 ],
			"faces": {
				"down": { "uv": [ 0.000625, 0.000624657, 15.99938, 15.99938 ], "texture": "#comparator_1", "rotation": 180 },
				"north": { "uv": [ 0.000625, 0.000624657, 15.99938, 15.99938 ], "texture": "#comparator_1", "cullface": "north" },
				"west": { "uv": [ 0.000625, 0.000624657, 15.99938, 15.99938 ], "texture": "#comparator_1" },
				"east": { "uv": [ 0.000625, 0.000624657, 15.99938, 15.99938 ], "texture": "#comparator_1" }
			}
		},
		{
			"__comment": "Element",
			"from": [ 7.0009, 2.4996, -0.0009 ],
			"to": [ 9.0009, 2.9996, 1.9991 ],
			"faces": {
				"up": { "uv": [ 0.000625, 0.000624657, 15.99938, 15.99938 ], "texture": "#comparator_1", "rotation": 180 },
				"north": { "uv": [ 0.000625, 0.000624657, 15.99938, 15.99938 ], "texture": "#comparator_1", "cullface": "north" },
				"west": { "uv": [ 0.000625, 0.000624657, 15.99938, 15.99938 ], "texture": "#comparator_1" },
				"east": { "uv": [ 0.000625, 0.000624657, 15.99938, 15.99938 ], "texture": "#comparator_1" }
			}
		},
		{
			"__comment": "Element",
			"from": [ 2.0009, 0.4997, 2.0001 ],
			"to": [ 14.0009, 3.4997, 14.0001 ],
			"faces": {
				"up": { "uv": [ 2.000625, 2.000625, 13.99938, 13.99938 ], "texture": "#comparator_1" },
				"north": { "uv": [ 2.000625, 13.00062, 13.99938, 15.99938 ], "texture": "#comparator_5" },
				"south": { "uv": [ 2.000625, 13.00062, 13.99938, 15.99938 ], "texture": "#comparator_5" },
				"west": { "uv": [ 2.000625, 13.00062, 13.99938, 15.99938 ], "texture": "#comparator_5" },
				"east": { "uv": [ 2.000625, 13.00062, 13.99938, 15.99938 ], "texture": "#comparator_5" }
			}
		},
		{
			"__comment": "Element",
			"from": [ 5.0008, 2.5008, 13.9993 ],
			"to": [ 6.0008, 4.5008, 14.9993 ],
			"faces": {
				"up": { "uv": [ 0.000625, 0.000624657, 15.99938, 15.99938 ], "texture": "#comparator_7" },
				"north": { "uv": [ 0.000625, 0.000624657, 15.99938, 15.99938 ], "texture": "#comparator_7" },
				"south": { "uv": [ 0.000625, 0.000624657, 15.99938, 15.99938 ], "texture": "#comparator_7" },
				"west": { "uv": [ 0.000625, 0.000624657, 15.99938, 15.99938 ], "texture": "#comparator_7" },
				"east": { "uv": [ 0.000625, 0.000624657, 15.99938, 15.99938 ], "texture": "#comparator_7" }
			}
		},
		{
			"__comment": "Element",
			"from": [ 9.9997, 2.4993, 14.0007 ],
			"to": [ 10.9997, 4.4993, 15.0007 ],
			"faces": {
				"up": { "uv": [ 0.000625, 0.000624657, 15.99938, 15.99938 ], "texture": "#comparator_4" },
				"north": { "uv": [ 0.000625, 0.000624657, 15.99938, 15.99938 ], "texture": "#comparator_4" },
				"south": { "uv": [ 0.000625, 0.000624657, 15.99938, 15.99938 ], "texture": "#comparator_4" },
				"west": { "uv": [ 0.000625, 0.000624657, 15.99938, 15.99938 ], "texture": "#comparator_4" },
				"east": { "uv": [ 0.000625, 0.000624657, 15.99938, 15.99938 ], "texture": "#comparator_4" }
			}
		},
		{
			"__comment": "Element",
			"from": [ 9.9993, 2.5006, 0.9998 ],
			"to": [ 10.9993, 4.5006, 1.9998 ],
			"faces": {
				"up": { "uv": [ 0.000625, 0.000624657, 15.99938, 15.99938 ], "texture": "#comparator_7" },
				"north": { "uv": [ 0.000625, 0.000624657, 15.99938, 15.99938 ], "texture": "#comparator_7" },
				"south": { "uv": [ 0.000625, 0.000624657, 15.99938, 15.99938 ], "texture": "#comparator_7" },
				"west": { "uv": [ 0.000625, 0.000624657, 15.99938, 15.99938 ], "texture": "#comparator_7" },
				"east": { "uv": [ 0.000625, 0.000624657, 15.99938, 15.99938 ], "texture": "#comparator_7" }
			}
		},
		{
			"__comment": "Element",
			"from": [ 7.4999, 3.4997, 0.9993 ],
			"to": [ 8.499899, 4.4997, 1.9993 ],
			"faces": {
				"up": { "uv": [ 0.000625, 0.000624657, 15.99938, 15.99938 ], "texture": "#comparator_8" },
				"north": { "uv": [ 0.000625, 0.000624657, 15.99938, 15.99938 ], "texture": "#comparator_8" },
				"west": { "uv": [ 0.000625, 0.000624657, 15.99938, 15.99938 ], "texture": "#comparator_8" },
				"east": { "uv": [ 0.000625, 0.000624657, 15.99938, 15.99938 ], "texture": "#comparator_8" }
			}
		},
		{
			"__comment": "Element",
			"from": [ 5, 2.4993, 1.0009 ],
			"to": [ 6, 4.4993, 2.0009 ],
			"faces": {
				"up": { "uv": [ 0.000625, 0.000624657, 15.99938, 15.99938 ], "texture": "#comparator_4" },
				"north": { "uv": [ 0.000625, 0.000624657, 15.99938, 15.99938 ], "texture": "#comparator_4" },
				"south": { "uv": [ 0.000625, 0.000624657, 15.99938, 15.99938 ], "texture": "#comparator_4" },
				"west": { "uv": [ 0.000625, 0.000624657, 15.99938, 15.99938 ], "texture": "#comparator_4" },
				"east": { "uv": [ 0.000625, 0.000624657, 15.99938, 15.99938 ], "texture": "#comparator_4" }
			}
		},
		{
			"__comment": "Element",
			"from": [ 7.5008, 3.5001, 14.0005 ],
			"to": [ 8.500799, 4.5001, 15.0005 ],
			"faces": {
				"up": { "uv": [ 0.000625, 0.000624657, 15.99938, 15.99938 ], "texture": "#comparator_8" },
				"south": { "uv": [ 0.000625, 0.000624657, 15.99938, 15.99938 ], "texture": "#comparator_8" },
				"west": { "uv": [ 0.000625, 0.000624657, 15.99938, 15.99938 ], "texture": "#comparator_8" },
				"east": { "uv": [ 0.000625, 0.000624657, 15.99938, 15.99938 ], "texture": "#comparator_8" }
			}
		},
		{
			"__comment": "Element",
			"from": [ 6.4366, 9.9998, 7.8121 ],
			"to": [ 6.9366, 12.99979, 8.3121 ],
			"rotation": { "origin": [ 6.4375, 13, 7.8125 ], "axis": "z", "angle": 22.5 },
			"faces": {
				"up": { "uv": [ 3.500625, 4.000626, 3.999375, 4.499374 ], "texture": "#comparator_9" },
				"north": { "uv": [ 12.00062, 6.500626, 12.49938, 9.499375 ], "texture": "#comparator_9" },
				"south": { "uv": [ 3.500625, 6.500626, 3.999375, 9.499375 ], "texture": "#comparator_9" },
				"west": { "uv": [ 4.000625, 6.500626, 4.499375, 9.499375 ], "texture": "#comparator_9" },
				"east": { "uv": [ 11.50062, 6.500626, 11.99938, 9.499375 ], "texture": "#comparator_9" }
			}
		},
		{
			"__comment": "Element",
			"from": [ 9.1258, 10.1243, 7.8122 ],
			"to": [ 9.6258, 13.1243, 8.312199 ],
			"rotation": { "origin": [ 9.125, 13.125, 7.8125 ], "axis": "z", "angle": -22.5 },
			"faces": {
				"up": { "uv": [ 2.000625, 4.000626, 2.499375, 4.499374 ], "texture": "#comparator_9" },
				"north": { "uv": [ 13.50062, 6.500626, 13.99938, 9.499375 ], "texture": "#comparator_9" },
				"south": { "uv": [ 2.000625, 6.500626, 2.499375, 9.499375 ], "texture": "#comparator_9" },
				"west": { "uv": [ 4.000625, 6.500626, 4.499375, 9.499375 ], "texture": "#comparator_9" },
				"east": { "uv": [ 11.50062, 6.500626, 11.99938, 9.499375 ], "texture": "#comparator_9" }
			}
		},
		{
			"__comment": "Element",
			"from": [ 7.7505, 9.999, 6.5005 ],
			"to": [ 8.2505, 12.999, 7.0005 ],
			"rotation": { "origin": [ 7.75, 13, 6.5 ], "axis": "x", "angle": -22.5 },
			"faces": {
				"up": { "uv": [ 7.500625, 4.000626, 7.999375, 4.499374 ], "texture": "#comparator_9" },
				"north": { "uv": [ 8.000625, 5.000626, 8.499375, 7.999374 ], "texture": "#comparator_9" },
				"south": { "uv": [ 7.500625, 5.000626, 7.999375, 7.999374 ], "texture": "#comparator_9" },
				"west": { "uv": [ 4.000625, 5.000626, 4.499375, 7.999374 ], "texture": "#comparator_9" },
				"east": { "uv": [ 11.50062, 5.000626, 11.99938, 7.999374 ], "texture": "#comparator_9" }
			}
		},
		{
			"__comment": "Element",
			"from": [ 7.9997, 10.1243, 8.9992 ],
			"to": [ 8.499699, 13.1243, 9.4992 ],
			"rotation": { "origin": [ 8, 13.125, 9 ], "axis": "x", "angle": 22.5 },
			"faces": {
				"up": { "uv": [ 8.375625, 3.688125, 8.874375, 4.186874 ], "texture": "#comparator_9" },
				"north": { "uv": [ 7.125625, 5.000626, 7.624375, 7.999374 ], "texture": "#comparator_9" },
				"south": { "uv": [ 8.375625, 5.000626, 8.874375, 7.999374 ], "texture": "#comparator_9" },
				"west": { "uv": [ 3.688125, 5.000626, 4.186875, 7.999374 ], "texture": "#comparator_9" },
				"east": { "uv": [ 11.81312, 5.000626, 12.31188, 7.999374 ], "texture": "#comparator_9" }
			}
		},
		{
			"__comment": "Element",
			"from": [ 6.9995, 11.0005, 6.9996 ],
			"to": [ 8.9995, 11.5005, 8.999601 ],
			"faces": {
				"up": { "uv": [ 7.000625, 7.000626, 8.999375, 8.999375 ], "texture": "#comparator_9" },
				"north": { "uv": [ 7.000625, 5.000626, 8.999375, 5.499374 ], "texture": "#comparator_9" },
				"south": { "uv": [ 7.000625, 5.000626, 8.999375, 5.499374 ], "texture": "#comparator_9" },
				"west": { "uv": [ 7.000625, 5.000626, 8.999375, 5.499374 ], "texture": "#comparator_9" },
				"east": { "uv": [ 7.000625, 5.000626, 8.999375, 5.499374 ], "texture": "#comparator_9" }
			}
		},
		{
			"__comment": "Element",
			"from": [ 6.5003, 10.4992, 6.5007 ],
			"to": [ 9.500299, 10.9992, 9.5007 ],
			"faces": {
				"up": { "uv": [ 6.500625, 6.500626, 9.499375, 9.499375 ], "texture": "#comparator_9" },
				"north": { "uv": [ 6.500625, 5.500626, 9.499375, 5.999374 ], "texture": "#comparator_9" },
				"south": { "uv": [ 6.500625, 5.500626, 9.499375, 5.999374 ], "texture": "#comparator_9" },
				"west": { "uv": [ 6.500625, 5.500626, 9.499375, 5.999374 ], "texture": "#comparator_9" },
				"east": { "uv": [ 6.500625, 5.500626, 9.499375, 5.999374 ], "texture": "#comparator_9" }
			}
		},
		{
			"__comment": "Element",
			"from": [ 6.0008, 9.999599, 5.9998 ],
			"to": [ 10.0008, 10.4996, 9.9998 ],
			"faces": {
				"down": { "uv": [ 9.999375, 9.999375, 6.000625, 6.000626 ], "texture": "#comparator_9" },
				"up": { "uv": [ 6.000625, 6.000626, 9.999375, 9.999375 ], "texture": "#comparator_9" },
				"north": { "uv": [ 6.000625, 6.000626, 9.999375, 6.499374 ], "texture": "#comparator_9" },
				"south": { "uv": [ 6.000625, 6.000626, 9.999375, 6.499374 ], "texture": "#comparator_9" },
				"west": { "uv": [ 6.000625, 6.000626, 9.999375, 6.499374 ], "texture": "#comparator_9" },
				"east": { "uv": [ 6.000625, 6.000626, 9.999375, 6.499374 ], "texture": "#comparator_9" }
			}
		},
		{
			"__comment": "Element",
			"from": [ 6.4992, 9.500299, 6.4994 ],
			"to": [ 9.4992, 10.0003, 9.499399 ],
			"faces": {
				"down": { "uv": [ 9.499375, 9.499375, 6.500625, 6.500626 ], "texture": "#comparator_9" },
				"north": { "uv": [ 6.500625, 6.500626, 9.499375, 6.999374 ], "texture": "#comparator_9" },
				"south": { "uv": [ 6.500625, 6.500626, 9.499375, 6.999374 ], "texture": "#comparator_9" },
				"west": { "uv": [ 6.500625, 6.500626, 9.499375, 6.999374 ], "texture": "#comparator_9" },
				"east": { "uv": [ 6.500625, 6.500626, 9.499375, 6.999374 ], "texture": "#comparator_9" }
			}
		},
		{
			"__comment": "Element",
			"from": [ 7.0001, 8.999, 7.0002 ],
			"to": [ 9.000099, 9.499, 9.0002 ],
			"faces": {
				"north": { "uv": [ 7.000625, 7.000626, 8.999375, 7.499374 ], "texture": "#comparator_9" },
				"south": { "uv": [ 7.000625, 7.000626, 8.999375, 7.499374 ], "texture": "#comparator_9" },
				"west": { "uv": [ 7.000625, 7.000626, 8.999375, 7.499374 ], "texture": "#comparator_9" },
				"east": { "uv": [ 7.000625, 7.000626, 8.999375, 7.499374 ], "texture": "#comparator_9" }
			}
		},
		{
			"__comment": "Element",
			"from": [ 7.0006, 3.0006, 7.0005 ],
			"to": [ 9.0006, 9.000599, 9.0005 ],
			"faces": {
				"north": { "uv": [ 7.000625, 7.500626, 8.999375, 13.49938 ], "texture": "#comparator_3" },
				"south": { "uv": [ 7.000625, 7.500626, 8.999375, 13.49938 ], "texture": "#comparator_3" },
				"west": { "uv": [ 7.000625, 7.500626, 8.999375, 13.49938 ], "texture": "#comparator_3" },
				"east": { "uv": [ 7.000625, 7.500626, 8.999375, 13.49938 ], "texture": "#comparator_3" }
			}
		},
		{
			"__comment": "Element",
			"from": [ 1.9992, 3.5007, 6.4994 ],
			"to": [ 4.999199, 4.0007, 9.499399 ],
			"faces": {
				"up": { "uv": [ 0.000625, 0.000624657, 15.99938, 15.99938 ], "texture": "#comparator_9" },
				"north": { "uv": [ 0.000625, 0.000624657, 15.99938, 15.99938 ], "texture": "#comparator_9" },
				"south": { "uv": [ 0.000625, 0.000624657, 15.99938, 15.99938 ], "texture": "#comparator_9" },
				"west": { "uv": [ 0.000625, 0.000624657, 15.99938, 15.99938 ], "texture": "#comparator_9" }
			}
		},
		{
			"__comment": "Element",
			"from": [ 11.0008, 3.5002, 6.4998 ],
			"to": [ 14.0008, 4.000199, 9.4998 ],
			"faces": {
				"up": { "uv": [ 0.000625, 0.000624657, 15.99938, 15.99938 ], "texture": "#comparator_9" },
				"north": { "uv": [ 0.000625, 0.000624657, 15.99938, 15.99938 ], "texture": "#comparator_9" },
				"south": { "uv": [ 0.000625, 0.000624657, 15.99938, 15.99938 ], "texture": "#comparator_9" },
				"east": { "uv": [ 0.000625, 0.000624657, 15.99938, 15.99938 ], "texture": "#comparator_9" }
			}
		},
		{
			"__comment": "Element",
			"from": [ 2.5001, 4.0006, 6.9999 ],
			"to": [ 4.5001, 5.0006, 8.9999 ],
			"faces": {
				"north": { "uv": [ 11.50062, 11.50062, 13.49938, 12.49938 ], "texture": "#comparator_9" },
				"south": { "uv": [ 2.500625, 11.50062, 4.499375, 12.49938 ], "texture": "#comparator_9" },
				"west": { "uv": [ 7.000625, 11.50062, 8.999375, 12.49938 ], "texture": "#comparator_9" },
				"east": { "uv": [ 7.000625, 11.50062, 8.999375, 12.49938 ], "texture": "#comparator_9" }
			}
		},
		{
			"__comment": "Element",
			"from": [ 11.4999, 4.0009, 6.999 ],
			"to": [ 13.4999, 5.0009, 8.999001 ],
			"faces": {
				"north": { "uv": [ 2.500625, 11.50062, 4.499375, 12.49938 ], "texture": "#comparator_9" },
				"south": { "uv": [ 11.50062, 11.50062, 13.49938, 12.49938 ], "texture": "#comparator_9" },
				"west": { "uv": [ 7.000625, 11.50062, 8.999375, 12.49938 ], "texture": "#comparator_9" },
				"east": { "uv": [ 7.000625, 11.50062, 8.999375, 12.49938 ], "texture": "#comparator_9" }
			}
		},
		{
			"__comment": "Element",
			"from": [ 2.5007, 5.0008, 7.0002 ],
			"to": [ 4.5007, 5.5008, 9.000199 ],
			"faces": {
				"north": { "uv": [ 11.50062, 11.00062, 13.49938, 11.49938 ], "texture": "#comparator_1" },
				"south": { "uv": [ 2.500625, 11.00062, 4.499375, 11.49938 ], "texture": "#comparator_1" },
				"west": { "uv": [ 7.000625, 11.00062, 8.999375, 11.49938 ], "texture": "#comparator_1" },
				"east": { "uv": [ 7.000625, 11.00062, 8.999375, 11.49938 ], "texture": "#comparator_1" }
			}
		},
		{
			"__comment": "Element",
			"from": [ 11.5004, 4.999, 7.0002 ],
			"to": [ 13.5004, 5.499, 9.000199 ],
			"faces": {
				"north": { "uv": [ 2.500625, 11.00062, 4.499375, 11.49938 ], "texture": "#comparator_1" },
				"south": { "uv": [ 11.50062, 11.00062, 13.49938, 11.49938 ], "texture": "#comparator_1" },
				"west": { "uv": [ 7.000625, 11.00062, 8.999375, 11.49938 ], "texture": "#comparator_1" },
				"east": { "uv": [ 7.000625, 11.00062, 8.999375, 11.49938 ], "texture": "#comparator_1" }
			}
		},
		{
			"__comment": "Element",
			"from": [ 2, 5.5008, 6.5005 ],
			"to": [ 5, 6.0008, 9.5005 ],
			"faces": {
				"down": { "uv": [ 13.99938, 9.499375, 11.00062, 6.500626 ], "texture": "#comparator_1" },
				"up": { "uv": [ 2.000625, 6.500626, 4.999375, 9.499375 ], "texture": "#comparator_1" },
				"north": { "uv": [ 11.00062, 10.50062, 13.99938, 10.99938 ], "texture": "#comparator_1" },
				"south": { "uv": [ 2.000625, 10.50062, 4.999375, 10.99938 ], "texture": "#comparator_1" },
				"west": { "uv": [ 6.500625, 10.50062, 9.499375, 10.99938 ], "texture": "#comparator_1" },
				"east": { "uv": [ 6.500625, 10.50062, 9.499375, 10.99938 ], "texture": "#comparator_1" }
			}
		},
		{
			"__comment": "Element",
			"from": [ 10.9998, 5.5005, 6.4991 ],
			"to": [ 13.9998, 6.0005, 9.4991 ],
			"faces": {
				"down": { "uv": [ 4.999375, 9.499375, 2.000625, 6.500626 ], "texture": "#comparator_1" },
				"up": { "uv": [ 11.00062, 6.500626, 13.99938, 9.499375 ], "texture": "#comparator_1" },
				"north": { "uv": [ 2.000625, 10.50062, 4.999375, 10.99938 ], "texture": "#comparator_1" },
				"south": { "uv": [ 11.00062, 10.50062, 13.99938, 10.99938 ], "texture": "#comparator_1" },
				"west": { "uv": [ 6.500625, 10.50062, 9.499375, 10.99938 ], "texture": "#comparator_1" },
				"east": { "uv": [ 6.500625, 10.50062, 9.499375, 10.99938 ], "texture": "#comparator_1" }
			}
		},
		{
			"__comment": "Element",
			"from": [ 11.5009, 6.0006, 6.9996 ],
			"to": [ 13.5009, 7.0006, 8.9996 ],
			"faces": {
				"north": { "uv": [ 0.000625, 0.000624657, 15.99938, 15.99938 ], "texture": "#comparator_12" },
				"south": { "uv": [ 0.000625, 0.000624657, 15.99938, 15.99938 ], "texture": "#comparator_12" },
				"west": { "uv": [ 0.000625, 0.000624657, 15.99938, 15.99938 ], "texture": "#comparator_12" },
				"east": { "uv": [ 0.000625, 0.000624657, 15.99938, 15.99938 ], "texture": "#comparator_12" }
			}
		},
		{
			"__comment": "Element",
			"from": [ 2.5009, 5.9992, 6.9997 ],
			"to": [ 4.500901, 6.9992, 8.999701 ],
			"faces": {
				"north": { "uv": [ 0.000625, 0.000624657, 15.99938, 15.99938 ], "texture": "#comparator_12" },
				"south": { "uv": [ 0.000625, 0.000624657, 15.99938, 15.99938 ], "texture": "#comparator_12" },
				"west": { "uv": [ 0.000625, 0.000624657, 15.99938, 15.99938 ], "texture": "#comparator_12" },
				"east": { "uv": [ 0.000625, 0.000624657, 15.99938, 15.99938 ], "texture": "#comparator_12" }
			}
		},
		{
			"__comment": "Element",
			"from": [ 2.4999, 6.0005, 9.0006 ],
			"to": [ 4.4999, 6.5005, 9.5006 ],
			"faces": {
				"up": { "uv": [ 2.500625, 9.000625, 4.499375, 9.499375 ], "texture": "#comparator_1" },
				"south": { "uv": [ 2.500625, 10.00062, 4.499375, 10.49938 ], "texture": "#comparator_1" }
			}
		},
		{
			"__comment": "Element",
			"from": [ 2.4998, 5.9991, 6.4994 ],
			"to": [ 4.4998, 6.4991, 6.9994 ],
			"faces": {
				"up": { "uv": [ 2.500625, 6.500626, 4.499375, 6.999374 ], "texture": "#comparator_1" },
				"north": { "uv": [ 11.50062, 10.00062, 13.49938, 10.49938 ], "texture": "#comparator_1" }
			}
		},
		{
			"__comment": "Element",
			"from": [ 11.5007, 6.0008, 6.4991 ],
			"to": [ 13.5007, 6.5008, 6.9991 ],
			"faces": {
				"up": { "uv": [ 11.50062, 6.500626, 13.49938, 6.999374 ], "texture": "#comparator_1" },
				"north": { "uv": [ 2.500625, 10.00062, 4.499375, 10.49938 ], "texture": "#comparator_1" }
			}
		},
		{
			"__comment": "Element",
			"from": [ 11.4993, 5.9991, 8.999599 ],
			"to": [ 13.4993, 6.4991, 9.499599 ],
			"faces": {
				"up": { "uv": [ 11.50062, 9.000625, 13.49938, 9.499375 ], "texture": "#comparator_1" },
				"south": { "uv": [ 11.50062, 10.00062, 13.49938, 10.49938 ], "texture": "#comparator_1" }
			}
		},
		{
			"__comment": "Element",
			"from": [ 13.5007, 5.9994, 6.4999 ],
			"to": [ 14.0007, 6.4994, 9.4999 ],
			"faces": {
				"up": { "uv": [ 13.50062, 6.500626, 13.99938, 9.499375 ], "texture": "#comparator_1" },
				"north": { "uv": [ 2.000625, 10.00062, 2.499375, 10.49938 ], "texture": "#comparator_1" },
				"south": { "uv": [ 13.50062, 10.00062, 13.99938, 10.49938 ], "texture": "#comparator_1" },
				"west": { "uv": [ 6.500625, 10.00062, 9.499375, 10.49938 ], "texture": "#comparator_1" },
				"east": { "uv": [ 6.500625, 10.00062, 9.499375, 10.49938 ], "texture": "#comparator_1" }
			}
		},
		{
			"__comment": "Element",
			"from": [ 11.0004, 5.9996, 6.4993 ],
			"to": [ 11.5004, 6.4996, 9.4993 ],
			"faces": {
				"up": { "uv": [ 11.00062, 6.500626, 11.49938, 9.499375 ], "texture": "#comparator_1" },
				"north": { "uv": [ 4.500625, 10.00062, 4.999375, 10.49938 ], "texture": "#comparator_1" },
				"south": { "uv": [ 11.00062, 10.00062, 11.49938, 10.49938 ], "texture": "#comparator_1" },
				"west": { "uv": [ 6.500625, 10.00062, 9.499375, 10.49938 ], "texture": "#comparator_1" },
				"east": { "uv": [ 6.500625, 10.00062, 9.499375, 10.49938 ], "texture": "#comparator_1" }
			}
		},
		{
			"__comment": "Element",
			"from": [ 4.4998, 6.0001, 6.5005 ],
			"to": [ 4.9998, 6.5001, 9.5005 ],
			"faces": {
				"up": { "uv": [ 4.500625, 6.500626, 4.999375, 9.499375 ], "texture": "#comparator_1" },
				"north": { "uv": [ 11.00062, 10.00062, 11.49938, 10.49938 ], "texture": "#comparator_1" },
				"south": { "uv": [ 4.500625, 10.00062, 4.999375, 10.49938 ], "texture": "#comparator_1" },
				"west": { "uv": [ 6.500625, 10.00062, 9.499375, 10.49938 ], "texture": "#comparator_1" },
				"east": { "uv": [ 6.500625, 10.00062, 9.499375, 10.49938 ], "texture": "#comparator_1" }
			}
		},
		{
			"__comment": "Element",
			"from": [ 2.0007, 5.9992, 6.4999 ],
			"to": [ 2.5007, 6.4992, 9.499901 ],
			"faces": {
				"up": { "uv": [ 2.000625, 6.500626, 2.499375, 9.499375 ], "texture": "#comparator_1" },
				"north": { "uv": [ 13.50062, 10.00062, 13.99938, 10.49938 ], "texture": "#comparator_1" },
				"south": { "uv": [ 2.000625, 10.00062, 2.499375, 10.49938 ], "texture": "#comparator_1" },
				"west": { "uv": [ 6.500625, 10.00062, 9.499375, 10.49938 ], "texture": "#comparator_1" },
				"east": { "uv": [ 6.500625, 10.00062, 9.499375, 10.49938 ], "texture": "#comparator_1" }
			}
		},
		{
			"__comment": "Element",
			"from": [ 11.4993, 3.4991, 2.0009 ],
			"to": [ 13.4993, 3.9991, 6.5009 ],
			"faces": {
				"up": { "uv": [ 5.500625, 0.000624657, 10.49938, 15.99938 ], "texture": "#comparator_10" },
				"north": { "uv": [ 0.000625, 15.00062, 1.999375, 15.99938 ], "texture": "#comparator_1" },
				"east": { "uv": [ 2.000625, 15.00062, 13.99938, 15.99938 ], "texture": "#comparator_1", "cullface": "east" }
			}
		},
		{
			"__comment": "Box72",
			"from": [ 0, 0, 0 ],
			"to": [ 16, 0.5, 16 ],
			"faces": {
				"down": { "uv": [ 0.000625, 0.000624657, 15.99938, 15.99938 ], "texture": "#comparator_11", "cullface": "down" },
				"up": { "uv": [ 0.000625, 0.000624657, 15.99938, 15.99938 ], "texture": "#comparator_11" },
				"north": { "uv": [ 0.000625, 0.000624657, 15.99938, 0.4993753 ], "texture": "#comparator_11", "cullface": "north" },
				"south": { "uv": [ 0.000625, 0.000624657, 15.99938, 0.4993753 ], "texture": "#comparator_11", "cullface": "south" },
				"west": { "uv": [ 0.000625, 0.000624657, 15.99938, 0.4993753 ], "texture": "#comparator_11", "cullface": "west" },
				"east": { "uv": [ 0.000625, 0.000624657, 15.99938, 0.4993753 ], "texture": "#comparator_11", "cullface": "east" }
			}
		},
		{
			"__comment": "Element",
			"from": [ 11.5002, 3.4994, 9.500299 ],
			"to": [ 13.5002, 3.9994, 14.0003 ],
			"faces": {
				"up": { "uv": [ 5.500625, 0.000624657, 10.49938, 15.99938 ], "texture": "#comparator_10" },
				"south": { "uv": [ 14.00062, 15.00062, 15.99938, 15.99938 ], "texture": "#comparator_1" },
				"east": { "uv": [ 2.000625, 15.00062, 13.99938, 15.99938 ], "texture": "#comparator_1", "cullface": "east" }
			}
		},
		{
			"__comment": "Element",
			"from": [ 2.5008, 3.5002, 1.9995 ],
			"to": [ 4.5008, 4.000199, 6.4995 ],
			"faces": {
				"up": { "uv": [ 5.500625, 0.000624657, 10.49938, 15.99938 ], "texture": "#comparator_10" },
				"north": { "uv": [ 0.000625, 15.00062, 1.999375, 15.99938 ], "texture": "#comparator_1" },
				"east": { "uv": [ 2.000625, 15.00062, 13.99938, 15.99938 ], "texture": "#comparator_1", "cullface": "east" }
			}
		},
		{
			"__comment": "Element",
			"from": [ 2.5005, 3.4995, 9.4994 ],
			"to": [ 4.5005, 3.9995, 13.9994 ],
			"faces": {
				"up": { "uv": [ 5.500625, 0.000624657, 10.49938, 15.99938 ], "texture": "#comparator_10" },
				"south": { "uv": [ 14.00062, 15.00062, 15.99938, 15.99938 ], "texture": "#comparator_1" },
				"east": { "uv": [ 2.000625, 15.00062, 13.99938, 15.99938 ], "texture": "#comparator_1", "cullface": "east" }
			}
		},
		{
			"__comment": "Box67",
			"from": [ 11.9996, 7.0003, 7.5001 ],
			"to": [ 14.9996, 9.500299, 7.5011 ],
			"rotation": { "origin": [ 13.5, 7, 9 ], "axis": "y", "angle": 45 },
			"faces": {
				"north": { "uv": [ 6.500625, 3.000625, 9.499375, 8.499375 ], "texture": "#comparator_13" },
				"south": { "uv": [ 6.500625, 3.000625, 9.499375, 8.499375 ], "texture": "#comparator_13" },
				"west": { "uv": [ 6.500625, 3.000625, 9.499375, 8.499375 ], "texture": "#comparator_13" },
				"east": { "uv": [ 6.500625, 3.000625, 9.499375, 8.499375 ], "texture": "#comparator_13" }
			}
		},
		{
			"__comment": "Box67",
			"from": [ 11.4992, 7, 7.0005 ],
			"to": [ 14.4992, 9.5, 7.0015 ],
			"rotation": { "origin": [ 11.5, 7, 7 ], "axis": "y", "angle": -45 },
			"faces": {
				"north": { "uv": [ 6.500625, 3.000625, 9.499375, 8.499375 ], "texture": "#comparator_13" },
				"south": { "uv": [ 6.500625, 3.000625, 9.499375, 8.499375 ], "texture": "#comparator_13" },
				"east": { "uv": [ 6.500625, 3.000625, 9.499375, 8.499375 ], "texture": "#comparator_13" }
			}
		},
		{
			"__comment": "Box67",
			"from": [ 2.5001, 6.9993, 7 ],
			"to": [ 5.5001, 9.4993, 7.001 ],
			"rotation": { "origin": [ 2.5, 7, 7 ], "axis": "y", "angle": -45 },
			"faces": {
				"north": { "uv": [ 6.500625, 3.000625, 9.499375, 8.499375 ], "texture": "#comparator_13" },
				"south": { "uv": [ 6.500625, 3.000625, 9.499375, 8.499375 ], "texture": "#comparator_13" },
				"east": { "uv": [ 6.500625, 3.000625, 9.499375, 8.499375 ], "texture": "#comparator_13" }
			}
		},
		{
			"__comment": "Box67",
			"from": [ 1.5006, 7, 6.9987 ],
			"to": [ 4.5006, 9.5, 6.9997 ],
			"rotation": { "origin": [ 4.5, 7, 7 ], "axis": "y", "angle": 45 },
			"faces": {
				"north": { "uv": [ 6.500625, 3.000625, 9.499375, 8.499375 ], "texture": "#comparator_13" },
				"south": { "uv": [ 6.500625, 3.000625, 9.499375, 8.499375 ], "texture": "#comparator_13" },
				"west": { "uv": [ 6.500625, 3.000625, 9.499375, 8.499375 ], "texture": "#comparator_13" }
			}
		},
		{
			"__comment": "Box70",
			"from": [ 11.5007, 6.999, 7.001 ],
			"to": [ 13.5007, 9.498999, 9.000999 ],
			"faces": {
				"north": { "uv": [ 6.500625, 3.000625, 9.499375, 8.499375 ], "texture": "#comparator_13" },
				"south": { "uv": [ 6.500625, 3.000625, 9.499375, 8.499375 ], "texture": "#comparator_13" },
				"west": { "uv": [ 6.500625, 3.000625, 9.499375, 8.499375 ], "texture": "#comparator_13" },
				"east": { "uv": [ 6.500625, 3.000625, 9.499375, 8.499375 ], "texture": "#comparator_13" }
			}
		},
		{
			"__comment": "Box70",
			"from": [ 2.499, 7.0008, 6.9997 ],
			"to": [ 4.499, 9.500799, 8.999701 ],
			"faces": {
				"north": { "uv": [ 6.500625, 3.000625, 9.499375, 8.499375 ], "texture": "#comparator_13" },
				"south": { "uv": [ 6.500625, 3.000625, 9.499375, 8.499375 ], "texture": "#comparator_13" },
				"west": { "uv": [ 6.500625, 3.000625, 9.499375, 8.499375 ], "texture": "#comparator_13" },
				"east": { "uv": [ 6.500625, 3.000625, 9.499375, 8.499375 ], "texture": "#comparator_13" }
			}
		}
	],
	"display": {
		"thirdperson_righthand": {
			"rotation":  [ 75, 45, 0 ],
			"translation":  [ 0, 2.5, 0 ],
			"scale":  [ 0.375, 0.375, 0.375 ]
		},
		"thirdperson_lefthand": {
			"rotation":  [ 75, 45, 0 ],
			"translation":  [ 0, 2.5, 0 ],
			"scale":  [ 0.375, 0.375, 0.375 ]
		},
		"firstperson_righthand": {
			"rotation":  [ 0, 45, 0 ],
			"scale":  [ 0.4, 0.4, 0.4 ]
		},
		"firstperson_lefthand": {
			"rotation":  [ 0, 45, 0 ],
			"scale":  [ 0.4, 0.4, 0.4 ]
		},
		"gui": {
			"rotation":  [ 30, 225, 0 ],
			"translation":  [ 0, 3, 0 ],
			"scale":  [ 0.8, 0.8, 0.8 ]
		},
		"ground": {
			"translation":  [ 0, 3, 0 ],
			"scale":  [ 0.25, 0.25, 0.25 ]
		}
	}
}