{
	"__comment": "Designed by Interhell2000 with Cubik Studio - https://cubik.studio",
	"gui_light": "front",
	"ambientocclusion": false,
	"textures": {
		"particle": "block/c/cracked_nether_bricks/cracked_nether_bricks",
		"cracked_nether_bricks_1": "block/c/cracked_nether_bricks/cracked_nether_bricks_1",
		"cracked_nether_bricks_2": "block/c/cracked_nether_bricks/cracked_nether_bricks_2"
	},
	"elements": [ 	 
		{
			"__comment": "Box1",
			"from": [ 12.4998, -0.0008, 4.5008 ],
			"to": [ 15.9998, 2.9992, 11.5008 ],
			"faces": {
				"up": { "uv": [ 12.50062, 4.500626, 15.99938, 11.49938 ], "texture": "#cracked_nether_bricks_1" },
				"north": { "uv": [ 0.000625, 13.00062, 3.499375, 15.99938 ], "texture": "#cracked_nether_bricks_1" },
				"south": { "uv": [ 12.50062, 13.00062, 15.99938, 15.99938 ], "texture": "#cracked_nether_bricks_1" },
				"east": { "uv": [ 4.500625, 13.00062, 11.49938, 15.99938 ], "texture": "#cracked_nether_bricks_1", "cullface": "east" }
			}
		},
		{
			"__comment": "Box1",
			"from": [ 0.0007, 0.0004, 12.4992 ],
			"to": [ 7.5007, 3.0004, 15.9992 ],
			"faces": {
				"up": { "uv": [ 0.000625, 12.50062, 7.499375, 15.99938 ], "texture": "#cracked_nether_bricks_1" },
				"north": { "uv": [ 8.500625, 13.00062, 15.99938, 15.99938 ], "texture": "#cracked_nether_bricks_1" },
				"south": { "uv": [ 0.000625, 13.00062, 7.499375, 15.99938 ], "texture": "#cracked_nether_bricks_1", "cullface": "south" },
				"west": { "uv": [ 12.50062, 13.00062, 15.99938, 15.99938 ], "texture": "#cracked_nether_bricks_1", "cullface": "west" },
				"east": { "uv": [ 0.000625, 13.00062, 3.499375, 15.99938 ], "texture": "#cracked_nether_bricks_1" }
			}
		},
		{
			"__comment": "Box1",
			"from": [ 4.4992, 3.9991, -0.0009 ],
			"to": [ 11.4992, 6.9991, 3.4991 ],
			"faces": {
				"down": { "uv": [ 4.500625, 12.50062, 11.49938, 15.99938 ], "texture": "#cracked_nether_bricks_1" },
				"up": { "uv": [ 4.500625, 0.000624657, 11.49938, 3.499375 ], "texture": "#cracked_nether_bricks_1" },
				"north": { "uv": [ 4.500625, 9.000625, 11.49938, 11.99938 ], "texture": "#cracked_nether_bricks_1", "cullface": "north" },
				"west": { "uv": [ 0.000625, 9.000625, 3.499375, 11.99938 ], "texture": "#cracked_nether_bricks_1" },
				"east": { "uv": [ 12.50062, 9.000625, 15.99938, 11.99938 ], "texture": "#cracked_nether_bricks_1" }
			}
		},
		{
			"__comment": "Box1",
			"from": [ 2.9999, -0.0006, -0.0009 ],
			"to": [ 7.499901, 2.9994, 3.4991 ],
			"faces": {
				"up": { "uv": [ 3.000625, 0.000624657, 7.499373, 3.499375 ], "texture": "#cracked_nether_bricks_1" },
				"north": { "uv": [ 8.500625, 13.00062, 12.99938, 15.99938 ], "texture": "#cracked_nether_bricks_1", "cullface": "north" },
				"south": { "uv": [ 3.000625, 13.00062, 7.499373, 15.99938 ], "texture": "#cracked_nether_bricks_1" },
				"west": { "uv": [ 0.000625, 13.00062, 3.499375, 15.99938 ], "texture": "#cracked_nether_bricks_2" },
				"east": { "uv": [ 12.50062, 13.00062, 15.99938, 15.99938 ], "texture": "#cracked_nether_bricks_1" }
			}
		},
		{
			"__comment": "Box1",
			"from": [ 8.5006, -0.0001, 12.5007 ],
			"to": [ 12.5006, 2.9999, 16.00071 ],
			"faces": {
				"up": { "uv": [ 8.500625, 12.50062, 12.49938, 15.99938 ], "texture": "#cracked_nether_bricks_1" },
				"south": { "uv": [ 8.500625, 13.00062, 12.49938, 15.99938 ], "texture": "#cracked_nether_bricks_1", "cullface": "south" },
				"west": { "uv": [ 12.50062, 13.00062, 15.99938, 15.99938 ], "texture": "#cracked_nether_bricks_1" },
				"east": { "uv": [ 0.000625, 13.00062, 3.499375, 15.99938 ], "texture": "#cracked_nether_bricks_2" }
			}
		},
		{
			"__comment": "Box1",
			"from": [ -0.0008, 0.0001, 4.5008 ],
			"to": [ 3.4992, 3.0001, 11.5008 ],
			"faces": {
				"up": { "uv": [ 0.000625, 4.500626, 3.499375, 11.49938 ], "texture": "#cracked_nether_bricks_1" },
				"north": { "uv": [ 12.50062, 13.00062, 15.99938, 15.99938 ], "texture": "#cracked_nether_bricks_1" },
				"south": { "uv": [ 0.000625, 13.00062, 3.499375, 15.99938 ], "texture": "#cracked_nether_bricks_1" },
				"west": { "uv": [ 4.500625, 13.00062, 11.49938, 15.99938 ], "texture": "#cracked_nether_bricks_1", "cullface": "west" }
			}
		},
		{
			"__comment": "Box1",
			"from": [ 8.5001, -0.0003, -0.0004 ],
			"to": [ 16.0001, 2.999701, 3.4996 ],
			"faces": {
				"up": { "uv": [ 8.500625, 0.000624657, 15.99938, 3.499375 ], "texture": "#cracked_nether_bricks_1" },
				"north": { "uv": [ 0.000625, 13.00062, 7.499375, 15.99938 ], "texture": "#cracked_nether_bricks_1", "cullface": "north" },
				"south": { "uv": [ 8.500625, 13.00062, 15.99938, 15.99938 ], "texture": "#cracked_nether_bricks_1" },
				"west": { "uv": [ 0.000625, 13.00062, 3.499375, 15.99938 ], "texture": "#cracked_nether_bricks_1" },
				"east": { "uv": [ 12.50062, 13.00062, 15.99938, 15.99938 ], "texture": "#cracked_nether_bricks_1", "cullface": "east" }
			}
		},
		{
			"__comment": "Box1",
			"from": [ 4, 4.0004, 12.5004 ],
			"to": [ 11, 7.0004, 16.0004 ],
			"faces": {
				"down": { "uv": [ 4.500625, 0.000624657, 11.49938, 3.499375 ], "texture": "#cracked_nether_bricks_1" },
				"up": { "uv": [ 4.500625, 12.50062, 11.49938, 15.99938 ], "texture": "#cracked_nether_bricks_1" },
				"south": { "uv": [ 4.500625, 9.000625, 11.49938, 11.99938 ], "texture": "#cracked_nether_bricks_1", "cullface": "south" },
				"west": { "uv": [ 12.50062, 9.000625, 15.99938, 11.99938 ], "texture": "#cracked_nether_bricks_2" },
				"east": { "uv": [ 0.000625, 9.000625, 3.499375, 11.99938 ], "texture": "#cracked_nether_bricks_1" }
			}
		},
		{
			"__comment": "Box1",
			"from": [ -0.0007, 3.9997, -0.0007 ],
			"to": [ 3.4993, 6.9997, 7.4993 ],
			"faces": {
				"down": { "uv": [ 0.000625, 8.500625, 3.499375, 15.99938 ], "texture": "#cracked_nether_bricks_1" },
				"up": { "uv": [ 0.000625, 0.000624657, 3.499375, 7.499374 ], "texture": "#cracked_nether_bricks_1" },
				"north": { "uv": [ 12.50062, 9.000625, 15.99938, 11.99938 ], "texture": "#cracked_nether_bricks_1", "cullface": "north" },
				"south": { "uv": [ 0.000625, 9.000625, 3.499375, 11.99938 ], "texture": "#cracked_nether_bricks_1" },
				"west": { "uv": [ 0.000625, 9.000625, 7.499375, 11.99938 ], "texture": "#cracked_nether_bricks_1", "cullface": "west" },
				"east": { "uv": [ 8.500625, 9.000625, 15.99938, 11.99938 ], "texture": "#cracked_nether_bricks_1" }
			}
		},
		{
			"__comment": "Box1",
			"from": [ 12.4996, 4, 3.9995 ],
			"to": [ 15.9996, 7, 7.4995 ],
			"faces": {
				"down": { "uv": [ 12.50062, 8.500625, 15.99938, 11.99938 ], "texture": "#cracked_nether_bricks_1" },
				"up": { "uv": [ 12.50062, 4.000626, 15.99938, 7.499374 ], "texture": "#cracked_nether_bricks_1" },
				"north": { "uv": [ 0.000625, 9.000625, 3.499375, 11.99938 ], "texture": "#cracked_nether_bricks_1" },
				"south": { "uv": [ 12.50062, 9.000625, 15.99938, 11.99938 ], "texture": "#cracked_nether_bricks_1" },
				"east": { "uv": [ 8.500625, 9.000625, 11.99938, 11.99938 ], "texture": "#cracked_nether_bricks_1", "cullface": "east" }
			}
		},
		{
			"__comment": "Box1",
			"from": [ -0.0009, 4.0009, 8.4991 ],
			"to": [ 3.4991, 7.0009, 11.4991 ],
			"faces": {
				"down": { "uv": [ 0.000625, 4.500626, 3.499375, 7.499374 ], "texture": "#cracked_nether_bricks_1" },
				"up": { "uv": [ 0.000625, 8.500625, 3.499375, 11.49938 ], "texture": "#cracked_nether_bricks_1" },
				"north": { "uv": [ 12.50062, 9.000625, 15.99938, 11.99938 ], "texture": "#cracked_nether_bricks_1" },
				"south": { "uv": [ 0.000625, 9.000625, 3.499375, 11.99938 ], "texture": "#cracked_nether_bricks_1" },
				"west": { "uv": [ 8.500625, 9.000625, 11.49938, 11.99938 ], "texture": "#cracked_nether_bricks_1", "cullface": "west" }
			}
		},
		{
			"__comment": "Box1",
			"from": [ 12.4996, 3.9993, 8.499 ],
			"to": [ 15.9996, 6.9993, 15.999 ],
			"faces": {
				"down": { "uv": [ 12.50062, 0.000624657, 15.99938, 7.499374 ], "texture": "#cracked_nether_bricks_1" },
				"up": { "uv": [ 12.50062, 8.500625, 15.99938, 15.99938 ], "texture": "#cracked_nether_bricks_1" },
				"north": { "uv": [ 0.000625, 9.000625, 3.499375, 11.99938 ], "texture": "#cracked_nether_bricks_1" },
				"south": { "uv": [ 12.50062, 9.000625, 15.99938, 11.99938 ], "texture": "#cracked_nether_bricks_1", "cullface": "south" },
				"west": { "uv": [ 8.500625, 9.000625, 15.99938, 11.99938 ], "texture": "#cracked_nether_bricks_1" },
				"east": { "uv": [ 0.000625, 9.000625, 7.499375, 11.99938 ], "texture": "#cracked_nether_bricks_1", "cullface": "east" }
			}
		},
		{
			"__comment": "Box1",
			"from": [ 12.5003, 8.0006, 4.5006 ],
			"to": [ 16.0003, 11.0006, 11.5006 ],
			"faces": {
				"down": { "uv": [ 12.50062, 4.500626, 15.99938, 11.49938 ], "texture": "#cracked_nether_bricks_1" },
				"up": { "uv": [ 12.50062, 4.500626, 15.99938, 11.49938 ], "texture": "#cracked_nether_bricks_1" },
				"north": { "uv": [ 0.000625, 5.000626, 3.499375, 7.999374 ], "texture": "#cracked_nether_bricks_1" },
				"south": { "uv": [ 12.50062, 5.000626, 15.99938, 7.999374 ], "texture": "#cracked_nether_bricks_1" },
				"east": { "uv": [ 4.500625, 5.000626, 11.49938, 7.999374 ], "texture": "#cracked_nether_bricks_1", "cullface": "east" }
			}
		},
		{
			"__comment": "Box1",
			"from": [ -0.0008, 8.000299, 12.4994 ],
			"to": [ 7.499199, 11.0003, 15.9994 ],
			"faces": {
				"down": { "uv": [ 0.000625, 0.000624657, 7.499375, 3.499375 ], "texture": "#cracked_nether_bricks_1" },
				"up": { "uv": [ 0.000625, 12.50062, 7.499375, 15.99938 ], "texture": "#cracked_nether_bricks_1" },
				"north": { "uv": [ 8.500625, 5.000626, 15.99938, 7.999374 ], "texture": "#cracked_nether_bricks_1" },
				"south": { "uv": [ 0.000625, 5.000626, 7.499375, 7.999374 ], "texture": "#cracked_nether_bricks_1", "cullface": "south" },
				"west": { "uv": [ 12.50062, 5.000626, 15.99938, 7.999374 ], "texture": "#cracked_nether_bricks_1", "cullface": "west" },
				"east": { "uv": [ 0.000625, 5.000626, 3.499375, 7.999374 ], "texture": "#cracked_nether_bricks_1" }
			}
		},
		{
			"__comment": "Box1",
			"from": [ 4.5004, 7.9992, -0.0005 ],
			"to": [ 7.5004, 10.9992, 3.4995 ],
			"faces": {
				"down": { "uv": [ 4.500625, 12.50062, 7.499375, 15.99938 ], "texture": "#cracked_nether_bricks_1" },
				"up": { "uv": [ 4.500625, 0.000624657, 7.499375, 3.499375 ], "texture": "#cracked_nether_bricks_1" },
				"north": { "uv": [ 8.500625, 5.000626, 11.49938, 7.999374 ], "texture": "#cracked_nether_bricks_1", "cullface": "north" },
				"west": { "uv": [ 0.000625, 5.000626, 3.499375, 7.999374 ], "texture": "#cracked_nether_bricks_1" },
				"east": { "uv": [ 12.50062, 5.000626, 15.99938, 7.999374 ], "texture": "#cracked_nether_bricks_1" }
			}
		},
		{
			"__comment": "Box1",
			"from": [ 8.500999, 8.0005, 12.4996 ],
			"to": [ 12.001, 11.0005, 15.9996 ],
			"faces": {
				"down": { "uv": [ 8.500625, 0.000624657, 11.99938, 3.499375 ], "texture": "#cracked_nether_bricks_1" },
				"up": { "uv": [ 8.500625, 12.50062, 11.99938, 15.99938 ], "texture": "#cracked_nether_bricks_1" },
				"south": { "uv": [ 8.500625, 5.000626, 11.99938, 7.999374 ], "texture": "#cracked_nether_bricks_1", "cullface": "south" },
				"west": { "uv": [ 12.50062, 5.000626, 15.99938, 7.999374 ], "texture": "#cracked_nether_bricks_1" },
				"east": { "uv": [ 0.000625, 5.000626, 3.499375, 7.999374 ], "texture": "#cracked_nether_bricks_1" }
			}
		},
		{
			"__comment": "Box1",
			"from": [ -0.0009, 8.000299, 4.5004 ],
			"to": [ 3.4991, 11.00029, 11.5004 ],
			"faces": {
				"down": { "uv": [ 0.000625, 4.500626, 3.499375, 11.49938 ], "texture": "#cracked_nether_bricks_1" },
				"up": { "uv": [ 0.000625, 4.500626, 3.499375, 11.49938 ], "texture": "#cracked_nether_bricks_1" },
				"north": { "uv": [ 12.50062, 5.000626, 15.99938, 7.999374 ], "texture": "#cracked_nether_bricks_1" },
				"south": { "uv": [ 0.000625, 5.000626, 3.499375, 7.999374 ], "texture": "#cracked_nether_bricks_1" },
				"west": { "uv": [ 4.500625, 5.000626, 11.49938, 7.999374 ], "texture": "#cracked_nether_bricks_1", "cullface": "west" }
			}
		},
		{
			"__comment": "Box1",
			"from": [ 8.4992, 8.0006, 0.0008 ],
			"to": [ 15.9992, 11.0006, 3.5008 ],
			"faces": {
				"down": { "uv": [ 8.500625, 12.50062, 15.99938, 15.99938 ], "texture": "#cracked_nether_bricks_1" },
				"up": { "uv": [ 8.500625, 0.000624657, 15.99938, 3.499375 ], "texture": "#cracked_nether_bricks_1" },
				"north": { "uv": [ 0.000625, 5.000626, 7.499375, 7.999374 ], "texture": "#cracked_nether_bricks_1", "cullface": "north" },
				"south": { "uv": [ 8.500625, 5.000626, 15.99938, 7.999374 ], "texture": "#cracked_nether_bricks_1" },
				"west": { "uv": [ 0.000625, 5.000626, 3.499375, 7.999374 ], "texture": "#cracked_nether_bricks_1" },
				"east": { "uv": [ 12.50062, 5.000626, 15.99938, 7.999374 ], "texture": "#cracked_nether_bricks_1", "cullface": "east" }
			}
		},
		{
			"__comment": "Box1",
			"from": [ 4.4999, 12.0007, 0.0009 ],
			"to": [ 11.4999, 15.0007, 3.5009 ],
			"faces": {
				"down": { "uv": [ 4.500625, 12.50062, 11.49938, 15.99938 ], "texture": "#cracked_nether_bricks_1" },
				"north": { "uv": [ 4.500625, 1.000625, 11.49938, 3.999375 ], "texture": "#cracked_nether_bricks_1", "cullface": "north" },
				"west": { "uv": [ 0.000625, 1.000625, 3.499375, 3.999375 ], "texture": "#cracked_nether_bricks_1" },
				"east": { "uv": [ 12.50062, 1.000625, 15.99938, 3.999375 ], "texture": "#cracked_nether_bricks_1" }
			}
		},
		{
			"__comment": "Box1",
			"from": [ 4.5001, 12.0006, 12.5003 ],
			"to": [ 11.5001, 15.0006, 16.0003 ],
			"faces": {
				"down": { "uv": [ 4.500625, 0.000624657, 11.49938, 3.499375 ], "texture": "#cracked_nether_bricks_1" },
				"south": { "uv": [ 4.500625, 1.000625, 11.49938, 3.999375 ], "texture": "#cracked_nether_bricks_1", "cullface": "south" },
				"west": { "uv": [ 12.50062, 1.000625, 15.99938, 3.999375 ], "texture": "#cracked_nether_bricks_1" },
				"east": { "uv": [ 0.000625, 1.000625, 3.499375, 3.999375 ], "texture": "#cracked_nether_bricks_1" }
			}
		},
		{
			"__comment": "Box1",
			"from": [ -0.0006, 12.0004, 0.0006 ],
			"to": [ 3.4994, 15.0004, 7.5006 ],
			"faces": {
				"down": { "uv": [ 0.000625, 8.500625, 3.499375, 15.99938 ], "texture": "#cracked_nether_bricks_1" },
				"north": { "uv": [ 12.50062, 1.000625, 15.99938, 3.999375 ], "texture": "#cracked_nether_bricks_1", "cullface": "north" },
				"south": { "uv": [ 0.000625, 1.000625, 3.499375, 3.999375 ], "texture": "#cracked_nether_bricks_1" },
				"west": { "uv": [ 0.000625, 1.000625, 7.499375, 3.999375 ], "texture": "#cracked_nether_bricks_1", "cullface": "west" },
				"east": { "uv": [ 8.500625, 1.000625, 15.99938, 3.999375 ], "texture": "#cracked_nether_bricks_1" }
			}
		},
		{
			"__comment": "Box1",
			"from": [ 12.5, 12.0001, 4.0006 ],
			"to": [ 16, 15.0001, 7.0006 ],
			"faces": {
				"down": { "uv": [ 12.50062, 9.000625, 15.99938, 11.99938 ], "texture": "#cracked_nether_bricks_1" },
				"north": { "uv": [ 0.000625, 1.000625, 3.499375, 3.999375 ], "texture": "#cracked_nether_bricks_2" },
				"south": { "uv": [ 12.50062, 1.000625, 15.99938, 3.999375 ], "texture": "#cracked_nether_bricks_1" },
				"east": { "uv": [ 9.000625, 1.000625, 11.99938, 3.999375 ], "texture": "#cracked_nether_bricks_1", "cullface": "east" }
			}
		},
		{
			"__comment": "Box1",
			"from": [ 0.0006, 12, 8.4998 ],
			"to": [ 3.5006, 15, 11.9998 ],
			"faces": {
				"down": { "uv": [ 0.000625, 4.000626, 3.499375, 7.499374 ], "texture": "#cracked_nether_bricks_1" },
				"north": { "uv": [ 12.50062, 1.000625, 15.99938, 3.999375 ], "texture": "#cracked_nether_bricks_1" },
				"south": { "uv": [ 0.000625, 1.000625, 3.499375, 3.999375 ], "texture": "#cracked_nether_bricks_2" },
				"west": { "uv": [ 8.500625, 1.000625, 11.99938, 3.999375 ], "texture": "#cracked_nether_bricks_1", "cullface": "west" }
			}
		},
		{
			"__comment": "Box1",
			"from": [ 12.5002, 12.0003, 8.500299 ],
			"to": [ 16.0002, 15.0003, 16.0003 ],
			"faces": {
				"down": { "uv": [ 12.50062, 0.000624657, 15.99938, 7.499374 ], "texture": "#cracked_nether_bricks_1" },
				"north": { "uv": [ 0.000625, 1.000625, 3.499375, 3.999375 ], "texture": "#cracked_nether_bricks_1" },
				"south": { "uv": [ 12.50062, 1.000625, 15.99938, 3.999375 ], "texture": "#cracked_nether_bricks_1", "cullface": "south" },
				"west": { "uv": [ 8.500625, 1.000625, 15.99938, 3.999375 ], "texture": "#cracked_nether_bricks_1" },
				"east": { "uv": [ 0.000625, 1.000625, 7.499375, 3.999375 ], "texture": "#cracked_nether_bricks_1", "cullface": "east" }
			}
		},
		{
			"__comment": "Box34",
			"from": [ 3.5006, -0.001, 3.5009 ],
			"to": [ 12.5006, 14.999, 12.5009 ],
			"faces": {
				"north": { "uv": [ 3.500625, 1.000625, 12.49938, 15.99938 ], "texture": "#cracked_nether_bricks_2" },
				"south": { "uv": [ 3.500625, 1.000625, 12.49938, 15.99938 ], "texture": "#cracked_nether_bricks_2" },
				"west": { "uv": [ 3.500625, 1.000625, 12.49938, 15.99938 ], "texture": "#cracked_nether_bricks_2" },
				"east": { "uv": [ 3.500625, 1.000625, 12.49938, 15.99938 ], "texture": "#cracked_nether_bricks_2" }
			}
		},
		{
			"__comment": "Box35",
			"from": [ 1.0004, 3.0007, 0.9999 ],
			"to": [ 15.00039, 4.0007, 14.9999 ],
			"faces": {
				"down": { "uv": [ 1.000625, 1.000625, 14.99938, 14.99938 ], "texture": "#cracked_nether_bricks_2" },
				"up": { "uv": [ 1.000625, 1.000625, 14.99938, 14.99938 ], "texture": "#cracked_nether_bricks_2" },
				"north": { "uv": [ 1.000625, 12.00062, 14.99938, 12.99938 ], "texture": "#cracked_nether_bricks_2" },
				"south": { "uv": [ 1.000625, 12.00062, 14.99938, 12.99938 ], "texture": "#cracked_nether_bricks_2" },
				"west": { "uv": [ 1.000625, 12.00062, 14.99938, 12.99938 ], "texture": "#cracked_nether_bricks_2" },
				"east": { "uv": [ 1.000625, 12.00062, 14.99938, 12.99938 ], "texture": "#cracked_nether_bricks_2" }
			}
		},
		{
			"__comment": "Box35",
			"from": [ 1.001, 7.0009, 1.001 ],
			"to": [ 15.001, 8.000898, 15.001 ],
			"faces": {
				"down": { "uv": [ 1.000625, 1.000625, 14.99938, 14.99938 ], "texture": "#cracked_nether_bricks_2" },
				"up": { "uv": [ 1.000625, 1.000625, 14.99938, 14.99938 ], "texture": "#cracked_nether_bricks_2" },
				"north": { "uv": [ 1.000625, 8.000625, 14.99938, 8.999375 ], "texture": "#cracked_nether_bricks_2" },
				"south": { "uv": [ 1.000625, 8.000625, 14.99938, 8.999375 ], "texture": "#cracked_nether_bricks_2" },
				"west": { "uv": [ 1.000625, 8.000625, 14.99938, 8.999375 ], "texture": "#cracked_nether_bricks_2" },
				"east": { "uv": [ 1.000625, 8.000625, 14.99938, 8.999375 ], "texture": "#cracked_nether_bricks_2" }
			}
		},
		{
			"__comment": "Box35",
			"from": [ 1.0005, 10.9998, 0.9994 ],
			"to": [ 15.0005, 11.9998, 14.9994 ],
			"faces": {
				"down": { "uv": [ 1.000625, 1.000625, 14.99938, 14.99938 ], "texture": "#cracked_nether_bricks_2" },
				"up": { "uv": [ 1.000625, 1.000625, 14.99938, 14.99938 ], "texture": "#cracked_nether_bricks_2" },
				"north": { "uv": [ 1.000625, 4.000626, 14.99938, 4.999374 ], "texture": "#cracked_nether_bricks_2" },
				"south": { "uv": [ 1.000625, 4.000626, 14.99938, 4.999374 ], "texture": "#cracked_nether_bricks_2" },
				"west": { "uv": [ 1.000625, 4.000626, 14.99938, 4.999374 ], "texture": "#cracked_nether_bricks_2" },
				"east": { "uv": [ 1.000625, 4.000626, 14.99938, 4.999374 ], "texture": "#cracked_nether_bricks_2" }
			}
		},
		{
			"__comment": "Box35",
			"from": [ 0, 15.0006, 0 ],
			"to": [ 16, 16.0006, 16 ],
			"faces": {
				"down": { "uv": [ 0.000625, 0.000624657, 15.99938, 15.99938 ], "texture": "#cracked_nether_bricks_2" },
				"up": { "uv": [ 0.000625, 0.000624657, 15.99938, 15.99938 ], "texture": "#cracked_nether_bricks_1", "cullface": "up" },
				"north": { "uv": [ 0.000625, 0.000624657, 15.99938, 0.9993753 ], "texture": "#cracked_nether_bricks_2", "cullface": "north" },
				"south": { "uv": [ 0.000625, 0.000624657, 15.99938, 0.9993753 ], "texture": "#cracked_nether_bricks_2", "cullface": "south" },
				"west": { "uv": [ 0.000625, 0.000624657, 15.99938, 0.9993753 ], "texture": "#cracked_nether_bricks_2", "cullface": "west" },
				"east": { "uv": [ 0.000625, 0.000624657, 15.99938, 0.9993753 ], "texture": "#cracked_nether_bricks_2", "cullface": "east" }
			}
		},
		{
			"__comment": "Box31",
			"from": [ 7.5005, -0.0001, 12.5005 ],
			"to": [ 8.5005, 2.9999, 15.0005 ],
			"faces": {
				"south": { "uv": [ 7.500625, 13.00062, 8.499375, 15.99938 ], "texture": "#cracked_nether_bricks_2" }
			}
		},
		{
			"__comment": "Box31",
			"from": [ 7.4992, 0.0001, 0.9992 ],
			"to": [ 8.499199, 3.0001, 3.4992 ],
			"faces": {
				"north": { "uv": [ 7.500625, 13.00062, 8.499375, 15.99938 ], "texture": "#cracked_nether_bricks_2" }
			}
		},
		{
			"__comment": "Box31",
			"from": [ 12.4994, -0.0003, 3.4999 ],
			"to": [ 14.9994, 2.9997, 4.4999 ],
			"faces": {
				"east": { "uv": [ 11.50062, 13.00062, 12.49938, 15.99938 ], "texture": "#cracked_nether_bricks_2" }
			}
		},
		{
			"__comment": "Box31",
			"from": [ 1.0006, -0.0003, 3.5003 ],
			"to": [ 3.5006, 2.9997, 4.5003 ],
			"faces": {
				"west": { "uv": [ 3.500625, 13.00062, 4.499375, 15.99938 ], "texture": "#cracked_nether_bricks_2" }
			}
		},
		{
			"__comment": "Box31",
			"from": [ 12.4995, 0.0003, 11.4998 ],
			"to": [ 14.9995, 3.0003, 12.4998 ],
			"faces": {
				"east": { "uv": [ 3.500625, 13.00062, 4.499375, 15.99938 ], "texture": "#cracked_nether_bricks_2" }
			}
		},
		{
			"__comment": "Box31",
			"from": [ 1.0003, -0.0007, 11.5003 ],
			"to": [ 3.5003, 2.9993, 12.5003 ],
			"faces": {
				"west": { "uv": [ 11.50062, 13.00062, 12.49938, 15.99938 ], "texture": "#cracked_nether_bricks_2" }
			}
		},
		{
			"__comment": "PlaneX43",
			"from": [ -0.1242, 0.0006, -0.1248 ],
			"to": [ 22.8758, 15.0006, -0.1238 ],
			"rotation": { "origin": [ -0.125, 0, -0.125 ], "axis": "y", "angle": -45 },
			"faces": {
				"down": { "uv": [ 0.000625, 0.000624657, 15.99938, 15.99938 ], "texture": "#cracked_nether_bricks_2" },
				"up": { "uv": [ 0.000625, 0.000624657, 15.99938, 15.99938 ], "texture": "#cracked_nether_bricks_2" },
				"north": { "uv": [ 0.000625, 0.000624657, 15.99938, 15.99938 ], "texture": "#cracked_nether_bricks_2" },
				"south": { "uv": [ 0.000625, 0.000624657, 15.99938, 15.99938 ], "texture": "#cracked_nether_bricks_2" },
				"west": { "uv": [ 0.000625, 0.000624657, 15.99938, 15.99938 ], "texture": "#cracked_nether_bricks_2" },
				"east": { "uv": [ 0.000625, 0.000624657, 15.99938, 15.99938 ], "texture": "#cracked_nether_bricks_2" }
			}
		},
		{
			"__comment": "PlaneX44",
			"from": [ -0.1258, 0.001, 16.1255 ],
			"to": [ 22.8742, 15.001, 16.1265 ],
			"rotation": { "origin": [ -0.125, 0, 16.125 ], "axis": "y", "angle": 45 },
			"faces": {
				"down": { "uv": [ 0.000625, 0.000624657, 15.99938, 15.99938 ], "texture": "#cracked_nether_bricks_2" },
				"up": { "uv": [ 0.000625, 0.000624657, 15.99938, 15.99938 ], "texture": "#cracked_nether_bricks_2" },
				"north": { "uv": [ 0.000625, 0.000624657, 15.99938, 15.99938 ], "texture": "#cracked_nether_bricks_2" },
				"south": { "uv": [ 0.000625, 0.000624657, 15.99938, 15.99938 ], "texture": "#cracked_nether_bricks_2" },
				"west": { "uv": [ 0.000625, 0.000624657, 15.99938, 15.99938 ], "texture": "#cracked_nether_bricks_2" },
				"east": { "uv": [ 0.000625, 0.000624657, 15.99938, 15.99938 ], "texture": "#cracked_nether_bricks_2" }
			}
		},
		{
			"__comment": "Box1",
			"from": [ 12.5002, 1.0001, 12.5006 ],
			"to": [ 14.5002, 2.0001, 16.0006 ],
			"faces": {
				"down": { "uv": [ 12.50062, 0.000624657, 14.49938, 3.499375 ], "texture": "#cracked_nether_bricks_2" },
				"south": { "uv": [ 12.50062, 14.00062, 14.49938, 14.99938 ], "texture": "#cracked_nether_bricks_1", "cullface": "south" },
				"east": { "uv": [ 0.000625, 14.00062, 3.499375, 14.99938 ], "texture": "#cracked_nether_bricks_2" }
			}
		},
		{
			"__comment": "Box1",
			"from": [ 12.4991, 1.999, 12.5005 ],
			"to": [ 15.4991, 2.999, 16.0005 ],
			"faces": {
				"down": { "uv": [ 12.50062, 0.000624657, 15.49938, 3.499375 ], "texture": "#cracked_nether_bricks_2" },
				"up": { "uv": [ 12.50062, 12.50062, 15.49938, 15.99938 ], "texture": "#cracked_nether_bricks_1" },
				"south": { "uv": [ 12.50062, 13.00062, 15.49938, 13.99938 ], "texture": "#cracked_nether_bricks_1", "cullface": "south" },
				"east": { "uv": [ 0.000625, 13.00062, 3.499375, 13.99938 ], "texture": "#cracked_nether_bricks_2" }
			}
		},
		{
			"__comment": "Box48",
			"from": [ 0.0001, -0.5006, -0.0003 ],
			"to": [ 16.0001, -0.00059998, 15.9997 ],
			"faces": {
				"down": { "uv": [ 0.000625, 0.000624657, 15.99938, 15.99938 ], "texture": "#cracked_nether_bricks_1" },
				"up": { "uv": [ 0.000625, 0.000624657, 15.99938, 15.99938 ], "texture": "#cracked_nether_bricks_2" },
				"north": { "uv": [ 0.000625, 0.000624657, 15.99938, 0.4993753 ], "texture": "#cracked_nether_bricks_1" },
				"south": { "uv": [ 0.000625, 0.000624657, 15.99938, 0.4993753 ], "texture": "#cracked_nether_bricks_1" },
				"west": { "uv": [ 0.000625, 0.000624657, 15.99938, 0.4993753 ], "texture": "#cracked_nether_bricks_1" },
				"east": { "uv": [ 0.000625, 0.000624657, 15.99938, 0.4993753 ], "texture": "#cracked_nether_bricks_1" }
			}
		},
		{
			"__comment": "Box1",
			"from": [ 12.501, 2.001, 11.5007 ],
			"to": [ 16.001, 3.001, 15.5007 ],
			"faces": {
				"down": { "uv": [ 12.50062, 0.5006247, 15.99938, 4.499374 ], "texture": "#cracked_nether_bricks_2" },
				"up": { "uv": [ 12.50062, 11.50062, 15.99938, 15.49938 ], "texture": "#cracked_nether_bricks_1" },
				"south": { "uv": [ 12.50062, 13.00062, 15.99938, 13.99938 ], "texture": "#cracked_nether_bricks_2" },
				"east": { "uv": [ 0.500625, 13.00062, 4.499375, 13.99938 ], "texture": "#cracked_nether_bricks_1", "cullface": "east" }
			}
		},
		{
			"__comment": "Box1",
			"from": [ 12.5005, 0.9991, 11.4991 ],
			"to": [ 16.0005, 1.9991, 13.9991 ],
			"faces": {
				"down": { "uv": [ 12.50062, 2.000625, 15.99938, 4.499374 ], "texture": "#cracked_nether_bricks_2" },
				"south": { "uv": [ 12.50062, 14.00062, 15.99938, 14.99938 ], "texture": "#cracked_nether_bricks_2" },
				"east": { "uv": [ 2.000625, 14.00062, 4.499375, 14.99938 ], "texture": "#cracked_nether_bricks_1", "cullface": "east" }
			}
		},
		{
			"__comment": "Box1",
			"from": [ 12.5006, -0.0004, 11.5006 ],
			"to": [ 16.0006, 0.9995999, 13.0006 ],
			"faces": {
				"south": { "uv": [ 12.50062, 15.00062, 15.99938, 15.99938 ], "texture": "#cracked_nether_bricks_2" },
				"east": { "uv": [ 3.000625, 15.00062, 4.499375, 15.99938 ], "texture": "#cracked_nether_bricks_1", "cullface": "east" }
			}
		},
		{
			"__comment": "Box1",
			"from": [ 1.4991, 0.9998, 0.0007 ],
			"to": [ 2.9991, 1.9998, 3.5007 ],
			"faces": {
				"down": { "uv": [ 1.500625, 12.50062, 2.999375, 15.99938 ], "texture": "#cracked_nether_bricks_2" },
				"north": { "uv": [ 13.00062, 14.00062, 14.49938, 14.99938 ], "texture": "#cracked_nether_bricks_1", "cullface": "north" },
				"west": { "uv": [ 0.000625, 14.00062, 3.499375, 14.99938 ], "texture": "#cracked_nether_bricks_2" }
			}
		},
		{
			"__comment": "Box1",
			"from": [ 0.5004, 2.0005, 0.0003 ],
			"to": [ 3.0004, 3.0005, 3.500299 ],
			"faces": {
				"down": { "uv": [ 0.500625, 12.50062, 2.999375, 15.99938 ], "texture": "#cracked_nether_bricks_2" },
				"up": { "uv": [ 0.500625, 0.000624657, 2.999375, 3.499375 ], "texture": "#cracked_nether_bricks_1" },
				"north": { "uv": [ 13.00062, 13.00062, 15.49938, 13.99938 ], "texture": "#cracked_nether_bricks_1", "cullface": "north" },
				"west": { "uv": [ 0.000625, 13.00062, 3.499375, 13.99938 ], "texture": "#cracked_nether_bricks_2" }
			}
		},
		{
			"__comment": "Box1",
			"from": [ -0.001, -0.0004, 2.0003 ],
			"to": [ 3.499, 2.9996, 3.5003 ],
			"faces": {
				"up": { "uv": [ 0.000625, 2.000625, 3.499375, 3.499375 ], "texture": "#cracked_nether_bricks_1" },
				"north": { "uv": [ 12.50062, 13.00062, 15.99938, 15.99938 ], "texture": "#cracked_nether_bricks_2" },
				"south": { "uv": [ 0.000625, 13.00062, 3.499375, 15.99938 ], "texture": "#cracked_nether_bricks_1" },
				"west": { "uv": [ 2.000625, 13.00062, 3.499375, 15.99938 ], "texture": "#cracked_nether_bricks_1", "cullface": "west" }
			}
		},
		{
			"__comment": "Box1",
			"from": [ 0.0002, 0.0001, 1.5009 ],
			"to": [ 1.0002, 1.0001, 2.0009 ],
			"faces": {
				"north": { "uv": [ 15.00062, 15.00062, 15.99938, 15.99938 ], "texture": "#cracked_nether_bricks_2" },
				"west": { "uv": [ 1.500625, 15.00062, 1.999375, 15.99938 ], "texture": "#cracked_nether_bricks_1", "cullface": "west" }
			}
		},
		{
			"__comment": "Box1",
			"from": [ 0.0004, 0.999, 0.9994 ],
			"to": [ 1.0004, 1.999, 1.9994 ],
			"faces": {
				"down": { "uv": [ 0.000625, 14.00062, 0.999375, 14.99938 ], "texture": "#cracked_nether_bricks_2" },
				"north": { "uv": [ 15.00062, 14.00062, 15.99938, 14.99938 ], "texture": "#cracked_nether_bricks_2" },
				"west": { "uv": [ 1.000625, 14.00062, 1.999375, 14.99938 ], "texture": "#cracked_nether_bricks_1", "cullface": "west" }
			}
		},
		{
			"__comment": "Box1",
			"from": [ 0.0008, 1.9996, 0.5003 ],
			"to": [ 1.0008, 2.9996, 2.0003 ],
			"faces": {
				"down": { "uv": [ 0.000625, 14.00062, 0.999375, 15.49938 ], "texture": "#cracked_nether_bricks_2" },
				"up": { "uv": [ 0.000625, 0.5006247, 0.999375, 1.999375 ], "texture": "#cracked_nether_bricks_1" },
				"north": { "uv": [ 15.00062, 13.00062, 15.99938, 13.99938 ], "texture": "#cracked_nether_bricks_2" },
				"west": { "uv": [ 0.500625, 13.00062, 1.999375, 13.99938 ], "texture": "#cracked_nether_bricks_1", "cullface": "west" }
			}
		},
		{
			"__comment": "Box1",
			"from": [ -0.0005, 6.001, 11.4991 ],
			"to": [ 3.4995, 7.001, 14.9991 ],
			"faces": {
				"down": { "uv": [ 0.000625, 1.000625, 3.499375, 4.499374 ], "texture": "#cracked_nether_bricks_2" },
				"up": { "uv": [ 0.000625, 11.50062, 3.499375, 14.99938 ], "texture": "#cracked_nether_bricks_1" },
				"south": { "uv": [ 0.000625, 9.000625, 3.499375, 9.999375 ], "texture": "#cracked_nether_bricks_2" },
				"west": { "uv": [ 11.50062, 9.000625, 14.99938, 9.999375 ], "texture": "#cracked_nether_bricks_1", "cullface": "west" },
				"east": { "uv": [ 1.000625, 9.000625, 4.499375, 9.999375 ], "texture": "#cracked_nether_bricks_1" }
			}
		},
		{
			"__comment": "Box1",
			"from": [ -0.0009, 4.9996, 11.4992 ],
			"to": [ 3.4991, 5.9996, 13.9992 ],
			"faces": {
				"down": { "uv": [ 0.000625, 2.000625, 3.499375, 4.499374 ], "texture": "#cracked_nether_bricks_2" },
				"south": { "uv": [ 0.000625, 10.00062, 3.499375, 10.99938 ], "texture": "#cracked_nether_bricks_2" },
				"west": { "uv": [ 11.50062, 10.00062, 13.99938, 10.99938 ], "texture": "#cracked_nether_bricks_1", "cullface": "west" },
				"east": { "uv": [ 2.000625, 10.00062, 4.499375, 10.99938 ], "texture": "#cracked_nether_bricks_1" }
			}
		},
		{
			"__comment": "Box1",
			"from": [ 0.001, 3.9998, 11.5006 ],
			"to": [ 3.501, 4.999801, 12.5006 ],
			"faces": {
				"down": { "uv": [ 0.000625, 3.500625, 3.499375, 4.499374 ], "texture": "#cracked_nether_bricks_2" },
				"south": { "uv": [ 0.000625, 11.00062, 3.499375, 11.99938 ], "texture": "#cracked_nether_bricks_2" },
				"west": { "uv": [ 11.50062, 11.00062, 12.49938, 11.99938 ], "texture": "#cracked_nether_bricks_1", "cullface": "west" }
			}
		},
		{
			"__comment": "Box1",
			"from": [ 0.5, 5.9996, 14.5003 ],
			"to": [ 2, 6.9996, 16.0003 ],
			"faces": {
				"down": { "uv": [ 0.500625, 0.000624657, 1.999375, 1.499375 ], "texture": "#cracked_nether_bricks_2" },
				"up": { "uv": [ 0.500625, 14.50062, 1.999375, 15.99938 ], "texture": "#cracked_nether_bricks_1" },
				"south": { "uv": [ 0.500625, 9.000625, 1.999375, 9.999375 ], "texture": "#cracked_nether_bricks_1", "cullface": "south" },
				"west": { "uv": [ 14.50062, 9.000625, 15.99938, 9.999375 ], "texture": "#cracked_nether_bricks_2" }
			}
		},
		{
			"__comment": "Box1",
			"from": [ 0.9992, 5.0007, 14.5006 ],
			"to": [ 1.9992, 6.0007, 16.0006 ],
			"faces": {
				"down": { "uv": [ 1.000625, 0.000624657, 1.999375, 1.499375 ], "texture": "#cracked_nether_bricks_2" },
				"south": { "uv": [ 1.000625, 10.00062, 1.999375, 10.99938 ], "texture": "#cracked_nether_bricks_1", "cullface": "south" },
				"west": { "uv": [ 14.50062, 10.00062, 15.99938, 10.99938 ], "texture": "#cracked_nether_bricks_2" }
			}
		},
		{
			"__comment": "Box1",
			"from": [ 1.4996, 4.0002, 14.5008 ],
			"to": [ 1.9996, 5.0002, 16.0008 ],
			"faces": {
				"down": { "uv": [ 1.500625, 0.000624657, 1.999375, 1.499375 ], "texture": "#cracked_nether_bricks_2" },
				"south": { "uv": [ 1.500625, 11.00062, 1.999375, 11.99938 ], "texture": "#cracked_nether_bricks_1", "cullface": "south" },
				"west": { "uv": [ 14.50062, 11.00062, 15.99938, 11.99938 ], "texture": "#cracked_nether_bricks_2" }
			}
		},
		{
			"__comment": "Box1",
			"from": [ 12.4993, 6, 1.0007 ],
			"to": [ 15.9993, 7, 4.0007 ],
			"faces": {
				"down": { "uv": [ 12.50062, 12.00062, 15.99938, 14.99938 ], "texture": "#cracked_nether_bricks_2" },
				"up": { "uv": [ 12.50062, 1.000625, 15.99938, 3.999375 ], "texture": "#cracked_nether_bricks_1" },
				"north": { "uv": [ 0.000625, 9.000625, 3.499375, 9.999375 ], "texture": "#cracked_nether_bricks_2" },
				"west": { "uv": [ 1.000625, 9.000625, 3.999375, 9.999375 ], "texture": "#cracked_nether_bricks_1" },
				"east": { "uv": [ 12.00062, 9.000625, 14.99938, 9.999375 ], "texture": "#cracked_nether_bricks_1", "cullface": "east" }
			}
		},
		{
			"__comment": "Box1",
			"from": [ 12.4994, 5, 1.9994 ],
			"to": [ 15.9994, 6, 3.9994 ],
			"faces": {
				"down": { "uv": [ 12.50062, 12.00062, 15.99938, 13.99938 ], "texture": "#cracked_nether_bricks_2" },
				"north": { "uv": [ 0.000625, 10.00062, 3.499375, 10.99938 ], "texture": "#cracked_nether_bricks_2" },
				"west": { "uv": [ 2.000625, 10.00062, 3.999375, 10.99938 ], "texture": "#cracked_nether_bricks_1" },
				"east": { "uv": [ 12.00062, 10.00062, 13.99938, 10.99938 ], "texture": "#cracked_nether_bricks_1", "cullface": "east" }
			}
		},
		{
			"__comment": "Box1",
			"from": [ 12.4995, 3.9998, 2.9996 ],
			"to": [ 15.9995, 4.9998, 3.9996 ],
			"faces": {
				"down": { "uv": [ 12.50062, 12.00062, 15.99938, 12.99938 ], "texture": "#cracked_nether_bricks_2" },
				"north": { "uv": [ 0.000625, 11.00062, 3.499375, 11.99938 ], "texture": "#cracked_nether_bricks_2" },
				"west": { "uv": [ 3.000625, 11.00062, 3.999375, 11.99938 ], "texture": "#cracked_nether_bricks_1" },
				"east": { "uv": [ 12.00062, 11.00062, 12.99938, 11.99938 ], "texture": "#cracked_nether_bricks_1", "cullface": "east" }
			}
		},
		{
			"__comment": "Box1",
			"from": [ 12.5007, 3.9995, 0 ],
			"to": [ 13.5007, 6.9995, 2 ],
			"faces": {
				"down": { "uv": [ 12.50062, 14.00062, 13.49938, 15.99938 ], "texture": "#cracked_nether_bricks_1" },
				"up": { "uv": [ 12.50062, 0.000624657, 13.49938, 1.999375 ], "texture": "#cracked_nether_bricks_1" },
				"north": { "uv": [ 2.500625, 9.000625, 3.499375, 11.99938 ], "texture": "#cracked_nether_bricks_1", "cullface": "north" },
				"west": { "uv": [ 0.000625, 9.000625, 1.999375, 11.99938 ], "texture": "#cracked_nether_bricks_1" },
				"east": { "uv": [ 14.00062, 9.000625, 15.99938, 11.99938 ], "texture": "#cracked_nether_bricks_1" }
			}
		},
		{
			"__comment": "Box1",
			"from": [ 13.499, 4.0002, 0.0005 ],
			"to": [ 13.999, 5.0002, 2.0005 ],
			"faces": {
				"down": { "uv": [ 13.50062, 14.00062, 13.99938, 15.99938 ], "texture": "#cracked_nether_bricks_1" },
				"north": { "uv": [ 2.000625, 11.00062, 2.499375, 11.99938 ], "texture": "#cracked_nether_bricks_1", "cullface": "north" },
				"east": { "uv": [ 14.00062, 11.00062, 15.99938, 11.99938 ], "texture": "#cracked_nether_bricks_2" }
			}
		},
		{
			"__comment": "Box1",
			"from": [ 13.4999, 4.9996, 0.0007 ],
			"to": [ 14.4999, 5.9996, 2.0007 ],
			"faces": {
				"down": { "uv": [ 13.50062, 14.00062, 14.49938, 15.99938 ], "texture": "#cracked_nether_bricks_2" },
				"north": { "uv": [ 1.500625, 10.00062, 2.499375, 10.99938 ], "texture": "#cracked_nether_bricks_1", "cullface": "north" },
				"east": { "uv": [ 14.00062, 10.00062, 15.99938, 10.99938 ], "texture": "#cracked_nether_bricks_2" }
			}
		},
		{
			"__comment": "Box1",
			"from": [ 13.4999, 5.9996, -0.0007 ],
			"to": [ 14.9999, 6.9996, 1.9993 ],
			"faces": {
				"down": { "uv": [ 13.50062, 14.00062, 14.99938, 15.99938 ], "texture": "#cracked_nether_bricks_2" },
				"up": { "uv": [ 13.50062, 0.000624657, 14.99938, 1.999375 ], "texture": "#cracked_nether_bricks_1" },
				"north": { "uv": [ 1.000625, 9.000625, 2.499375, 9.999375 ], "texture": "#cracked_nether_bricks_1", "cullface": "north" },
				"east": { "uv": [ 14.00062, 9.000625, 15.99938, 9.999375 ], "texture": "#cracked_nether_bricks_2" }
			}
		},
		{
			"__comment": "Box1",
			"from": [ 12.0004, 10.0007, 12.4996 ],
			"to": [ 14.5004, 11.0007, 15.9996 ],
			"faces": {
				"down": { "uv": [ 12.00062, 0.000624657, 14.49938, 3.499375 ], "texture": "#cracked_nether_bricks_2" },
				"up": { "uv": [ 12.00062, 12.50062, 14.49938, 15.99938 ], "texture": "#cracked_nether_bricks_1" },
				"north": { "uv": [ 1.500625, 5.000626, 3.999375, 5.999374 ], "texture": "#cracked_nether_bricks_1" },
				"south": { "uv": [ 12.00062, 5.000626, 14.49938, 5.999374 ], "texture": "#cracked_nether_bricks_1", "cullface": "south" },
				"east": { "uv": [ 0.000625, 5.000626, 3.499375, 5.999374 ], "texture": "#cracked_nether_bricks_2" }
			}
		},
		{
			"__comment": "Box1",
			"from": [ 12.0002, 9.000899, 12.4999 ],
			"to": [ 14.0002, 10.0009, 15.9999 ],
			"faces": {
				"down": { "uv": [ 12.00062, 0.000624657, 13.99938, 3.499375 ], "texture": "#cracked_nether_bricks_2" },
				"north": { "uv": [ 2.000625, 6.000626, 3.999375, 6.999374 ], "texture": "#cracked_nether_bricks_1" },
				"south": { "uv": [ 12.00062, 6.000626, 13.99938, 6.999374 ], "texture": "#cracked_nether_bricks_1", "cullface": "south" },
				"east": { "uv": [ 0.000625, 6.000626, 3.499375, 6.999374 ], "texture": "#cracked_nether_bricks_2" }
			}
		},
		{
			"__comment": "Box1",
			"from": [ 11.9994, 8.0002, 12.5 ],
			"to": [ 12.9994, 9.0002, 16 ],
			"faces": {
				"down": { "uv": [ 12.00062, 0.000624657, 12.99938, 3.499375 ], "texture": "#cracked_nether_bricks_2" },
				"north": { "uv": [ 3.000625, 7.000626, 3.999375, 7.999374 ], "texture": "#cracked_nether_bricks_1" },
				"south": { "uv": [ 12.00062, 7.000626, 12.99938, 7.999374 ], "texture": "#cracked_nether_bricks_1", "cullface": "south" },
				"east": { "uv": [ 0.000625, 7.000626, 3.499375, 7.999374 ], "texture": "#cracked_nether_bricks_2" }
			}
		},
		{
			"__comment": "Box1",
			"from": [ 12.5009, 7.9993, 12.5002 ],
			"to": [ 16.0009, 10.9993, 13.5002 ],
			"faces": {
				"down": { "uv": [ 12.50062, 2.500625, 15.99938, 3.499375 ], "texture": "#cracked_nether_bricks_1" },
				"up": { "uv": [ 12.50062, 12.50062, 15.99938, 13.49938 ], "texture": "#cracked_nether_bricks_1" },
				"north": { "uv": [ 0.000625, 5.000626, 3.499375, 7.999374 ], "texture": "#cracked_nether_bricks_1" },
				"south": { "uv": [ 12.50062, 5.000626, 15.99938, 7.999374 ], "texture": "#cracked_nether_bricks_2" },
				"east": { "uv": [ 2.500625, 5.000626, 3.499375, 7.999374 ], "texture": "#cracked_nether_bricks_1", "cullface": "east" }
			}
		},
		{
			"__comment": "Box1",
			"from": [ 14.0008, 10.0008, 13.4992 ],
			"to": [ 16.0008, 11.0008, 14.9992 ],
			"faces": {
				"down": { "uv": [ 12.50062, 0.5006247, 15.99938, 2.499375 ], "texture": "#cracked_nether_bricks_2" },
				"up": { "uv": [ 12.50062, 13.50062, 15.99938, 15.49938 ], "texture": "#cracked_nether_bricks_1" },
				"south": { "uv": [ 12.50062, 5.000626, 15.99938, 5.999374 ], "texture": "#cracked_nether_bricks_2" },
				"east": { "uv": [ 0.500625, 5.000626, 2.499375, 5.999374 ], "texture": "#cracked_nether_bricks_1", "cullface": "east" }
			}
		},
		{
			"__comment": "Box1",
			"from": [ 14.0001, 9.0007, 13.501 ],
			"to": [ 16.0001, 10.0007, 14.501 ],
			"faces": {
				"down": { "uv": [ 14.50062, 1.500625, 15.99938, 2.499375 ], "texture": "#cracked_nether_bricks_2" },
				"south": { "uv": [ 14.50062, 6.000626, 15.99938, 6.999374 ], "texture": "#cracked_nether_bricks_2" },
				"east": { "uv": [ 1.500625, 6.000626, 2.499375, 6.999374 ], "texture": "#cracked_nether_bricks_1", "cullface": "east" }
			}
		},
		{
			"__comment": "Box1",
			"from": [ 14.0005, 8.0009, 13.5008 ],
			"to": [ 16.0005, 9.0009, 14.0008 ],
			"faces": {
				"down": { "uv": [ 14.50062, 2.000625, 15.99938, 2.499375 ], "texture": "#cracked_nether_bricks_2" },
				"south": { "uv": [ 14.50062, 7.000626, 15.99938, 7.999374 ], "texture": "#cracked_nether_bricks_2" },
				"east": { "uv": [ 2.000625, 7.000626, 2.499375, 7.999374 ], "texture": "#cracked_nether_bricks_1", "cullface": "east" }
			}
		},
		{
			"__comment": "Box1",
			"from": [ 1.9995, 4.0007, 12.4996 ],
			"to": [ 2.9995, 7.0007, 15.9996 ],
			"faces": {
				"down": { "uv": [ 2.000625, 0.000624657, 2.999375, 3.499375 ], "texture": "#cracked_nether_bricks_1" },
				"up": { "uv": [ 2.000625, 12.50062, 2.999375, 15.99938 ], "texture": "#cracked_nether_bricks_1" },
				"south": { "uv": [ 2.000625, 9.000625, 2.999375, 11.99938 ], "texture": "#cracked_nether_bricks_1", "cullface": "south" },
				"west": { "uv": [ 12.50062, 9.000625, 15.99938, 11.99938 ], "texture": "#cracked_nether_bricks_2" },
				"east": { "uv": [ 0.000625, 9.000625, 3.499375, 11.99938 ], "texture": "#cracked_nether_bricks_1" }
			}
		},
		{
			"__comment": "Box1",
			"from": [ 0.4997, 10.0006, -0.0007 ],
			"to": [ 4.499701, 11.0006, 0.9993 ],
			"faces": {
				"down": { "uv": [ 0.500625, 15.00062, 4.499375, 15.99938 ], "texture": "#cracked_nether_bricks_2" },
				"up": { "uv": [ 0.500625, 0.000624657, 4.499375, 0.9993753 ], "texture": "#cracked_nether_bricks_1" },
				"north": { "uv": [ 11.50062, 5.000626, 15.49938, 5.999374 ], "texture": "#cracked_nether_bricks_1", "cullface": "north" },
				"south": { "uv": [ 0.500625, 5.000626, 4.499375, 5.999374 ], "texture": "#cracked_nether_bricks_1" },
				"west": { "uv": [ 0.000625, 5.000626, 0.999375, 5.999374 ], "texture": "#cracked_nether_bricks_2" }
			}
		},
		{
			"__comment": "Box1",
			"from": [ 0.9998, 8.9998, 0.0004 ],
			"to": [ 4.4998, 9.9998, 1.0004 ],
			"faces": {
				"down": { "uv": [ 1.000625, 15.00062, 4.499375, 15.99938 ], "texture": "#cracked_nether_bricks_2" },
				"north": { "uv": [ 11.50062, 6.000626, 14.99938, 6.999374 ], "texture": "#cracked_nether_bricks_1", "cullface": "north" },
				"south": { "uv": [ 1.000625, 6.000626, 4.499375, 6.999374 ], "texture": "#cracked_nether_bricks_1" },
				"west": { "uv": [ 0.000625, 6.000626, 0.999375, 6.999374 ], "texture": "#cracked_nether_bricks_2" }
			}
		},
		{
			"__comment": "Box1",
			"from": [ 1.5001, 7.9993, 0 ],
			"to": [ 4.5001, 8.999299, 0.9999999 ],
			"faces": {
				"down": { "uv": [ 1.500625, 15.00062, 4.499375, 15.99938 ], "texture": "#cracked_nether_bricks_2" },
				"north": { "uv": [ 11.50062, 7.000626, 14.49938, 7.999374 ], "texture": "#cracked_nether_bricks_1", "cullface": "north" },
				"south": { "uv": [ 1.500625, 7.000626, 4.499375, 7.999374 ], "texture": "#cracked_nether_bricks_1" },
				"west": { "uv": [ 0.000625, 7.000626, 0.999375, 7.999374 ], "texture": "#cracked_nether_bricks_2" }
			}
		},
		{
			"__comment": "Box1",
			"from": [ -0.0007, 8.0007, 2.0001 ],
			"to": [ 3.4993, 11.0007, 3.5001 ],
			"faces": {
				"down": { "uv": [ 0.000625, 12.50062, 3.499375, 13.99938 ], "texture": "#cracked_nether_bricks_1" },
				"up": { "uv": [ 0.000625, 2.000625, 3.499375, 3.499375 ], "texture": "#cracked_nether_bricks_1" },
				"north": { "uv": [ 12.50062, 5.000626, 15.99938, 7.999374 ], "texture": "#cracked_nether_bricks_2" },
				"south": { "uv": [ 0.000625, 5.000626, 3.499375, 7.999374 ], "texture": "#cracked_nether_bricks_1" },
				"west": { "uv": [ 2.000625, 5.000626, 3.499375, 7.999374 ], "texture": "#cracked_nether_bricks_1", "cullface": "west" }
			}
		},
		{
			"__comment": "Box1",
			"from": [ 0.0002, 9.9997, 0.5004 ],
			"to": [ 1.0002, 10.9997, 2.0004 ],
			"faces": {
				"down": { "uv": [ 0.000625, 14.00062, 0.999375, 15.49938 ], "texture": "#cracked_nether_bricks_2" },
				"up": { "uv": [ 0.000625, 0.5006247, 0.999375, 1.999375 ], "texture": "#cracked_nether_bricks_1" },
				"north": { "uv": [ 15.00062, 5.000626, 15.99938, 5.999374 ], "texture": "#cracked_nether_bricks_2" },
				"west": { "uv": [ 0.500625, 5.000626, 1.999375, 5.999374 ], "texture": "#cracked_nether_bricks_1", "cullface": "west" }
			}
		},
		{
			"__comment": "Box1",
			"from": [ -0.001, 8.999499, 0.9994 ],
			"to": [ 0.999, 9.999499, 1.9994 ],
			"faces": {
				"down": { "uv": [ 0.000625, 14.00062, 0.999375, 14.99938 ], "texture": "#cracked_nether_bricks_2" },
				"north": { "uv": [ 15.00062, 6.000626, 15.99938, 6.999374 ], "texture": "#cracked_nether_bricks_2" },
				"west": { "uv": [ 1.000625, 6.000626, 1.999375, 6.999374 ], "texture": "#cracked_nether_bricks_1", "cullface": "west" }
			}
		},
		{
			"__comment": "Box1",
			"from": [ 0.0003, 7.9996, 1.4991 ],
			"to": [ 1.0003, 8.999599, 1.9991 ],
			"faces": {
				"down": { "uv": [ 0.000625, 14.00062, 0.999375, 14.49938 ], "texture": "#cracked_nether_bricks_1" },
				"north": { "uv": [ 15.00062, 7.000626, 15.99938, 7.999374 ], "texture": "#cracked_nether_bricks_2" },
				"west": { "uv": [ 1.500625, 7.000626, 1.999375, 7.999374 ], "texture": "#cracked_nether_bricks_1", "cullface": "west" }
			}
		},
		{
			"__comment": "Box1",
			"from": [ -0.0001, 11.9995, 11.9998 ],
			"to": [ 0.9998999, 12.9995, 15.4998 ],
			"faces": {
				"down": { "uv": [ 0.000625, 0.5006247, 0.999375, 3.999375 ], "texture": "#cracked_nether_bricks_1" },
				"up": { "uv": [ 0.000625, 12.00062, 0.999375, 15.49938 ], "texture": "#cracked_nether_bricks_2" },
				"south": { "uv": [ 0.000625, 3.000625, 0.999375, 3.999375 ], "texture": "#cracked_nether_bricks_2" },
				"west": { "uv": [ 12.00062, 3.000625, 15.49938, 3.999375 ], "texture": "#cracked_nether_bricks_1", "cullface": "west" },
				"east": { "uv": [ 0.500625, 3.000625, 3.999375, 3.999375 ], "texture": "#cracked_nether_bricks_1" }
			}
		},
		{
			"__comment": "Box1",
			"from": [ -0.0005, 13.0002, 12.0006 ],
			"to": [ 0.9995, 14.0002, 14.5006 ],
			"faces": {
				"up": { "uv": [ 0.000625, 12.00062, 0.999375, 14.49938 ], "texture": "#cracked_nether_bricks_2" },
				"south": { "uv": [ 0.000625, 2.000625, 0.999375, 2.999375 ], "texture": "#cracked_nether_bricks_2" },
				"west": { "uv": [ 12.00062, 2.000625, 14.49938, 2.999375 ], "texture": "#cracked_nether_bricks_1", "cullface": "west" },
				"east": { "uv": [ 1.500625, 2.000625, 3.999375, 2.999375 ], "texture": "#cracked_nether_bricks_1" }
			}
		},
		{
			"__comment": "Box1",
			"from": [ -0.0002, 13.9996, 11.9995 ],
			"to": [ 0.9998, 14.9996, 13.4995 ],
			"faces": {
				"south": { "uv": [ 0.000625, 1.000625, 0.999375, 1.999375 ], "texture": "#cracked_nether_bricks_2" },
				"west": { "uv": [ 12.00062, 1.000625, 13.49938, 1.999375 ], "texture": "#cracked_nether_bricks_1", "cullface": "west" },
				"east": { "uv": [ 2.500625, 1.000625, 3.999375, 1.999375 ], "texture": "#cracked_nether_bricks_1" }
			}
		},
		{
			"__comment": "Box1",
			"from": [ 2.4995, 12.0005, 13.9996 ],
			"to": [ 3.4995, 15.0005, 15.4996 ],
			"faces": {
				"down": { "uv": [ 2.500625, 0.000624657, 3.499375, 3.499375 ], "texture": "#cracked_nether_bricks_1" },
				"south": { "uv": [ 2.500625, 1.000625, 3.499375, 3.999375 ], "texture": "#cracked_nether_bricks_1" },
				"west": { "uv": [ 12.50062, 1.000625, 15.99938, 3.999375 ], "texture": "#cracked_nether_bricks_2" },
				"east": { "uv": [ 0.000625, 1.000625, 3.499375, 3.999375 ], "texture": "#cracked_nether_bricks_1" }
			}
		},
		{
			"__comment": "Box1",
			"from": [ 0.9992, 12, 14.0003 ],
			"to": [ 2.4992, 13, 15.5003 ],
			"faces": {
				"down": { "uv": [ 1.000625, 0.5006247, 2.499375, 1.999375 ], "texture": "#cracked_nether_bricks_1" },
				"up": { "uv": [ 1.000625, 14.00062, 2.499375, 15.49938 ], "texture": "#cracked_nether_bricks_2" },
				"north": { "uv": [ 13.50062, 3.000625, 14.99938, 3.999375 ], "texture": "#cracked_nether_bricks_1" },
				"south": { "uv": [ 1.000625, 3.000625, 2.499375, 3.999375 ], "texture": "#cracked_nether_bricks_1" }
			}
		},
		{
			"__comment": "Box1",
			"from": [ 1.4993, 13.0002, 14.0009 ],
			"to": [ 2.4993, 14.0002, 15.5009 ],
			"faces": {
				"up": { "uv": [ 1.500625, 14.00062, 2.499375, 15.49938 ], "texture": "#cracked_nether_bricks_2" },
				"north": { "uv": [ 13.50062, 2.000625, 14.49938, 2.999375 ], "texture": "#cracked_nether_bricks_1" },
				"south": { "uv": [ 1.500625, 2.000625, 2.499375, 2.999375 ], "texture": "#cracked_nether_bricks_1" },
				"west": { "uv": [ 14.00062, 2.000625, 15.49938, 2.999375 ], "texture": "#cracked_nether_bricks_2" }
			}
		},
		{
			"__comment": "Box1",
			"from": [ 14.5002, 11.9994, 1.0002 ],
			"to": [ 16.0002, 12.9994, 4.0002 ],
			"faces": {
				"down": { "uv": [ 12.50062, 12.00062, 15.99938, 14.99938 ], "texture": "#cracked_nether_bricks_1" },
				"up": { "uv": [ 12.50062, 1.000625, 15.99938, 3.999375 ], "texture": "#cracked_nether_bricks_2" },
				"north": { "uv": [ 0.000625, 3.000625, 3.499375, 3.999375 ], "texture": "#cracked_nether_bricks_2" },
				"west": { "uv": [ 1.000625, 3.000625, 3.999375, 3.999375 ], "texture": "#cracked_nether_bricks_1" },
				"east": { "uv": [ 12.00062, 3.000625, 14.99938, 3.999375 ], "texture": "#cracked_nether_bricks_1", "cullface": "east" }
			}
		},
		{
			"__comment": "Box1",
			"from": [ 14.5005, 13.0004, 1.4996 ],
			"to": [ 16.0005, 14.0004, 3.9996 ],
			"faces": {
				"up": { "uv": [ 14.00062, 1.500625, 15.49938, 3.999375 ], "texture": "#cracked_nether_bricks_2" },
				"north": { "uv": [ 0.500625, 2.000625, 1.999375, 2.999375 ], "texture": "#cracked_nether_bricks_2" },
				"west": { "uv": [ 1.500625, 2.000625, 3.999375, 2.999375 ], "texture": "#cracked_nether_bricks_1" },
				"east": { "uv": [ 12.00062, 2.000625, 14.49938, 2.999375 ], "texture": "#cracked_nether_bricks_1", "cullface": "east" }
			}
		},
		{
			"__comment": "Box1",
			"from": [ 14.5007, 14.0007, 2.9998 ],
			"to": [ 16.0007, 15.0007, 3.9998 ],
			"faces": {
				"north": { "uv": [ 0.000625, 1.000625, 1.499375, 1.999375 ], "texture": "#cracked_nether_bricks_2" },
				"west": { "uv": [ 3.000625, 1.000625, 3.999375, 1.999375 ], "texture": "#cracked_nether_bricks_1" },
				"east": { "uv": [ 12.00062, 1.000625, 12.99938, 1.999375 ], "texture": "#cracked_nether_bricks_1", "cullface": "east" }
			}
		},
		{
			"__comment": "Box1",
			"from": [ 12.4993, 12.0008, -0.0009 ],
			"to": [ 13.4993, 15.0008, 1.9991 ],
			"faces": {
				"down": { "uv": [ 12.50062, 14.00062, 13.49938, 15.99938 ], "texture": "#cracked_nether_bricks_1" },
				"north": { "uv": [ 2.500625, 1.000625, 3.499375, 3.999375 ], "texture": "#cracked_nether_bricks_1", "cullface": "north" },
				"west": { "uv": [ 0.000625, 1.000625, 1.999375, 3.999375 ], "texture": "#cracked_nether_bricks_1" },
				"east": { "uv": [ 14.00062, 1.000625, 15.99938, 3.999375 ], "texture": "#cracked_nether_bricks_2" }
			}
		},
		{
			"__comment": "Box1",
			"from": [ 13.5009, 11.9993, 0.0001 ],
			"to": [ 15.0009, 12.9993, 2.000099 ],
			"faces": {
				"down": { "uv": [ 13.50062, 14.00062, 14.99938, 15.99938 ], "texture": "#cracked_nether_bricks_1" },
				"up": { "uv": [ 13.50062, 0.000624657, 14.99938, 1.999375 ], "texture": "#cracked_nether_bricks_2" },
				"north": { "uv": [ 1.000625, 3.000625, 2.499375, 3.999375 ], "texture": "#cracked_nether_bricks_1", "cullface": "north" },
				"south": { "uv": [ 13.50062, 3.000625, 14.99938, 3.999375 ], "texture": "#cracked_nether_bricks_1" },
				"east": { "uv": [ 14.00062, 3.000625, 15.99938, 3.999375 ], "texture": "#cracked_nether_bricks_2" }
			}
		},
		{
			"__comment": "Box1",
			"from": [ 13.5, 13.0005, -0.0009 ],
			"to": [ 14.5, 14.0005, 1.9991 ],
			"faces": {
				"up": { "uv": [ 13.50062, 0.000624657, 14.49938, 1.999375 ], "texture": "#cracked_nether_bricks_2" },
				"north": { "uv": [ 1.500625, 2.000625, 2.499375, 2.999375 ], "texture": "#cracked_nether_bricks_1", "cullface": "north" },
				"south": { "uv": [ 13.50062, 2.000625, 14.49938, 2.999375 ], "texture": "#cracked_nether_bricks_1" },
				"east": { "uv": [ 14.00062, 2.000625, 15.99938, 2.999375 ], "texture": "#cracked_nether_bricks_2" }
			}
		}
	],
	"display": {
		"thirdperson_righthand": {
			"rotation":  [ 75, 45, 0 ],
			"translation":  [ 0, 2.5, 0 ],
			"scale":  [ 0.375, 0.375, 0.375 ]
		},
		"thirdperson_lefthand": {
			"rotation":  [ 75, 45, 0 ],
			"translation":  [ 0, 2.5, 0 ],
			"scale":  [ 0.375, 0.375, 0.375 ]
		},
		"firstperson_righthand": {
			"rotation":  [ 0, 45, 0 ],
			"scale":  [ 0.4, 0.4, 0.4 ]
		},
		"firstperson_lefthand": {
			"rotation":  [ 0, 45, 0 ],
			"scale":  [ 0.4, 0.4, 0.4 ]
		},
		"gui": {
			"rotation":  [ 30, 225, 0 ],
			"scale":  [ 0.625, 0.625, 0.625 ]
		},
		"ground": {
			"translation":  [ 0, 3, 0 ],
			"scale":  [ 0.25, 0.25, 0.25 ]
		}
	}
}