{
	"__comment": "Designed by Intermacgod with BDcraft Cubik PRO 0.85 Beta - http://bdcraft.net",
	"ambientocclusion": false,
	"textures": {
		"particle": "block/c/crafting_table/crafting_table",
		"crafting_table_1": "block/c/crafting_table/crafting_table_1",
		"crafting_table_2": "block/c/crafting_table/crafting_table_2",
		"crafting_table_3": "block/c/crafting_table/crafting_table_3",
		"crafting_table_4": "block/c/crafting_table/crafting_table_4",
		"crafting_table_5": "block/c/crafting_table/crafting_table_5"
	},
	"elements": [ 	 
		{
			"__comment": "Element",
			"from": [ 13.49906, 2.998748, 10.99936 ],
			"to": [ 13.99906, 14.99875, 11.99936 ],
			"faces": {
				"south": { "uv": [ 13.50187, 1.001875, 13.99813, 12.99813 ], "texture": "#crafting_table_2" },
				"west": { "uv": [ 11.00187, 1.001875, 11.99813, 12.99813 ], "texture": "#crafting_table_2" },
				"east": { "uv": [ 4.001875, 1.001875, 4.998125, 12.99813 ], "texture": "#crafting_table_2" }
			}
		},
		{
			"__comment": "Element",
			"from": [ 1.99999, 3.001225, 10.99899 ],
			"to": [ 2.49999, 15.00123, 11.99899 ],
			"faces": {
				"south": { "uv": [ 2.001875, 1.001875, 2.498125, 12.99813 ], "texture": "#crafting_table_2" },
				"west": { "uv": [ 11.00187, 1.001875, 11.99813, 12.99813 ], "texture": "#crafting_table_2" },
				"east": { "uv": [ 4.001875, 1.001875, 4.998125, 12.99813 ], "texture": "#crafting_table_2" }
			}
		},
		{
			"__comment": "Element",
			"from": [ 13.4985, 3.00018, 3.999557 ],
			"to": [ 13.9985, 15.00018, 4.999557 ],
			"faces": {
				"north": { "uv": [ 2.001875, 1.001875, 2.498125, 12.99813 ], "texture": "#crafting_table_2" },
				"west": { "uv": [ 4.001875, 1.001875, 4.998125, 12.99813 ], "texture": "#crafting_table_2" },
				"east": { "uv": [ 11.00187, 1.001875, 11.99813, 12.99813 ], "texture": "#crafting_table_2" }
			}
		},
		{
			"__comment": "Element",
			"from": [ 2.001404, 3.000633, 4.000456 ],
			"to": [ 2.501404, 15.00063, 5.000456 ],
			"faces": {
				"north": { "uv": [ 13.50187, 1.001875, 13.99813, 12.99813 ], "texture": "#crafting_table_2" },
				"west": { "uv": [ 4.001875, 1.001875, 4.998125, 12.99813 ], "texture": "#crafting_table_2" },
				"east": { "uv": [ 11.00187, 1.001875, 11.99813, 12.99813 ], "texture": "#crafting_table_2" }
			}
		},
		{
			"__comment": "Element",
			"from": [ 4.00009, 16.00096, 0.06235005 ],
			"to": [ 4.50009, 17.00096, 5.56235 ],
			"rotation": { "origin": [ 4, 16, 0.0625 ], "axis": "y", "angle": -45 },
			"faces": {
				"up": { "uv": [ 0.001875, 0.001874657, 15.99813, 15.99813 ], "texture": "#crafting_table_2" },
				"west": { "uv": [ 0.001875, 0.001874657, 15.99813, 15.99813 ], "texture": "#crafting_table_2" },
				"east": { "uv": [ 0.001875, 0.001874657, 15.99813, 15.99813 ], "texture": "#crafting_table_2" }
			}
		},
		{
			"__comment": "Element",
			"from": [ 15.56276, 16.00019, 11.68708 ],
			"to": [ 16.06276, 17.00019, 17.18708 ],
			"rotation": { "origin": [ 15.5625, 16, 11.6875 ], "axis": "y", "angle": -45 },
			"faces": {
				"up": { "uv": [ 0.001875, 0.001874657, 15.99813, 15.99813 ], "texture": "#crafting_table_2" },
				"west": { "uv": [ 0.001875, 0.001874657, 15.99813, 15.99813 ], "texture": "#crafting_table_2" },
				"east": { "uv": [ 0.001875, 0.001874657, 15.99813, 15.99813 ], "texture": "#crafting_table_2" }
			}
		},
		{
			"__comment": "Element",
			"from": [ 11.7513, 16.00036, 0.4375139 ],
			"to": [ 12.2513, 17.00036, 5.937514 ],
			"rotation": { "origin": [ 11.75, 16, 0.4375 ], "axis": "y", "angle": 45 },
			"faces": {
				"up": { "uv": [ 0.001875, 0.001874657, 15.99813, 15.99813 ], "texture": "#crafting_table_2" },
				"north": { "uv": [ 0.001875, 0.001874657, 15.99813, 15.99813 ], "texture": "#crafting_table_2" },
				"west": { "uv": [ 0.001875, 0.001874657, 15.99813, 15.99813 ], "texture": "#crafting_table_2" },
				"east": { "uv": [ 0.001875, 0.001874657, 15.99813, 15.99813 ], "texture": "#crafting_table_2" }
			}
		},
		{
			"__comment": "Element",
			"from": [ 0.1248464, 16.00105, 12.12632 ],
			"to": [ 0.6248463, 17.00105, 17.62632 ],
			"rotation": { "origin": [ 0.125, 16, 12.125 ], "axis": "y", "angle": 45 },
			"faces": {
				"up": { "uv": [ 0.001875, 0.001874657, 15.99813, 15.99813 ], "texture": "#crafting_table_2" },
				"north": { "uv": [ 0.001875, 0.001874657, 15.99813, 15.99813 ], "texture": "#crafting_table_2" },
				"west": { "uv": [ 0.001875, 0.001874657, 15.99813, 15.99813 ], "texture": "#crafting_table_2" },
				"east": { "uv": [ 0.001875, 0.001874657, 15.99813, 15.99813 ], "texture": "#crafting_table_2" }
			}
		},
		{
			"__comment": "Element",
			"from": [ 3.999104, 16.00003, 15.49943 ],
			"to": [ 11.9991, 17.00003, 15.99943 ],
			"faces": {
				"up": { "uv": [ 0.001875, 0.001874657, 15.99813, 15.99813 ], "texture": "#crafting_table_2" },
				"north": { "uv": [ 0.001875, 0.001874657, 15.99813, 15.99813 ], "texture": "#crafting_table_2" },
				"south": { "uv": [ 0.001875, 0.001874657, 15.99813, 15.99813 ], "texture": "#crafting_table_2" },
				"west": { "uv": [ 0.001875, 0.001874657, 15.99813, 15.99813 ], "texture": "#crafting_table_2" },
				"east": { "uv": [ 0.001875, 0.001874657, 15.99813, 15.99813 ], "texture": "#crafting_table_2" }
			}
		},
		{
			"__comment": "Element",
			"from": [ 0.000162525, 15.99914, 4.001433 ],
			"to": [ 0.5001625, 16.99914, 12.00143 ],
			"faces": {
				"up": { "uv": [ 0.001875, 0.001874657, 15.99813, 15.99813 ], "texture": "#crafting_table_2" },
				"north": { "uv": [ 0.001875, 0.001874657, 15.99813, 15.99813 ], "texture": "#crafting_table_2" },
				"south": { "uv": [ 0.001875, 0.001874657, 15.99813, 15.99813 ], "texture": "#crafting_table_2" },
				"west": { "uv": [ 0.001875, 0.001874657, 15.99813, 15.99813 ], "texture": "#crafting_table_2" },
				"east": { "uv": [ 0.001875, 0.001874657, 15.99813, 15.99813 ], "texture": "#crafting_table_2" }
			}
		},
		{
			"__comment": "Element",
			"from": [ 13.00033, 5.500017, 6.000157 ],
			"to": [ 13.93783, 6.000017, 10.00016 ],
			"faces": {
				"down": { "uv": [ 13.00187, 9.998125, 13.93563, 6.001875 ], "texture": "#crafting_table_2" },
				"up": { "uv": [ 13.00187, 6.001875, 13.93563, 9.998125 ], "texture": "#crafting_table_2" },
				"west": { "uv": [ 6.001875, 10.00187, 9.998125, 10.49813 ], "texture": "#crafting_table_2" },
				"east": { "uv": [ 6.001875, 10.00187, 9.998125, 10.49813 ], "texture": "#crafting_table_2" }
			}
		},
		{
			"__comment": "Element",
			"from": [ 12.99971, 4.499633, 6.001032 ],
			"to": [ 13.93721, 4.999633, 10.00103 ],
			"faces": {
				"down": { "uv": [ 13.00187, 9.998125, 13.93563, 6.001875 ], "texture": "#crafting_table_2" },
				"up": { "uv": [ 13.00187, 6.001875, 13.93563, 9.998125 ], "texture": "#crafting_table_2" },
				"west": { "uv": [ 6.001875, 11.00187, 9.998125, 11.49813 ], "texture": "#crafting_table_2" },
				"east": { "uv": [ 6.001875, 11.00187, 9.998125, 11.49813 ], "texture": "#crafting_table_2" }
			}
		},
		{
			"__comment": "Element",
			"from": [ 13.00099, 3.499726, 6.000419 ],
			"to": [ 13.93849, 3.999726, 10.00042 ],
			"faces": {
				"down": { "uv": [ 13.00187, 9.998125, 13.93563, 6.001875 ], "texture": "#crafting_table_2" },
				"up": { "uv": [ 13.00187, 6.001875, 13.93563, 9.998125 ], "texture": "#crafting_table_2" },
				"west": { "uv": [ 6.001875, 12.00187, 9.998125, 12.49813 ], "texture": "#crafting_table_2" },
				"east": { "uv": [ 6.001875, 12.00187, 9.998125, 12.49813 ], "texture": "#crafting_table_2" }
			}
		},
		{
			"__comment": "Element",
			"from": [ 12.99862, 12.00044, 5.999292 ],
			"to": [ 13.93612, 12.50044, 9.99929 ],
			"faces": {
				"down": { "uv": [ 13.00187, 9.998125, 13.93563, 6.001875 ], "texture": "#crafting_table_2" },
				"up": { "uv": [ 13.00187, 6.001875, 13.93563, 9.998125 ], "texture": "#crafting_table_2" },
				"west": { "uv": [ 6.001875, 3.501875, 9.998125, 3.998125 ], "texture": "#crafting_table_2" },
				"east": { "uv": [ 6.001875, 3.501875, 9.998125, 3.998125 ], "texture": "#crafting_table_2" }
			}
		},
		{
			"__comment": "Element",
			"from": [ 13.001, 12.99853, 5.999892 ],
			"to": [ 13.9385, 13.49853, 9.999891 ],
			"faces": {
				"down": { "uv": [ 13.00187, 9.998125, 13.93563, 6.001875 ], "texture": "#crafting_table_2" },
				"up": { "uv": [ 13.00187, 6.001875, 13.93563, 9.998125 ], "texture": "#crafting_table_2" },
				"west": { "uv": [ 6.001875, 2.501875, 9.998125, 2.998125 ], "texture": "#crafting_table_2" },
				"east": { "uv": [ 6.001875, 2.501875, 9.998125, 2.998125 ], "texture": "#crafting_table_2" }
			}
		},
		{
			"__comment": "Element",
			"from": [ 12.99923, 14.00075, 6.000657 ],
			"to": [ 13.93673, 14.50075, 10.00066 ],
			"faces": {
				"down": { "uv": [ 13.00187, 9.998125, 13.93563, 6.001875 ], "texture": "#crafting_table_2" },
				"up": { "uv": [ 13.00187, 6.001875, 13.93563, 9.998125 ], "texture": "#crafting_table_2" },
				"west": { "uv": [ 6.001875, 1.501875, 9.998125, 1.998125 ], "texture": "#crafting_table_2" },
				"east": { "uv": [ 6.001875, 1.501875, 9.998125, 1.998125 ], "texture": "#crafting_table_2" }
			}
		},
		{
			"__comment": "Element",
			"from": [ 1.998999, 5.500427, 5.999532 ],
			"to": [ 2.936499, 6.000427, 9.999533 ],
			"faces": {
				"down": { "uv": [ 2.001875, 9.998125, 2.935625, 6.001875 ], "texture": "#crafting_table_2" },
				"up": { "uv": [ 2.001875, 6.001875, 2.935625, 9.998125 ], "texture": "#crafting_table_2" },
				"west": { "uv": [ 6.001875, 10.00187, 9.998125, 10.49813 ], "texture": "#crafting_table_2" },
				"east": { "uv": [ 6.001875, 10.00187, 9.998125, 10.49813 ], "texture": "#crafting_table_2" }
			}
		},
		{
			"__comment": "Element",
			"from": [ 2.001497, 4.499296, 5.99976 ],
			"to": [ 2.938997, 4.999296, 9.99976 ],
			"faces": {
				"down": { "uv": [ 2.001875, 9.998125, 2.935625, 6.001875 ], "texture": "#crafting_table_2" },
				"up": { "uv": [ 2.001875, 6.001875, 2.935625, 9.998125 ], "texture": "#crafting_table_2" },
				"west": { "uv": [ 6.001875, 11.00187, 9.998125, 11.49813 ], "texture": "#crafting_table_2" },
				"east": { "uv": [ 6.001875, 11.00187, 9.998125, 11.49813 ], "texture": "#crafting_table_2" }
			}
		},
		{
			"__comment": "Element",
			"from": [ 2.000699, 3.500351, 5.999295 ],
			"to": [ 2.938199, 4.00035, 9.999295 ],
			"faces": {
				"down": { "uv": [ 2.001875, 9.998125, 2.935625, 6.001875 ], "texture": "#crafting_table_2" },
				"up": { "uv": [ 2.001875, 6.001875, 2.935625, 9.998125 ], "texture": "#crafting_table_2" },
				"west": { "uv": [ 6.001875, 12.00187, 9.998125, 12.49813 ], "texture": "#crafting_table_2" },
				"east": { "uv": [ 6.001875, 12.00187, 9.998125, 12.49813 ], "texture": "#crafting_table_2" }
			}
		},
		{
			"__comment": "Element",
			"from": [ 2.000317, 11.99986, 5.999815 ],
			"to": [ 2.937817, 12.49986, 9.999815 ],
			"faces": {
				"down": { "uv": [ 2.001875, 9.998125, 2.935625, 6.001875 ], "texture": "#crafting_table_2" },
				"up": { "uv": [ 2.001875, 6.001875, 2.935625, 9.998125 ], "texture": "#crafting_table_2" },
				"west": { "uv": [ 6.001875, 3.501875, 9.998125, 3.998125 ], "texture": "#crafting_table_2" },
				"east": { "uv": [ 6.001875, 3.501875, 9.998125, 3.998125 ], "texture": "#crafting_table_2" }
			}
		},
		{
			"__comment": "Element",
			"from": [ 2.001292, 12.99956, 6.000701 ],
			"to": [ 2.938792, 13.49956, 10.0007 ],
			"faces": {
				"down": { "uv": [ 2.001875, 9.998125, 2.935625, 6.001875 ], "texture": "#crafting_table_2" },
				"up": { "uv": [ 2.001875, 6.001875, 2.935625, 9.998125 ], "texture": "#crafting_table_2" },
				"west": { "uv": [ 6.001875, 2.501875, 9.998125, 2.998125 ], "texture": "#crafting_table_2" },
				"east": { "uv": [ 6.001875, 2.501875, 9.998125, 2.998125 ], "texture": "#crafting_table_2" }
			}
		},
		{
			"__comment": "Element",
			"from": [ 2.001464, 14.00019, 5.999739 ],
			"to": [ 2.938964, 14.50019, 9.999739 ],
			"faces": {
				"down": { "uv": [ 2.001875, 9.998125, 2.935625, 6.001875 ], "texture": "#crafting_table_2" },
				"up": { "uv": [ 2.001875, 6.001875, 2.935625, 9.998125 ], "texture": "#crafting_table_2" },
				"west": { "uv": [ 6.001875, 1.501875, 9.998125, 1.998125 ], "texture": "#crafting_table_2" },
				"east": { "uv": [ 6.001875, 1.501875, 9.998125, 1.998125 ], "texture": "#crafting_table_2" }
			}
		},
		{
			"__comment": "Element",
			"from": [ 14.50151, 0.9992875, 2.000576 ],
			"to": [ 15.43901, 1.999288, 14.00058 ],
			"faces": {
				"down": { "uv": [ 14.50187, 13.99813, 15.43563, 2.001875 ], "texture": "#crafting_table_2" },
				"up": { "uv": [ 14.50187, 2.001875, 15.43563, 13.99813 ], "texture": "#crafting_table_2" },
				"west": { "uv": [ 2.001875, 14.00187, 13.99813, 14.99813 ], "texture": "#crafting_table_2" },
				"east": { "uv": [ 2.001875, 14.00187, 13.99813, 14.99813 ], "texture": "#crafting_table_2" }
			}
		},
		{
			"__comment": "Element",
			"from": [ 0.4995744, 1.000639, 2.00036 ],
			"to": [ 1.437074, 2.000638, 14.00036 ],
			"faces": {
				"down": { "uv": [ 0.501875, 13.99813, 1.435625, 2.001875 ], "texture": "#crafting_table_2" },
				"up": { "uv": [ 0.501875, 2.001875, 1.435625, 13.99813 ], "texture": "#crafting_table_2" },
				"west": { "uv": [ 2.001875, 14.00187, 13.99813, 14.99813 ], "texture": "#crafting_table_2" },
				"east": { "uv": [ 2.001875, 14.00187, 13.99813, 14.99813 ], "texture": "#crafting_table_2" }
			}
		},
		{
			"__comment": "Element",
			"from": [ 1.500471, 2.000662, 1.000856 ],
			"to": [ 14.50047, 3.000662, 15.00086 ],
			"faces": {
				"down": { "uv": [ 0.501875, 1.001875, 15.49813, 14.99813 ], "texture": "#crafting_table_5" },
				"up": { "uv": [ 0.501875, 1.001875, 15.49813, 14.99813 ], "texture": "#crafting_table_5" },
				"north": { "uv": [ 0.501875, 13.00187, 15.49813, 13.99813 ], "texture": "#crafting_table_5" },
				"south": { "uv": [ 0.501875, 13.00187, 15.49813, 13.99813 ], "texture": "#crafting_table_5" },
				"west": { "uv": [ 1.001875, 13.00187, 14.99813, 13.99813 ], "texture": "#crafting_table_5" },
				"east": { "uv": [ 1.001875, 13.00187, 14.99813, 13.99813 ], "texture": "#crafting_table_5" }
			}
		},
		{
			"__comment": "Element",
			"from": [ 12.99842, 2.998464, 7.499102 ],
			"to": [ 13.99842, 14.99846, 8.499104 ],
			"faces": {
				"north": { "uv": [ 2.001875, 1.001875, 2.998125, 12.99813 ], "texture": "#crafting_table_2" },
				"south": { "uv": [ 13.00187, 1.001875, 13.99813, 12.99813 ], "texture": "#crafting_table_2" },
				"west": { "uv": [ 7.501875, 1.001875, 8.498125, 12.99813 ], "texture": "#crafting_table_2" },
				"east": { "uv": [ 7.501875, 1.001875, 8.498125, 12.99813 ], "texture": "#crafting_table_2" }
			}
		},
		{
			"__comment": "Element",
			"from": [ 1.999138, 2.999846, 7.500309 ],
			"to": [ 2.999138, 14.99985, 8.500309 ],
			"faces": {
				"north": { "uv": [ 13.00187, 1.001875, 13.99813, 12.99813 ], "texture": "#crafting_table_2" },
				"south": { "uv": [ 2.001875, 1.001875, 2.998125, 12.99813 ], "texture": "#crafting_table_2" },
				"west": { "uv": [ 7.501875, 1.001875, 8.498125, 12.99813 ], "texture": "#crafting_table_2" },
				"east": { "uv": [ 7.501875, 1.001875, 8.498125, 12.99813 ], "texture": "#crafting_table_2" }
			}
		},
		{
			"__comment": "Element",
			"from": [ 1.999849, 2.999988, 1.500188 ],
			"to": [ 13.99985, 14.99999, 2.500188 ],
			"faces": {
				"north": { "uv": [ 0.001875, 0.001874657, 15.99813, 15.99813 ], "texture": "#crafting_table_4" },
				"south": { "uv": [ 2.001875, 1.001875, 13.99813, 12.99813 ], "texture": "#crafting_table_2" },
				"west": { "uv": [ 5.001875, 1.001875, 5.998125, 12.99813 ], "texture": "#crafting_table_2" },
				"east": { "uv": [ 10.00187, 1.001875, 10.99813, 12.99813 ], "texture": "#crafting_table_2" }
			}
		},
		{
			"__comment": "Element",
			"from": [ 1.999841, 3.000622, 13.49975 ],
			"to": [ 13.99984, 15.00062, 14.49975 ],
			"faces": {
				"north": { "uv": [ 2.001875, 1.001875, 13.99813, 12.99813 ], "texture": "#crafting_table_2" },
				"south": { "uv": [ 0.001875, 0.001874657, 15.99813, 15.99813 ], "texture": "#crafting_table_3" },
				"west": { "uv": [ 10.00187, 1.001875, 10.99813, 12.99813 ], "texture": "#crafting_table_2" },
				"east": { "uv": [ 5.001875, 1.001875, 5.998125, 12.99813 ], "texture": "#crafting_table_2" }
			}
		},
		{
			"__comment": "Element",
			"from": [ 13.99981, -0.000901101, 13.99959 ],
			"to": [ 15.99981, 14.9991, 15.99959 ],
			"faces": {
				"north": { "uv": [ 0.001875, 1.001875, 1.998125, 15.99813 ], "texture": "#crafting_table_2" },
				"south": { "uv": [ 14.00187, 1.001875, 15.99813, 15.99813 ], "texture": "#crafting_table_2" },
				"west": { "uv": [ 14.00187, 1.001875, 15.99813, 15.99813 ], "texture": "#crafting_table_2" },
				"east": { "uv": [ 0.001875, 1.001875, 1.998125, 15.99813 ], "texture": "#crafting_table_2" }
			}
		},
		{
			"__comment": "Element",
			"from": [ -0.001366901, -0.000413973, 14.00081 ],
			"to": [ 1.998633, 14.99959, 16.00081 ],
			"faces": {
				"north": { "uv": [ 14.00187, 1.001875, 15.99813, 15.99813 ], "texture": "#crafting_table_2" },
				"south": { "uv": [ 0.001875, 1.001875, 1.998125, 15.99813 ], "texture": "#crafting_table_2" },
				"west": { "uv": [ 14.00187, 1.001875, 15.99813, 15.99813 ], "texture": "#crafting_table_2" },
				"east": { "uv": [ 0.001875, 1.001875, 1.998125, 15.99813 ], "texture": "#crafting_table_2" }
			}
		},
		{
			"__comment": "Element",
			"from": [ 14.00068, -0.001108808, 0.000250294 ],
			"to": [ 16.00068, 14.99889, 2.00025 ],
			"faces": {
				"north": { "uv": [ 0.001875, 1.001875, 1.998125, 15.99813 ], "texture": "#crafting_table_2" },
				"south": { "uv": [ 14.00187, 1.001875, 15.99813, 15.99813 ], "texture": "#crafting_table_2" },
				"west": { "uv": [ 0.001875, 1.001875, 1.998125, 15.99813 ], "texture": "#crafting_table_2" },
				"east": { "uv": [ 14.00187, 1.001875, 15.99813, 15.99813 ], "texture": "#crafting_table_2" }
			}
		},
		{
			"__comment": "Element",
			"from": [ 0, 0, 0 ],
			"to": [ 2, 15, 2 ],
			"faces": {
				"north": { "uv": [ 14.00187, 1.001875, 15.99813, 15.99813 ], "texture": "#crafting_table_2" },
				"south": { "uv": [ 0.001875, 1.001875, 1.998125, 15.99813 ], "texture": "#crafting_table_2" },
				"west": { "uv": [ 0.001875, 1.001875, 1.998125, 15.99813 ], "texture": "#crafting_table_2" },
				"east": { "uv": [ 14.00187, 1.001875, 15.99813, 15.99813 ], "texture": "#crafting_table_2" }
			}
		},
		{
			"__comment": "Element",
			"from": [ 0.000704931, 14.99969, 0.001387792 ],
			"to": [ 16.00071, 15.99969, 16.00139 ],
			"faces": {
				"down": { "uv": [ 15.99813, 15.99813, 0.001874924, 0.001874924 ], "texture": "#crafting_table_5" },
				"up": { "uv": [ 0.001875, 0.001874657, 15.99813, 15.99813 ], "texture": "#crafting_table_1" },
				"north": { "uv": [ 0.001875, 0.001874657, 15.99813, 0.9981253 ], "texture": "#crafting_table_5" },
				"south": { "uv": [ 0.001875, 0.001874657, 15.99813, 0.9981253 ], "texture": "#crafting_table_5" },
				"west": { "uv": [ 0.001875, 0.001874657, 15.99813, 0.9981253 ], "texture": "#crafting_table_5" },
				"east": { "uv": [ 0.001875, 0.001874657, 15.99813, 0.9981253 ], "texture": "#crafting_table_5" }
			}
		},
		{
			"__comment": "Element",
			"from": [ 15.50045, 15.99979, 4.000381 ],
			"to": [ 16.00045, 16.99979, 12.00039 ],
			"faces": {
				"up": { "uv": [ 0.001875, 0.001874657, 15.99813, 15.99813 ], "texture": "#crafting_table_2" },
				"north": { "uv": [ 0.001875, 0.001874657, 15.99813, 15.99813 ], "texture": "#crafting_table_2" },
				"south": { "uv": [ 0.001875, 0.001874657, 15.99813, 15.99813 ], "texture": "#crafting_table_2" },
				"west": { "uv": [ 0.001875, 0.001874657, 15.99813, 15.99813 ], "texture": "#crafting_table_2" },
				"east": { "uv": [ 0.001875, 0.001874657, 15.99813, 15.99813 ], "texture": "#crafting_table_2" }
			}
		},
		{
			"__comment": "Element",
			"from": [ 4.001406, 16.00097, 0.000135314 ],
			"to": [ 12.0014, 17.00097, 0.5001354 ],
			"faces": {
				"up": { "uv": [ 0.001875, 0.001874657, 15.99813, 15.99813 ], "texture": "#crafting_table_2" },
				"north": { "uv": [ 0.001875, 0.001874657, 15.99813, 15.99813 ], "texture": "#crafting_table_2" },
				"south": { "uv": [ 0.001875, 0.001874657, 15.99813, 15.99813 ], "texture": "#crafting_table_2" },
				"west": { "uv": [ 0.001875, 0.001874657, 15.99813, 15.99813 ], "texture": "#crafting_table_2" },
				"east": { "uv": [ 0.001875, 0.001874657, 15.99813, 15.99813 ], "texture": "#crafting_table_2" }
			}
		},
		{
			"__comment": "PlaneY38",
			"from": [ 0, 0, 0 ],
			"to": [ 16, 0.001, 16 ],
			"faces": {
				"down": { "uv": [ 0.001875, 0.001874657, 15.99813, 15.99813 ], "texture": "#crafting_table_5" },
				"up": { "uv": [ 0.001875, 0.001874657, 15.99813, 15.99813 ], "texture": "#crafting_table_5" }
			}
		},
		{
			"__comment": "PlaneX43",
			"from": [ 0.5003382, -0.000607776, 0.4996456 ],
			"to": [ 0.5013382, 14.99939, 21.49965 ],
			"rotation": { "origin": [ 0.5, 0, 0.5 ], "axis": "y", "angle": 45 },
			"faces": {
				"west": { "uv": [ 0.501875, 1.001875, 15.99813, 15.99813 ], "texture": "#crafting_table_2" },
				"east": { "uv": [ 0.001875, 1.001875, 15.49813, 15.99813 ], "texture": "#crafting_table_2" }
			}
		},
		{
			"__comment": "PlaneX44",
			"from": [ 15.0013, 0.000444703, 1.000899 ],
			"to": [ 15.0023, 15.00044, 20.0009 ],
			"rotation": { "origin": [ 15, 0, 1 ], "axis": "y", "angle": -45 },
			"faces": {
				"west": { "uv": [ 1.001875, 1.001875, 15.99813, 15.99813 ], "texture": "#crafting_table_2" },
				"east": { "uv": [ 0.001875, 1.001875, 14.99813, 15.99813 ], "texture": "#crafting_table_2" }
			}
		}
	],
	"display": {
		"thirdperson_righthand": {
			"rotation":  [ 75, 45, 0 ],
			"translation":  [ 0, 2.5, 0 ],
			"scale":  [ 0.375, 0.375, 0.375 ]
		},
		"thirdperson_lefthand": {
			"rotation":  [ 75, 45, 0 ],
			"translation":  [ 0, 2.5, 0 ],
			"scale":  [ 0.375, 0.375, 0.375 ]
		},
		"firstperson_righthand": {
			"rotation":  [ 0, 45, 0 ],
			"scale":  [ 0.4, 0.4, 0.4 ]
		},
		"firstperson_lefthand": {
			"rotation":  [ 0, 45, 0 ],
			"scale":  [ 0.4, 0.4, 0.4 ]
		},
		"gui": {
			"rotation":  [ 30, 225, 0 ],
			"scale":  [ 0.625, 0.625, 0.625 ]
		},
		"ground": {
			"translation":  [ 0, 3, 0 ],
			"scale":  [ 0.25, 0.25, 0.25 ]
		}
	}
}