{
	"__comment": "Designed by Interhell2000 with Cubik Studio - https://cubik.studio",
	"gui_light": "front",
	"ambientocclusion": false,
	"textures": {
		"particle": "block/c/crimson_fungus/crimson_fungus",
		"crimson_fungus_1": "block/c/crimson_fungus/crimson_fungus_1"
	},
	"elements": [ 	 
		{
			"__comment": "Voxels",
			"from": [ 5.5005, 3.9995, 6.0008 ],
			"to": [ 10.5005, 4.4995, 6.5008 ],
			"faces": {
				"down": { "uv": [ 5.500625, 9.500625, 10.49938, 9.999375 ], "texture": "#crimson_fungus_1" },
				"north": { "uv": [ 5.500625, 11.50062, 10.49938, 11.99938 ], "texture": "#crimson_fungus_1" },
				"west": { "uv": [ 6.000625, 11.50062, 6.499375, 11.99938 ], "texture": "#crimson_fungus_1" },
				"east": { "uv": [ 9.500625, 11.50062, 9.999375, 11.99938 ], "texture": "#crimson_fungus_1" }
			}
		},
		{
			"__comment": "Voxels",
			"from": [ 5.5009, 4.4994, 5.4993 ],
			"to": [ 10.5009, 4.9994, 5.9993 ],
			"faces": {
				"down": { "uv": [ 5.500625, 10.00062, 10.49938, 10.49938 ], "texture": "#crimson_fungus_1" },
				"north": { "uv": [ 5.500625, 11.00062, 10.49938, 11.49938 ], "texture": "#crimson_fungus_1" },
				"west": { "uv": [ 5.500625, 11.00062, 5.999375, 11.49938 ], "texture": "#crimson_fungus_1" },
				"east": { "uv": [ 10.00062, 11.00062, 10.49938, 11.49938 ], "texture": "#crimson_fungus_1" }
			}
		},
		{
			"__comment": "Voxels",
			"from": [ 5.5004, 6.0007, 9.9998 ],
			"to": [ 10.5004, 6.5007, 10.4998 ],
			"faces": {
				"up": { "uv": [ 5.500625, 10.00062, 10.49938, 10.49938 ], "texture": "#crimson_fungus_1" },
				"south": { "uv": [ 5.500625, 9.500625, 10.49938, 9.999375 ], "texture": "#crimson_fungus_1" },
				"west": { "uv": [ 10.00062, 9.500625, 10.49938, 9.999375 ], "texture": "#crimson_fungus_1" },
				"east": { "uv": [ 5.500625, 9.500625, 5.999375, 9.999375 ], "texture": "#crimson_fungus_1" }
			}
		},
		{
			"__comment": "Voxels",
			"from": [ 5.501, 6.4997, 9.500899 ],
			"to": [ 10.501, 7.9997, 10.0009 ],
			"faces": {
				"up": { "uv": [ 5.500625, 9.500625, 10.49938, 9.999375 ], "texture": "#crimson_fungus_1" },
				"north": { "uv": [ 5.500625, 8.000625, 10.49938, 9.499375 ], "texture": "#crimson_fungus_1" },
				"south": { "uv": [ 5.500625, 8.000625, 10.49938, 9.499375 ], "texture": "#crimson_fungus_1" },
				"west": { "uv": [ 9.500625, 8.000625, 9.999375, 9.499375 ], "texture": "#crimson_fungus_1" },
				"east": { "uv": [ 6.000625, 8.000625, 6.499375, 9.499375 ], "texture": "#crimson_fungus_1" }
			}
		},
		{
			"__comment": "Voxels",
			"from": [ 6.0007, 3.9994, 5.4998 ],
			"to": [ 10.0007, 4.4994, 5.9998 ],
			"faces": {
				"down": { "uv": [ 6.000625, 10.00062, 9.999375, 10.49938 ], "texture": "#crimson_fungus_1" },
				"north": { "uv": [ 6.000625, 11.50062, 9.999375, 11.99938 ], "texture": "#crimson_fungus_1" },
				"west": { "uv": [ 5.500625, 11.50062, 5.999375, 11.99938 ], "texture": "#crimson_fungus_1" },
				"east": { "uv": [ 10.00062, 11.50062, 10.49938, 11.99938 ], "texture": "#crimson_fungus_1" }
			}
		},
		{
			"__comment": "Voxels",
			"from": [ 6.0007, 4.4998, 4.9995 ],
			"to": [ 10.0007, 4.9998, 5.4995 ],
			"faces": {
				"down": { "uv": [ 6.000625, 10.50062, 9.999375, 10.99938 ], "texture": "#crimson_fungus_1" },
				"north": { "uv": [ 6.000625, 11.00062, 9.999375, 11.49938 ], "texture": "#crimson_fungus_1" },
				"west": { "uv": [ 5.000625, 11.00062, 5.499375, 11.49938 ], "texture": "#crimson_fungus_1" },
				"east": { "uv": [ 10.50062, 11.00062, 10.99938, 11.49938 ], "texture": "#crimson_fungus_1" }
			}
		},
		{
			"__comment": "Voxels",
			"from": [ 6.0006, 5.9998, 10.4995 ],
			"to": [ 10.0006, 6.4998, 10.9995 ],
			"faces": {
				"up": { "uv": [ 6.000625, 10.50062, 9.999375, 10.99938 ], "texture": "#crimson_fungus_1" },
				"south": { "uv": [ 6.000625, 9.500625, 9.999375, 9.999375 ], "texture": "#crimson_fungus_1" },
				"west": { "uv": [ 10.50062, 9.500625, 10.99938, 9.999375 ], "texture": "#crimson_fungus_1" },
				"east": { "uv": [ 5.000625, 9.500625, 5.499375, 9.999375 ], "texture": "#crimson_fungus_1" }
			}
		},
		{
			"__comment": "Voxels",
			"from": [ 6.0004, 6.4991, 10.001 ],
			"to": [ 10.0004, 7.9991, 10.501 ],
			"faces": {
				"up": { "uv": [ 6.000625, 10.00062, 9.999375, 10.49938 ], "texture": "#crimson_fungus_1" },
				"south": { "uv": [ 6.000625, 8.000625, 9.999375, 9.499375 ], "texture": "#crimson_fungus_1" },
				"west": { "uv": [ 10.00062, 8.000625, 10.49938, 9.499375 ], "texture": "#crimson_fungus_1" },
				"east": { "uv": [ 5.500625, 8.000625, 5.999375, 9.499375 ], "texture": "#crimson_fungus_1" }
			}
		},
		{
			"__comment": "Voxels",
			"from": [ 6.0007, 7.9991, 9.500299 ],
			"to": [ 10.0007, 9.499098, 10.0003 ],
			"faces": {
				"up": { "uv": [ 6.000625, 9.500625, 9.999375, 9.999375 ], "texture": "#crimson_fungus_1" },
				"south": { "uv": [ 6.000625, 6.500626, 9.999375, 7.999374 ], "texture": "#crimson_fungus_1" },
				"west": { "uv": [ 9.500625, 6.500626, 9.999375, 7.999374 ], "texture": "#crimson_fungus_1" },
				"east": { "uv": [ 6.000625, 6.500626, 6.499375, 7.999374 ], "texture": "#crimson_fungus_1" }
			}
		},
		{
			"__comment": "Voxels",
			"from": [ 5.9994, 9.999599, 7.0001 ],
			"to": [ 9.999399, 10.4996, 9.000099 ],
			"faces": {
				"up": { "uv": [ 6.000625, 7.000626, 9.999375, 8.999375 ], "texture": "#crimson_fungus_1" },
				"west": { "uv": [ 7.000625, 5.500626, 8.999375, 5.999374 ], "texture": "#crimson_fungus_1" },
				"east": { "uv": [ 7.000625, 5.500626, 8.999375, 5.999374 ], "texture": "#crimson_fungus_1" }
			}
		},
		{
			"__comment": "Voxels",
			"from": [ 6.499, 4.0001, 5.0003 ],
			"to": [ 9.498999, 4.5001, 5.5003 ],
			"faces": {
				"down": { "uv": [ 6.500625, 10.50062, 9.499375, 10.99938 ], "texture": "#crimson_fungus_1" },
				"north": { "uv": [ 6.500625, 11.50062, 9.499375, 11.99938 ], "texture": "#crimson_fungus_1" },
				"west": { "uv": [ 5.000625, 11.50062, 5.499375, 11.99938 ], "texture": "#crimson_fungus_1" },
				"east": { "uv": [ 10.50062, 11.50062, 10.99938, 11.99938 ], "texture": "#crimson_fungus_1" }
			}
		},
		{
			"__comment": "Voxels",
			"from": [ 7.0008, 0.0009, 6.9993 ],
			"to": [ 9.0008, 3.0009, 7.4993 ],
			"faces": {
				"down": { "uv": [ 7.000625, 14.00062, 8.999375, 14.49938 ], "texture": "#crimson_fungus_1", "cullface": "down" },
				"north": { "uv": [ 7.000625, 13.00062, 8.999375, 15.99938 ], "texture": "#crimson_fungus_1" },
				"west": { "uv": [ 7.000625, 13.00062, 7.499375, 15.99938 ], "texture": "#crimson_fungus_1" },
				"east": { "uv": [ 8.000625, 13.00062, 8.499375, 15.99938 ], "texture": "#crimson_fungus_1" }
			}
		},
		{
			"__comment": "Voxels",
			"from": [ 7.0008, -0.001, 8.4994 ],
			"to": [ 9.000799, 2.999001, 8.9994 ],
			"faces": {
				"down": { "uv": [ 7.500625, 14.50062, 9.499375, 14.99938 ], "texture": "#crimson_fungus_1", "cullface": "down" },
				"south": { "uv": [ 7.000625, 13.00062, 8.999375, 15.99938 ], "texture": "#crimson_fungus_1" },
				"west": { "uv": [ 8.500625, 13.00062, 8.999375, 15.99938 ], "texture": "#crimson_fungus_1" },
				"east": { "uv": [ 7.000625, 13.00062, 7.499375, 15.99938 ], "texture": "#crimson_fungus_1" }
			}
		},
		{
			"__comment": "Voxels",
			"from": [ 7.5005, 6.0005, 7.5003 ],
			"to": [ 8.5005, 6.5005, 8.500299 ],
			"faces": {
				"up": { "uv": [ 7.500625, 7.500626, 8.499375, 8.499375 ], "texture": "#crimson_fungus_1" },
				"west": { "uv": [ 7.500625, 9.500625, 8.499375, 9.999375 ], "texture": "#crimson_fungus_1" },
				"east": { "uv": [ 7.500625, 9.500625, 8.499375, 9.999375 ], "texture": "#crimson_fungus_1" }
			}
		},
		{
			"__comment": "Voxels",
			"from": [ 4.501, 4.4992, 6.5 ],
			"to": [ 11.501, 6.4992, 7.5 ],
			"faces": {
				"down": { "uv": [ 5.000625, 10.50062, 10.99938, 11.49938 ], "texture": "#crimson_fungus_1" },
				"up": { "uv": [ 5.000625, 10.50062, 10.99938, 11.49938 ], "texture": "#crimson_fungus_1" },
				"north": { "uv": [ 5.000625, 9.500625, 10.99938, 11.49938 ], "texture": "#crimson_fungus_1" },
				"south": { "uv": [ 5.000625, 9.500625, 10.99938, 11.49938 ], "texture": "#crimson_fungus_1" },
				"west": { "uv": [ 6.500625, 9.500625, 7.499375, 11.49938 ], "texture": "#crimson_fungus_1" },
				"east": { "uv": [ 8.500625, 9.500625, 9.499375, 11.49938 ], "texture": "#crimson_fungus_1" }
			}
		},
		{
			"__comment": "Voxels",
			"from": [ 4.4997, 4.4996, 7.5002 ],
			"to": [ 11.4997, 5.9996, 9.5002 ],
			"faces": {
				"down": { "uv": [ 5.000625, 9.500625, 10.49938, 10.99938 ], "texture": "#crimson_fungus_1" },
				"up": { "uv": [ 5.000625, 9.500625, 10.99938, 11.49938 ], "texture": "#crimson_fungus_1" },
				"south": { "uv": [ 5.000625, 10.00062, 10.99938, 11.49938 ], "texture": "#crimson_fungus_1" },
				"west": { "uv": [ 7.500625, 10.00062, 9.499375, 11.49938 ], "texture": "#crimson_fungus_1" },
				"east": { "uv": [ 6.500625, 10.00062, 8.499375, 11.49938 ], "texture": "#crimson_fungus_1" }
			}
		},
		{
			"__comment": "Voxels",
			"from": [ 4.9992, 4.0006, 8.4991 ],
			"to": [ 10.9992, 4.5006, 9.4991 ],
			"faces": {
				"down": { "uv": [ 5.000625, 10.00062, 10.99938, 10.99938 ], "texture": "#crimson_fungus_1" },
				"south": { "uv": [ 5.000625, 11.50062, 10.99938, 11.99938 ], "texture": "#crimson_fungus_1" },
				"west": { "uv": [ 8.500625, 11.50062, 9.499375, 11.99938 ], "texture": "#crimson_fungus_1" },
				"east": { "uv": [ 6.500625, 11.50062, 7.499375, 11.99938 ], "texture": "#crimson_fungus_1" }
			}
		},
		{
			"__comment": "Voxels",
			"from": [ 4.9995, 4.4993, 5.9994 ],
			"to": [ 10.9995, 6.4993, 6.4994 ],
			"faces": {
				"down": { "uv": [ 5.000625, 9.500625, 10.99938, 9.999375 ], "texture": "#crimson_fungus_1" },
				"up": { "uv": [ 5.000625, 10.00062, 10.99938, 10.49938 ], "texture": "#crimson_fungus_1" },
				"north": { "uv": [ 5.000625, 9.500625, 10.99938, 11.49938 ], "texture": "#crimson_fungus_1" },
				"west": { "uv": [ 6.000625, 9.500625, 6.499375, 11.49938 ], "texture": "#crimson_fungus_1" },
				"east": { "uv": [ 9.500625, 9.500625, 9.999375, 11.49938 ], "texture": "#crimson_fungus_1" }
			}
		},
		{
			"__comment": "Voxels",
			"from": [ 5, 4.5006, 9.500999 ],
			"to": [ 11, 6.5006, 10.001 ],
			"faces": {
				"down": { "uv": [ 5.000625, 10.50062, 10.99938, 10.99938 ], "texture": "#crimson_fungus_1" },
				"up": { "uv": [ 5.000625, 9.500625, 10.99938, 9.999375 ], "texture": "#crimson_fungus_1" },
				"north": { "uv": [ 5.000625, 9.500625, 10.99938, 11.49938 ], "texture": "#crimson_fungus_1" },
				"south": { "uv": [ 5.000625, 9.500625, 10.99938, 11.49938 ], "texture": "#crimson_fungus_1" },
				"west": { "uv": [ 9.500625, 9.500625, 9.999375, 11.49938 ], "texture": "#crimson_fungus_1" },
				"east": { "uv": [ 6.000625, 9.500625, 6.499375, 11.49938 ], "texture": "#crimson_fungus_1" }
			}
		},
		{
			"__comment": "Voxels",
			"from": [ 4.9996, 5.0003, 5.4995 ],
			"to": [ 10.9996, 6.0003, 5.9995 ],
			"faces": {
				"down": { "uv": [ 5.000625, 10.00062, 10.99938, 10.49938 ], "texture": "#crimson_fungus_1" },
				"up": { "uv": [ 5.000625, 10.00062, 10.99938, 10.49938 ], "texture": "#crimson_fungus_1" },
				"north": { "uv": [ 5.000625, 10.00062, 10.99938, 10.99938 ], "texture": "#crimson_fungus_1" },
				"west": { "uv": [ 5.500625, 10.00062, 5.999375, 10.99938 ], "texture": "#crimson_fungus_1" },
				"east": { "uv": [ 10.00062, 10.00062, 10.49938, 10.99938 ], "texture": "#crimson_fungus_1" }
			}
		},
		{
			"__comment": "Voxels",
			"from": [ 4.9994, 4.9993, 9.9999 ],
			"to": [ 10.9994, 5.9993, 10.4999 ],
			"faces": {
				"down": { "uv": [ 5.000625, 10.00062, 10.99938, 10.49938 ], "texture": "#crimson_fungus_1" },
				"up": { "uv": [ 5.000625, 10.00062, 10.99938, 10.49938 ], "texture": "#crimson_fungus_1" },
				"south": { "uv": [ 5.000625, 10.00062, 10.99938, 10.99938 ], "texture": "#crimson_fungus_1" },
				"west": { "uv": [ 10.00062, 10.00062, 10.49938, 10.99938 ], "texture": "#crimson_fungus_1" },
				"east": { "uv": [ 5.500625, 10.00062, 5.999375, 10.99938 ], "texture": "#crimson_fungus_1" }
			}
		},
		{
			"__comment": "Voxels",
			"from": [ 5.001, 6.4993, 6.4998 ],
			"to": [ 11.001, 7.4993, 7.4998 ],
			"faces": {
				"up": { "uv": [ 5.000625, 10.50062, 10.99938, 11.49938 ], "texture": "#crimson_fungus_1" },
				"north": { "uv": [ 5.500625, 8.500625, 10.49938, 9.499375 ], "texture": "#crimson_fungus_1" },
				"south": { "uv": [ 5.500625, 8.500625, 10.49938, 9.499375 ], "texture": "#crimson_fungus_1" },
				"west": { "uv": [ 6.500625, 8.500625, 7.499375, 9.499375 ], "texture": "#crimson_fungus_1" },
				"east": { "uv": [ 8.500625, 8.500625, 9.499375, 9.499375 ], "texture": "#crimson_fungus_1" }
			}
		},
		{
			"__comment": "Voxels",
			"from": [ 5.0003, 6.5004, 7.5006 ],
			"to": [ 7.5003, 8.000399, 9.000601 ],
			"faces": {
				"down": { "uv": [ 6.000625, 7.500626, 8.499375, 8.999375 ], "texture": "#crimson_fungus_1" },
				"up": { "uv": [ 6.000625, 7.500626, 8.499375, 8.999375 ], "texture": "#crimson_fungus_1" },
				"north": { "uv": [ 8.000625, 8.000625, 10.49938, 9.499375 ], "texture": "#crimson_fungus_1" },
				"south": { "uv": [ 5.500625, 8.000625, 7.999375, 9.499375 ], "texture": "#crimson_fungus_1" },
				"west": { "uv": [ 7.500625, 8.000625, 8.999375, 9.499375 ], "texture": "#crimson_fungus_1" },
				"east": { "uv": [ 7.000625, 8.000625, 8.499375, 9.499375 ], "texture": "#crimson_fungus_1" }
			}
		},
		{
			"__comment": "Voxels",
			"from": [ 5.0001, 7.4996, 7 ],
			"to": [ 11.0001, 7.9996, 7.5 ],
			"faces": {
				"up": { "uv": [ 5.000625, 9.500625, 10.99938, 9.999375 ], "texture": "#crimson_fungus_1" },
				"north": { "uv": [ 5.500625, 8.000625, 10.49938, 8.499375 ], "texture": "#crimson_fungus_1" },
				"south": { "uv": [ 5.500625, 8.000625, 10.49938, 8.499375 ], "texture": "#crimson_fungus_1" },
				"west": { "uv": [ 7.000625, 8.000625, 7.499375, 8.499375 ], "texture": "#crimson_fungus_1" },
				"east": { "uv": [ 8.500625, 8.000625, 8.999375, 8.499375 ], "texture": "#crimson_fungus_1" }
			}
		},
		{
			"__comment": "Voxels",
			"from": [ 5.501, 3.9994, 9.5006 ],
			"to": [ 10.501, 4.4994, 10.0006 ],
			"faces": {
				"down": { "uv": [ 5.500625, 8.500625, 10.49938, 8.999375 ], "texture": "#crimson_fungus_1" },
				"south": { "uv": [ 5.500625, 11.50062, 10.49938, 11.99938 ], "texture": "#crimson_fungus_1" },
				"west": { "uv": [ 9.500625, 11.50062, 9.999375, 11.99938 ], "texture": "#crimson_fungus_1" },
				"east": { "uv": [ 6.000625, 11.50062, 6.499375, 11.99938 ], "texture": "#crimson_fungus_1" }
			}
		},
		{
			"__comment": "Voxels",
			"from": [ 5.4992, 5, 4.9996 ],
			"to": [ 10.4992, 6, 5.4996 ],
			"faces": {
				"down": { "uv": [ 5.500625, 10.50062, 10.49938, 10.99938 ], "texture": "#crimson_fungus_1" },
				"up": { "uv": [ 5.500625, 10.00062, 10.49938, 10.49938 ], "texture": "#crimson_fungus_1" },
				"north": { "uv": [ 5.500625, 10.00062, 10.49938, 10.99938 ], "texture": "#crimson_fungus_1" },
				"west": { "uv": [ 5.000625, 10.00062, 5.499375, 10.99938 ], "texture": "#crimson_fungus_1" },
				"east": { "uv": [ 10.50062, 10.00062, 10.99938, 10.99938 ], "texture": "#crimson_fungus_1" }
			}
		},
		{
			"__comment": "Voxels",
			"from": [ 5.5009, 7.5002, 9.0001 ],
			"to": [ 10.5009, 9.500201, 9.5001 ],
			"faces": {
				"up": { "uv": [ 5.500625, 9.000625, 10.49938, 9.499375 ], "texture": "#crimson_fungus_1" },
				"north": { "uv": [ 6.000625, 7.000626, 10.49938, 8.999375 ], "texture": "#crimson_fungus_1" },
				"south": { "uv": [ 6.000625, 7.000626, 10.49938, 8.999375 ], "texture": "#crimson_fungus_1" },
				"west": { "uv": [ 9.000625, 6.500626, 9.499375, 8.499375 ], "texture": "#crimson_fungus_1" },
				"east": { "uv": [ 6.500625, 6.500626, 6.999375, 8.499375 ], "texture": "#crimson_fungus_1" }
			}
		},
		{
			"__comment": "Voxels",
			"from": [ 5.9997, 4.5009, 10.5004 ],
			"to": [ 9.999701, 5.0009, 11.0004 ],
			"faces": {
				"down": { "uv": [ 6.000625, 6.500626, 9.999375, 6.999374 ], "texture": "#crimson_fungus_1" },
				"south": { "uv": [ 6.000625, 11.00062, 9.999375, 11.49938 ], "texture": "#crimson_fungus_1" },
				"west": { "uv": [ 10.50062, 11.00062, 10.99938, 11.49938 ], "texture": "#crimson_fungus_1" },
				"east": { "uv": [ 5.000625, 11.00062, 5.499375, 11.49938 ], "texture": "#crimson_fungus_1" }
			}
		},
		{
			"__comment": "Voxels",
			"from": [ 6.0004, 5.9993, 4.9993 ],
			"to": [ 10.0004, 6.4993, 5.4993 ],
			"faces": {
				"up": { "uv": [ 6.000625, 6.500626, 9.999375, 6.999374 ], "texture": "#crimson_fungus_1" },
				"north": { "uv": [ 6.000625, 9.500625, 9.999375, 9.999375 ], "texture": "#crimson_fungus_1" },
				"west": { "uv": [ 5.000625, 9.500625, 5.499375, 9.999375 ], "texture": "#crimson_fungus_1" },
				"east": { "uv": [ 10.50062, 9.500625, 10.99938, 9.999375 ], "texture": "#crimson_fungus_1" }
			}
		},
		{
			"__comment": "Voxels",
			"from": [ 6.0008, 9.4993, 6.4996 ],
			"to": [ 10.0008, 10.4993, 6.9996 ],
			"faces": {
				"up": { "uv": [ 6.000625, 6.500626, 9.999375, 6.999374 ], "texture": "#crimson_fungus_1" },
				"north": { "uv": [ 6.500625, 5.500626, 9.499375, 6.499374 ], "texture": "#crimson_fungus_1" },
				"south": { "uv": [ 6.500625, 5.500626, 9.499375, 6.499374 ], "texture": "#crimson_fungus_1" },
				"west": { "uv": [ 6.500625, 5.500626, 6.999375, 6.499374 ], "texture": "#crimson_fungus_1" },
				"east": { "uv": [ 9.000625, 5.500626, 9.499375, 6.499374 ], "texture": "#crimson_fungus_1" }
			}
		},
		{
			"__comment": "Voxels",
			"from": [ 5.9999, 9.500899, 8.9999 ],
			"to": [ 9.9999, 10.5009, 9.4999 ],
			"faces": {
				"up": { "uv": [ 6.000625, 9.000625, 9.999375, 9.499375 ], "texture": "#crimson_fungus_1" },
				"north": { "uv": [ 6.500625, 6.000626, 9.999375, 6.999374 ], "texture": "#crimson_fungus_1" },
				"south": { "uv": [ 6.500625, 6.000626, 9.999375, 6.999374 ], "texture": "#crimson_fungus_1" },
				"west": { "uv": [ 9.000625, 5.500626, 9.499375, 6.499374 ], "texture": "#crimson_fungus_1" },
				"east": { "uv": [ 6.500625, 5.500626, 6.999375, 6.499374 ], "texture": "#crimson_fungus_1" }
			}
		},
		{
			"__comment": "Voxels",
			"from": [ 6.0009, 10.4996, 7.4998 ],
			"to": [ 10.0009, 10.9996, 8.4998 ],
			"faces": {
				"up": { "uv": [ 6.000625, 7.500626, 9.999375, 8.499375 ], "texture": "#crimson_fungus_1" },
				"north": { "uv": [ 6.500625, 6.000626, 9.999375, 6.499374 ], "texture": "#crimson_fungus_1" },
				"south": { "uv": [ 6.500625, 6.000626, 9.999375, 6.499374 ], "texture": "#crimson_fungus_1" },
				"west": { "uv": [ 7.500625, 5.000626, 8.499375, 5.499374 ], "texture": "#crimson_fungus_1" },
				"east": { "uv": [ 7.500625, 5.000626, 8.499375, 5.499374 ], "texture": "#crimson_fungus_1" }
			}
		},
		{
			"__comment": "Voxels",
			"from": [ 6.5004, 3.9997, 10.499 ],
			"to": [ 9.5004, 4.4997, 10.999 ],
			"faces": {
				"down": { "uv": [ 6.500625, 6.000626, 9.499375, 6.499374 ], "texture": "#crimson_fungus_1" },
				"south": { "uv": [ 6.500625, 11.50062, 9.499375, 11.99938 ], "texture": "#crimson_fungus_1" },
				"west": { "uv": [ 10.50062, 11.50062, 10.99938, 11.99938 ], "texture": "#crimson_fungus_1" },
				"east": { "uv": [ 5.000625, 11.50062, 5.499375, 11.99938 ], "texture": "#crimson_fungus_1" }
			}
		},
		{
			"__comment": "Voxels",
			"from": [ 6.5003, 4.5, 4.4992 ],
			"to": [ 9.5003, 6.5, 4.9992 ],
			"faces": {
				"down": { "uv": [ 6.500625, 11.00062, 9.499375, 11.49938 ], "texture": "#crimson_fungus_1" },
				"up": { "uv": [ 6.500625, 5.500626, 9.499375, 5.999374 ], "texture": "#crimson_fungus_1" },
				"north": { "uv": [ 6.500625, 9.500625, 9.499375, 11.49938 ], "texture": "#crimson_fungus_1" },
				"south": { "uv": [ 6.500625, 9.500625, 9.499375, 11.49938 ], "texture": "#crimson_fungus_1" },
				"west": { "uv": [ 5.000625, 9.500625, 5.499375, 11.49938 ], "texture": "#crimson_fungus_1" },
				"east": { "uv": [ 10.50062, 9.500625, 10.99938, 11.49938 ], "texture": "#crimson_fungus_1" }
			}
		},
		{
			"__comment": "Voxels",
			"from": [ 6.5001, 4.5008, 11.0004 ],
			"to": [ 9.500099, 6.5008, 11.5004 ],
			"faces": {
				"down": { "uv": [ 6.500625, 5.500626, 9.499375, 5.999374 ], "texture": "#crimson_fungus_1" },
				"up": { "uv": [ 6.500625, 11.00062, 9.499375, 11.49938 ], "texture": "#crimson_fungus_1" },
				"north": { "uv": [ 6.500625, 9.500625, 9.499375, 11.49938 ], "texture": "#crimson_fungus_1" },
				"south": { "uv": [ 6.500625, 9.500625, 9.499375, 11.49938 ], "texture": "#crimson_fungus_1" },
				"west": { "uv": [ 10.50062, 9.500625, 10.99938, 11.49938 ], "texture": "#crimson_fungus_1" },
				"east": { "uv": [ 5.000625, 9.500625, 5.499375, 11.49938 ], "texture": "#crimson_fungus_1" }
			}
		},
		{
			"__comment": "Voxels",
			"from": [ 6.4992, 6.4994, 4.9992 ],
			"to": [ 9.499201, 7.4994, 5.4992 ],
			"faces": {
				"up": { "uv": [ 6.500625, 5.500626, 9.499375, 5.999374 ], "texture": "#crimson_fungus_1" },
				"north": { "uv": [ 6.500625, 8.500625, 9.499375, 9.499375 ], "texture": "#crimson_fungus_1" },
				"west": { "uv": [ 5.500625, 8.500625, 5.999375, 9.499375 ], "texture": "#crimson_fungus_1" },
				"east": { "uv": [ 10.00062, 9.000625, 10.49938, 9.999375 ], "texture": "#crimson_fungus_1" }
			}
		},
		{
			"__comment": "Voxels",
			"from": [ 6.5005, 6.4999, 10.4997 ],
			"to": [ 9.5005, 7.4999, 10.9997 ],
			"faces": {
				"up": { "uv": [ 6.500625, 10.50062, 9.499375, 10.99938 ], "texture": "#crimson_fungus_1" },
				"south": { "uv": [ 6.500625, 8.500625, 9.499375, 9.499375 ], "texture": "#crimson_fungus_1" },
				"west": { "uv": [ 10.00062, 8.500625, 10.49938, 9.499375 ], "texture": "#crimson_fungus_1" },
				"east": { "uv": [ 5.500625, 8.500625, 5.999375, 9.499375 ], "texture": "#crimson_fungus_1" }
			}
		},
		{
			"__comment": "Voxels",
			"from": [ 6.4993, 7.9994, 5.4994 ],
			"to": [ 9.4993, 9.499399, 5.9994 ],
			"faces": {
				"up": { "uv": [ 6.500625, 5.500626, 9.499375, 5.999374 ], "texture": "#crimson_fungus_1" },
				"north": { "uv": [ 6.500625, 6.500626, 9.499375, 7.999374 ], "texture": "#crimson_fungus_1" },
				"west": { "uv": [ 6.000625, 6.500626, 6.499375, 7.999374 ], "texture": "#crimson_fungus_1" },
				"east": { "uv": [ 9.500625, 6.500626, 9.999375, 7.999374 ], "texture": "#crimson_fungus_1" }
			}
		},
		{
			"__comment": "Voxels",
			"from": [ 6.4991, 8.0006, 9.9999 ],
			"to": [ 9.4991, 9.5006, 10.4999 ],
			"faces": {
				"up": { "uv": [ 6.500625, 10.00062, 9.499375, 10.49938 ], "texture": "#crimson_fungus_1" },
				"south": { "uv": [ 6.500625, 6.500626, 9.499375, 7.999374 ], "texture": "#crimson_fungus_1" },
				"west": { "uv": [ 9.500625, 6.500626, 9.999375, 7.999374 ], "texture": "#crimson_fungus_1" },
				"east": { "uv": [ 6.000625, 6.500626, 6.499375, 7.999374 ], "texture": "#crimson_fungus_1" }
			}
		},
		{
			"__comment": "Voxels",
			"from": [ 6.5001, 9.4999, 5.9994 ],
			"to": [ 9.500099, 10.4999, 6.4994 ],
			"faces": {
				"up": { "uv": [ 6.500625, 6.000626, 9.499375, 6.499374 ], "texture": "#crimson_fungus_1" },
				"north": { "uv": [ 6.500625, 5.500626, 9.499375, 6.499374 ], "texture": "#crimson_fungus_1" },
				"west": { "uv": [ 6.500625, 5.500626, 6.999375, 6.499374 ], "texture": "#crimson_fungus_1" },
				"east": { "uv": [ 9.000625, 5.500626, 9.499375, 6.499374 ], "texture": "#crimson_fungus_1" }
			}
		},
		{
			"__comment": "Voxels",
			"from": [ 6.4993, 9.4991, 9.499499 ],
			"to": [ 9.4993, 10.4991, 9.999499 ],
			"faces": {
				"up": { "uv": [ 6.500625, 9.500625, 9.499375, 9.999375 ], "texture": "#crimson_fungus_1" },
				"south": { "uv": [ 6.500625, 5.500626, 9.499375, 6.499374 ], "texture": "#crimson_fungus_1" },
				"west": { "uv": [ 9.000625, 5.500626, 9.499375, 6.499374 ], "texture": "#crimson_fungus_1" },
				"east": { "uv": [ 6.500625, 5.500626, 6.999375, 6.499374 ], "texture": "#crimson_fungus_1" }
			}
		},
		{
			"__comment": "Voxels",
			"from": [ 6.4998, 10.5005, 6.5003 ],
			"to": [ 9.4998, 11.0005, 7.5003 ],
			"faces": {
				"down": { "uv": [ 6.500625, 8.500625, 9.499375, 9.499375 ], "texture": "#crimson_fungus_1" },
				"up": { "uv": [ 6.500625, 6.500626, 9.499375, 7.499374 ], "texture": "#crimson_fungus_1" },
				"north": { "uv": [ 7.000625, 5.000626, 8.999375, 5.499374 ], "texture": "#crimson_fungus_1" },
				"west": { "uv": [ 7.000625, 5.000626, 7.999375, 5.499374 ], "texture": "#crimson_fungus_1" },
				"east": { "uv": [ 8.000625, 5.000626, 8.999375, 5.499374 ], "texture": "#crimson_fungus_1" }
			}
		},
		{
			"__comment": "Voxels",
			"from": [ 6.4999, 10.4999, 8.5006 ],
			"to": [ 9.4999, 10.9999, 9.5006 ],
			"faces": {
				"down": { "uv": [ 6.500625, 6.500626, 9.499375, 7.499374 ], "texture": "#crimson_fungus_1" },
				"up": { "uv": [ 6.500625, 8.500625, 9.499375, 9.499375 ], "texture": "#crimson_fungus_1" },
				"south": { "uv": [ 7.000625, 5.000626, 8.999375, 5.499374 ], "texture": "#crimson_fungus_1" },
				"west": { "uv": [ 8.000625, 5.000626, 8.999375, 5.499374 ], "texture": "#crimson_fungus_1" },
				"east": { "uv": [ 7.000625, 5.000626, 7.999375, 5.499374 ], "texture": "#crimson_fungus_1" }
			}
		},
		{
			"__comment": "Voxels",
			"from": [ 6.5, 10.9996, 7.5007 ],
			"to": [ 9.5, 11.4996, 8.5007 ],
			"faces": {
				"up": { "uv": [ 6.500625, 7.500626, 9.499375, 8.499375 ], "texture": "#crimson_fungus_1" },
				"north": { "uv": [ 6.500625, 5.500626, 9.499375, 5.999374 ], "texture": "#crimson_fungus_1" },
				"south": { "uv": [ 6.500625, 5.500626, 9.499375, 5.999374 ], "texture": "#crimson_fungus_1" },
				"west": { "uv": [ 7.500625, 5.000626, 8.499375, 5.499374 ], "texture": "#crimson_fungus_1" },
				"east": { "uv": [ 7.500625, 5.000626, 8.499375, 5.499374 ], "texture": "#crimson_fungus_1" }
			}
		},
		{
			"__comment": "Voxels",
			"from": [ 7.0001, 6.0003, 8.4998 ],
			"to": [ 11.5001, 6.5003, 9.4998 ],
			"faces": {
				"up": { "uv": [ 5.500625, 8.500625, 9.999375, 9.499375 ], "texture": "#crimson_fungus_1" },
				"north": { "uv": [ 5.000625, 9.500625, 9.499375, 9.999375 ], "texture": "#crimson_fungus_1" },
				"south": { "uv": [ 6.500625, 9.500625, 10.99938, 9.999375 ], "texture": "#crimson_fungus_1" },
				"east": { "uv": [ 6.500625, 9.500625, 7.499375, 9.999375 ], "texture": "#crimson_fungus_1" }
			}
		},
		{
			"__comment": "Voxels",
			"from": [ 6.9999, 7.4991, 5.0004 ],
			"to": [ 8.9999, 7.9991, 5.5004 ],
			"faces": {
				"up": { "uv": [ 7.000625, 5.000626, 8.999375, 5.499374 ], "texture": "#crimson_fungus_1" },
				"north": { "uv": [ 7.000625, 8.000625, 8.999375, 8.499375 ], "texture": "#crimson_fungus_1" },
				"west": { "uv": [ 5.500625, 8.000625, 5.999375, 8.499375 ], "texture": "#crimson_fungus_1" },
				"east": { "uv": [ 9.500625, 8.000625, 9.999375, 8.499375 ], "texture": "#crimson_fungus_1" }
			}
		},
		{
			"__comment": "Voxels",
			"from": [ 7.001, 7.5004, 10.4995 ],
			"to": [ 9.001, 8.0004, 10.9995 ],
			"faces": {
				"up": { "uv": [ 7.000625, 10.50062, 8.999375, 10.99938 ], "texture": "#crimson_fungus_1" },
				"south": { "uv": [ 7.000625, 8.000625, 8.999375, 8.499375 ], "texture": "#crimson_fungus_1" },
				"west": { "uv": [ 10.00062, 8.000625, 10.49938, 8.499375 ], "texture": "#crimson_fungus_1" },
				"east": { "uv": [ 5.500625, 8.000625, 5.999375, 8.499375 ], "texture": "#crimson_fungus_1" }
			}
		},
		{
			"__comment": "Voxels",
			"from": [ 7.0007, 9.4997, 5.5002 ],
			"to": [ 9.000701, 9.9997, 6.0002 ],
			"faces": {
				"up": { "uv": [ 7.000625, 5.500626, 8.999375, 5.999374 ], "texture": "#crimson_fungus_1" },
				"north": { "uv": [ 7.000625, 6.000626, 8.999375, 6.499374 ], "texture": "#crimson_fungus_1" },
				"west": { "uv": [ 6.500625, 6.000626, 6.999375, 6.499374 ], "texture": "#crimson_fungus_1" },
				"east": { "uv": [ 9.500625, 6.000626, 9.999375, 6.499374 ], "texture": "#crimson_fungus_1" }
			}
		},
		{
			"__comment": "Voxels",
			"from": [ 6.9997, 9.500199, 10.0002 ],
			"to": [ 8.999701, 10.0002, 10.5002 ],
			"faces": {
				"up": { "uv": [ 7.000625, 10.00062, 8.999375, 10.49938 ], "texture": "#crimson_fungus_1" },
				"south": { "uv": [ 7.000625, 6.000626, 8.999375, 6.499374 ], "texture": "#crimson_fungus_1" },
				"west": { "uv": [ 9.500625, 6.000626, 9.999375, 6.499374 ], "texture": "#crimson_fungus_1" },
				"east": { "uv": [ 6.500625, 6.000626, 6.999375, 6.499374 ], "texture": "#crimson_fungus_1" }
			}
		},
		{
			"__comment": "Voxels",
			"from": [ 6.9997, 10.9991, 7.0002 ],
			"to": [ 8.999701, 11.4991, 7.5002 ],
			"faces": {
				"up": { "uv": [ 7.000625, 7.000626, 8.999375, 7.499374 ], "texture": "#crimson_fungus_1" },
				"north": { "uv": [ 7.000625, 5.000626, 8.999375, 5.499374 ], "texture": "#crimson_fungus_1" },
				"west": { "uv": [ 7.500625, 5.000626, 7.999375, 5.499374 ], "texture": "#crimson_fungus_1" },
				"east": { "uv": [ 8.000625, 5.000626, 8.499375, 5.499374 ], "texture": "#crimson_fungus_1" }
			}
		},
		{
			"__comment": "Voxels",
			"from": [ 7.0001, 11.0008, 8.5006 ],
			"to": [ 9.000099, 11.5008, 9.0006 ],
			"faces": {
				"up": { "uv": [ 7.000625, 8.500625, 8.999375, 8.999375 ], "texture": "#crimson_fungus_1" },
				"south": { "uv": [ 7.000625, 5.000626, 8.999375, 5.499374 ], "texture": "#crimson_fungus_1" },
				"west": { "uv": [ 8.000625, 5.000626, 8.499375, 5.499374 ], "texture": "#crimson_fungus_1" },
				"east": { "uv": [ 7.500625, 5.000626, 7.999375, 5.499374 ], "texture": "#crimson_fungus_1" }
			}
		},
		{
			"__comment": "Voxels",
			"from": [ 7.5005, 6.4996, 8.5005 ],
			"to": [ 11.0005, 7.9996, 9.0005 ],
			"faces": {
				"up": { "uv": [ 7.000625, 8.500625, 10.49938, 8.999375 ], "texture": "#crimson_fungus_1" },
				"north": { "uv": [ 5.500625, 8.000625, 8.999375, 9.499375 ], "texture": "#crimson_fungus_1" },
				"south": { "uv": [ 7.000625, 8.000625, 10.49938, 9.499375 ], "texture": "#crimson_fungus_1" },
				"east": { "uv": [ 7.000625, 8.000625, 7.499375, 9.499375 ], "texture": "#crimson_fungus_1" }
			}
		},
		{
			"__comment": "Voxels",
			"from": [ 7.4995, 7.4997, 7.5009 ],
			"to": [ 10.9995, 7.9997, 8.5009 ],
			"faces": {
				"down": { "uv": [ 6.000625, 8.000625, 9.499375, 8.999375 ], "texture": "#crimson_fungus_1" },
				"up": { "uv": [ 6.500625, 7.500626, 9.999375, 8.499375 ], "texture": "#crimson_fungus_1" },
				"east": { "uv": [ 7.500625, 8.000625, 8.499375, 8.499375 ], "texture": "#crimson_fungus_1" }
			}
		},
		{
			"__comment": "Voxels",
			"from": [ 7.4992, 10.5001, 6.0001 ],
			"to": [ 8.499201, 11.0001, 6.5001 ],
			"faces": {
				"up": { "uv": [ 7.500625, 6.000626, 8.499375, 6.499374 ], "texture": "#crimson_fungus_1" },
				"north": { "uv": [ 7.500625, 5.000626, 8.499375, 5.499374 ], "texture": "#crimson_fungus_1" },
				"west": { "uv": [ 7.000625, 5.000626, 7.499375, 5.499374 ], "texture": "#crimson_fungus_1" },
				"east": { "uv": [ 8.500625, 5.000626, 8.999375, 5.499374 ], "texture": "#crimson_fungus_1" }
			}
		},
		{
			"__comment": "Voxels",
			"from": [ 7.5006, 10.5007, 9.500199 ],
			"to": [ 8.5006, 11.0007, 10.0002 ],
			"faces": {
				"up": { "uv": [ 7.500625, 9.500625, 8.499375, 9.999375 ], "texture": "#crimson_fungus_1" },
				"south": { "uv": [ 7.500625, 5.000626, 8.499375, 5.499374 ], "texture": "#crimson_fungus_1" },
				"west": { "uv": [ 8.500625, 5.000626, 8.999375, 5.499374 ], "texture": "#crimson_fungus_1" },
				"east": { "uv": [ 7.000625, 5.000626, 7.499375, 5.499374 ], "texture": "#crimson_fungus_1" }
			}
		},
		{
			"__comment": "Voxels",
			"from": [ 7.5006, 11.0001, 6.5007 ],
			"to": [ 8.500599, 11.5001, 7.0007 ],
			"faces": {
				"up": { "uv": [ 7.500625, 6.500626, 8.499375, 6.999374 ], "texture": "#crimson_fungus_1" },
				"north": { "uv": [ 7.500625, 5.000626, 8.499375, 5.499374 ], "texture": "#crimson_fungus_1" },
				"west": { "uv": [ 7.500625, 5.000626, 7.999375, 5.499374 ], "texture": "#crimson_fungus_1" },
				"east": { "uv": [ 7.500625, 5.000626, 7.999375, 5.499374 ], "texture": "#crimson_fungus_1" }
			}
		},
		{
			"__comment": "Voxels",
			"from": [ 7.5006, 11.0009, 8.9994 ],
			"to": [ 8.500599, 11.5009, 9.4994 ],
			"faces": {
				"up": { "uv": [ 7.500625, 9.000625, 8.499375, 9.499375 ], "texture": "#crimson_fungus_1" },
				"south": { "uv": [ 7.500625, 5.000626, 8.499375, 5.499374 ], "texture": "#crimson_fungus_1" },
				"west": { "uv": [ 8.000625, 5.000626, 8.499375, 5.499374 ], "texture": "#crimson_fungus_1" },
				"east": { "uv": [ 7.000625, 5.000626, 7.499375, 5.499374 ], "texture": "#crimson_fungus_1" }
			}
		},
		{
			"__comment": "Voxels",
			"from": [ 8.500299, 6.5009, 7.4999 ],
			"to": [ 11.0003, 7.5009, 8.4999 ],
			"faces": {
				"down": { "uv": [ 8.000625, 7.500626, 10.49938, 8.499375 ], "texture": "#crimson_fungus_1" },
				"west": { "uv": [ 7.500625, 8.500625, 8.499375, 9.499375 ], "texture": "#crimson_fungus_1" },
				"east": { "uv": [ 7.500625, 8.500625, 8.499375, 9.499375 ], "texture": "#crimson_fungus_1" }
			}
		},
		{
			"__comment": "Voxels",
			"from": [ 8.9992, 6.0004, 7.4999 ],
			"to": [ 11.4992, 6.5004, 8.4999 ],
			"faces": {
				"up": { "uv": [ 7.000625, 7.500626, 9.499375, 8.499375 ], "texture": "#crimson_fungus_1" },
				"west": { "uv": [ 7.500625, 9.500625, 8.499375, 9.999375 ], "texture": "#crimson_fungus_1" },
				"east": { "uv": [ 7.500625, 9.500625, 8.499375, 9.999375 ], "texture": "#crimson_fungus_1" }
			}
		},
		{
			"__comment": "Voxels",
			"from": [ 4.5009, 6.0005, 7.4997 ],
			"to": [ 7.0009, 6.5005, 9.499701 ],
			"faces": {
				"up": { "uv": [ 5.500625, 7.500626, 7.999375, 9.499375 ], "texture": "#crimson_fungus_1" },
				"south": { "uv": [ 5.000625, 9.500625, 7.499375, 9.999375 ], "texture": "#crimson_fungus_1" },
				"west": { "uv": [ 7.500625, 9.500625, 9.499375, 9.999375 ], "texture": "#crimson_fungus_1" },
				"east": { "uv": [ 6.500625, 9.500625, 8.499375, 9.999375 ], "texture": "#crimson_fungus_1" }
			}
		},
		{
			"__comment": "Voxels",
			"from": [ 5.0006, 3.4991, 7.4998 ],
			"to": [ 11.0006, 4.4991, 8.499798 ],
			"faces": {
				"down": { "uv": [ 5.000625, 10.00062, 10.99938, 10.99938 ], "texture": "#crimson_fungus_1" },
				"north": { "uv": [ 5.500625, 11.50062, 9.999375, 12.49938 ], "texture": "#crimson_fungus_1" },
				"south": { "uv": [ 5.500625, 11.50062, 10.49938, 12.49938 ], "texture": "#crimson_fungus_1" },
				"west": { "uv": [ 7.500625, 11.50062, 8.499375, 12.49938 ], "texture": "#crimson_fungus_1" },
				"east": { "uv": [ 7.500625, 11.50062, 8.499375, 12.49938 ], "texture": "#crimson_fungus_1" }
			}
		},
		{
			"__comment": "Voxels",
			"from": [ 5.0003, 4.0005, 6.5004 ],
			"to": [ 11.0003, 4.5005, 7.5004 ],
			"faces": {
				"down": { "uv": [ 5.000625, 9.000625, 10.99938, 9.999375 ], "texture": "#crimson_fungus_1" },
				"north": { "uv": [ 5.000625, 11.50062, 10.99938, 11.99938 ], "texture": "#crimson_fungus_1" },
				"west": { "uv": [ 6.500625, 11.50062, 7.499375, 11.99938 ], "texture": "#crimson_fungus_1" },
				"east": { "uv": [ 8.500625, 11.50062, 9.499375, 11.99938 ], "texture": "#crimson_fungus_1" }
			}
		},
		{
			"__comment": "Voxels",
			"from": [ 5.0009, 6.5002, 8.9999 ],
			"to": [ 11.00089, 7.5002, 9.4999 ],
			"faces": {
				"down": { "uv": [ 5.000625, 10.50062, 10.99938, 10.99938 ], "texture": "#crimson_fungus_1" },
				"up": { "uv": [ 5.000625, 9.500625, 10.99938, 9.999375 ], "texture": "#crimson_fungus_1" },
				"north": { "uv": [ 5.000625, 9.000625, 10.49938, 9.999375 ], "texture": "#crimson_fungus_1" },
				"south": { "uv": [ 5.000625, 9.000625, 10.49938, 9.999375 ], "texture": "#crimson_fungus_1" },
				"west": { "uv": [ 9.000625, 8.500625, 9.499375, 9.499375 ], "texture": "#crimson_fungus_1" },
				"east": { "uv": [ 6.500625, 8.500625, 6.999375, 9.499375 ], "texture": "#crimson_fungus_1" }
			}
		},
		{
			"__comment": "Voxels",
			"from": [ 5.5, 3.5008, 6.5 ],
			"to": [ 10.5, 4.0008, 7.5 ],
			"faces": {
				"down": { "uv": [ 5.500625, 8.500625, 10.49938, 9.499375 ], "texture": "#crimson_fungus_1" },
				"north": { "uv": [ 5.500625, 12.00062, 10.49938, 12.49938 ], "texture": "#crimson_fungus_1" },
				"west": { "uv": [ 6.500625, 12.00062, 7.499375, 12.49938 ], "texture": "#crimson_fungus_1" },
				"east": { "uv": [ 8.500625, 12.00062, 9.499375, 12.49938 ], "texture": "#crimson_fungus_1" }
			}
		},
		{
			"__comment": "Voxels",
			"from": [ 5.4997, 3.501, 8.4998 ],
			"to": [ 10.4997, 4.001, 9.4998 ],
			"faces": {
				"down": { "uv": [ 5.500625, 7.000626, 10.49938, 7.999374 ], "texture": "#crimson_fungus_1" },
				"south": { "uv": [ 5.500625, 12.00062, 10.49938, 12.49938 ], "texture": "#crimson_fungus_1" },
				"west": { "uv": [ 8.500625, 12.00062, 9.499375, 12.49938 ], "texture": "#crimson_fungus_1" },
				"east": { "uv": [ 6.500625, 12.00062, 7.499375, 12.49938 ], "texture": "#crimson_fungus_1" }
			}
		},
		{
			"__comment": "Voxels",
			"from": [ 5.5003, 4.4992, 10.0009 ],
			"to": [ 10.5003, 4.9992, 10.5009 ],
			"faces": {
				"down": { "uv": [ 5.500625, 7.500626, 10.49938, 7.999374 ], "texture": "#crimson_fungus_1" },
				"south": { "uv": [ 5.500625, 11.00062, 10.49938, 11.49938 ], "texture": "#crimson_fungus_1" },
				"west": { "uv": [ 10.00062, 11.00062, 10.49938, 11.49938 ], "texture": "#crimson_fungus_1" },
				"east": { "uv": [ 5.500625, 11.00062, 5.999375, 11.49938 ], "texture": "#crimson_fungus_1" }
			}
		},
		{
			"__comment": "Voxels",
			"from": [ 5.5, 5.0005, 10.4999 ],
			"to": [ 10.5, 6.0005, 10.9999 ],
			"faces": {
				"down": { "uv": [ 5.500625, 7.500626, 10.49938, 7.999374 ], "texture": "#crimson_fungus_1" },
				"up": { "uv": [ 5.500625, 10.50062, 10.49938, 10.99938 ], "texture": "#crimson_fungus_1" },
				"south": { "uv": [ 5.500625, 10.00062, 10.49938, 10.99938 ], "texture": "#crimson_fungus_1" },
				"west": { "uv": [ 10.50062, 10.00062, 10.99938, 10.99938 ], "texture": "#crimson_fungus_1" },
				"east": { "uv": [ 5.000625, 10.00062, 5.499375, 10.99938 ], "texture": "#crimson_fungus_1" }
			}
		},
		{
			"__comment": "Voxels",
			"from": [ 5.5006, 6.0002, 5.5005 ],
			"to": [ 10.5006, 6.5002, 6.0005 ],
			"faces": {
				"up": { "uv": [ 5.500625, 7.500626, 10.49938, 7.999374 ], "texture": "#crimson_fungus_1" },
				"north": { "uv": [ 5.500625, 9.500625, 10.49938, 9.999375 ], "texture": "#crimson_fungus_1" },
				"west": { "uv": [ 5.500625, 9.500625, 5.999375, 9.999375 ], "texture": "#crimson_fungus_1" },
				"east": { "uv": [ 10.00062, 9.500625, 10.49938, 9.999375 ], "texture": "#crimson_fungus_1" }
			}
		},
		{
			"__comment": "Voxels",
			"from": [ 5.499, 6.5004, 5.9994 ],
			"to": [ 10.499, 8.000399, 6.4994 ],
			"faces": {
				"up": { "uv": [ 5.500625, 7.500626, 10.49938, 7.999374 ], "texture": "#crimson_fungus_1" },
				"north": { "uv": [ 5.500625, 8.000625, 10.49938, 9.499375 ], "texture": "#crimson_fungus_1" },
				"south": { "uv": [ 5.500625, 8.000625, 10.49938, 9.499375 ], "texture": "#crimson_fungus_1" },
				"west": { "uv": [ 6.000625, 8.000625, 6.499375, 9.499375 ], "texture": "#crimson_fungus_1" },
				"east": { "uv": [ 9.500625, 8.000625, 9.999375, 9.499375 ], "texture": "#crimson_fungus_1" }
			}
		},
		{
			"__comment": "Voxels",
			"from": [ 5.5007, 7.4994, 6.5006 ],
			"to": [ 10.5007, 9.499399, 7.0006 ],
			"faces": {
				"up": { "uv": [ 5.500625, 7.500626, 10.49938, 7.999374 ], "texture": "#crimson_fungus_1" },
				"north": { "uv": [ 6.000625, 6.500626, 9.999375, 8.499375 ], "texture": "#crimson_fungus_1" },
				"south": { "uv": [ 6.000625, 6.500626, 9.999375, 8.499375 ], "texture": "#crimson_fungus_1" },
				"west": { "uv": [ 6.500625, 6.500626, 6.999375, 8.499375 ], "texture": "#crimson_fungus_1" },
				"east": { "uv": [ 9.000625, 6.500626, 9.499375, 8.499375 ], "texture": "#crimson_fungus_1" }
			}
		},
		{
			"__comment": "Voxels",
			"from": [ 5.4999, 8, 7.0002 ],
			"to": [ 10.4999, 10, 9.0002 ],
			"faces": {
				"down": { "uv": [ 5.500625, 7.000626, 10.49938, 8.999375 ], "texture": "#crimson_fungus_1" },
				"up": { "uv": [ 5.500625, 8.000625, 10.49938, 9.999375 ], "texture": "#crimson_fungus_1" },
				"north": { "uv": [ 5.500625, 7.500626, 10.49938, 9.499375 ], "texture": "#crimson_fungus_1" },
				"south": { "uv": [ 5.500625, 7.500626, 10.49938, 9.499375 ], "texture": "#crimson_fungus_1" },
				"west": { "uv": [ 7.000625, 6.000626, 8.999375, 7.999374 ], "texture": "#crimson_fungus_1" },
				"east": { "uv": [ 7.000625, 6.000626, 8.999375, 7.999374 ], "texture": "#crimson_fungus_1" }
			}
		},
		{
			"__comment": "Voxels",
			"from": [ 6.0004, 2.9991, 6.5005 ],
			"to": [ 10.0004, 3.4991, 9.5005 ],
			"faces": {
				"down": { "uv": [ 6.000625, 6.500626, 9.999375, 9.499375 ], "texture": "#crimson_fungus_1" },
				"up": { "uv": [ 6.000625, 6.500626, 9.999375, 9.499375 ], "texture": "#crimson_fungus_1" },
				"north": { "uv": [ 6.000625, 12.50062, 9.999375, 12.99938 ], "texture": "#crimson_fungus_1" },
				"south": { "uv": [ 6.000625, 12.50062, 9.999375, 12.99938 ], "texture": "#crimson_fungus_1" },
				"west": { "uv": [ 6.500625, 12.50062, 9.499375, 12.99938 ], "texture": "#crimson_fungus_1" },
				"east": { "uv": [ 6.500625, 12.50062, 9.499375, 12.99938 ], "texture": "#crimson_fungus_1" }
			}
		},
		{
			"__comment": "Voxels",
			"from": [ 6.0002, 3.4992, 6.0004 ],
			"to": [ 10.0002, 3.9992, 6.5004 ],
			"faces": {
				"down": { "uv": [ 6.000625, 9.500625, 9.999375, 9.999375 ], "texture": "#crimson_fungus_1" },
				"north": { "uv": [ 6.000625, 12.00062, 9.999375, 12.49938 ], "texture": "#crimson_fungus_1" },
				"west": { "uv": [ 6.000625, 12.00062, 6.499375, 12.49938 ], "texture": "#crimson_fungus_1" },
				"east": { "uv": [ 9.500625, 12.00062, 9.999375, 12.49938 ], "texture": "#crimson_fungus_1" }
			}
		},
		{
			"__comment": "Voxels",
			"from": [ 6.0004, 3.4991, 9.5 ],
			"to": [ 10.0004, 3.9991, 10 ],
			"faces": {
				"down": { "uv": [ 6.000625, 6.500626, 9.999375, 6.999374 ], "texture": "#crimson_fungus_1" },
				"south": { "uv": [ 6.000625, 12.00062, 9.999375, 12.49938 ], "texture": "#crimson_fungus_1" },
				"west": { "uv": [ 9.500625, 12.00062, 9.999375, 12.49938 ], "texture": "#crimson_fungus_1" },
				"east": { "uv": [ 6.000625, 12.00062, 6.499375, 12.49938 ], "texture": "#crimson_fungus_1" }
			}
		},
		{
			"__comment": "Voxels",
			"from": [ 5.9995, 4.0002, 9.9991 ],
			"to": [ 9.9995, 4.5002, 10.49909 ],
			"faces": {
				"down": { "uv": [ 6.000625, 6.000626, 9.999375, 6.499374 ], "texture": "#crimson_fungus_1" },
				"south": { "uv": [ 6.000625, 11.50062, 9.999375, 11.99938 ], "texture": "#crimson_fungus_1" },
				"west": { "uv": [ 10.00062, 11.50062, 10.49938, 11.99938 ], "texture": "#crimson_fungus_1" },
				"east": { "uv": [ 5.500625, 11.50062, 5.999375, 11.99938 ], "texture": "#crimson_fungus_1" }
			}
		},
		{
			"__comment": "Voxels",
			"from": [ 6.0009, 6.4991, 5.4992 ],
			"to": [ 10.0009, 7.9991, 5.9992 ],
			"faces": {
				"up": { "uv": [ 6.000625, 6.000626, 9.999375, 6.499374 ], "texture": "#crimson_fungus_1" },
				"north": { "uv": [ 6.000625, 8.000625, 9.999375, 9.499375 ], "texture": "#crimson_fungus_1" },
				"west": { "uv": [ 5.500625, 8.000625, 5.999375, 9.499375 ], "texture": "#crimson_fungus_1" },
				"east": { "uv": [ 10.00062, 8.000625, 10.49938, 9.499375 ], "texture": "#crimson_fungus_1" }
			}
		},
		{
			"__comment": "Voxels",
			"from": [ 5.9998, 8.0005, 6.0006 ],
			"to": [ 9.999801, 9.5005, 6.5006 ],
			"faces": {
				"up": { "uv": [ 6.000625, 6.000626, 9.999375, 6.499374 ], "texture": "#crimson_fungus_1" },
				"north": { "uv": [ 6.000625, 6.500626, 9.999375, 7.999374 ], "texture": "#crimson_fungus_1" },
				"west": { "uv": [ 6.000625, 6.500626, 6.499375, 7.999374 ], "texture": "#crimson_fungus_1" },
				"east": { "uv": [ 9.500625, 6.500626, 9.999375, 7.999374 ], "texture": "#crimson_fungus_1" }
			}
		},
		{
			"__comment": "Voxels",
			"from": [ 6.5008, 0.0009, 7.4993 ],
			"to": [ 9.500799, 3.0009, 7.9993 ],
			"faces": {
				"down": { "uv": [ 6.500625, 14.00062, 9.499375, 14.49938 ], "texture": "#crimson_fungus_1", "cullface": "down" },
				"north": { "uv": [ 6.500625, 13.00062, 9.499375, 15.99938 ], "texture": "#crimson_fungus_1" },
				"west": { "uv": [ 7.500625, 13.00062, 7.999375, 15.99938 ], "texture": "#crimson_fungus_1" },
				"east": { "uv": [ 8.000625, 13.00062, 8.499375, 15.99938 ], "texture": "#crimson_fungus_1" }
			}
		},
		{
			"__comment": "Voxels",
			"from": [ 6.4998, 0.0007, 7.9999 ],
			"to": [ 8.9998, 3.0007, 8.499899 ],
			"faces": {
				"down": { "uv": [ 6.500625, 13.50062, 8.999375, 13.99938 ], "texture": "#crimson_fungus_1", "cullface": "down" },
				"south": { "uv": [ 6.500625, 13.00062, 8.999375, 15.99938 ], "texture": "#crimson_fungus_1" },
				"west": { "uv": [ 8.000625, 13.00062, 8.499375, 15.99938 ], "texture": "#crimson_fungus_1" },
				"east": { "uv": [ 7.500625, 13.00062, 7.999375, 15.99938 ], "texture": "#crimson_fungus_1" }
			}
		},
		{
			"__comment": "Voxels",
			"from": [ 6.4993, 2.999, 6 ],
			"to": [ 9.4993, 3.499, 6.5 ],
			"faces": {
				"down": { "uv": [ 6.500625, 14.00062, 9.499375, 14.49938 ], "texture": "#crimson_fungus_1" },
				"north": { "uv": [ 6.500625, 12.50062, 9.499375, 12.99938 ], "texture": "#crimson_fungus_1" },
				"west": { "uv": [ 6.000625, 12.50062, 6.499375, 12.99938 ], "texture": "#crimson_fungus_1" },
				"east": { "uv": [ 9.500625, 12.50062, 9.999375, 12.99938 ], "texture": "#crimson_fungus_1" }
			}
		},
		{
			"__comment": "Voxels",
			"from": [ 6.4993, 2.9996, 9.4998 ],
			"to": [ 9.4993, 3.4996, 9.9998 ],
			"faces": {
				"down": { "uv": [ 6.500625, 14.00062, 9.499375, 14.49938 ], "texture": "#crimson_fungus_1" },
				"south": { "uv": [ 6.500625, 12.50062, 9.499375, 12.99938 ], "texture": "#crimson_fungus_1" },
				"west": { "uv": [ 9.500625, 12.50062, 9.999375, 12.99938 ], "texture": "#crimson_fungus_1" },
				"east": { "uv": [ 6.000625, 12.50062, 6.499375, 12.99938 ], "texture": "#crimson_fungus_1" }
			}
		},
		{
			"__comment": "Voxels",
			"from": [ 6.5005, 3.5002, 5.4993 ],
			"to": [ 9.5005, 4.0002, 5.9993 ],
			"faces": {
				"down": { "uv": [ 6.500625, 14.00062, 9.499375, 14.49938 ], "texture": "#crimson_fungus_1" },
				"north": { "uv": [ 6.500625, 12.00062, 9.499375, 12.49938 ], "texture": "#crimson_fungus_1" },
				"west": { "uv": [ 5.500625, 12.00062, 5.999375, 12.49938 ], "texture": "#crimson_fungus_1" },
				"east": { "uv": [ 10.00062, 12.00062, 10.49938, 12.49938 ], "texture": "#crimson_fungus_1" }
			}
		},
		{
			"__comment": "Voxels",
			"from": [ 6.4999, 3.4994, 10.0004 ],
			"to": [ 9.4999, 3.9994, 10.5004 ],
			"faces": {
				"down": { "uv": [ 6.500625, 5.500626, 9.499375, 5.999374 ], "texture": "#crimson_fungus_1" },
				"south": { "uv": [ 6.500625, 12.00062, 9.499375, 12.49938 ], "texture": "#crimson_fungus_1" },
				"west": { "uv": [ 10.00062, 12.00062, 10.49938, 12.49938 ], "texture": "#crimson_fungus_1" },
				"east": { "uv": [ 5.500625, 12.00062, 5.999375, 12.49938 ], "texture": "#crimson_fungus_1" }
			}
		},
		{
			"__comment": "Voxels",
			"from": [ 7.4994, -0.0008, 6.5003 ],
			"to": [ 7.9994, 2.9992, 7.0003 ],
			"faces": {
				"down": { "uv": [ 7.500625, 14.00062, 7.999375, 14.49938 ], "texture": "#crimson_fungus_1", "cullface": "down" },
				"north": { "uv": [ 8.000625, 13.00062, 8.499375, 15.99938 ], "texture": "#crimson_fungus_1" },
				"west": { "uv": [ 6.500625, 13.00062, 6.999375, 15.99938 ], "texture": "#crimson_fungus_1" }
			}
		},
		{
			"__comment": "Voxels",
			"from": [ 7.5, 0.0002, 8.9998 ],
			"to": [ 8.5, 3.0002, 9.4998 ],
			"faces": {
				"down": { "uv": [ 7.000625, 14.00062, 7.999375, 14.49938 ], "texture": "#crimson_fungus_1", "cullface": "down" },
				"south": { "uv": [ 7.500625, 13.00062, 8.499375, 15.99938 ], "texture": "#crimson_fungus_1" },
				"west": { "uv": [ 9.000625, 13.00062, 9.499375, 15.99938 ], "texture": "#crimson_fungus_1" },
				"east": { "uv": [ 6.500625, 13.00062, 6.999375, 15.99938 ], "texture": "#crimson_fungus_1" }
			}
		},
		{
			"__comment": "Voxels",
			"from": [ 7.5001, 3.5, 4.9998 ],
			"to": [ 8.500099, 4, 5.4998 ],
			"faces": {
				"down": { "uv": [ 7.500625, 12.00062, 8.499375, 12.49938 ], "texture": "#crimson_fungus_1" },
				"north": { "uv": [ 7.500625, 12.00062, 8.499375, 12.49938 ], "texture": "#crimson_fungus_1" },
				"west": { "uv": [ 5.500625, 12.00062, 5.999375, 12.49938 ], "texture": "#crimson_fungus_1" },
				"east": { "uv": [ 10.00062, 12.00062, 10.49938, 12.49938 ], "texture": "#crimson_fungus_1" }
			}
		},
		{
			"__comment": "Voxels",
			"from": [ 7.4991, 3.5002, 10.4996 ],
			"to": [ 8.4991, 4.0002, 10.9996 ],
			"faces": {
				"down": { "uv": [ 8.000625, 13.00062, 8.999375, 13.49938 ], "texture": "#crimson_fungus_1" },
				"south": { "uv": [ 7.500625, 12.00062, 8.499375, 12.49938 ], "texture": "#crimson_fungus_1" },
				"west": { "uv": [ 10.00062, 12.00062, 10.49938, 12.49938 ], "texture": "#crimson_fungus_1" },
				"east": { "uv": [ 5.500625, 12.00062, 5.999375, 12.49938 ], "texture": "#crimson_fungus_1" }
			}
		},
		{
			"__comment": "PlaneZ89",
			"from": [ -0.0005, 0, 8.0004 ],
			"to": [ 15.9995, 4.5, 8.0014 ],
			"faces": {
				"north": { "uv": [ 0.000625, 11.50062, 15.99938, 15.99938 ], "texture": "#crimson_fungus_1" },
				"south": { "uv": [ 0.000625, 11.50062, 15.99938, 15.99938 ], "texture": "#crimson_fungus_1" }
			}
		},
		{
			"__comment": "PlaneZ89",
			"from": [ 7.9991, -0.001, -0.0005 ],
			"to": [ 8.000099, 4.499, 15.9995 ],
			"faces": {
				"west": { "uv": [ 0.500625, 11.50062, 15.99938, 15.99938 ], "texture": "#crimson_fungus_1" },
				"east": { "uv": [ 0.000625, 11.50062, 15.49938, 15.99938 ], "texture": "#crimson_fungus_1" }
			}
		},
		{
			"__comment": "PlaneZ89",
			"from": [ 13.499, 0.0008, 2.501 ],
			"to": [ 13.5, 4.5008, 18.501 ],
			"rotation": { "origin": [ 13.5, 0, 2.5 ], "axis": "y", "angle": -45 },
			"faces": {
				"west": { "uv": [ 0.500625, 11.50062, 15.99938, 15.99938 ], "texture": "#crimson_fungus_1" },
				"east": { "uv": [ 0.000625, 11.50062, 15.49938, 15.99938 ], "texture": "#crimson_fungus_1" }
			}
		},
		{
			"__comment": "PlaneZ89",
			"from": [ 13.4991, -0.0008, -2.5 ],
			"to": [ 13.5001, 4.4992, 13.5 ],
			"rotation": { "origin": [ 13.5, 0, 13.5 ], "axis": "y", "angle": 45 },
			"faces": {
				"west": { "uv": [ 0.000625, 11.50062, 15.49938, 15.99938 ], "texture": "#crimson_fungus_1" },
				"east": { "uv": [ 0.500625, 11.50062, 15.99938, 15.99938 ], "texture": "#crimson_fungus_1" }
			}
		},
		{
			"__comment": "PlaneZ89",
			"from": [ 11, -0.0004, -0.5008 ],
			"to": [ 11.00101, 4.499599, 15.4992 ],
			"rotation": { "origin": [ 11, 0, 15.5 ], "axis": "y", "angle": 22.5 },
			"faces": {
				"west": { "uv": [ 0.000625, 11.50062, 15.49938, 15.99938 ], "texture": "#crimson_fungus_1" },
				"east": { "uv": [ 0.500625, 11.50062, 15.99938, 15.99938 ], "texture": "#crimson_fungus_1" }
			}
		},
		{
			"__comment": "PlaneZ89",
			"from": [ 5.0005, 0.0009, -0.4997 ],
			"to": [ 5.0015, 4.5009, 15.5003 ],
			"rotation": { "origin": [ 5, 0, 15.5 ], "axis": "y", "angle": -22.5 },
			"faces": {
				"west": { "uv": [ 0.000625, 11.50062, 15.49938, 15.99938 ], "texture": "#crimson_fungus_1" },
				"east": { "uv": [ 0.500625, 11.50062, 15.99938, 15.99938 ], "texture": "#crimson_fungus_1" }
			}
		},
		{
			"__comment": "PlaneZ89",
			"from": [ 0.5009, 0.0008, 5.0006 ],
			"to": [ 16.5009, 4.5008, 5.0016 ],
			"rotation": { "origin": [ 0.5, 0, 5 ], "axis": "y", "angle": -22.5 },
			"faces": {
				"north": { "uv": [ 0.000625, 11.50062, 15.49938, 15.99938 ], "texture": "#crimson_fungus_1" },
				"south": { "uv": [ 0.500625, 11.50062, 15.99938, 15.99938 ], "texture": "#crimson_fungus_1" }
			}
		},
		{
			"__comment": "PlaneZ89",
			"from": [ -0.5003, -0.0005, 4.9995 ],
			"to": [ 15.4997, 4.4995, 5.0005 ],
			"rotation": { "origin": [ 15.5, 0, 5 ], "axis": "y", "angle": 22.5 },
			"faces": {
				"north": { "uv": [ 0.500625, 11.50062, 15.99938, 15.99938 ], "texture": "#crimson_fungus_1" },
				"south": { "uv": [ 0.000625, 11.50062, 15.49938, 15.99938 ], "texture": "#crimson_fungus_1" }
			}
		}
	],
	"display": {
		"thirdperson_righthand": {
			"rotation":  [ 0, 45, 0 ],
			"translation":  [ 0, 3.5, 2 ],
			"scale":  [ 0.375, 0.375, 0.375 ]
		},
		"thirdperson_lefthand": {
			"rotation":  [ 0, 45, 0 ],
			"translation":  [ 0, 3.5, 2 ],
			"scale":  [ 0.375, 0.375, 0.375 ]
		},
		"firstperson_righthand": {
			"rotation":  [ 0, 45, 0 ],
			"translation":  [ 2, 3, 0 ],
			"scale":  [ 0.4, 0.4, 0.4 ]
		},
		"firstperson_lefthand": {
			"rotation":  [ 0, 45, 0 ],
			"translation":  [ 2, 3, 0 ],
			"scale":  [ 0.4, 0.4, 0.4 ]
		},
		"gui": {
			"rotation":  [ 30, 225, 0 ],
			"translation":  [ 0, 2, 0 ],
			"scale":  [ 1.025, 1.025, 1.025 ]
		},
		"ground": {
			"translation":  [ 0, 3, 0 ],
			"scale":  [ 0.25, 0.25, 0.25 ]
		}
	}
}