{
	"__comment": "Designed by Intermacgod with BDcraft Cubik PRO 0.87 Beta - http://bdcraft.net",
	"gui_light": "front",
	"ambientocclusion": false,
	"textures": {
		"particle": "block/c/crimson_door/crimson_door",
		"crimson_door_1": "block/c/crimson_door/crimson_door_1",
		"crimson_door_2": "block/c/crimson_door/crimson_door_2",
		"crimson_door_3": "block/c/crimson_door/crimson_door_3",
		"crimson_door_4": "block/c/crimson_door/crimson_door_4"
	},
	"elements": [ 	 
		{
			"__comment": "Element",
			"from": [ 0.4999, 0.0003, 0.5009 ],
			"to": [ 2.4999, 15.5003, 3.5009 ],
			"faces": {
				"down": { "uv": [ 0.500625, 12.50062, 2.499375, 15.49938 ], "texture": "#crimson_door_1", "cullface": "down" },
				"up": { "uv": [ 0.500625, 0.5006247, 2.499375, 3.499375 ], "texture": "#crimson_door_1" },
				"north": { "uv": [ 13.50062, 0.5006247, 15.49938, 15.99938 ], "texture": "#crimson_door_1" },
				"south": { "uv": [ 0.500625, 0.5006247, 2.499375, 15.99938 ], "texture": "#crimson_door_1" },
				"west": { "uv": [ 0.500625, 0.5006247, 3.499375, 15.99938 ], "texture": "#crimson_door_1" },
				"east": { "uv": [ 12.50062, 0.5006247, 15.49938, 15.99938 ], "texture": "#crimson_door_1" }
			}
		},
		{
			"__comment": "Element",
			"from": [ -0.0001, 10.9991, 0.0003 ],
			"to": [ 0.9999001, 12.9991, 0.5003 ],
			"faces": {
				"down": { "uv": [ 0.000625, 0.000624657, 15.99938, 15.99938 ], "texture": "#crimson_door_3", "rotation": 270 },
				"up": { "uv": [ 0.000625, 0.000624657, 15.99938, 15.99938 ], "texture": "#crimson_door_3", "rotation": 90 },
				"north": { "uv": [ 0.000625, 0.000624657, 15.99938, 15.99938 ], "texture": "#crimson_door_3", "cullface": "north" },
				"south": { "uv": [ 0.000625, 0.000624657, 15.99938, 15.99938 ], "texture": "#crimson_door_3" },
				"west": { "uv": [ 0.000625, 0.000624657, 15.99938, 15.99938 ], "texture": "#crimson_door_3", "cullface": "west" }
			}
		},
		{
			"__comment": "Element",
			"from": [ 0, 0, 0 ],
			"to": [ 1, 1, 0.5 ],
			"faces": {
				"down": { "uv": [ 0.000625, 0.000624657, 15.99938, 8.499375 ], "texture": "#crimson_door_3", "cullface": "down", "rotation": 270 },
				"up": { "uv": [ 0.000625, 0.000624657, 15.99938, 7.999374 ], "texture": "#crimson_door_3", "rotation": 90 },
				"north": { "uv": [ 0.000625, 0.000624657, 15.99938, 7.999374 ], "texture": "#crimson_door_3", "cullface": "north" },
				"south": { "uv": [ 0.000625, 0.000624657, 15.99938, 8.499375 ], "texture": "#crimson_door_3" },
				"west": { "uv": [ 0.000625, 0.000624657, 15.99938, 7.999374 ], "texture": "#crimson_door_3", "cullface": "west" }
			}
		},
		{
			"__comment": "Element",
			"from": [ 2.0005, 11, 0.0001 ],
			"to": [ 3.0005, 13, 0.5001 ],
			"faces": {
				"down": { "uv": [ 0.000625, 0.000624657, 15.99938, 15.99938 ], "texture": "#crimson_door_3", "rotation": 270 },
				"up": { "uv": [ 0.000625, 0.000624657, 15.99938, 15.99938 ], "texture": "#crimson_door_3", "rotation": 90 },
				"north": { "uv": [ 0.000625, 0.000624657, 15.99938, 15.99938 ], "texture": "#crimson_door_3", "cullface": "north" },
				"south": { "uv": [ 0.000625, 0.000624657, 15.99938, 15.99938 ], "texture": "#crimson_door_3" },
				"east": { "uv": [ 0.000625, 0.000624657, 15.99938, 15.99938 ], "texture": "#crimson_door_3" }
			}
		},
		{
			"__comment": "Element",
			"from": [ 2.0003, -0.0007, -0.0003 ],
			"to": [ 3.0003, 0.9992999, 0.4997 ],
			"faces": {
				"down": { "uv": [ 0.000625, 0.000624657, 15.99938, 7.999374 ], "texture": "#crimson_door_3", "cullface": "down", "rotation": 270 },
				"up": { "uv": [ 0.000625, 0.000624657, 15.99938, 7.999374 ], "texture": "#crimson_door_3", "rotation": 90 },
				"north": { "uv": [ 0.000625, 0.000624657, 15.99938, 7.999374 ], "texture": "#crimson_door_3", "cullface": "north" },
				"south": { "uv": [ 0.000625, 0.000624657, 15.99938, 7.999374 ], "texture": "#crimson_door_3" },
				"east": { "uv": [ 0.000625, 0.000624657, 15.99938, 7.999374 ], "texture": "#crimson_door_3" }
			}
		},
		{
			"__comment": "Element",
			"from": [ 0.9999, -0.0007, 0.0001 ],
			"to": [ 1.9999, 15.9993, 0.5001 ],
			"faces": {
				"down": { "uv": [ 14.99938, 0.4993753, 14.00062, 0.000624657 ], "texture": "#crimson_door_2", "cullface": "down" },
				"up": { "uv": [ 1.000625, 0.000624657, 1.999375, 0.4993753 ], "texture": "#crimson_door_2", "cullface": "up" },
				"north": { "uv": [ 14.00062, 0.000624657, 14.99938, 15.99938 ], "texture": "#crimson_door_2", "cullface": "north" },
				"south": { "uv": [ 1.000625, 0.000624657, 1.999375, 15.99938 ], "texture": "#crimson_door_2" },
				"west": { "uv": [ 0.000625, 0.000624657, 0.499375, 15.99938 ], "texture": "#crimson_door_2" },
				"east": { "uv": [ 15.50062, 0.000624657, 15.99938, 15.99938 ], "texture": "#crimson_door_2" }
			}
		},
		{
			"__comment": "Element",
			"from": [ 1.0007, -0.0004, 15.4991 ],
			"to": [ 2.0007, 15.9996, 15.9991 ],
			"faces": {
				"down": { "uv": [ 14.99938, 15.99938, 14.00062, 15.50062 ], "texture": "#crimson_door_2", "cullface": "down" },
				"up": { "uv": [ 1.000625, 15.50062, 1.999375, 15.99938 ], "texture": "#crimson_door_2", "cullface": "up" },
				"north": { "uv": [ 14.00062, 0.000624657, 14.99938, 15.99938 ], "texture": "#crimson_door_2" },
				"south": { "uv": [ 1.000625, 0.000624657, 1.999375, 15.99938 ], "texture": "#crimson_door_2", "cullface": "south" },
				"west": { "uv": [ 15.50062, 0.000624657, 15.99938, 15.99938 ], "texture": "#crimson_door_2" },
				"east": { "uv": [ 0.000625, 0.000624657, 0.499375, 15.99938 ], "texture": "#crimson_door_2" }
			}
		},
		{
			"__comment": "Element",
			"from": [ 1.0004, 15.499, 0.4993 ],
			"to": [ 2.0004, 15.999, 15.4993 ],
			"faces": {
				"down": { "uv": [ 14.99938, 15.49938, 14.00062, 0.5006247 ], "texture": "#crimson_door_2" },
				"up": { "uv": [ 1.000625, 0.5006247, 1.999375, 15.49938 ], "texture": "#crimson_door_2", "cullface": "up" },
				"west": { "uv": [ 0.500625, 0.000624657, 15.49938, 0.4993753 ], "texture": "#crimson_door_2" },
				"east": { "uv": [ 0.500625, 0.000624657, 15.49938, 0.4993753 ], "texture": "#crimson_door_2" }
			}
		},
		{
			"__comment": "Element",
			"from": [ 0.5005, 0.0003, 12.9995 ],
			"to": [ 2.500499, 15.5003, 15.4995 ],
			"faces": {
				"down": { "uv": [ 0.500625, 0.5006247, 2.499375, 2.999375 ], "texture": "#crimson_door_1", "cullface": "down" },
				"up": { "uv": [ 0.500625, 13.00062, 2.499375, 15.49938 ], "texture": "#crimson_door_1" },
				"north": { "uv": [ 13.50062, 0.5006247, 15.49938, 15.99938 ], "texture": "#crimson_door_1" },
				"south": { "uv": [ 0.500625, 0.5006247, 2.499375, 15.99938 ], "texture": "#crimson_door_1" },
				"west": { "uv": [ 13.00062, 0.5006247, 15.49938, 15.99938 ], "texture": "#crimson_door_1" },
				"east": { "uv": [ 0.500625, 0.5006247, 2.999375, 15.99938 ], "texture": "#crimson_door_1" }
			}
		},
		{
			"__comment": "Element",
			"from": [ 0.5007, 13.0009, 3.4992 ],
			"to": [ 2.5007, 15.5009, 12.9992 ],
			"faces": {
				"down": { "uv": [ 0.500625, 3.000625, 2.499375, 12.49938 ], "texture": "#crimson_door_1" },
				"up": { "uv": [ 0.500625, 3.500625, 2.499375, 12.99938 ], "texture": "#crimson_door_1" },
				"west": { "uv": [ 3.500625, 0.5006247, 12.99938, 2.999375 ], "texture": "#crimson_door_1" },
				"east": { "uv": [ 3.000625, 0.5006247, 12.49938, 2.999375 ], "texture": "#crimson_door_1" }
			}
		},
		{
			"__comment": "Element",
			"from": [ -0.5007, 0.0009, 13.9998 ],
			"to": [ -0.000699997, 4.5009, 14.4998 ],
			"faces": {
				"down": { "uv": [ 0.000625, 0.000624657, 15.99938, 15.99938 ], "texture": "#crimson_door_4" },
				"up": { "uv": [ 0.000625, 0.000624657, 15.99938, 15.99938 ], "texture": "#crimson_door_4" },
				"north": { "uv": [ 0.000625, 0.000624657, 15.99938, 15.99938 ], "texture": "#crimson_door_4" },
				"south": { "uv": [ 0.000625, 0.000624657, 15.99938, 15.99938 ], "texture": "#crimson_door_4" },
				"west": { "uv": [ 0.000625, 0.000624657, 15.99938, 15.99938 ], "texture": "#crimson_door_4" },
				"east": { "uv": [ 0.000625, 0.000624657, 15.99938, 15.99938 ], "texture": "#crimson_door_4" }
			}
		},
		{
			"__comment": "Element",
			"from": [ -0.0008, 2.499, 14 ],
			"to": [ 0.4992, 2.999, 14.5 ],
			"faces": {
				"down": { "uv": [ 0.000625, 0.000624657, 15.99938, 15.99938 ], "texture": "#crimson_door_4" },
				"up": { "uv": [ 0.000625, 0.000624657, 15.99938, 15.99938 ], "texture": "#crimson_door_4" },
				"north": { "uv": [ 0.000625, 0.000624657, 15.99938, 15.99938 ], "texture": "#crimson_door_4" },
				"south": { "uv": [ 0.000625, 0.000624657, 15.99938, 15.99938 ], "texture": "#crimson_door_4" }
			}
		},
		{
			"__comment": "Element",
			"from": [ 2.5005, 2.4991, 13.9994 ],
			"to": [ 3.0005, 2.9991, 14.4994 ],
			"faces": {
				"down": { "uv": [ 0.000625, 0.000624657, 15.99938, 15.99938 ], "texture": "#crimson_door_4" },
				"up": { "uv": [ 0.000625, 0.000624657, 15.99938, 15.99938 ], "texture": "#crimson_door_4" },
				"north": { "uv": [ 0.000625, 0.000624657, 15.99938, 15.99938 ], "texture": "#crimson_door_4" },
				"south": { "uv": [ 0.000625, 0.000624657, 15.99938, 15.99938 ], "texture": "#crimson_door_4" }
			}
		},
		{
			"__comment": "Element",
			"from": [ 2.9994, -0.0005, 13.9998 ],
			"to": [ 3.4994, 4.4995, 14.4998 ],
			"faces": {
				"down": { "uv": [ 0.000625, 0.000624657, 15.99938, 15.99938 ], "texture": "#crimson_door_4", "cullface": "down" },
				"up": { "uv": [ 0.000625, 0.000624657, 15.99938, 15.99938 ], "texture": "#crimson_door_4" },
				"north": { "uv": [ 0.000625, 0.000624657, 15.99938, 15.99938 ], "texture": "#crimson_door_4" },
				"south": { "uv": [ 0.000625, 0.000624657, 15.99938, 15.99938 ], "texture": "#crimson_door_4" },
				"west": { "uv": [ 0.000625, 0.000624657, 15.99938, 15.99938 ], "texture": "#crimson_door_4" },
				"east": { "uv": [ 0.000625, 0.000624657, 15.99938, 15.99938 ], "texture": "#crimson_door_4" }
			}
		},
		{
			"__comment": "Element",
			"from": [ 1.0002, 0.0003, 3.5007 ],
			"to": [ 2.0002, 13.0003, 13.0007 ],
			"faces": {
				"down": { "uv": [ 14.99938, 12.99938, 14.00062, 3.500625 ], "texture": "#crimson_door_2", "cullface": "down" },
				"west": { "uv": [ 3.500625, 3.000625, 12.99938, 15.99938 ], "texture": "#crimson_door_2" },
				"east": { "uv": [ 3.000625, 3.000625, 12.49938, 15.99938 ], "texture": "#crimson_door_2" }
			}
		},
		{
			"__comment": "Element",
			"from": [ 0.5005, 0.0007, 5.9993 ],
			"to": [ 2.5005, 13.0007, 6.4993 ],
			"faces": {
				"down": { "uv": [ 15.49938, 6.499374, 13.50062, 6.000626 ], "texture": "#crimson_door_1", "cullface": "down" },
				"north": { "uv": [ 13.50062, 3.000625, 15.49938, 15.99938 ], "texture": "#crimson_door_1" },
				"south": { "uv": [ 0.500625, 3.000625, 2.499375, 15.99938 ], "texture": "#crimson_door_1" },
				"west": { "uv": [ 6.000625, 3.000625, 6.499375, 15.99938 ], "texture": "#crimson_door_1" },
				"east": { "uv": [ 9.500625, 3.000625, 9.999375, 15.99938 ], "texture": "#crimson_door_1" }
			}
		},
		{
			"__comment": "Element",
			"from": [ 0.4991, -0.0007, 7.0009 ],
			"to": [ 2.4991, 12.9993, 7.5009 ],
			"faces": {
				"down": { "uv": [ 15.49938, 7.499374, 13.50062, 7.000626 ], "texture": "#crimson_door_1", "cullface": "down" },
				"north": { "uv": [ 13.50062, 3.000625, 15.49938, 15.99938 ], "texture": "#crimson_door_1" },
				"south": { "uv": [ 0.500625, 3.000625, 2.499375, 15.99938 ], "texture": "#crimson_door_1" },
				"west": { "uv": [ 7.000625, 3.000625, 7.499375, 15.99938 ], "texture": "#crimson_door_1" },
				"east": { "uv": [ 8.500625, 3.000625, 8.999375, 15.99938 ], "texture": "#crimson_door_1" }
			}
		},
		{
			"__comment": "Element",
			"from": [ 0.5002, -0.0008, 8.9992 ],
			"to": [ 2.5002, 12.9992, 9.4992 ],
			"faces": {
				"down": { "uv": [ 15.49938, 9.499375, 13.50062, 9.000625 ], "texture": "#crimson_door_1", "cullface": "down" },
				"north": { "uv": [ 13.50062, 3.000625, 15.49938, 15.99938 ], "texture": "#crimson_door_1" },
				"south": { "uv": [ 0.500625, 3.000625, 2.499375, 15.99938 ], "texture": "#crimson_door_1" },
				"west": { "uv": [ 9.000625, 3.000625, 9.499375, 15.99938 ], "texture": "#crimson_door_1" },
				"east": { "uv": [ 6.500625, 3.000625, 6.999375, 15.99938 ], "texture": "#crimson_door_1" }
			}
		},
		{
			"__comment": "Element",
			"from": [ 0.4995, -0.0003, 10.0005 ],
			"to": [ 2.4995, 12.9997, 10.5005 ],
			"faces": {
				"down": { "uv": [ 15.49938, 10.49938, 13.50062, 10.00062 ], "texture": "#crimson_door_1", "cullface": "down" },
				"north": { "uv": [ 13.50062, 3.000625, 15.49938, 15.99938 ], "texture": "#crimson_door_1" },
				"south": { "uv": [ 0.500625, 3.000625, 2.499375, 15.99938 ], "texture": "#crimson_door_1" },
				"west": { "uv": [ 10.00062, 3.000625, 10.49938, 15.99938 ], "texture": "#crimson_door_1" },
				"east": { "uv": [ 5.500625, 3.000625, 5.999375, 15.99938 ], "texture": "#crimson_door_1" }
			}
		},
		{
			"__comment": "Element",
			"from": [ 0.4993, 0, 10.9998 ],
			"to": [ 2.4993, 13, 11.4998 ],
			"faces": {
				"down": { "uv": [ 15.49938, 11.49938, 13.50062, 11.00062 ], "texture": "#crimson_door_1", "cullface": "down" },
				"north": { "uv": [ 13.50062, 3.000625, 15.49938, 15.99938 ], "texture": "#crimson_door_1" },
				"south": { "uv": [ 0.500625, 3.000625, 2.499375, 15.99938 ], "texture": "#crimson_door_1" },
				"west": { "uv": [ 11.00062, 3.000625, 11.49938, 15.99938 ], "texture": "#crimson_door_1" },
				"east": { "uv": [ 4.500625, 3.000625, 4.999375, 15.99938 ], "texture": "#crimson_door_1" }
			}
		},
		{
			"__comment": "Element",
			"from": [ 0.5008, 0.001, 5.0001 ],
			"to": [ 2.5008, 13.001, 5.5001 ],
			"faces": {
				"down": { "uv": [ 15.49938, 5.499374, 13.50062, 5.000626 ], "texture": "#crimson_door_1", "cullface": "down" },
				"north": { "uv": [ 13.50062, 3.000625, 15.49938, 15.99938 ], "texture": "#crimson_door_1" },
				"south": { "uv": [ 0.500625, 3.000625, 2.499375, 15.99938 ], "texture": "#crimson_door_1" },
				"west": { "uv": [ 5.000625, 3.000625, 5.499375, 15.99938 ], "texture": "#crimson_door_1" },
				"east": { "uv": [ 10.50062, 3.000625, 10.99938, 15.99938 ], "texture": "#crimson_door_1" }
			}
		},
		{
			"__comment": "Element",
			"from": [ 0.4993, 0.0006, 7.999 ],
			"to": [ 2.4993, 13.0006, 8.498999 ],
			"faces": {
				"down": { "uv": [ 15.49938, 8.499375, 13.50062, 8.000625 ], "texture": "#crimson_door_1", "cullface": "down" },
				"north": { "uv": [ 13.50062, 3.000625, 15.49938, 15.99938 ], "texture": "#crimson_door_1" },
				"south": { "uv": [ 0.500625, 3.000625, 2.499375, 15.99938 ], "texture": "#crimson_door_1" },
				"west": { "uv": [ 8.000625, 3.000625, 8.499375, 15.99938 ], "texture": "#crimson_door_1" },
				"east": { "uv": [ 7.500625, 3.000625, 7.999375, 15.99938 ], "texture": "#crimson_door_1" }
			}
		},
		{
			"__comment": "Element",
			"from": [ 0.4994, 0.0002, 4.0006 ],
			"to": [ 2.4994, 13.0002, 4.5006 ],
			"faces": {
				"down": { "uv": [ 15.49938, 4.499374, 13.50062, 4.000626 ], "texture": "#crimson_door_1", "cullface": "down" },
				"north": { "uv": [ 13.50062, 3.000625, 15.49938, 15.99938 ], "texture": "#crimson_door_1" },
				"south": { "uv": [ 0.500625, 3.000625, 2.499375, 15.99938 ], "texture": "#crimson_door_1" },
				"west": { "uv": [ 4.000625, 3.000625, 4.499375, 15.99938 ], "texture": "#crimson_door_1" },
				"east": { "uv": [ 11.50062, 3.000625, 11.99938, 15.99938 ], "texture": "#crimson_door_1" }
			}
		},
		{
			"__comment": "Element",
			"from": [ 0.5003, -0.0004, 11.9993 ],
			"to": [ 2.500299, 12.9996, 12.4993 ],
			"faces": {
				"down": { "uv": [ 15.49938, 12.49938, 13.50062, 12.00062 ], "texture": "#crimson_door_1", "cullface": "down" },
				"north": { "uv": [ 13.50062, 3.000625, 15.49938, 15.99938 ], "texture": "#crimson_door_1" },
				"south": { "uv": [ 0.500625, 3.000625, 2.499375, 15.99938 ], "texture": "#crimson_door_1" },
				"west": { "uv": [ 12.00062, 3.000625, 12.49938, 15.99938 ], "texture": "#crimson_door_1" },
				"east": { "uv": [ 3.500625, 3.000625, 3.999375, 15.99938 ], "texture": "#crimson_door_1" }
			}
		}
	]
}