{
	"__comment": "Designed by Intermacgod with BDcraft Cubik PRO 0.87 Beta - http://bdcraft.net",
	"gui_light": "front",
	"ambientocclusion": false,
	"textures": {
		"particle": "block/c/crimson_door/crimson_door",
		"crimson_door_1": "block/c/crimson_door/crimson_door_1",
		"crimson_door_2": "block/c/crimson_door/crimson_door_2",
		"crimson_door_3": "block/c/crimson_door/crimson_door_3",
		"crimson_door_4": "block/c/crimson_door/crimson_door_4"
	},
	"elements": [ 	 
		{
			"__comment": "Element",
			"from": [ 0.5005, 0.4994, 0.4995 ],
			"to": [ 2.5005, 15.9994, 3.4995 ],
			"faces": {
				"down": { "uv": [ 0.500625, 12.50062, 2.499375, 15.49938 ], "texture": "#crimson_door_1" },
				"up": { "uv": [ 0.500625, 0.5006247, 2.499375, 3.499375 ], "texture": "#crimson_door_1", "cullface": "up" },
				"north": { "uv": [ 13.50062, 0.000624657, 15.49938, 15.49938 ], "texture": "#crimson_door_1" },
				"south": { "uv": [ 0.500625, 0.000624657, 2.499375, 15.49938 ], "texture": "#crimson_door_1" },
				"west": { "uv": [ 0.500625, 0.000624657, 3.499375, 15.49938 ], "texture": "#crimson_door_1" },
				"east": { "uv": [ 12.50062, 0.000624657, 15.49938, 15.49938 ], "texture": "#crimson_door_1" }
			}
		},
		{
			"__comment": "Element",
			"from": [ -0.0004, 3, 0.0002 ],
			"to": [ 0.9996001, 5, 0.5002 ],
			"faces": {
				"down": { "uv": [ 0.000625, 0.000624657, 15.99938, 15.99938 ], "texture": "#crimson_door_3", "rotation": 270 },
				"up": { "uv": [ 0.000625, 0.000624657, 15.99938, 15.99938 ], "texture": "#crimson_door_3", "rotation": 90 },
				"north": { "uv": [ 0.000625, 0.000624657, 15.99938, 15.99938 ], "texture": "#crimson_door_3", "cullface": "north" },
				"south": { "uv": [ 0.000625, 0.000624657, 15.99938, 15.99938 ], "texture": "#crimson_door_3" },
				"west": { "uv": [ 0.000625, 0.000624657, 15.99938, 15.99938 ], "texture": "#crimson_door_3", "cullface": "west" }
			}
		},
		{
			"__comment": "Element",
			"from": [ -0.0006, 14.9997, 0.0002 ],
			"to": [ 0.9994, 15.9997, 0.5002 ],
			"faces": {
				"down": { "uv": [ 0.000625, 7.500626, 15.99938, 15.99938 ], "texture": "#crimson_door_3", "rotation": 270 },
				"up": { "uv": [ 0.000625, 8.000625, 15.99938, 15.99938 ], "texture": "#crimson_door_3", "cullface": "up", "rotation": 90 },
				"north": { "uv": [ 0.000625, 8.000625, 15.99938, 15.99938 ], "texture": "#crimson_door_3", "cullface": "north" },
				"south": { "uv": [ 0.000625, 7.500626, 15.99938, 15.99938 ], "texture": "#crimson_door_3" },
				"west": { "uv": [ 0.000625, 8.000625, 15.99938, 15.99938 ], "texture": "#crimson_door_3", "cullface": "west" }
			}
		},
		{
			"__comment": "Element",
			"from": [ 2.0001, 3.0008, 0 ],
			"to": [ 3.0001, 5.0008, 0.5 ],
			"faces": {
				"down": { "uv": [ 0.000625, 0.000624657, 15.99938, 15.99938 ], "texture": "#crimson_door_3", "rotation": 270 },
				"up": { "uv": [ 0.000625, 0.000624657, 15.99938, 15.99938 ], "texture": "#crimson_door_3", "rotation": 90 },
				"north": { "uv": [ 0.000625, 0.000624657, 15.99938, 15.99938 ], "texture": "#crimson_door_3", "cullface": "north" },
				"south": { "uv": [ 0.000625, 0.000624657, 15.99938, 15.99938 ], "texture": "#crimson_door_3" },
				"east": { "uv": [ 0.000625, 0.000624657, 15.99938, 15.99938 ], "texture": "#crimson_door_3" }
			}
		},
		{
			"__comment": "Element",
			"from": [ 2.0002, 15.0009, 0.0003 ],
			"to": [ 3.0002, 16.0009, 0.5003 ],
			"faces": {
				"down": { "uv": [ 0.000625, 8.000625, 15.99938, 15.99938 ], "texture": "#crimson_door_3", "rotation": 270 },
				"up": { "uv": [ 0.000625, 8.000625, 15.99938, 15.99938 ], "texture": "#crimson_door_3", "cullface": "up", "rotation": 90 },
				"north": { "uv": [ 0.000625, 8.000625, 15.99938, 15.99938 ], "texture": "#crimson_door_3", "cullface": "north" },
				"south": { "uv": [ 0.000625, 8.000625, 15.99938, 15.99938 ], "texture": "#crimson_door_3" },
				"east": { "uv": [ 0.000625, 8.000625, 15.99938, 15.99938 ], "texture": "#crimson_door_3" }
			}
		},
		{
			"__comment": "Element",
			"from": [ 1.0003, 0.4992, 0.0005 ],
			"to": [ 2.0003, 15.9992, 0.5005 ],
			"faces": {
				"down": { "uv": [ 14.99938, 0.4993753, 14.00062, 0.000624657 ], "texture": "#crimson_door_2" },
				"up": { "uv": [ 1.000625, 0.000624657, 1.999375, 0.4993753 ], "texture": "#crimson_door_2", "cullface": "up" },
				"north": { "uv": [ 14.00062, 0.000624657, 14.99938, 15.49938 ], "texture": "#crimson_door_2", "cullface": "north" },
				"west": { "uv": [ 0.000625, 0.000624657, 0.499375, 15.49938 ], "texture": "#crimson_door_2" },
				"east": { "uv": [ 15.50062, 0.000624657, 15.99938, 15.49938 ], "texture": "#crimson_door_2" }
			}
		},
		{
			"__comment": "Element",
			"from": [ 1.0007, 0.5003, 15.5006 ],
			"to": [ 2.0007, 16.0003, 16.0006 ],
			"faces": {
				"down": { "uv": [ 14.99938, 15.99938, 14.00062, 15.50062 ], "texture": "#crimson_door_2" },
				"up": { "uv": [ 1.000625, 15.50062, 1.999375, 15.99938 ], "texture": "#crimson_door_2", "cullface": "up" },
				"south": { "uv": [ 1.000625, 0.000624657, 1.999375, 15.49938 ], "texture": "#crimson_door_2", "cullface": "south" },
				"west": { "uv": [ 15.50062, 0.000624657, 15.99938, 15.49938 ], "texture": "#crimson_door_2" },
				"east": { "uv": [ 0.000625, 0.000624657, 0.499375, 15.49938 ], "texture": "#crimson_door_2" }
			}
		},
		{
			"__comment": "Element",
			"from": [ 0.5005, 0.5006, 12.9991 ],
			"to": [ 2.5005, 16.0006, 15.4991 ],
			"faces": {
				"down": { "uv": [ 0.500625, 0.5006247, 2.499375, 2.999375 ], "texture": "#crimson_door_1" },
				"up": { "uv": [ 0.500625, 13.00062, 2.499375, 15.49938 ], "texture": "#crimson_door_1", "cullface": "up" },
				"north": { "uv": [ 13.50062, 0.000624657, 15.49938, 15.49938 ], "texture": "#crimson_door_1" },
				"south": { "uv": [ 0.500625, 0.000624657, 2.499375, 15.49938 ], "texture": "#crimson_door_1" },
				"west": { "uv": [ 13.00062, 0.000624657, 15.49938, 15.49938 ], "texture": "#crimson_door_1" },
				"east": { "uv": [ 0.500625, 0.000624657, 2.999375, 15.49938 ], "texture": "#crimson_door_1" }
			}
		},
		{
			"__comment": "Element",
			"from": [ 0.5006, 0.4993, 3.4992 ],
			"to": [ 2.5006, 2.9993, 12.9992 ],
			"faces": {
				"down": { "uv": [ 0.500625, 3.000625, 2.499375, 12.49938 ], "texture": "#crimson_door_1" },
				"up": { "uv": [ 0.500625, 3.500625, 2.499375, 12.99938 ], "texture": "#crimson_door_1" },
				"west": { "uv": [ 3.500625, 13.00062, 12.99938, 15.49938 ], "texture": "#crimson_door_1" },
				"east": { "uv": [ 3.000625, 13.00062, 12.49938, 15.49938 ], "texture": "#crimson_door_1" }
			}
		},
		{
			"__comment": "Element",
			"from": [ -0.0009, 13.0005, 14.0001 ],
			"to": [ 0.4991, 13.5005, 14.5001 ],
			"faces": {
				"down": { "uv": [ 0.000625, 0.000624657, 15.99938, 15.99938 ], "texture": "#crimson_door_4" },
				"up": { "uv": [ 0.000625, 0.000624657, 15.99938, 15.99938 ], "texture": "#crimson_door_4" },
				"north": { "uv": [ 0.000625, 0.000624657, 15.99938, 15.99938 ], "texture": "#crimson_door_4" },
				"south": { "uv": [ 0.000625, 0.000624657, 15.99938, 15.99938 ], "texture": "#crimson_door_4" }
			}
		},
		{
			"__comment": "Element",
			"from": [ 2.5002, 13.0007, 13.9998 ],
			"to": [ 3.0002, 13.5007, 14.4998 ],
			"faces": {
				"down": { "uv": [ 0.000625, 0.000624657, 15.99938, 15.99938 ], "texture": "#crimson_door_4" },
				"up": { "uv": [ 0.000625, 0.000624657, 15.99938, 15.99938 ], "texture": "#crimson_door_4" },
				"north": { "uv": [ 0.000625, 0.000624657, 15.99938, 15.99938 ], "texture": "#crimson_door_4" },
				"south": { "uv": [ 0.000625, 0.000624657, 15.99938, 15.99938 ], "texture": "#crimson_door_4" }
			}
		},
		{
			"__comment": "Element",
			"from": [ -0.4995, 11.5008, 14.0009 ],
			"to": [ 0.000500083, 16.0008, 14.5009 ],
			"faces": {
				"down": { "uv": [ 0.000625, 0.000624657, 15.99938, 15.99938 ], "texture": "#crimson_door_4" },
				"up": { "uv": [ 0.000625, 0.000624657, 15.99938, 15.99938 ], "texture": "#crimson_door_4" },
				"north": { "uv": [ 0.000625, 0.000624657, 15.99938, 15.99938 ], "texture": "#crimson_door_4" },
				"south": { "uv": [ 0.000625, 0.000624657, 15.99938, 15.99938 ], "texture": "#crimson_door_4" },
				"west": { "uv": [ 0.000625, 0.000624657, 15.99938, 15.99938 ], "texture": "#crimson_door_4" },
				"east": { "uv": [ 0.000625, 0.000624657, 15.99938, 15.99938 ], "texture": "#crimson_door_4" }
			}
		},
		{
			"__comment": "Element",
			"from": [ 2.9998, 11.4991, 13.999 ],
			"to": [ 3.4998, 15.9991, 14.499 ],
			"faces": {
				"down": { "uv": [ 0.000625, 0.000624657, 15.99938, 15.99938 ], "texture": "#crimson_door_4" },
				"up": { "uv": [ 0.000625, 0.000624657, 15.99938, 15.99938 ], "texture": "#crimson_door_4", "cullface": "up" },
				"north": { "uv": [ 0.000625, 0.000624657, 15.99938, 15.99938 ], "texture": "#crimson_door_4" },
				"south": { "uv": [ 0.000625, 0.000624657, 15.99938, 15.99938 ], "texture": "#crimson_door_4" },
				"west": { "uv": [ 0.000625, 0.000624657, 15.99938, 15.99938 ], "texture": "#crimson_door_4" },
				"east": { "uv": [ 0.000625, 0.000624657, 15.99938, 15.99938 ], "texture": "#crimson_door_4" }
			}
		},
		{
			"__comment": "Element",
			"from": [ 0.9997, 3.0004, 3.5008 ],
			"to": [ 1.9997, 16.0004, 13.0008 ],
			"faces": {
				"up": { "uv": [ 1.000625, 3.500625, 1.999375, 12.99938 ], "texture": "#crimson_door_2", "cullface": "up" },
				"west": { "uv": [ 3.500625, 0.000624657, 12.99938, 12.99938 ], "texture": "#crimson_door_2" },
				"east": { "uv": [ 3.000625, 0.000624657, 12.49938, 12.99938 ], "texture": "#crimson_door_2" }
			}
		},
		{
			"__comment": "Element",
			"from": [ 0.5, 2.9999, 4.0002 ],
			"to": [ 2.5, 15.9999, 4.5002 ],
			"faces": {
				"up": { "uv": [ 0.500625, 4.000626, 2.499375, 4.499374 ], "texture": "#crimson_door_1", "cullface": "up" },
				"north": { "uv": [ 13.50062, 0.000624657, 15.49938, 12.99938 ], "texture": "#crimson_door_1" },
				"south": { "uv": [ 0.500625, 0.000624657, 2.499375, 12.99938 ], "texture": "#crimson_door_1" },
				"west": { "uv": [ 4.000625, 0.000624657, 4.499375, 12.99938 ], "texture": "#crimson_door_1" },
				"east": { "uv": [ 11.50062, 0.000624657, 11.99938, 12.99938 ], "texture": "#crimson_door_1" }
			}
		},
		{
			"__comment": "Element",
			"from": [ 0.5005, 2.9995, 4.9996 ],
			"to": [ 2.5005, 15.9995, 5.4996 ],
			"faces": {
				"up": { "uv": [ 0.500625, 5.000626, 2.499375, 5.499374 ], "texture": "#crimson_door_1", "cullface": "up" },
				"north": { "uv": [ 13.50062, 0.000624657, 15.49938, 12.99938 ], "texture": "#crimson_door_1" },
				"south": { "uv": [ 0.500625, 0.000624657, 2.499375, 12.99938 ], "texture": "#crimson_door_1" },
				"west": { "uv": [ 5.000625, 0.000624657, 5.499375, 12.99938 ], "texture": "#crimson_door_1" },
				"east": { "uv": [ 10.50062, 0.000624657, 10.99938, 12.99938 ], "texture": "#crimson_door_1" }
			}
		},
		{
			"__comment": "Element",
			"from": [ 0.4993, 2.9998, 6.0009 ],
			"to": [ 2.4993, 15.9998, 6.5009 ],
			"faces": {
				"up": { "uv": [ 0.500625, 6.000626, 2.499375, 6.499374 ], "texture": "#crimson_door_1", "cullface": "up" },
				"north": { "uv": [ 13.50062, 0.000624657, 15.49938, 12.99938 ], "texture": "#crimson_door_1" },
				"south": { "uv": [ 0.500625, 0.000624657, 2.499375, 12.99938 ], "texture": "#crimson_door_1" },
				"west": { "uv": [ 6.000625, 0.000624657, 6.499375, 12.99938 ], "texture": "#crimson_door_1" },
				"east": { "uv": [ 9.500625, 0.000624657, 9.999375, 12.99938 ], "texture": "#crimson_door_1" }
			}
		},
		{
			"__comment": "Element",
			"from": [ 0.5002, 3.0006, 7.0009 ],
			"to": [ 2.5002, 16.0006, 7.5009 ],
			"faces": {
				"up": { "uv": [ 0.500625, 7.000626, 2.499375, 7.499374 ], "texture": "#crimson_door_1", "cullface": "up" },
				"north": { "uv": [ 13.50062, 0.000624657, 15.49938, 12.99938 ], "texture": "#crimson_door_1" },
				"south": { "uv": [ 0.500625, 0.000624657, 2.499375, 12.99938 ], "texture": "#crimson_door_1" },
				"west": { "uv": [ 7.000625, 0.000624657, 7.499375, 12.99938 ], "texture": "#crimson_door_1" },
				"east": { "uv": [ 8.500625, 0.000624657, 8.999375, 12.99938 ], "texture": "#crimson_door_1" }
			}
		},
		{
			"__comment": "Element",
			"from": [ 0.4996, 2.9994, 8.0009 ],
			"to": [ 2.4996, 15.9994, 8.5009 ],
			"faces": {
				"up": { "uv": [ 0.500625, 8.000625, 2.499375, 8.499375 ], "texture": "#crimson_door_1", "cullface": "up" },
				"north": { "uv": [ 13.50062, 0.000624657, 15.49938, 12.99938 ], "texture": "#crimson_door_1" },
				"south": { "uv": [ 0.500625, 0.000624657, 2.499375, 12.99938 ], "texture": "#crimson_door_1" },
				"west": { "uv": [ 8.000625, 0.000624657, 8.499375, 12.99938 ], "texture": "#crimson_door_1" },
				"east": { "uv": [ 7.500625, 0.000624657, 7.999375, 12.99938 ], "texture": "#crimson_door_1" }
			}
		},
		{
			"__comment": "Element",
			"from": [ 0.4992, 2.9991, 8.9997 ],
			"to": [ 2.499199, 15.9991, 9.4997 ],
			"faces": {
				"up": { "uv": [ 0.500625, 9.000625, 2.499375, 9.499375 ], "texture": "#crimson_door_1", "cullface": "up" },
				"north": { "uv": [ 13.50062, 0.000624657, 15.49938, 12.99938 ], "texture": "#crimson_door_1" },
				"south": { "uv": [ 0.500625, 0.000624657, 2.499375, 12.99938 ], "texture": "#crimson_door_1" },
				"west": { "uv": [ 9.000625, 0.000624657, 9.499375, 12.99938 ], "texture": "#crimson_door_1" },
				"east": { "uv": [ 6.500625, 0.000624657, 6.999375, 12.99938 ], "texture": "#crimson_door_1" }
			}
		},
		{
			"__comment": "Element",
			"from": [ 0.4993, 3.0003, 9.9992 ],
			"to": [ 2.4993, 16.0003, 10.4992 ],
			"faces": {
				"up": { "uv": [ 0.500625, 10.00062, 2.499375, 10.49938 ], "texture": "#crimson_door_1", "cullface": "up" },
				"north": { "uv": [ 13.50062, 0.000624657, 15.49938, 12.99938 ], "texture": "#crimson_door_1" },
				"south": { "uv": [ 0.500625, 0.000624657, 2.499375, 12.99938 ], "texture": "#crimson_door_1" },
				"west": { "uv": [ 10.00062, 0.000624657, 10.49938, 12.99938 ], "texture": "#crimson_door_1" },
				"east": { "uv": [ 5.500625, 0.000624657, 5.999375, 12.99938 ], "texture": "#crimson_door_1" }
			}
		},
		{
			"__comment": "Element",
			"from": [ 0.5002, 2.9994, 11 ],
			"to": [ 2.5002, 15.9994, 11.5 ],
			"faces": {
				"up": { "uv": [ 0.500625, 11.00062, 2.499375, 11.49938 ], "texture": "#crimson_door_1", "cullface": "up" },
				"north": { "uv": [ 13.50062, 0.000624657, 15.49938, 12.99938 ], "texture": "#crimson_door_1" },
				"south": { "uv": [ 0.500625, 0.000624657, 2.499375, 12.99938 ], "texture": "#crimson_door_1" },
				"west": { "uv": [ 11.00062, 0.000624657, 11.49938, 12.99938 ], "texture": "#crimson_door_1" },
				"east": { "uv": [ 4.500625, 0.000624657, 4.999375, 12.99938 ], "texture": "#crimson_door_1" }
			}
		},
		{
			"__comment": "Element",
			"from": [ 0.4994, 3.0006, 12.0006 ],
			"to": [ 2.4994, 16.0006, 12.5006 ],
			"faces": {
				"up": { "uv": [ 0.500625, 12.00062, 2.499375, 12.49938 ], "texture": "#crimson_door_1", "cullface": "up" },
				"north": { "uv": [ 13.50062, 0.000624657, 15.49938, 12.99938 ], "texture": "#crimson_door_1" },
				"south": { "uv": [ 0.500625, 0.000624657, 2.499375, 12.99938 ], "texture": "#crimson_door_1" },
				"west": { "uv": [ 12.00062, 0.000624657, 12.49938, 12.99938 ], "texture": "#crimson_door_1" },
				"east": { "uv": [ 3.500625, 0.000624657, 3.999375, 12.99938 ], "texture": "#crimson_door_1" }
			}
		}
	]
}