{
	"__comment": "Designed by Intermacgod with BDcraft Cubik PRO 0.87 Beta - http://bdcraft.net",
	"gui_light": "front",
	"ambientocclusion": false,
	"textures": {
		"crimson_trapdoor_1": "block/c/crimson_trapdoor/crimson_trapdoor_1",
		"crimson_trapdoor_2": "block/c/crimson_trapdoor/crimson_trapdoor_2",
		"crimson_trapdoor_3": "block/c/crimson_trapdoor/crimson_trapdoor_3",
		"particle": "block/c/crimson_trapdoor/crimson_trapdoor"
	},
	"elements": [ 	 
		{
			"__comment": "Element",
			"from": [ 0, 1.4991, -0.0004 ],
			"to": [ 2, 1.9991, 1.9996 ],
			"faces": {
				"up": { "uv": [ 0.000625, 0.000624657, 15.99938, 15.99938 ], "texture": "#crimson_trapdoor_2" },
				"north": { "uv": [ 0.000625, 0.000624657, 15.99938, 15.99938 ], "texture": "#crimson_trapdoor_2", "cullface": "north" },
				"south": { "uv": [ 0.000625, 0.000624657, 15.99938, 15.99938 ], "texture": "#crimson_trapdoor_2" },
				"west": { "uv": [ 0.000625, 0.000624657, 15.99938, 15.99938 ], "texture": "#crimson_trapdoor_2", "cullface": "west" },
				"east": { "uv": [ 0.000625, 0.000624657, 15.99938, 15.99938 ], "texture": "#crimson_trapdoor_2" }
			}
		},
		{
			"__comment": "Element",
			"from": [ 13.9998, 1.4996, -0.0009 ],
			"to": [ 15.9998, 1.9996, 1.9991 ],
			"faces": {
				"up": { "uv": [ 0.000625, 0.000624657, 15.99938, 15.99938 ], "texture": "#crimson_trapdoor_2" },
				"north": { "uv": [ 0.000625, 0.000624657, 15.99938, 15.99938 ], "texture": "#crimson_trapdoor_2", "cullface": "north" },
				"south": { "uv": [ 0.000625, 0.000624657, 15.99938, 15.99938 ], "texture": "#crimson_trapdoor_2" },
				"west": { "uv": [ 0.000625, 0.000624657, 15.99938, 15.99938 ], "texture": "#crimson_trapdoor_2" },
				"east": { "uv": [ 0.000625, 0.000624657, 15.99938, 15.99938 ], "texture": "#crimson_trapdoor_2", "cullface": "east" }
			}
		},
		{
			"__comment": "Element",
			"from": [ 14.0003, 1.5002, 14.0004 ],
			"to": [ 16.00029, 2.0002, 16.0004 ],
			"faces": {
				"up": { "uv": [ 0.000625, 0.000624657, 15.99938, 15.99938 ], "texture": "#crimson_trapdoor_2" },
				"north": { "uv": [ 0.000625, 0.000624657, 15.99938, 15.99938 ], "texture": "#crimson_trapdoor_2" },
				"south": { "uv": [ 0.000625, 0.000624657, 15.99938, 15.99938 ], "texture": "#crimson_trapdoor_2", "cullface": "south" },
				"west": { "uv": [ 0.000625, 0.000624657, 15.99938, 15.99938 ], "texture": "#crimson_trapdoor_2" },
				"east": { "uv": [ 0.000625, 0.000624657, 15.99938, 15.99938 ], "texture": "#crimson_trapdoor_2", "cullface": "east" }
			}
		},
		{
			"__comment": "Element",
			"from": [ -0.0004, 1.5001, 14.0003 ],
			"to": [ 1.9996, 2.0001, 16.0003 ],
			"faces": {
				"up": { "uv": [ 0.000625, 0.000624657, 15.99938, 15.99938 ], "texture": "#crimson_trapdoor_2" },
				"north": { "uv": [ 0.000625, 0.000624657, 15.99938, 15.99938 ], "texture": "#crimson_trapdoor_2" },
				"south": { "uv": [ 0.000625, 0.000624657, 15.99938, 15.99938 ], "texture": "#crimson_trapdoor_2", "cullface": "south" },
				"west": { "uv": [ 0.000625, 0.000624657, 15.99938, 15.99938 ], "texture": "#crimson_trapdoor_2", "cullface": "west" },
				"east": { "uv": [ 0.000625, 0.000624657, 15.99938, 15.99938 ], "texture": "#crimson_trapdoor_2" }
			}
		},
		{
			"__comment": "Element",
			"from": [ 0, 0, 0 ],
			"to": [ 2, 0.5, 2 ],
			"faces": {
				"down": { "uv": [ 0.000625, 0.000624657, 15.99938, 15.99938 ], "texture": "#crimson_trapdoor_2", "cullface": "down" },
				"north": { "uv": [ 0.000625, 0.000624657, 15.99938, 15.99938 ], "texture": "#crimson_trapdoor_2", "cullface": "north" },
				"south": { "uv": [ 0.000625, 0.000624657, 15.99938, 15.99938 ], "texture": "#crimson_trapdoor_2" },
				"west": { "uv": [ 0.000625, 0.000624657, 15.99938, 15.99938 ], "texture": "#crimson_trapdoor_2", "cullface": "west" },
				"east": { "uv": [ 0.000625, 0.000624657, 15.99938, 15.99938 ], "texture": "#crimson_trapdoor_2" }
			}
		},
		{
			"__comment": "Element",
			"from": [ 0.0005, 0.0005, 14.0007 ],
			"to": [ 2.0005, 0.5005, 16.0007 ],
			"faces": {
				"down": { "uv": [ 0.000625, 0.000624657, 15.99938, 15.99938 ], "texture": "#crimson_trapdoor_2", "cullface": "down" },
				"north": { "uv": [ 0.000625, 0.000624657, 15.99938, 15.99938 ], "texture": "#crimson_trapdoor_2" },
				"south": { "uv": [ 0.000625, 0.000624657, 15.99938, 15.99938 ], "texture": "#crimson_trapdoor_2", "cullface": "south" },
				"west": { "uv": [ 0.000625, 0.000624657, 15.99938, 15.99938 ], "texture": "#crimson_trapdoor_2", "cullface": "west" },
				"east": { "uv": [ 0.000625, 0.000624657, 15.99938, 15.99938 ], "texture": "#crimson_trapdoor_2" }
			}
		},
		{
			"__comment": "Element",
			"from": [ 14.0005, 0.0009, -0.0007 ],
			"to": [ 16.0005, 0.5009, 1.9993 ],
			"faces": {
				"down": { "uv": [ 0.000625, 0.000624657, 15.99938, 15.99938 ], "texture": "#crimson_trapdoor_2", "cullface": "down" },
				"north": { "uv": [ 0.000625, 0.000624657, 15.99938, 15.99938 ], "texture": "#crimson_trapdoor_2", "cullface": "north" },
				"south": { "uv": [ 0.000625, 0.000624657, 15.99938, 15.99938 ], "texture": "#crimson_trapdoor_2" },
				"west": { "uv": [ 0.000625, 0.000624657, 15.99938, 15.99938 ], "texture": "#crimson_trapdoor_2" },
				"east": { "uv": [ 0.000625, 0.000624657, 15.99938, 15.99938 ], "texture": "#crimson_trapdoor_2", "cullface": "east" }
			}
		},
		{
			"__comment": "Element",
			"from": [ 13.999, -0.001, 14.0003 ],
			"to": [ 15.999, 0.499, 16.0003 ],
			"faces": {
				"down": { "uv": [ 0.000625, 0.000624657, 15.99938, 15.99938 ], "texture": "#crimson_trapdoor_2", "cullface": "down" },
				"north": { "uv": [ 0.000625, 0.000624657, 15.99938, 15.99938 ], "texture": "#crimson_trapdoor_2" },
				"south": { "uv": [ 0.000625, 0.000624657, 15.99938, 15.99938 ], "texture": "#crimson_trapdoor_2", "cullface": "south" },
				"west": { "uv": [ 0.000625, 0.000624657, 15.99938, 15.99938 ], "texture": "#crimson_trapdoor_2" },
				"east": { "uv": [ 0.000625, 0.000624657, 15.99938, 15.99938 ], "texture": "#crimson_trapdoor_2", "cullface": "east" }
			}
		},
		{
			"__comment": "Element",
			"from": [ 1.9996, 0.5009, 13.5 ],
			"to": [ 13.9996, 1.5009, 14 ],
			"faces": {
				"down": { "uv": [ 13.99938, 13.99938, 2.000625, 13.50062 ], "texture": "#crimson_trapdoor_3" },
				"up": { "uv": [ 2.000625, 13.50062, 13.99938, 13.99938 ], "texture": "#crimson_trapdoor_3" },
				"north": { "uv": [ 2.000625, 9.500625, 13.99938, 10.49938 ], "texture": "#crimson_trapdoor_3" }
			}
		},
		{
			"__comment": "Element",
			"from": [ 2.0009, 0.499, 1.9997 ],
			"to": [ 14.0009, 1.499, 2.4997 ],
			"faces": {
				"down": { "uv": [ 13.99938, 2.499375, 2.000625, 2.000625 ], "texture": "#crimson_trapdoor_3" },
				"up": { "uv": [ 2.000625, 2.000625, 13.99938, 2.499375 ], "texture": "#crimson_trapdoor_3" },
				"south": { "uv": [ 2.000625, 9.500625, 13.99938, 10.49938 ], "texture": "#crimson_trapdoor_3" }
			}
		},
		{
			"__comment": "Element",
			"from": [ 1.999, 0.5008, 2.5002 ],
			"to": [ 2.499, 1.5008, 13.5002 ],
			"faces": {
				"down": { "uv": [ 13.99938, 13.49938, 13.50062, 2.500625 ], "texture": "#crimson_trapdoor_3" },
				"up": { "uv": [ 13.50062, 2.500625, 13.99938, 13.49938 ], "texture": "#crimson_trapdoor_3" }
			}
		},
		{
			"__comment": "Element",
			"from": [ 13.5001, 0.5002, 2.5009 ],
			"to": [ 14.0001, 1.5002, 13.5009 ],
			"faces": {
				"down": { "uv": [ 13.99938, 13.49938, 13.50062, 2.500625 ], "texture": "#crimson_trapdoor_3" },
				"up": { "uv": [ 13.50062, 2.500625, 13.99938, 13.49938 ], "texture": "#crimson_trapdoor_3" }
			}
		},
		{
			"__comment": "Element",
			"from": [ 0.0006, 0.4992, -0.0003 ],
			"to": [ 2.000601, 1.4992, 15.9997 ],
			"faces": {
				"down": { "uv": [ 15.99938, 15.49938, 13.50062, 0.000624657 ], "texture": "#crimson_trapdoor_1" },
				"up": { "uv": [ 0.500625, 0.000624657, 3.499375, 15.99938 ], "texture": "#crimson_trapdoor_1" },
				"north": { "uv": [ 14.00062, 14.50062, 15.99938, 15.49938 ], "texture": "#crimson_trapdoor_1", "cullface": "north" },
				"south": { "uv": [ 0.500625, 14.50062, 2.499375, 15.49938 ], "texture": "#crimson_trapdoor_1", "cullface": "south" },
				"west": { "uv": [ 4.500625, 0.000624657, 5.999375, 15.99938 ], "texture": "#crimson_trapdoor_1", "cullface": "west", "rotation": 270 },
				"east": { "uv": [ 4.500625, 0.000624657, 5.999375, 15.99938 ], "texture": "#crimson_trapdoor_1" }
			}
		},
		{
			"__comment": "Element",
			"from": [ 14.0008, 0.5007, 0.0006 ],
			"to": [ 16.0008, 1.5007, 16.0006 ],
			"faces": {
				"down": { "uv": [ 6.999375, 15.99938, 4.500625, 0.000624657 ], "texture": "#crimson_trapdoor_1" },
				"up": { "uv": [ 13.00062, 0.000624657, 15.49938, 15.99938 ], "texture": "#crimson_trapdoor_1" },
				"north": { "uv": [ 1.000625, 13.50062, 2.999375, 14.49938 ], "texture": "#crimson_trapdoor_1", "cullface": "north" },
				"south": { "uv": [ 13.50062, 13.00062, 15.49938, 13.99938 ], "texture": "#crimson_trapdoor_1", "cullface": "south" },
				"west": { "uv": [ 5.000625, 0.000624657, 7.499375, 15.99938 ], "texture": "#crimson_trapdoor_1", "rotation": 270 },
				"east": { "uv": [ 9.000625, 0.000624657, 11.49938, 15.99938 ], "texture": "#crimson_trapdoor_1", "cullface": "east", "rotation": 270 }
			}
		},
		{
			"__comment": "Element",
			"from": [ 2.0001, 0.4999, 0.0001 ],
			"to": [ 14.0001, 1.4999, 2.0001 ],
			"faces": {
				"down": { "uv": [ 2.000625, 14.00062, 13.99938, 15.99938 ], "texture": "#crimson_trapdoor_1" },
				"up": { "uv": [ 2.000625, 0.000624657, 13.99938, 1.999375 ], "texture": "#crimson_trapdoor_1" },
				"north": { "uv": [ 2.000625, 14.50062, 13.99938, 15.49938 ], "texture": "#crimson_trapdoor_1", "cullface": "north" }
			}
		},
		{
			"__comment": "Element",
			"from": [ 1.9994, 0.499, 14.0008 ],
			"to": [ 13.9994, 1.499, 16.0008 ],
			"faces": {
				"down": { "uv": [ 2.000625, 0.000624657, 13.99938, 1.999375 ], "texture": "#crimson_trapdoor_1" },
				"up": { "uv": [ 2.000625, 14.00062, 13.99938, 15.99938 ], "texture": "#crimson_trapdoor_1" },
				"south": { "uv": [ 2.000625, 14.50062, 13.99938, 15.49938 ], "texture": "#crimson_trapdoor_1", "cullface": "south" }
			}
		},
		{
			"__comment": "Element",
			"from": [ 3.5, 0.5007, 2.4996 ],
			"to": [ 4, 1.5007, 13.4996 ],
			"faces": {
				"down": { "uv": [ 13.99938, 13.49938, 13.50062, 2.500625 ], "texture": "#crimson_trapdoor_1" },
				"up": { "uv": [ 13.50062, 2.500625, 13.99938, 13.49938 ], "texture": "#crimson_trapdoor_1" },
				"west": { "uv": [ 2.500625, 14.50062, 13.49938, 15.49938 ], "texture": "#crimson_trapdoor_1" },
				"east": { "uv": [ 2.500625, 9.500625, 13.49938, 10.49938 ], "texture": "#crimson_trapdoor_1" }
			}
		},
		{
			"__comment": "Element",
			"from": [ 4.3746, 0.4994, 2.5006 ],
			"to": [ 4.8746, 1.4994, 13.5006 ],
			"faces": {
				"down": { "uv": [ 13.99938, 13.49938, 13.50062, 2.500625 ], "texture": "#crimson_trapdoor_1" },
				"up": { "uv": [ 13.50062, 2.500625, 13.99938, 13.49938 ], "texture": "#crimson_trapdoor_1" },
				"west": { "uv": [ 2.500625, 14.50062, 13.49938, 15.49938 ], "texture": "#crimson_trapdoor_1" },
				"east": { "uv": [ 2.500625, 9.500625, 13.49938, 10.49938 ], "texture": "#crimson_trapdoor_1" }
			}
		},
		{
			"__comment": "Element",
			"from": [ 5.3751, 0.5009, 2.4994 ],
			"to": [ 5.8751, 1.5009, 13.4994 ],
			"faces": {
				"down": { "uv": [ 13.99938, 13.49938, 13.50062, 2.500625 ], "texture": "#crimson_trapdoor_1" },
				"up": { "uv": [ 13.50062, 2.500625, 13.99938, 13.49938 ], "texture": "#crimson_trapdoor_1" },
				"west": { "uv": [ 2.500625, 14.50062, 13.49938, 15.49938 ], "texture": "#crimson_trapdoor_1" },
				"east": { "uv": [ 2.500625, 9.500625, 13.49938, 10.49938 ], "texture": "#crimson_trapdoor_1" }
			}
		},
		{
			"__comment": "Element",
			"from": [ 6.3749, 0.5006, 2.5008 ],
			"to": [ 6.8749, 1.5006, 13.5008 ],
			"faces": {
				"down": { "uv": [ 13.99938, 13.49938, 13.50062, 2.500625 ], "texture": "#crimson_trapdoor_1" },
				"up": { "uv": [ 13.50062, 2.500625, 13.99938, 13.49938 ], "texture": "#crimson_trapdoor_1" },
				"west": { "uv": [ 2.500625, 14.50062, 13.49938, 15.49938 ], "texture": "#crimson_trapdoor_1" },
				"east": { "uv": [ 2.500625, 9.500625, 13.49938, 10.49938 ], "texture": "#crimson_trapdoor_1" }
			}
		},
		{
			"__comment": "Element",
			"from": [ 7.2492, 0.499, 2.5 ],
			"to": [ 7.7492, 1.499, 13.5 ],
			"faces": {
				"down": { "uv": [ 13.99938, 13.49938, 13.50062, 2.500625 ], "texture": "#crimson_trapdoor_1" },
				"up": { "uv": [ 13.50062, 2.500625, 13.99938, 13.49938 ], "texture": "#crimson_trapdoor_1" },
				"west": { "uv": [ 2.500625, 14.50062, 13.49938, 15.49938 ], "texture": "#crimson_trapdoor_1" },
				"east": { "uv": [ 2.500625, 9.500625, 13.49938, 10.49938 ], "texture": "#crimson_trapdoor_1" }
			}
		},
		{
			"__comment": "Element",
			"from": [ 8.125299, 0.4991, 2.4995 ],
			"to": [ 8.625299, 1.4991, 13.4995 ],
			"faces": {
				"down": { "uv": [ 13.99938, 13.49938, 13.50062, 2.500625 ], "texture": "#crimson_trapdoor_1" },
				"up": { "uv": [ 13.50062, 2.500625, 13.99938, 13.49938 ], "texture": "#crimson_trapdoor_1" },
				"west": { "uv": [ 2.500625, 14.50062, 13.49938, 15.49938 ], "texture": "#crimson_trapdoor_1" },
				"east": { "uv": [ 2.500625, 9.500625, 13.49938, 10.49938 ], "texture": "#crimson_trapdoor_1" }
			}
		},
		{
			"__comment": "Element",
			"from": [ 9.1243, 0.4995, 2.4995 ],
			"to": [ 9.6243, 1.4995, 13.4995 ],
			"faces": {
				"down": { "uv": [ 13.99938, 13.49938, 13.50062, 2.500625 ], "texture": "#crimson_trapdoor_1" },
				"up": { "uv": [ 13.50062, 2.500625, 13.99938, 13.49938 ], "texture": "#crimson_trapdoor_1" },
				"west": { "uv": [ 2.500625, 14.50062, 13.49938, 15.49938 ], "texture": "#crimson_trapdoor_1" },
				"east": { "uv": [ 2.500625, 9.500625, 13.49938, 10.49938 ], "texture": "#crimson_trapdoor_1" }
			}
		},
		{
			"__comment": "Element",
			"from": [ 10.1254, 0.4996, 2.4994 ],
			"to": [ 10.6254, 1.4996, 13.4994 ],
			"faces": {
				"down": { "uv": [ 13.99938, 13.49938, 13.50062, 2.500625 ], "texture": "#crimson_trapdoor_1" },
				"up": { "uv": [ 13.50062, 2.500625, 13.99938, 13.49938 ], "texture": "#crimson_trapdoor_1" },
				"west": { "uv": [ 2.500625, 14.50062, 13.49938, 15.49938 ], "texture": "#crimson_trapdoor_1" },
				"east": { "uv": [ 2.500625, 9.500625, 13.49938, 10.49938 ], "texture": "#crimson_trapdoor_1" }
			}
		},
		{
			"__comment": "Element",
			"from": [ 11.1259, 0.4991, 2.5001 ],
			"to": [ 11.6259, 1.4991, 13.5001 ],
			"faces": {
				"down": { "uv": [ 13.99938, 13.49938, 13.50062, 2.500625 ], "texture": "#crimson_trapdoor_1" },
				"up": { "uv": [ 13.50062, 2.500625, 13.99938, 13.49938 ], "texture": "#crimson_trapdoor_1" },
				"west": { "uv": [ 2.500625, 14.50062, 13.49938, 15.49938 ], "texture": "#crimson_trapdoor_1" },
				"east": { "uv": [ 2.500625, 9.500625, 13.49938, 10.49938 ], "texture": "#crimson_trapdoor_1" }
			}
		},
		{
			"__comment": "Element",
			"from": [ 12.1255, 0.5005, 2.5008 ],
			"to": [ 12.6255, 1.5005, 13.5008 ],
			"faces": {
				"down": { "uv": [ 13.99938, 13.49938, 13.50062, 2.500625 ], "texture": "#crimson_trapdoor_1" },
				"up": { "uv": [ 13.50062, 2.500625, 13.99938, 13.49938 ], "texture": "#crimson_trapdoor_1" },
				"west": { "uv": [ 2.500625, 14.50062, 13.49938, 15.49938 ], "texture": "#crimson_trapdoor_1" },
				"east": { "uv": [ 2.500625, 9.500625, 13.49938, 10.49938 ], "texture": "#crimson_trapdoor_1" }
			}
		},
		{
			"__comment": "Element",
			"from": [ 2.4997, 0.5003, 2.4998 ],
			"to": [ 2.9997, 1.5003, 13.4998 ],
			"faces": {
				"down": { "uv": [ 13.99938, 13.49938, 13.50062, 2.500625 ], "texture": "#crimson_trapdoor_1" },
				"up": { "uv": [ 13.50062, 2.500625, 13.99938, 13.49938 ], "texture": "#crimson_trapdoor_1" },
				"east": { "uv": [ 2.500625, 9.500625, 13.49938, 10.49938 ], "texture": "#crimson_trapdoor_1" }
			}
		},
		{
			"__comment": "Element",
			"from": [ 13.001, 0.4993, 2.5008 ],
			"to": [ 13.501, 1.4993, 13.5008 ],
			"faces": {
				"down": { "uv": [ 13.99938, 13.49938, 13.50062, 2.500625 ], "texture": "#crimson_trapdoor_1" },
				"up": { "uv": [ 13.50062, 2.500625, 13.99938, 13.49938 ], "texture": "#crimson_trapdoor_1" },
				"west": { "uv": [ 2.500625, 14.50062, 13.49938, 15.49938 ], "texture": "#crimson_trapdoor_1" }
			}
		}
	],
	"display": {
		"thirdperson_righthand": {
			"rotation":  [ 75, 45, 0 ],
			"translation":  [ 0, 2.5, 0 ],
			"scale":  [ 0.375, 0.375, 0.375 ]
		},
		"thirdperson_lefthand": {
			"rotation":  [ 75, 45, 0 ],
			"translation":  [ 0, 2.5, 0 ],
			"scale":  [ 0.375, 0.375, 0.375 ]
		},
		"firstperson_righthand": {
			"rotation":  [ 0, 45, 0 ],
			"translation":  [ 0, 4, 0 ],
			"scale":  [ 0.4, 0.4, 0.4 ]
		},
		"firstperson_lefthand": {
			"rotation":  [ 0, 45, 0 ],
			"translation":  [ 0, 4, 0 ],
			"scale":  [ 0.4, 0.4, 0.4 ]
		},
		"gui": {
			"rotation":  [ 30, 225, 0 ],
			"scale":  [ 0.625, 0.625, 0.625 ]
		},
		"ground": {
			"translation":  [ 0, 3, 0 ],
			"scale":  [ 0.25, 0.25, 0.25 ]
		},
		"fixed": {
			"rotation":  [ 90, 0, 0 ],
			"translation":  [ 0, 0, 8 ]
		}
	}
}