{
	"__comment": "Designed by Intermacgod with BDcraft Cubik PRO 0.87 Beta - http://bdcraft.net",
	"gui_light": "front",
	"ambientocclusion": false,
	"textures": {
		"crimson_trapdoor_1": "block/c/crimson_trapdoor/crimson_trapdoor_1",
		"crimson_trapdoor_2": "block/c/crimson_trapdoor/crimson_trapdoor_2",
		"crimson_trapdoor_3": "block/c/crimson_trapdoor/crimson_trapdoor_3",
		"particle": "block/c/crimson_trapdoor/crimson_trapdoor"
	},
	"elements": [ 	 
		{
			"__comment": "Element",
			"from": [ -0.0009, 15.5, 0.0004 ],
			"to": [ 1.9991, 16, 2.0004 ],
			"faces": {
				"up": { "uv": [ 0.000625, 0.000624657, 15.99938, 15.99938 ], "texture": "#crimson_trapdoor_2", "cullface": "up" },
				"north": { "uv": [ 0.000625, 0.000624657, 15.99938, 15.99938 ], "texture": "#crimson_trapdoor_2", "cullface": "north" },
				"south": { "uv": [ 0.000625, 0.000624657, 15.99938, 15.99938 ], "texture": "#crimson_trapdoor_2" },
				"west": { "uv": [ 0.000625, 0.000624657, 15.99938, 15.99938 ], "texture": "#crimson_trapdoor_2", "cullface": "west" },
				"east": { "uv": [ 0.000625, 0.000624657, 15.99938, 15.99938 ], "texture": "#crimson_trapdoor_2" }
			}
		},
		{
			"__comment": "Element",
			"from": [ 14, 15.5003, -0.0003 ],
			"to": [ 16, 16.0003, 1.9997 ],
			"faces": {
				"up": { "uv": [ 0.000625, 0.000624657, 15.99938, 15.99938 ], "texture": "#crimson_trapdoor_2", "cullface": "up" },
				"north": { "uv": [ 0.000625, 0.000624657, 15.99938, 15.99938 ], "texture": "#crimson_trapdoor_2", "cullface": "north" },
				"south": { "uv": [ 0.000625, 0.000624657, 15.99938, 15.99938 ], "texture": "#crimson_trapdoor_2" },
				"west": { "uv": [ 0.000625, 0.000624657, 15.99938, 15.99938 ], "texture": "#crimson_trapdoor_2" },
				"east": { "uv": [ 0.000625, 0.000624657, 15.99938, 15.99938 ], "texture": "#crimson_trapdoor_2", "cullface": "east" }
			}
		},
		{
			"__comment": "Element",
			"from": [ 13.9996, 15.4992, 13.9996 ],
			"to": [ 15.9996, 15.9992, 15.9996 ],
			"faces": {
				"up": { "uv": [ 0.000625, 0.000624657, 15.99938, 15.99938 ], "texture": "#crimson_trapdoor_2", "cullface": "up" },
				"north": { "uv": [ 0.000625, 0.000624657, 15.99938, 15.99938 ], "texture": "#crimson_trapdoor_2" },
				"south": { "uv": [ 0.000625, 0.000624657, 15.99938, 15.99938 ], "texture": "#crimson_trapdoor_2", "cullface": "south" },
				"west": { "uv": [ 0.000625, 0.000624657, 15.99938, 15.99938 ], "texture": "#crimson_trapdoor_2" },
				"east": { "uv": [ 0.000625, 0.000624657, 15.99938, 15.99938 ], "texture": "#crimson_trapdoor_2", "cullface": "east" }
			}
		},
		{
			"__comment": "Element",
			"from": [ 0.0005, 15.4992, 13.9996 ],
			"to": [ 2.0005, 15.9992, 15.9996 ],
			"faces": {
				"up": { "uv": [ 0.000625, 0.000624657, 15.99938, 15.99938 ], "texture": "#crimson_trapdoor_2", "cullface": "up" },
				"north": { "uv": [ 0.000625, 0.000624657, 15.99938, 15.99938 ], "texture": "#crimson_trapdoor_2" },
				"south": { "uv": [ 0.000625, 0.000624657, 15.99938, 15.99938 ], "texture": "#crimson_trapdoor_2", "cullface": "south" },
				"west": { "uv": [ 0.000625, 0.000624657, 15.99938, 15.99938 ], "texture": "#crimson_trapdoor_2", "cullface": "west" },
				"east": { "uv": [ 0.000625, 0.000624657, 15.99938, 15.99938 ], "texture": "#crimson_trapdoor_2" }
			}
		},
		{
			"__comment": "Element",
			"from": [ 0, 14.0008, -0.0003 ],
			"to": [ 2, 14.5008, 1.9997 ],
			"faces": {
				"down": { "uv": [ 0.000625, 0.000624657, 15.99938, 15.99938 ], "texture": "#crimson_trapdoor_2", "cullface": "down" },
				"north": { "uv": [ 0.000625, 0.000624657, 15.99938, 15.99938 ], "texture": "#crimson_trapdoor_2", "cullface": "north" },
				"south": { "uv": [ 0.000625, 0.000624657, 15.99938, 15.99938 ], "texture": "#crimson_trapdoor_2" },
				"west": { "uv": [ 0.000625, 0.000624657, 15.99938, 15.99938 ], "texture": "#crimson_trapdoor_2", "cullface": "west" },
				"east": { "uv": [ 0.000625, 0.000624657, 15.99938, 15.99938 ], "texture": "#crimson_trapdoor_2" }
			}
		},
		{
			"__comment": "Element",
			"from": [ 0.0001, 13.9991, 13.9997 ],
			"to": [ 2.0001, 14.4991, 15.9997 ],
			"faces": {
				"down": { "uv": [ 0.000625, 0.000624657, 15.99938, 15.99938 ], "texture": "#crimson_trapdoor_2", "cullface": "down" },
				"north": { "uv": [ 0.000625, 0.000624657, 15.99938, 15.99938 ], "texture": "#crimson_trapdoor_2" },
				"south": { "uv": [ 0.000625, 0.000624657, 15.99938, 15.99938 ], "texture": "#crimson_trapdoor_2", "cullface": "south" },
				"west": { "uv": [ 0.000625, 0.000624657, 15.99938, 15.99938 ], "texture": "#crimson_trapdoor_2", "cullface": "west" },
				"east": { "uv": [ 0.000625, 0.000624657, 15.99938, 15.99938 ], "texture": "#crimson_trapdoor_2" }
			}
		},
		{
			"__comment": "Element",
			"from": [ 14.0008, 14.0006, -0.0001 ],
			"to": [ 16.0008, 14.5006, 1.9999 ],
			"faces": {
				"down": { "uv": [ 0.000625, 0.000624657, 15.99938, 15.99938 ], "texture": "#crimson_trapdoor_2", "cullface": "down" },
				"north": { "uv": [ 0.000625, 0.000624657, 15.99938, 15.99938 ], "texture": "#crimson_trapdoor_2", "cullface": "north" },
				"south": { "uv": [ 0.000625, 0.000624657, 15.99938, 15.99938 ], "texture": "#crimson_trapdoor_2" },
				"west": { "uv": [ 0.000625, 0.000624657, 15.99938, 15.99938 ], "texture": "#crimson_trapdoor_2" },
				"east": { "uv": [ 0.000625, 0.000624657, 15.99938, 15.99938 ], "texture": "#crimson_trapdoor_2", "cullface": "east" }
			}
		},
		{
			"__comment": "Element",
			"from": [ 14.0008, 14.0002, 14.0003 ],
			"to": [ 16.0008, 14.5002, 16.0003 ],
			"faces": {
				"down": { "uv": [ 0.000625, 0.000624657, 15.99938, 15.99938 ], "texture": "#crimson_trapdoor_2", "cullface": "down" },
				"north": { "uv": [ 0.000625, 0.000624657, 15.99938, 15.99938 ], "texture": "#crimson_trapdoor_2" },
				"south": { "uv": [ 0.000625, 0.000624657, 15.99938, 15.99938 ], "texture": "#crimson_trapdoor_2", "cullface": "south" },
				"west": { "uv": [ 0.000625, 0.000624657, 15.99938, 15.99938 ], "texture": "#crimson_trapdoor_2" },
				"east": { "uv": [ 0.000625, 0.000624657, 15.99938, 15.99938 ], "texture": "#crimson_trapdoor_2", "cullface": "east" }
			}
		},
		{
			"__comment": "Element",
			"from": [ 2.0001, 14.4994, 13.5001 ],
			"to": [ 14.0001, 15.4994, 14.0001 ],
			"faces": {
				"down": { "uv": [ 13.99938, 13.99938, 2.000625, 13.50062 ], "texture": "#crimson_trapdoor_3" },
				"up": { "uv": [ 2.000625, 13.50062, 13.99938, 13.99938 ], "texture": "#crimson_trapdoor_3" },
				"north": { "uv": [ 2.000625, 9.500625, 13.99938, 10.49938 ], "texture": "#crimson_trapdoor_3" }
			}
		},
		{
			"__comment": "Element",
			"from": [ 1.999, 14.4997, 2.0005 ],
			"to": [ 13.999, 15.4997, 2.5005 ],
			"faces": {
				"down": { "uv": [ 13.99938, 2.499375, 2.000625, 2.000625 ], "texture": "#crimson_trapdoor_3" },
				"up": { "uv": [ 2.000625, 2.000625, 13.99938, 2.499375 ], "texture": "#crimson_trapdoor_3" },
				"south": { "uv": [ 2.000625, 9.500625, 13.99938, 10.49938 ], "texture": "#crimson_trapdoor_3" }
			}
		},
		{
			"__comment": "Element",
			"from": [ 2.001, 14.5002, 2.4996 ],
			"to": [ 2.501, 15.5002, 13.4996 ],
			"faces": {
				"down": { "uv": [ 13.99938, 13.49938, 13.50062, 2.500625 ], "texture": "#crimson_trapdoor_3" },
				"up": { "uv": [ 13.50062, 2.500625, 13.99938, 13.49938 ], "texture": "#crimson_trapdoor_3" }
			}
		},
		{
			"__comment": "Element",
			"from": [ 13.499, 14.501, 2.4997 ],
			"to": [ 13.999, 15.501, 13.4997 ],
			"faces": {
				"down": { "uv": [ 13.99938, 13.49938, 13.50062, 2.500625 ], "texture": "#crimson_trapdoor_3" },
				"up": { "uv": [ 13.50062, 2.500625, 13.99938, 13.49938 ], "texture": "#crimson_trapdoor_3" }
			}
		},
		{
			"__comment": "Element",
			"from": [ 0.0006, 14.5003, -0.0007 ],
			"to": [ 2.000601, 15.5003, 15.9993 ],
			"faces": {
				"down": { "uv": [ 15.99938, 15.49938, 13.50062, 0.000624657 ], "texture": "#crimson_trapdoor_1" },
				"up": { "uv": [ 0.500625, 0.000624657, 3.499375, 15.99938 ], "texture": "#crimson_trapdoor_1" },
				"north": { "uv": [ 14.00062, 14.50062, 15.99938, 15.49938 ], "texture": "#crimson_trapdoor_1", "cullface": "north" },
				"south": { "uv": [ 0.500625, 14.50062, 2.499375, 15.49938 ], "texture": "#crimson_trapdoor_1", "cullface": "south" },
				"west": { "uv": [ 4.500625, 0.000624657, 5.999375, 15.99938 ], "texture": "#crimson_trapdoor_1", "cullface": "west", "rotation": 270 },
				"east": { "uv": [ 4.500625, 0.000624657, 5.999375, 15.99938 ], "texture": "#crimson_trapdoor_1" }
			}
		},
		{
			"__comment": "Element",
			"from": [ 14, 14.4993, 0.0004 ],
			"to": [ 16, 15.4993, 16.00039 ],
			"faces": {
				"down": { "uv": [ 6.999375, 15.99938, 4.500625, 0.000624657 ], "texture": "#crimson_trapdoor_1" },
				"up": { "uv": [ 13.00062, 0.000624657, 15.49938, 15.99938 ], "texture": "#crimson_trapdoor_1" },
				"north": { "uv": [ 1.000625, 13.50062, 2.999375, 14.49938 ], "texture": "#crimson_trapdoor_1", "cullface": "north" },
				"south": { "uv": [ 13.50062, 13.00062, 15.49938, 13.99938 ], "texture": "#crimson_trapdoor_1", "cullface": "south" },
				"west": { "uv": [ 5.000625, 0.000624657, 7.499375, 15.99938 ], "texture": "#crimson_trapdoor_1", "rotation": 270 },
				"east": { "uv": [ 9.000625, 0.000624657, 11.49938, 15.99938 ], "texture": "#crimson_trapdoor_1", "cullface": "east", "rotation": 270 }
			}
		},
		{
			"__comment": "Element",
			"from": [ 2.0004, 14.5009, 0.0002 ],
			"to": [ 14.0004, 15.5009, 2.0002 ],
			"faces": {
				"down": { "uv": [ 2.000625, 14.00062, 13.99938, 15.99938 ], "texture": "#crimson_trapdoor_1" },
				"up": { "uv": [ 2.000625, 0.000624657, 13.99938, 1.999375 ], "texture": "#crimson_trapdoor_1" },
				"north": { "uv": [ 2.000625, 14.50062, 13.99938, 15.49938 ], "texture": "#crimson_trapdoor_1", "cullface": "north" }
			}
		},
		{
			"__comment": "Element",
			"from": [ 2.0002, 14.5007, 13.9995 ],
			"to": [ 14.0002, 15.5007, 15.9995 ],
			"faces": {
				"down": { "uv": [ 2.000625, 0.000624657, 13.99938, 1.999375 ], "texture": "#crimson_trapdoor_1" },
				"up": { "uv": [ 2.000625, 14.00062, 13.99938, 15.99938 ], "texture": "#crimson_trapdoor_1" },
				"south": { "uv": [ 2.000625, 14.50062, 13.99938, 15.49938 ], "texture": "#crimson_trapdoor_1", "cullface": "south" }
			}
		},
		{
			"__comment": "Element",
			"from": [ 3.5002, 14.5006, 2.5004 ],
			"to": [ 4.000199, 15.5006, 13.5004 ],
			"faces": {
				"down": { "uv": [ 13.99938, 13.49938, 13.50062, 2.500625 ], "texture": "#crimson_trapdoor_1" },
				"up": { "uv": [ 13.50062, 2.500625, 13.99938, 13.49938 ], "texture": "#crimson_trapdoor_1" },
				"west": { "uv": [ 2.500625, 14.50062, 13.49938, 15.49938 ], "texture": "#crimson_trapdoor_1" },
				"east": { "uv": [ 2.500625, 9.500625, 13.49938, 10.49938 ], "texture": "#crimson_trapdoor_1" }
			}
		},
		{
			"__comment": "Element",
			"from": [ 4.3745, 14.4996, 2.5005 ],
			"to": [ 4.8745, 15.4996, 13.50051 ],
			"faces": {
				"down": { "uv": [ 13.99938, 13.49938, 13.50062, 2.500625 ], "texture": "#crimson_trapdoor_1" },
				"up": { "uv": [ 13.50062, 2.500625, 13.99938, 13.49938 ], "texture": "#crimson_trapdoor_1" },
				"west": { "uv": [ 2.500625, 14.50062, 13.49938, 15.49938 ], "texture": "#crimson_trapdoor_1" },
				"east": { "uv": [ 2.500625, 9.500625, 13.49938, 10.49938 ], "texture": "#crimson_trapdoor_1" }
			}
		},
		{
			"__comment": "Element",
			"from": [ 5.3759, 14.4997, 2.4999 ],
			"to": [ 5.8759, 15.4997, 13.4999 ],
			"faces": {
				"down": { "uv": [ 13.99938, 13.49938, 13.50062, 2.500625 ], "texture": "#crimson_trapdoor_1" },
				"up": { "uv": [ 13.50062, 2.500625, 13.99938, 13.49938 ], "texture": "#crimson_trapdoor_1" },
				"west": { "uv": [ 2.500625, 14.50062, 13.49938, 15.49938 ], "texture": "#crimson_trapdoor_1" },
				"east": { "uv": [ 2.500625, 9.500625, 13.49938, 10.49938 ], "texture": "#crimson_trapdoor_1" }
			}
		},
		{
			"__comment": "Element",
			"from": [ 6.3759, 14.5007, 2.4993 ],
			"to": [ 6.8759, 15.5007, 13.4993 ],
			"faces": {
				"down": { "uv": [ 13.99938, 13.49938, 13.50062, 2.500625 ], "texture": "#crimson_trapdoor_1" },
				"up": { "uv": [ 13.50062, 2.500625, 13.99938, 13.49938 ], "texture": "#crimson_trapdoor_1" },
				"west": { "uv": [ 2.500625, 14.50062, 13.49938, 15.49938 ], "texture": "#crimson_trapdoor_1" },
				"east": { "uv": [ 2.500625, 9.500625, 13.49938, 10.49938 ], "texture": "#crimson_trapdoor_1" }
			}
		},
		{
			"__comment": "Element",
			"from": [ 7.2505, 14.4997, 2.5005 ],
			"to": [ 7.7505, 15.4997, 13.5005 ],
			"faces": {
				"down": { "uv": [ 13.99938, 13.49938, 13.50062, 2.500625 ], "texture": "#crimson_trapdoor_1" },
				"up": { "uv": [ 13.50062, 2.500625, 13.99938, 13.49938 ], "texture": "#crimson_trapdoor_1" },
				"west": { "uv": [ 2.500625, 14.50062, 13.49938, 15.49938 ], "texture": "#crimson_trapdoor_1" },
				"east": { "uv": [ 2.500625, 9.500625, 13.49938, 10.49938 ], "texture": "#crimson_trapdoor_1" }
			}
		},
		{
			"__comment": "Element",
			"from": [ 8.125199, 14.4998, 2.5007 ],
			"to": [ 8.625199, 15.4998, 13.5007 ],
			"faces": {
				"down": { "uv": [ 13.99938, 13.49938, 13.50062, 2.500625 ], "texture": "#crimson_trapdoor_1" },
				"up": { "uv": [ 13.50062, 2.500625, 13.99938, 13.49938 ], "texture": "#crimson_trapdoor_1" },
				"west": { "uv": [ 2.500625, 14.50062, 13.49938, 15.49938 ], "texture": "#crimson_trapdoor_1" },
				"east": { "uv": [ 2.500625, 9.500625, 13.49938, 10.49938 ], "texture": "#crimson_trapdoor_1" }
			}
		},
		{
			"__comment": "Element",
			"from": [ 9.125199, 14.5, 2.4992 ],
			"to": [ 9.625199, 15.5, 13.4992 ],
			"faces": {
				"down": { "uv": [ 13.99938, 13.49938, 13.50062, 2.500625 ], "texture": "#crimson_trapdoor_1" },
				"up": { "uv": [ 13.50062, 2.500625, 13.99938, 13.49938 ], "texture": "#crimson_trapdoor_1" },
				"west": { "uv": [ 2.500625, 14.50062, 13.49938, 15.49938 ], "texture": "#crimson_trapdoor_1" },
				"east": { "uv": [ 2.500625, 9.500625, 13.49938, 10.49938 ], "texture": "#crimson_trapdoor_1" }
			}
		},
		{
			"__comment": "Element",
			"from": [ 10.125, 14.4993, 2.4997 ],
			"to": [ 10.625, 15.4993, 13.4997 ],
			"faces": {
				"down": { "uv": [ 13.99938, 13.49938, 13.50062, 2.500625 ], "texture": "#crimson_trapdoor_1" },
				"up": { "uv": [ 13.50062, 2.500625, 13.99938, 13.49938 ], "texture": "#crimson_trapdoor_1" },
				"west": { "uv": [ 2.500625, 14.50062, 13.49938, 15.49938 ], "texture": "#crimson_trapdoor_1" },
				"east": { "uv": [ 2.500625, 9.500625, 13.49938, 10.49938 ], "texture": "#crimson_trapdoor_1" }
			}
		},
		{
			"__comment": "Element",
			"from": [ 11.1249, 14.4999, 2.4995 ],
			"to": [ 11.6249, 15.4999, 13.4995 ],
			"faces": {
				"down": { "uv": [ 13.99938, 13.49938, 13.50062, 2.500625 ], "texture": "#crimson_trapdoor_1" },
				"up": { "uv": [ 13.50062, 2.500625, 13.99938, 13.49938 ], "texture": "#crimson_trapdoor_1" },
				"west": { "uv": [ 2.500625, 14.50062, 13.49938, 15.49938 ], "texture": "#crimson_trapdoor_1" },
				"east": { "uv": [ 2.500625, 9.500625, 13.49938, 10.49938 ], "texture": "#crimson_trapdoor_1" }
			}
		},
		{
			"__comment": "Element",
			"from": [ 12.1246, 14.5004, 2.5 ],
			"to": [ 12.6246, 15.5004, 13.5 ],
			"faces": {
				"down": { "uv": [ 13.99938, 13.49938, 13.50062, 2.500625 ], "texture": "#crimson_trapdoor_1" },
				"up": { "uv": [ 13.50062, 2.500625, 13.99938, 13.49938 ], "texture": "#crimson_trapdoor_1" },
				"west": { "uv": [ 2.500625, 14.50062, 13.49938, 15.49938 ], "texture": "#crimson_trapdoor_1" },
				"east": { "uv": [ 2.500625, 9.500625, 13.49938, 10.49938 ], "texture": "#crimson_trapdoor_1" }
			}
		},
		{
			"__comment": "Element",
			"from": [ 2.4998, 14.5004, 2.5 ],
			"to": [ 2.9998, 15.5004, 13.5 ],
			"faces": {
				"down": { "uv": [ 13.99938, 13.49938, 13.50062, 2.500625 ], "texture": "#crimson_trapdoor_1" },
				"up": { "uv": [ 13.50062, 2.500625, 13.99938, 13.49938 ], "texture": "#crimson_trapdoor_1" },
				"east": { "uv": [ 2.500625, 9.500625, 13.49938, 10.49938 ], "texture": "#crimson_trapdoor_1" }
			}
		},
		{
			"__comment": "Element",
			"from": [ 12.9993, 14.5006, 2.5005 ],
			"to": [ 13.4993, 15.5006, 13.5005 ],
			"faces": {
				"down": { "uv": [ 13.99938, 13.49938, 13.50062, 2.500625 ], "texture": "#crimson_trapdoor_1" },
				"up": { "uv": [ 13.50062, 2.500625, 13.99938, 13.49938 ], "texture": "#crimson_trapdoor_1" },
				"west": { "uv": [ 2.500625, 14.50062, 13.49938, 15.49938 ], "texture": "#crimson_trapdoor_1" }
			}
		}
	],
	"display": {
		"thirdperson_righthand": {
			"rotation":  [ 75, 45, 0 ],
			"translation":  [ 0, 2.5, 0 ],
			"scale":  [ 0.375, 0.375, 0.375 ]
		},
		"thirdperson_lefthand": {
			"rotation":  [ 75, 45, 0 ],
			"translation":  [ 0, 2.5, 0 ],
			"scale":  [ 0.375, 0.375, 0.375 ]
		},
		"firstperson_righthand": {
			"rotation":  [ 0, 45, 0 ],
			"translation":  [ 0, 5.5652, 0.522 ],
			"scale":  [ 0.4, 0.4, 0.4 ]
		},
		"firstperson_lefthand": {
			"rotation":  [ 0, 45, 0 ],
			"translation":  [ 0, 5.5652, 0.522 ],
			"scale":  [ 0.4, 0.4, 0.4 ]
		},
		"gui": {
			"rotation":  [ 30, 225, 0 ],
			"scale":  [ 0.625, 0.625, 0.625 ]
		},
		"ground": {
			"translation":  [ 0, 2, 0 ],
			"scale":  [ 0.5, 0.5, 0.5 ]
		},
		"fixed": {
			"rotation":  [ 90, 0, 0 ],
			"translation":  [ 0, 1, 5 ]
		}
	}
}