{
	"__comment": "Designed by Interhell2000 with Cubik Studio - https://cubik.studio",
	"gui_light": "front",
	"ambientocclusion": false,
	"textures": {
		"particle": "block/c/crimson_roots/crimson_roots",
		"crimson_roots_1": "block/c/crimson_roots/crimson_roots"
	},
	"elements": [ 	 
		{
			"__comment": "PlaneX1",
			"from": [ 13, 0, 3 ],
			"to": [ 13.001, 11, 17 ],
			"rotation": { "origin": [ 13, 0, 3 ], "axis": "y", "angle": -45 },
			"faces": {
				"west": { "uv": [ 0, 5, 16, 16 ], "texture": "#crimson_roots_1" },
				"east": { "uv": [ 0, 5, 16, 16 ], "texture": "#crimson_roots_1" }
			}
		},
		{
			"__comment": "PlaneZ2",
			"from": [ 6, 0, 10 ],
			"to": [ 20, 11, 10.001 ],
			"rotation": { "origin": [ 13, 0, 3 ], "axis": "y", "angle": -45 },
			"faces": {
				"north": { "uv": [ 0, 5, 16, 16 ], "texture": "#crimson_roots_1" },
				"south": { "uv": [ 0, 5, 16, 16 ], "texture": "#crimson_roots_1" }
			}
		},
		{
			"__comment": "PlaneX1",
			"from": [ 8, 0, 1 ],
			"to": [ 8.001, 11, 15 ],
			"faces": {
				"west": { "uv": [ 0, 5, 16, 16 ], "texture": "#crimson_roots_1" },
				"east": { "uv": [ 0, 5, 16, 16 ], "texture": "#crimson_roots_1" }
			}
		},
		{
			"__comment": "PlaneZ2",
			"from": [ 1, 0, 8 ],
			"to": [ 15, 11, 8.001 ],
			"faces": {
				"north": { "uv": [ 0, 5, 16, 16 ], "texture": "#crimson_roots_1" },
				"south": { "uv": [ 0, 5, 16, 16 ], "texture": "#crimson_roots_1" }
			}
		}
	],
	"display": {
		"thirdperson_righthand": {
			"rotation":  [ 75, 45, 0 ],
			"translation":  [ 0, 1.5, 4 ],
			"scale":  [ 0.5, 0.5, 0.5 ]
		},
		"thirdperson_lefthand": {
			"rotation":  [ 75, 45, 0 ],
			"translation":  [ 0, 1.5, 4 ],
			"scale":  [ 0.5, 0.5, 0.5 ]
		},
		"firstperson_righthand": {
			"rotation":  [ 0, 45, 0 ],
			"translation":  [ 0, 3, 0 ],
			"scale":  [ 0.4, 0.4, 0.4 ]
		},
		"firstperson_lefthand": {
			"rotation":  [ 0, 45, 0 ],
			"translation":  [ 0, 3, 0 ],
			"scale":  [ 0.4, 0.4, 0.4 ]
		},
		"gui": {
			"rotation":  [ 30, 225, 0 ]
		},
		"ground": {
			"translation":  [ 0, 2, 0 ],
			"scale":  [ 0.5, 0.5, 0.5 ]
		}
	}
}