{
	"__comment": "Designed by Intermacgod with BDcraft Cubik PRO 0.85 Beta - http://bdcraft.net",
	"gui_light": "front",
	"ambientocclusion": false,
	"textures": {
		"cyan_stained_glass_pane_2": "block/c/cyan_stained_glass_pane/cyan_stained_glass_pane_2",
		"cyan_stained_glass_pane_1": "block/c/cyan_stained_glass_pane/cyan_stained_glass_pane_1",
		"particle": "block/w/white_stained_glass_pane/white_stained_glass_pane"
	},
	"elements": [ 	 
		{
			"__comment": "Element",
			"from": [ 5.0004, 0.0005, 0.0006 ],
			"to": [ 11.0004, 0.5005, 5.0006 ],
			"faces": {
				"down": { "uv": [ 5.0004, 10.9994, 11.0004, 15.9994 ], "texture": "#cyan_stained_glass_pane_1" },
				"up": { "uv": [ 5.0004, 0.000599861, 11.0004, 5.0006 ], "texture": "#cyan_stained_glass_pane_1" },
				"north": { "uv": [ 4.9996, 15.4995, 10.9996, 15.9995 ], "texture": "#cyan_stained_glass_pane_1" },
				"south": { "uv": [ 5.0004, 15.4995, 11.0004, 15.9995 ], "texture": "#cyan_stained_glass_pane_1" },
				"west": { "uv": [ 0.0006, 15.4995, 5.0006, 15.9995 ], "texture": "#cyan_stained_glass_pane_1" },
				"east": { "uv": [ 10.9994, 15.4995, 15.9994, 15.9995 ], "texture": "#cyan_stained_glass_pane_1" }
			}
		},
		{
			"__comment": "Element",
			"from": [ 5, 15.5, 0 ],
			"to": [ 11, 16, 5 ],
			"faces": {
				"down": { "uv": [ 5, 11, 11, 16 ], "texture": "#cyan_stained_glass_pane_1" },
				"up": { "uv": [ 5, 0, 11, 5 ], "texture": "#cyan_stained_glass_pane_1" },
				"north": { "uv": [ 5, 0, 11, 0.5 ], "texture": "#cyan_stained_glass_pane_1" },
				"south": { "uv": [ 5, 0, 11, 0.5 ], "texture": "#cyan_stained_glass_pane_1" },
				"west": { "uv": [ 0, 0, 5, 0.5 ], "texture": "#cyan_stained_glass_pane_1" },
				"east": { "uv": [ 11, 0, 16, 0.5 ], "texture": "#cyan_stained_glass_pane_1" }
			}
		},
		{
			"__comment": "Element",
			"from": [ 6.0003, 1.0006, 0.0009 ],
			"to": [ 10.0003, 15.0006, 0.5009 ],
			"faces": {
				"north": { "uv": [ 5.9997, 0.9994001, 9.999701, 14.9994 ], "texture": "#cyan_stained_glass_pane_1" },
				"south": { "uv": [ 6.0003, 0.9994001, 10.0003, 14.9994 ], "texture": "#cyan_stained_glass_pane_1" },
				"west": { "uv": [ 0.0009, 0.9994001, 0.5009, 14.9994 ], "texture": "#cyan_stained_glass_pane_1" },
				"east": { "uv": [ 15.4991, 0.9994001, 15.9991, 14.9994 ], "texture": "#cyan_stained_glass_pane_1" }
			}
		},
		{
			"__comment": "Element",
			"from": [ 5.5, 15, 0 ],
			"to": [ 10.5, 15.5, 5.5 ],
			"faces": {
				"down": { "uv": [ 5.5, 10.5, 10.5, 16 ], "texture": "#cyan_stained_glass_pane_1" },
				"up": { "uv": [ 5.5, 0, 10.5, 5.5 ], "texture": "#cyan_stained_glass_pane_1" },
				"north": { "uv": [ 5.5, 0.5, 10.5, 1 ], "texture": "#cyan_stained_glass_pane_1" },
				"south": { "uv": [ 5.5, 0.5, 10.5, 1 ], "texture": "#cyan_stained_glass_pane_1" },
				"west": { "uv": [ 0, 0.5, 5.5, 1 ], "texture": "#cyan_stained_glass_pane_1" },
				"east": { "uv": [ 10.5, 0.5, 16, 1 ], "texture": "#cyan_stained_glass_pane_1" }
			}
		},
		{
			"__comment": "Element",
			"from": [ 5.5, 0.5, 0 ],
			"to": [ 10.5, 1, 5.5 ],
			"faces": {
				"down": { "uv": [ 5.5, 10.5, 10.5, 16 ], "texture": "#cyan_stained_glass_pane_1" },
				"up": { "uv": [ 5.5, 0, 10.5, 5.5 ], "texture": "#cyan_stained_glass_pane_1" },
				"north": { "uv": [ 5.5, 15, 10.5, 15.5 ], "texture": "#cyan_stained_glass_pane_1" },
				"south": { "uv": [ 5.5, 15, 10.5, 15.5 ], "texture": "#cyan_stained_glass_pane_1" },
				"west": { "uv": [ 0, 15, 5.5, 15.5 ], "texture": "#cyan_stained_glass_pane_1" },
				"east": { "uv": [ 10.5, 15, 16, 15.5 ], "texture": "#cyan_stained_glass_pane_1" }
			}
		},
		{
			"__comment": "Element",
			"from": [ 6.5, 1, 0.5 ],
			"to": [ 9.5, 15, 1 ],
			"faces": {
				"south": { "uv": [ 6.5, 1, 9.5, 15 ], "texture": "#cyan_stained_glass_pane_1" },
				"west": { "uv": [ 0.5, 1, 1, 15 ], "texture": "#cyan_stained_glass_pane_1" },
				"east": { "uv": [ 15, 1, 15.5, 15 ], "texture": "#cyan_stained_glass_pane_1" }
			}
		},
		{
			"__comment": "Element",
			"from": [ 6.875, 1, 1 ],
			"to": [ 6.876, 15, 8 ],
			"faces": {
				"west": { "uv": [ 1, 1, 8, 15 ], "texture": "#cyan_stained_glass_pane_2" },
				"east": { "uv": [ 8, 1, 15, 15 ], "texture": "#cyan_stained_glass_pane_2" }
			}
		},
		{
			"__comment": "Element",
			"from": [ 9.125, 1, 1 ],
			"to": [ 9.126, 15, 8 ],
			"faces": {
				"west": { "uv": [ 1, 1, 8, 15 ], "texture": "#cyan_stained_glass_pane_2" },
				"east": { "uv": [ 8, 1, 15, 15 ], "texture": "#cyan_stained_glass_pane_2" }
			}
		}
	]
}