{
	"__comment": "Designed by Intermacgod with BDcraft Cubik PRO 0.85 Beta - http://bdcraft.net",
	"gui_light": "front",
	"ambientocclusion": false,
	"textures": {
		"particle": "block/c/cyan_stained_glass_pane/cyan_stained_glass_pane",
		"texturecyan_stained_glass_pane_1": "block/c/cyan_stained_glass_pane/cyan_stained_glass_pane_1"
	},
	"elements": [ 	 
		{
			"__comment": "Box8",
			"from": [ 5, 15.5, 5 ],
			"to": [ 11, 16, 11 ],
			"faces": {
				"down": { "uv": [ 5, 5, 11, 11 ], "texture": "#texturecyan_stained_glass_pane_1" },
				"up": { "uv": [ 5, 5, 11, 11 ], "texture": "#texturecyan_stained_glass_pane_1" },
				"north": { "uv": [ 5, 0, 11, 0.5 ], "texture": "#texturecyan_stained_glass_pane_1" },
				"south": { "uv": [ 5, 0, 11, 0.5 ], "texture": "#texturecyan_stained_glass_pane_1" },
				"west": { "uv": [ 5, 0, 11, 0.5 ], "texture": "#texturecyan_stained_glass_pane_1" },
				"east": { "uv": [ 5, 0, 11, 0.5 ], "texture": "#texturecyan_stained_glass_pane_1" }
			}
		},
		{
			"__comment": "Box8",
			"from": [ 5, 0, 5 ],
			"to": [ 11, 0.5, 11 ],
			"faces": {
				"down": { "uv": [ 5, 5, 11, 11 ], "texture": "#texturecyan_stained_glass_pane_1" },
				"up": { "uv": [ 5, 5, 11, 11 ], "texture": "#texturecyan_stained_glass_pane_1" },
				"north": { "uv": [ 5, 15.5, 11, 16 ], "texture": "#texturecyan_stained_glass_pane_1" },
				"south": { "uv": [ 5, 15.5, 11, 16 ], "texture": "#texturecyan_stained_glass_pane_1" },
				"west": { "uv": [ 5, 15.5, 11, 16 ], "texture": "#texturecyan_stained_glass_pane_1" },
				"east": { "uv": [ 5, 15.5, 11, 16 ], "texture": "#texturecyan_stained_glass_pane_1" }
			}
		},
		{
			"__comment": "Box8",
			"from": [ 5.5, 15, 5.5 ],
			"to": [ 10.5, 15.5, 10.5 ],
			"faces": {
				"down": { "uv": [ 5.5, 5.5, 10.5, 10.5 ], "texture": "#texturecyan_stained_glass_pane_1" },
				"north": { "uv": [ 5.5, 0.5, 10.5, 1 ], "texture": "#texturecyan_stained_glass_pane_1" },
				"south": { "uv": [ 5.5, 0.5, 10.5, 1 ], "texture": "#texturecyan_stained_glass_pane_1" },
				"west": { "uv": [ 5.5, 0.5, 10.5, 1 ], "texture": "#texturecyan_stained_glass_pane_1" },
				"east": { "uv": [ 5.5, 0.5, 10.5, 1 ], "texture": "#texturecyan_stained_glass_pane_1" }
			}
		},
		{
			"__comment": "Box8",
			"from": [ 5.5, 0.5, 5.5 ],
			"to": [ 10.5, 1, 10.5 ],
			"faces": {
				"up": { "uv": [ 5.5, 5.5, 10.5, 10.5 ], "texture": "#texturecyan_stained_glass_pane_1" },
				"north": { "uv": [ 5.5, 15, 10.5, 15.5 ], "texture": "#texturecyan_stained_glass_pane_1" },
				"south": { "uv": [ 5.5, 15, 10.5, 15.5 ], "texture": "#texturecyan_stained_glass_pane_1" },
				"west": { "uv": [ 5.5, 15, 10.5, 15.5 ], "texture": "#texturecyan_stained_glass_pane_1" },
				"east": { "uv": [ 5.5, 15, 10.5, 15.5 ], "texture": "#texturecyan_stained_glass_pane_1" }
			}
		}
	],
	"display": {
		"firstperson_righthand": {
			"rotation":  [ 0, 45, 0 ],
			"translation":  [ 0, 3, 0 ],
			"scale":  [ 0.4, 0.4, 0.4 ]
		},
		"firstperson_lefthand": {
			"rotation":  [ 0, 45, 0 ],
			"translation":  [ 0, 3, 0 ],
			"scale":  [ 0.4, 0.4, 0.4 ]
		},
		"gui": {
			"rotation":  [ 30, 225, 0 ],
			"scale":  [ 0.825, 0.825, 0.825 ]
		},
		"ground": {
			"translation":  [ 0, 3, 0 ],
			"scale":  [ 0.25, 0.25, 0.25 ]
		},
		"fixed": {
			"scale":  [ 0.5, 0.5, 0.5 ]
		}
	}
}