{
	"__comment": "Designed by Intermacgod with BDcraft Cubik PRO 0.85 Beta - http://bdcraft.net",
	"gui_light": "front",
	"ambientocclusion": false,
	"textures": {
		"particle": "block/d/damaged_anvil/damaged_anvil",
		"damaged_anvil_1": "block/d/damaged_anvil/damaged_anvil_1",
		"damaged_anvil_2": "block/d/damaged_anvil/damaged_anvil_2",
		"damaged_anvil_3": "block/d/damaged_anvil/damaged_anvil_3"
	},
	"elements": [ 	 
		{
			"__comment": "Element",
			"from": [ 4.9998, 9.0001, 13.5004 ],
			"to": [ 5.4998, 9.5001, 14.0004 ],
			"faces": {
				"up": { "uv": [ 0.000625, 0.000624657, 15.99938, 15.99938 ], "texture": "#damaged_anvil_1", "rotation": 180 },
				"north": { "uv": [ 0.000625, 0.000624657, 15.99938, 15.99938 ], "texture": "#damaged_anvil_1" },
				"south": { "uv": [ 0.000625, 0.000624657, 15.99938, 15.99938 ], "texture": "#damaged_anvil_1" },
				"west": { "uv": [ 0.000625, 0.000624657, 15.99938, 15.99938 ], "texture": "#damaged_anvil_1" },
				"east": { "uv": [ 0.000625, 0.000624657, 15.99938, 15.99938 ], "texture": "#damaged_anvil_1" }
			}
		},
		{
			"__comment": "Element",
			"from": [ 5.0002, 9.0005, 1.9999 ],
			"to": [ 5.5002, 9.5005, 2.4999 ],
			"faces": {
				"up": { "uv": [ 0.000625, 0.000624657, 15.99938, 15.99938 ], "texture": "#damaged_anvil_1", "rotation": 180 },
				"north": { "uv": [ 0.000625, 0.000624657, 15.99938, 15.99938 ], "texture": "#damaged_anvil_1" },
				"south": { "uv": [ 0.000625, 0.000624657, 15.99938, 15.99938 ], "texture": "#damaged_anvil_1" },
				"west": { "uv": [ 0.000625, 0.000624657, 15.99938, 15.99938 ], "texture": "#damaged_anvil_1" },
				"east": { "uv": [ 0.000625, 0.000624657, 15.99938, 15.99938 ], "texture": "#damaged_anvil_1" }
			}
		},
		{
			"__comment": "Element",
			"from": [ 10.4998, 9.0008, 2.0006 ],
			"to": [ 10.9998, 9.5008, 2.5006 ],
			"faces": {
				"up": { "uv": [ 0.000625, 0.000624657, 15.99938, 15.99938 ], "texture": "#damaged_anvil_1", "rotation": 180 },
				"north": { "uv": [ 0.000625, 0.000624657, 15.99938, 15.99938 ], "texture": "#damaged_anvil_1" },
				"south": { "uv": [ 0.000625, 0.000624657, 15.99938, 15.99938 ], "texture": "#damaged_anvil_1" },
				"west": { "uv": [ 0.000625, 0.000624657, 15.99938, 15.99938 ], "texture": "#damaged_anvil_1" },
				"east": { "uv": [ 0.000625, 0.000624657, 15.99938, 15.99938 ], "texture": "#damaged_anvil_1" }
			}
		},
		{
			"__comment": "Element",
			"from": [ 5.0008, 12.0001, 1.9991 ],
			"to": [ 11.0008, 15.0001, 13.9991 ],
			"faces": {
				"down": { "uv": [ 5.000625, 2.000625, 10.99938, 13.99938 ], "texture": "#damaged_anvil_1" },
				"up": { "uv": [ 5.000625, 2.000625, 10.99938, 13.99938 ], "texture": "#damaged_anvil_1" },
				"north": { "uv": [ 5.000625, 1.000625, 10.99938, 3.999375 ], "texture": "#damaged_anvil_1" },
				"south": { "uv": [ 5.000625, 1.000625, 10.99938, 3.999375 ], "texture": "#damaged_anvil_1" },
				"west": { "uv": [ 2.000625, 1.000625, 13.99938, 3.999375 ], "texture": "#damaged_anvil_1" },
				"east": { "uv": [ 2.000625, 1.000625, 13.99938, 3.999375 ], "texture": "#damaged_anvil_1" }
			}
		},
		{
			"__comment": "Element",
			"from": [ 10.4994, 9, 13.5 ],
			"to": [ 10.9994, 9.5, 14 ],
			"faces": {
				"up": { "uv": [ 0.000625, 0.000624657, 15.99938, 15.99938 ], "texture": "#damaged_anvil_1", "rotation": 180 },
				"north": { "uv": [ 0.000625, 0.000624657, 15.99938, 15.99938 ], "texture": "#damaged_anvil_1" },
				"south": { "uv": [ 0.000625, 0.000624657, 15.99938, 15.99938 ], "texture": "#damaged_anvil_1" },
				"west": { "uv": [ 0.000625, 0.000624657, 15.99938, 15.99938 ], "texture": "#damaged_anvil_1" },
				"east": { "uv": [ 0.000625, 0.000624657, 15.99938, 15.99938 ], "texture": "#damaged_anvil_1" }
			}
		},
		{
			"__comment": "Element",
			"from": [ 6.0007, 9.0007, 4.4995 ],
			"to": [ 10.0007, 9.5007, 4.9995 ],
			"faces": {
				"up": { "uv": [ 6.000625, 11.00062, 9.999375, 11.49938 ], "texture": "#damaged_anvil_1", "rotation": 180 },
				"north": { "uv": [ 6.000625, 6.500626, 9.999375, 6.999374 ], "texture": "#damaged_anvil_1" },
				"west": { "uv": [ 4.500625, 6.500626, 4.999375, 6.999374 ], "texture": "#damaged_anvil_1" },
				"east": { "uv": [ 11.00062, 6.500626, 11.49938, 6.999374 ], "texture": "#damaged_anvil_1" }
			}
		},
		{
			"__comment": "Element",
			"from": [ 6.0002, 8.9993, 10.9991 ],
			"to": [ 10.00021, 9.4993, 11.4991 ],
			"faces": {
				"up": { "uv": [ 6.000625, 4.500626, 9.999375, 4.999374 ], "texture": "#damaged_anvil_1", "rotation": 180 },
				"south": { "uv": [ 6.000625, 6.500626, 9.999375, 6.999374 ], "texture": "#damaged_anvil_1" },
				"west": { "uv": [ 11.00062, 6.500626, 11.49938, 6.999374 ], "texture": "#damaged_anvil_1" },
				"east": { "uv": [ 4.500625, 6.500626, 4.999375, 6.999374 ], "texture": "#damaged_anvil_1" }
			}
		},
		{
			"__comment": "Element",
			"from": [ 5.9993, 8.999599, 5.0004 ],
			"to": [ 9.9993, 9.999599, 5.5004 ],
			"faces": {
				"up": { "uv": [ 6.000625, 10.50062, 9.999375, 10.99938 ], "texture": "#damaged_anvil_1", "rotation": 180 },
				"north": { "uv": [ 6.000625, 6.000626, 9.999375, 6.999374 ], "texture": "#damaged_anvil_1" },
				"west": { "uv": [ 5.000625, 6.000626, 5.499375, 6.999374 ], "texture": "#damaged_anvil_1" },
				"east": { "uv": [ 10.50062, 6.000626, 10.99938, 6.999374 ], "texture": "#damaged_anvil_1" }
			}
		},
		{
			"__comment": "Element",
			"from": [ 5.9996, 8.9992, 10.5 ],
			"to": [ 9.999601, 9.9992, 11 ],
			"faces": {
				"up": { "uv": [ 6.000625, 5.000626, 9.999375, 5.499374 ], "texture": "#damaged_anvil_1", "rotation": 180 },
				"south": { "uv": [ 6.000625, 6.000626, 9.999375, 6.999374 ], "texture": "#damaged_anvil_1" },
				"west": { "uv": [ 10.50062, 6.000626, 10.99938, 6.999374 ], "texture": "#damaged_anvil_1" },
				"east": { "uv": [ 5.000625, 6.000626, 5.499375, 6.999374 ], "texture": "#damaged_anvil_1" }
			}
		},
		{
			"__comment": "Element",
			"from": [ 5.9991, 8.9991, 5.5005 ],
			"to": [ 9.999098, 10.49909, 6.0005 ],
			"faces": {
				"up": { "uv": [ 6.000625, 10.00062, 9.999375, 10.49938 ], "texture": "#damaged_anvil_1", "rotation": 180 },
				"north": { "uv": [ 6.000625, 5.500626, 9.999375, 6.999374 ], "texture": "#damaged_anvil_1" },
				"west": { "uv": [ 5.500625, 5.500626, 5.999375, 6.999374 ], "texture": "#damaged_anvil_1" },
				"east": { "uv": [ 10.00062, 5.500626, 10.49938, 6.999374 ], "texture": "#damaged_anvil_1" }
			}
		},
		{
			"__comment": "Element",
			"from": [ 6.001, 9, 9.9993 ],
			"to": [ 10.001, 10.5, 10.4993 ],
			"faces": {
				"up": { "uv": [ 6.000625, 5.500626, 9.999375, 5.999374 ], "texture": "#damaged_anvil_1", "rotation": 180 },
				"south": { "uv": [ 6.000625, 5.500626, 9.999375, 6.999374 ], "texture": "#damaged_anvil_1" },
				"west": { "uv": [ 10.00062, 5.500626, 10.49938, 6.999374 ], "texture": "#damaged_anvil_1" },
				"east": { "uv": [ 5.500625, 5.500626, 5.999375, 6.999374 ], "texture": "#damaged_anvil_1" }
			}
		},
		{
			"__comment": "Element",
			"from": [ 5.9993, 9.0007, 5.9998 ],
			"to": [ 9.9993, 12.0007, 9.9998 ],
			"faces": {
				"north": { "uv": [ 6.000625, 4.000626, 9.999375, 6.999374 ], "texture": "#damaged_anvil_1" },
				"south": { "uv": [ 6.000625, 4.000626, 9.999375, 6.999374 ], "texture": "#damaged_anvil_1" },
				"west": { "uv": [ 6.000625, 4.000626, 9.999375, 6.999374 ], "texture": "#damaged_anvil_1" },
				"east": { "uv": [ 6.000625, 4.000626, 9.999375, 6.999374 ], "texture": "#damaged_anvil_1" }
			}
		},
		{
			"__comment": "Element",
			"from": [ 4.0003, 8.0009, 1.0006 ],
			"to": [ 12.0003, 9.0009, 15.0006 ],
			"faces": {
				"up": { "uv": [ 4.000625, 1.000625, 11.99938, 14.99938 ], "texture": "#damaged_anvil_1", "rotation": 180 },
				"north": { "uv": [ 4.000625, 7.000626, 11.99938, 7.999374 ], "texture": "#damaged_anvil_1" },
				"south": { "uv": [ 4.000625, 7.000626, 11.99938, 7.999374 ], "texture": "#damaged_anvil_1" },
				"west": { "uv": [ 1.000625, 7.000626, 14.99938, 7.999374 ], "texture": "#damaged_anvil_1" },
				"east": { "uv": [ 1.000625, 7.000626, 14.99938, 7.999374 ], "texture": "#damaged_anvil_1" }
			}
		},
		{
			"__comment": "Box38",
			"from": [ 0, 0, 0 ],
			"to": [ 16, 8, 16 ],
			"faces": {
				"down": { "uv": [ 0.000625, 0.000624657, 15.99938, 15.99938 ], "texture": "#damaged_anvil_3", "cullface": "down", "rotation": 180 },
				"up": { "uv": [ 0.000625, 0.000624657, 15.99938, 15.99938 ], "texture": "#damaged_anvil_2", "rotation": 180 },
				"north": { "uv": [ 0.000625, 0.000624657, 15.99938, 15.99938 ], "texture": "#damaged_anvil_3", "cullface": "north" },
				"south": { "uv": [ 0.000625, 0.000624657, 15.99938, 15.99938 ], "texture": "#damaged_anvil_3", "cullface": "south" },
				"west": { "uv": [ 0.000625, 0.000624657, 15.99938, 15.99938 ], "texture": "#damaged_anvil_3", "cullface": "west" },
				"east": { "uv": [ 0.000625, 0.000624657, 15.99938, 15.99938 ], "texture": "#damaged_anvil_3", "cullface": "east" }
			}
		},
		{
			"__comment": "Box39",
			"from": [ 14.8753, 1.7504, -1 ],
			"to": [ 15.8753, 5.5004, -0.000000119 ],
			"faces": {
				"down": { "uv": [ 0.000625, 15.00062, 0.999375, 15.99938 ], "texture": "#damaged_anvil_3", "cullface": "north", "rotation": 180 },
				"up": { "uv": [ 0.000625, 0.000624657, 0.999375, 0.9993753 ], "texture": "#damaged_anvil_3", "cullface": "north", "rotation": 180 },
				"north": { "uv": [ 0.000625, 5.000626, 0.999375, 12.49938 ], "texture": "#damaged_anvil_3", "cullface": "north" },
				"west": { "uv": [ 15.00062, 5.000626, 15.99938, 12.49938 ], "texture": "#damaged_anvil_3", "cullface": "north" },
				"east": { "uv": [ 0.000625, 5.000626, 0.999375, 12.49938 ], "texture": "#damaged_anvil_3", "cullface": "north" }
			}
		},
		{
			"__comment": "Box40",
			"from": [ 11.9998, 1.4997, -0.9994 ],
			"to": [ 12.9998, 7.499701, 0.00060004 ],
			"faces": {
				"down": { "uv": [ 3.000625, 15.00062, 3.999375, 15.99938 ], "texture": "#damaged_anvil_3", "cullface": "north", "rotation": 180 },
				"up": { "uv": [ 3.000625, 0.000624657, 3.999375, 0.9993753 ], "texture": "#damaged_anvil_3", "cullface": "north", "rotation": 180 },
				"north": { "uv": [ 3.000625, 1.000625, 3.999375, 12.99938 ], "texture": "#damaged_anvil_3", "cullface": "north" },
				"west": { "uv": [ 15.00062, 1.000625, 15.99938, 12.99938 ], "texture": "#damaged_anvil_3", "cullface": "north" },
				"east": { "uv": [ 0.000625, 1.000625, 0.999375, 12.99938 ], "texture": "#damaged_anvil_3", "cullface": "north" }
			}
		},
		{
			"__comment": "Box41",
			"from": [ 13.5008, -0.0003, -0.9996 ],
			"to": [ 14.5008, 1.2497, 0.000400007 ],
			"faces": {
				"down": { "uv": [ 1.500625, 15.00062, 2.499375, 15.99938 ], "texture": "#damaged_anvil_3", "rotation": 180 },
				"up": { "uv": [ 1.500625, 0.000624657, 2.499375, 0.9993753 ], "texture": "#damaged_anvil_3", "rotation": 180 },
				"north": { "uv": [ 1.500625, 13.50062, 2.499375, 15.99938 ], "texture": "#damaged_anvil_3" },
				"west": { "uv": [ 15.00062, 13.50062, 15.99938, 15.99938 ], "texture": "#damaged_anvil_3" },
				"east": { "uv": [ 0.000625, 13.50062, 0.999375, 15.99938 ], "texture": "#damaged_anvil_3" }
			}
		},
		{
			"__comment": "Box42",
			"from": [ 9.5007, 5, -1.0009 ],
			"to": [ 10.5007, 7.75, -0.000899553 ],
			"faces": {
				"down": { "uv": [ 5.500625, 15.00062, 6.499375, 15.99938 ], "texture": "#damaged_anvil_3", "cullface": "north", "rotation": 180 },
				"up": { "uv": [ 5.500625, 0.000624657, 6.499375, 0.9993753 ], "texture": "#damaged_anvil_3", "cullface": "north", "rotation": 180 },
				"north": { "uv": [ 5.500625, 0.5006247, 6.499375, 5.999374 ], "texture": "#damaged_anvil_3", "cullface": "north" },
				"west": { "uv": [ 15.00062, 0.5006247, 15.99938, 5.999374 ], "texture": "#damaged_anvil_3", "cullface": "north" },
				"east": { "uv": [ 0.000625, 0.5006247, 0.999375, 5.999374 ], "texture": "#damaged_anvil_3", "cullface": "north" }
			}
		},
		{
			"__comment": "Box43",
			"from": [ 8.5004, 0.5001, -1.0006 ],
			"to": [ 9.5004, 4.0001, -0.000600338 ],
			"faces": {
				"down": { "uv": [ 6.500625, 15.00062, 7.499375, 15.99938 ], "texture": "#damaged_anvil_3", "cullface": "north", "rotation": 180 },
				"up": { "uv": [ 6.500625, 0.000624657, 7.499375, 0.9993753 ], "texture": "#damaged_anvil_3", "cullface": "north", "rotation": 180 },
				"north": { "uv": [ 6.500625, 8.000625, 7.499375, 14.99938 ], "texture": "#damaged_anvil_3", "cullface": "north" },
				"west": { "uv": [ 15.00062, 8.000625, 15.99938, 14.99938 ], "texture": "#damaged_anvil_3", "cullface": "north" },
				"east": { "uv": [ 0.000625, 8.000625, 0.999375, 14.99938 ], "texture": "#damaged_anvil_3", "cullface": "north" }
			}
		},
		{
			"__comment": "Box44",
			"from": [ 13.4992, 5.4992, -0.9991 ],
			"to": [ 14.4992, 6.9992, 0.00090003 ],
			"faces": {
				"down": { "uv": [ 1.500625, 15.00062, 2.499375, 15.99938 ], "texture": "#damaged_anvil_3", "cullface": "north", "rotation": 180 },
				"up": { "uv": [ 1.500625, 0.000624657, 2.499375, 0.9993753 ], "texture": "#damaged_anvil_3", "cullface": "north", "rotation": 180 },
				"north": { "uv": [ 1.500625, 2.000625, 2.499375, 4.999374 ], "texture": "#damaged_anvil_3", "cullface": "north" },
				"west": { "uv": [ 15.00062, 2.000625, 15.99938, 4.999374 ], "texture": "#damaged_anvil_3", "cullface": "north" },
				"east": { "uv": [ 0.000625, 2.000625, 0.999375, 4.999374 ], "texture": "#damaged_anvil_3", "cullface": "north" }
			}
		},
		{
			"__comment": "Box45",
			"from": [ 5.9999, 0.5005, -1.0004 ],
			"to": [ 6.9999, 7.5005, -0.00039959 ],
			"faces": {
				"down": { "uv": [ 9.000625, 15.00062, 9.999375, 15.99938 ], "texture": "#damaged_anvil_3", "cullface": "north", "rotation": 180 },
				"up": { "uv": [ 9.000625, 0.000624657, 9.999375, 0.9993753 ], "texture": "#damaged_anvil_3", "cullface": "north", "rotation": 180 },
				"north": { "uv": [ 9.000625, 1.000625, 9.999375, 14.99938 ], "texture": "#damaged_anvil_3", "cullface": "north" },
				"west": { "uv": [ 15.00062, 1.000625, 15.99938, 14.99938 ], "texture": "#damaged_anvil_3", "cullface": "north" },
				"east": { "uv": [ 0.000625, 1.000625, 0.999375, 14.99938 ], "texture": "#damaged_anvil_3", "cullface": "north" }
			}
		},
		{
			"__comment": "Box46",
			"from": [ 1.0008, 0.2508, -0.999 ],
			"to": [ 2.0008, 1.2508, 0.001000047 ],
			"faces": {
				"down": { "uv": [ 14.00062, 15.00062, 14.99938, 15.99938 ], "texture": "#damaged_anvil_3", "cullface": "north", "rotation": 180 },
				"up": { "uv": [ 14.00062, 0.000624657, 14.99938, 0.9993753 ], "texture": "#damaged_anvil_3", "cullface": "north", "rotation": 180 },
				"north": { "uv": [ 14.00062, 13.50062, 14.99938, 15.49938 ], "texture": "#damaged_anvil_3", "cullface": "north" },
				"west": { "uv": [ 15.00062, 13.50062, 15.99938, 15.49938 ], "texture": "#damaged_anvil_3", "cullface": "north" },
				"east": { "uv": [ 0.000625, 13.50062, 0.999375, 15.49938 ], "texture": "#damaged_anvil_3", "cullface": "north" }
			}
		},
		{
			"__comment": "Box47",
			"from": [ 3.5008, 6.7505, -0.9995 ],
			"to": [ 4.5008, 8.0005, 0.000499964 ],
			"faces": {
				"down": { "uv": [ 11.50062, 15.00062, 12.49938, 15.99938 ], "texture": "#damaged_anvil_3", "cullface": "north", "rotation": 180 },
				"up": { "uv": [ 11.50062, 0.000624657, 12.49938, 0.9993753 ], "texture": "#damaged_anvil_3", "cullface": "north", "rotation": 180 },
				"north": { "uv": [ 11.50062, 0.000624657, 12.49938, 2.499375 ], "texture": "#damaged_anvil_3", "cullface": "north" },
				"west": { "uv": [ 15.00062, 0.000624657, 15.99938, 2.499375 ], "texture": "#damaged_anvil_3", "cullface": "north" },
				"east": { "uv": [ 0.000625, 0.000624657, 0.999375, 2.499375 ], "texture": "#damaged_anvil_3", "cullface": "north" }
			}
		},
		{
			"__comment": "Box48",
			"from": [ 2.4997, 2.7502, -0.9996 ],
			"to": [ 3.4997, 6.5002, 0.000400007 ],
			"faces": {
				"down": { "uv": [ 12.50062, 15.00062, 13.49938, 15.99938 ], "texture": "#damaged_anvil_3", "cullface": "north", "rotation": 180 },
				"up": { "uv": [ 12.50062, 0.000624657, 13.49938, 0.9993753 ], "texture": "#damaged_anvil_3", "cullface": "north", "rotation": 180 },
				"north": { "uv": [ 12.50062, 3.000625, 13.49938, 10.49938 ], "texture": "#damaged_anvil_3", "cullface": "north" },
				"west": { "uv": [ 15.00062, 3.000625, 15.99938, 10.49938 ], "texture": "#damaged_anvil_3", "cullface": "north" },
				"east": { "uv": [ 0.000625, 3.000625, 0.999375, 10.49938 ], "texture": "#damaged_anvil_3", "cullface": "north" }
			}
		},
		{
			"__comment": "Box49",
			"from": [ 0.5005, 6.2497, -1.0003 ],
			"to": [ 1.5005, 7.4997, -0.000299811 ],
			"faces": {
				"down": { "uv": [ 14.50062, 15.00062, 15.49938, 15.99938 ], "texture": "#damaged_anvil_3", "cullface": "north", "rotation": 180 },
				"up": { "uv": [ 14.50062, 0.000624657, 15.49938, 0.9993753 ], "texture": "#damaged_anvil_3", "cullface": "north", "rotation": 180 },
				"north": { "uv": [ 14.50062, 1.000625, 15.49938, 3.499375 ], "texture": "#damaged_anvil_3", "cullface": "north" },
				"west": { "uv": [ 15.00062, 1.000625, 15.99938, 3.499375 ], "texture": "#damaged_anvil_3", "cullface": "north" },
				"east": { "uv": [ 0.000625, 1.000625, 0.999375, 3.499375 ], "texture": "#damaged_anvil_3", "cullface": "north" }
			}
		},
		{
			"__comment": "Box39",
			"from": [ 16.001, 1.7507, 14.8751 ],
			"to": [ 17.001, 5.5007, 15.8751 ],
			"faces": {
				"down": { "uv": [ 0.000625, 15.00062, 0.999375, 15.99938 ], "texture": "#damaged_anvil_3", "cullface": "east", "rotation": 90 },
				"up": { "uv": [ 0.000625, 0.000624657, 0.999375, 0.9993753 ], "texture": "#damaged_anvil_3", "cullface": "east", "rotation": 270 },
				"north": { "uv": [ 15.00062, 5.000626, 15.99938, 12.49938 ], "texture": "#damaged_anvil_3", "cullface": "east" },
				"south": { "uv": [ 0.000625, 5.000626, 0.999375, 12.49938 ], "texture": "#damaged_anvil_3", "cullface": "east" },
				"east": { "uv": [ 0.000625, 5.000626, 0.999375, 12.49938 ], "texture": "#damaged_anvil_3", "cullface": "east" }
			}
		},
		{
			"__comment": "Box49",
			"from": [ 16.0007, 6.2501, 0.499 ],
			"to": [ 17.0007, 7.5001, 1.498999 ],
			"faces": {
				"down": { "uv": [ 14.50062, 15.00062, 15.49938, 15.99938 ], "texture": "#damaged_anvil_3", "cullface": "east", "rotation": 90 },
				"up": { "uv": [ 14.50062, 0.000624657, 15.49938, 0.9993753 ], "texture": "#damaged_anvil_3", "cullface": "east", "rotation": 270 },
				"north": { "uv": [ 15.00062, 1.000625, 15.99938, 3.499375 ], "texture": "#damaged_anvil_3", "cullface": "east" },
				"south": { "uv": [ 0.000625, 1.000625, 0.999375, 3.499375 ], "texture": "#damaged_anvil_3", "cullface": "east" },
				"east": { "uv": [ 14.50062, 1.000625, 15.49938, 3.499375 ], "texture": "#damaged_anvil_3", "cullface": "east" }
			}
		},
		{
			"__comment": "Box40",
			"from": [ 16.0005, 1.4995, 12 ],
			"to": [ 17.0005, 7.499499, 13 ],
			"faces": {
				"down": { "uv": [ 3.000625, 15.00062, 3.999375, 15.99938 ], "texture": "#damaged_anvil_3", "cullface": "east", "rotation": 90 },
				"up": { "uv": [ 3.000625, 0.000624657, 3.999375, 0.9993753 ], "texture": "#damaged_anvil_3", "cullface": "east", "rotation": 270 },
				"north": { "uv": [ 15.00062, 1.000625, 15.99938, 12.99938 ], "texture": "#damaged_anvil_3", "cullface": "east" },
				"south": { "uv": [ 0.000625, 1.000625, 0.999375, 12.99938 ], "texture": "#damaged_anvil_3", "cullface": "east" },
				"east": { "uv": [ 3.000625, 1.000625, 3.999375, 12.99938 ], "texture": "#damaged_anvil_3", "cullface": "east" }
			}
		},
		{
			"__comment": "Box41",
			"from": [ 15.9998, 0, 13.4993 ],
			"to": [ 16.9998, 1.25, 14.4993 ],
			"faces": {
				"down": { "uv": [ 1.500625, 15.00062, 2.499375, 15.99938 ], "texture": "#damaged_anvil_3", "rotation": 90 },
				"up": { "uv": [ 1.500625, 0.000624657, 2.499375, 0.9993753 ], "texture": "#damaged_anvil_3", "rotation": 270 },
				"north": { "uv": [ 15.00062, 13.50062, 15.99938, 15.99938 ], "texture": "#damaged_anvil_3" },
				"south": { "uv": [ 0.000625, 13.50062, 0.999375, 15.99938 ], "texture": "#damaged_anvil_3" },
				"east": { "uv": [ 1.500625, 13.50062, 2.499375, 15.99938 ], "texture": "#damaged_anvil_3" }
			}
		},
		{
			"__comment": "Box42",
			"from": [ 15.9996, 4.9995, 9.4999 ],
			"to": [ 16.9996, 7.7495, 10.4999 ],
			"faces": {
				"down": { "uv": [ 5.500625, 15.00062, 6.499375, 15.99938 ], "texture": "#damaged_anvil_3", "cullface": "east", "rotation": 90 },
				"up": { "uv": [ 5.500625, 0.000624657, 6.499375, 0.9993753 ], "texture": "#damaged_anvil_3", "cullface": "east", "rotation": 270 },
				"north": { "uv": [ 15.00062, 0.5006247, 15.99938, 5.999374 ], "texture": "#damaged_anvil_3", "cullface": "east" },
				"south": { "uv": [ 0.000625, 0.5006247, 0.999375, 5.999374 ], "texture": "#damaged_anvil_3", "cullface": "east" },
				"east": { "uv": [ 5.500625, 0.5006247, 6.499375, 5.999374 ], "texture": "#damaged_anvil_3", "cullface": "east" }
			}
		},
		{
			"__comment": "Box43",
			"from": [ 16.0001, 0.4999, 8.500899 ],
			"to": [ 17.0001, 3.9999, 9.500899 ],
			"faces": {
				"down": { "uv": [ 6.500625, 15.00062, 7.499375, 15.99938 ], "texture": "#damaged_anvil_3", "cullface": "east", "rotation": 90 },
				"up": { "uv": [ 6.500625, 0.000624657, 7.499375, 0.9993753 ], "texture": "#damaged_anvil_3", "cullface": "east", "rotation": 270 },
				"north": { "uv": [ 15.00062, 8.000625, 15.99938, 14.99938 ], "texture": "#damaged_anvil_3", "cullface": "east" },
				"south": { "uv": [ 0.000625, 8.000625, 0.999375, 14.99938 ], "texture": "#damaged_anvil_3", "cullface": "east" },
				"east": { "uv": [ 6.500625, 8.000625, 7.499375, 14.99938 ], "texture": "#damaged_anvil_3", "cullface": "east" }
			}
		},
		{
			"__comment": "Box44",
			"from": [ 16.0009, 5.5001, 13.5006 ],
			"to": [ 17.0009, 7.0001, 14.5006 ],
			"faces": {
				"down": { "uv": [ 1.500625, 15.00062, 2.499375, 15.99938 ], "texture": "#damaged_anvil_3", "cullface": "east", "rotation": 90 },
				"up": { "uv": [ 1.500625, 0.000624657, 2.499375, 0.9993753 ], "texture": "#damaged_anvil_3", "cullface": "east", "rotation": 270 },
				"north": { "uv": [ 15.00062, 2.000625, 15.99938, 4.999374 ], "texture": "#damaged_anvil_3", "cullface": "east" },
				"south": { "uv": [ 0.000625, 2.000625, 0.999375, 4.999374 ], "texture": "#damaged_anvil_3", "cullface": "east" },
				"east": { "uv": [ 1.500625, 2.000625, 2.499375, 4.999374 ], "texture": "#damaged_anvil_3", "cullface": "east" }
			}
		},
		{
			"__comment": "Box45",
			"from": [ 16.0005, 0.5005, 6.0006 ],
			"to": [ 17.0005, 7.5005, 7.0006 ],
			"faces": {
				"down": { "uv": [ 9.000625, 15.00062, 9.999375, 15.99938 ], "texture": "#damaged_anvil_3", "cullface": "east", "rotation": 90 },
				"up": { "uv": [ 9.000625, 0.000624657, 9.999375, 0.9993753 ], "texture": "#damaged_anvil_3", "cullface": "east", "rotation": 270 },
				"north": { "uv": [ 15.00062, 1.000625, 15.99938, 14.99938 ], "texture": "#damaged_anvil_3", "cullface": "east" },
				"south": { "uv": [ 0.000625, 1.000625, 0.999375, 14.99938 ], "texture": "#damaged_anvil_3", "cullface": "east" },
				"east": { "uv": [ 9.000625, 1.000625, 9.999375, 14.99938 ], "texture": "#damaged_anvil_3", "cullface": "east" }
			}
		},
		{
			"__comment": "Box46",
			"from": [ 16.0002, 0.2504, 1.0007 ],
			"to": [ 17.0002, 1.2504, 2.0007 ],
			"faces": {
				"down": { "uv": [ 14.00062, 15.00062, 14.99938, 15.99938 ], "texture": "#damaged_anvil_3", "cullface": "east", "rotation": 90 },
				"up": { "uv": [ 14.00062, 0.000624657, 14.99938, 0.9993753 ], "texture": "#damaged_anvil_3", "cullface": "east", "rotation": 270 },
				"north": { "uv": [ 15.00062, 13.50062, 15.99938, 15.49938 ], "texture": "#damaged_anvil_3", "cullface": "east" },
				"south": { "uv": [ 0.000625, 13.50062, 0.999375, 15.49938 ], "texture": "#damaged_anvil_3", "cullface": "east" },
				"east": { "uv": [ 14.00062, 13.50062, 14.99938, 15.49938 ], "texture": "#damaged_anvil_3", "cullface": "east" }
			}
		},
		{
			"__comment": "Box47",
			"from": [ 15.9999, 6.7491, 3.4997 ],
			"to": [ 16.9999, 7.9991, 4.4997 ],
			"faces": {
				"down": { "uv": [ 11.50062, 15.00062, 12.49938, 15.99938 ], "texture": "#damaged_anvil_3", "cullface": "east", "rotation": 90 },
				"up": { "uv": [ 11.50062, 0.000624657, 12.49938, 0.9993753 ], "texture": "#damaged_anvil_3", "cullface": "east", "rotation": 270 },
				"north": { "uv": [ 15.00062, 0.000624657, 15.99938, 2.499375 ], "texture": "#damaged_anvil_3", "cullface": "east" },
				"south": { "uv": [ 0.000625, 0.000624657, 0.999375, 2.499375 ], "texture": "#damaged_anvil_3", "cullface": "east" },
				"east": { "uv": [ 11.50062, 0.000624657, 12.49938, 2.499375 ], "texture": "#damaged_anvil_3", "cullface": "east" }
			}
		},
		{
			"__comment": "Box48",
			"from": [ 16.0006, 2.7507, 2.5006 ],
			"to": [ 17.0006, 6.5007, 3.5006 ],
			"faces": {
				"down": { "uv": [ 12.50062, 15.00062, 13.49938, 15.99938 ], "texture": "#damaged_anvil_3", "cullface": "east", "rotation": 90 },
				"up": { "uv": [ 12.50062, 0.000624657, 13.49938, 0.9993753 ], "texture": "#damaged_anvil_3", "cullface": "east", "rotation": 270 },
				"north": { "uv": [ 15.00062, 3.000625, 15.99938, 10.49938 ], "texture": "#damaged_anvil_3", "cullface": "east" },
				"south": { "uv": [ 0.000625, 3.000625, 0.999375, 10.49938 ], "texture": "#damaged_anvil_3", "cullface": "east" },
				"east": { "uv": [ 12.50062, 3.000625, 13.49938, 10.49938 ], "texture": "#damaged_anvil_3", "cullface": "east" }
			}
		},
		{
			"__comment": "Box39",
			"from": [ 0.1245, 1.7503, 15.9991 ],
			"to": [ 1.1245, 5.5003, 16.9991 ],
			"faces": {
				"down": { "uv": [ 0.000625, 15.00062, 0.999375, 15.99938 ], "texture": "#damaged_anvil_3", "cullface": "south" },
				"up": { "uv": [ 0.000625, 0.000624657, 0.999375, 0.9993753 ], "texture": "#damaged_anvil_3", "cullface": "south" },
				"south": { "uv": [ 0.000625, 5.000626, 0.999375, 12.49938 ], "texture": "#damaged_anvil_3", "cullface": "south" },
				"west": { "uv": [ 0.000625, 5.000626, 0.999375, 12.49938 ], "texture": "#damaged_anvil_3", "cullface": "south" },
				"east": { "uv": [ 15.00062, 5.000626, 15.99938, 12.49938 ], "texture": "#damaged_anvil_3", "cullface": "south" }
			}
		},
		{
			"__comment": "Box49",
			"from": [ 14.5004, 6.2491, 15.9996 ],
			"to": [ 15.5004, 7.4991, 16.9996 ],
			"faces": {
				"down": { "uv": [ 14.50062, 15.00062, 15.49938, 15.99938 ], "texture": "#damaged_anvil_3", "cullface": "south" },
				"up": { "uv": [ 14.50062, 0.000624657, 15.49938, 0.9993753 ], "texture": "#damaged_anvil_3", "cullface": "south" },
				"south": { "uv": [ 14.50062, 1.000625, 15.49938, 3.499375 ], "texture": "#damaged_anvil_3", "cullface": "south" },
				"west": { "uv": [ 0.000625, 1.000625, 0.999375, 3.499375 ], "texture": "#damaged_anvil_3", "cullface": "south" },
				"east": { "uv": [ 15.00062, 1.000625, 15.99938, 3.499375 ], "texture": "#damaged_anvil_3", "cullface": "south" }
			}
		},
		{
			"__comment": "Box40",
			"from": [ 3.0001, 1.4994, 16.0008 ],
			"to": [ 4.0001, 7.4994, 17.0008 ],
			"faces": {
				"down": { "uv": [ 3.000625, 15.00062, 3.999375, 15.99938 ], "texture": "#damaged_anvil_3", "cullface": "south" },
				"up": { "uv": [ 3.000625, 0.000624657, 3.999375, 0.9993753 ], "texture": "#damaged_anvil_3", "cullface": "south" },
				"south": { "uv": [ 3.000625, 1.000625, 3.999375, 12.99938 ], "texture": "#damaged_anvil_3", "cullface": "south" },
				"west": { "uv": [ 0.000625, 1.000625, 0.999375, 12.99938 ], "texture": "#damaged_anvil_3", "cullface": "south" },
				"east": { "uv": [ 15.00062, 1.000625, 15.99938, 12.99938 ], "texture": "#damaged_anvil_3", "cullface": "south" }
			}
		},
		{
			"__comment": "Box41",
			"from": [ 1.4992, 0.0007, 16.0004 ],
			"to": [ 2.4992, 1.2507, 17.0004 ],
			"faces": {
				"down": { "uv": [ 1.500625, 15.00062, 2.499375, 15.99938 ], "texture": "#damaged_anvil_3", "cullface": "down" },
				"up": { "uv": [ 1.500625, 0.000624657, 2.499375, 0.9993753 ], "texture": "#damaged_anvil_3" },
				"south": { "uv": [ 1.500625, 13.50062, 2.499375, 15.99938 ], "texture": "#damaged_anvil_3", "cullface": "south" },
				"west": { "uv": [ 0.000625, 13.50062, 0.999375, 15.99938 ], "texture": "#damaged_anvil_3" },
				"east": { "uv": [ 15.00062, 13.50062, 15.99938, 15.99938 ], "texture": "#damaged_anvil_3" }
			}
		},
		{
			"__comment": "Box42",
			"from": [ 5.5008, 5.0001, 16.0005 ],
			"to": [ 6.5008, 7.7501, 17.0005 ],
			"faces": {
				"down": { "uv": [ 5.500625, 15.00062, 6.499375, 15.99938 ], "texture": "#damaged_anvil_3", "cullface": "south" },
				"up": { "uv": [ 5.500625, 0.000624657, 6.499375, 0.9993753 ], "texture": "#damaged_anvil_3", "cullface": "south" },
				"south": { "uv": [ 5.500625, 0.5006247, 6.499375, 5.999374 ], "texture": "#damaged_anvil_3", "cullface": "south" },
				"west": { "uv": [ 0.000625, 0.5006247, 0.999375, 5.999374 ], "texture": "#damaged_anvil_3", "cullface": "south" },
				"east": { "uv": [ 15.00062, 0.5006247, 15.99938, 5.999374 ], "texture": "#damaged_anvil_3", "cullface": "south" }
			}
		},
		{
			"__comment": "Box43",
			"from": [ 6.4991, 0.5009, 16.0001 ],
			"to": [ 7.4991, 4.0009, 17.0001 ],
			"faces": {
				"down": { "uv": [ 6.500625, 15.00062, 7.499375, 15.99938 ], "texture": "#damaged_anvil_3", "cullface": "south" },
				"up": { "uv": [ 6.500625, 0.000624657, 7.499375, 0.9993753 ], "texture": "#damaged_anvil_3", "cullface": "south" },
				"south": { "uv": [ 6.500625, 8.000625, 7.499375, 14.99938 ], "texture": "#damaged_anvil_3", "cullface": "south" },
				"west": { "uv": [ 0.000625, 8.000625, 0.999375, 14.99938 ], "texture": "#damaged_anvil_3", "cullface": "south" },
				"east": { "uv": [ 15.00062, 8.000625, 15.99938, 14.99938 ], "texture": "#damaged_anvil_3", "cullface": "south" }
			}
		},
		{
			"__comment": "Box44",
			"from": [ 1.4996, 5.4995, 16.0003 ],
			"to": [ 2.4996, 6.9995, 17.0003 ],
			"faces": {
				"down": { "uv": [ 1.500625, 15.00062, 2.499375, 15.99938 ], "texture": "#damaged_anvil_3", "cullface": "south" },
				"up": { "uv": [ 1.500625, 0.000624657, 2.499375, 0.9993753 ], "texture": "#damaged_anvil_3", "cullface": "south" },
				"south": { "uv": [ 1.500625, 2.000625, 2.499375, 4.999374 ], "texture": "#damaged_anvil_3", "cullface": "south" },
				"west": { "uv": [ 0.000625, 2.000625, 0.999375, 4.999374 ], "texture": "#damaged_anvil_3", "cullface": "south" },
				"east": { "uv": [ 15.00062, 2.000625, 15.99938, 4.999374 ], "texture": "#damaged_anvil_3", "cullface": "south" }
			}
		},
		{
			"__comment": "Box45",
			"from": [ 8.9994, 0.5002, 15.9994 ],
			"to": [ 9.9994, 7.5002, 16.9994 ],
			"faces": {
				"down": { "uv": [ 9.000625, 15.00062, 9.999375, 15.99938 ], "texture": "#damaged_anvil_3", "cullface": "south" },
				"up": { "uv": [ 9.000625, 0.000624657, 9.999375, 0.9993753 ], "texture": "#damaged_anvil_3", "cullface": "south" },
				"south": { "uv": [ 9.000625, 1.000625, 9.999375, 14.99938 ], "texture": "#damaged_anvil_3", "cullface": "south" },
				"west": { "uv": [ 0.000625, 1.000625, 0.999375, 14.99938 ], "texture": "#damaged_anvil_3", "cullface": "south" },
				"east": { "uv": [ 15.00062, 1.000625, 15.99938, 14.99938 ], "texture": "#damaged_anvil_3", "cullface": "south" }
			}
		},
		{
			"__comment": "Box46",
			"from": [ 13.9992, 0.2503, 15.9991 ],
			"to": [ 14.9992, 1.2503, 16.9991 ],
			"faces": {
				"down": { "uv": [ 14.00062, 15.00062, 14.99938, 15.99938 ], "texture": "#damaged_anvil_3", "cullface": "south" },
				"up": { "uv": [ 14.00062, 0.000624657, 14.99938, 0.9993753 ], "texture": "#damaged_anvil_3", "cullface": "south" },
				"south": { "uv": [ 14.00062, 13.50062, 14.99938, 15.49938 ], "texture": "#damaged_anvil_3", "cullface": "south" },
				"west": { "uv": [ 0.000625, 13.50062, 0.999375, 15.49938 ], "texture": "#damaged_anvil_3", "cullface": "south" },
				"east": { "uv": [ 15.00062, 13.50062, 15.99938, 15.49938 ], "texture": "#damaged_anvil_3", "cullface": "south" }
			}
		},
		{
			"__comment": "Box47",
			"from": [ 11.4991, 6.7493, 16.0008 ],
			"to": [ 12.4991, 7.9993, 17.0008 ],
			"faces": {
				"down": { "uv": [ 11.50062, 15.00062, 12.49938, 15.99938 ], "texture": "#damaged_anvil_3", "cullface": "south" },
				"up": { "uv": [ 11.50062, 0.000624657, 12.49938, 0.9993753 ], "texture": "#damaged_anvil_3", "cullface": "south" },
				"south": { "uv": [ 11.50062, 0.000624657, 12.49938, 2.499375 ], "texture": "#damaged_anvil_3", "cullface": "south" },
				"west": { "uv": [ 0.000625, 0.000624657, 0.999375, 2.499375 ], "texture": "#damaged_anvil_3", "cullface": "south" },
				"east": { "uv": [ 15.00062, 0.000624657, 15.99938, 2.499375 ], "texture": "#damaged_anvil_3", "cullface": "south" }
			}
		},
		{
			"__comment": "Box48",
			"from": [ 12.5009, 2.7501, 16.0004 ],
			"to": [ 13.5009, 6.500101, 17.0004 ],
			"faces": {
				"down": { "uv": [ 12.50062, 15.00062, 13.49938, 15.99938 ], "texture": "#damaged_anvil_3", "cullface": "south" },
				"up": { "uv": [ 12.50062, 0.000624657, 13.49938, 0.9993753 ], "texture": "#damaged_anvil_3", "cullface": "south" },
				"south": { "uv": [ 12.50062, 3.000625, 13.49938, 10.49938 ], "texture": "#damaged_anvil_3", "cullface": "south" },
				"west": { "uv": [ 0.000625, 3.000625, 0.999375, 10.49938 ], "texture": "#damaged_anvil_3", "cullface": "south" },
				"east": { "uv": [ 15.00062, 3.000625, 15.99938, 10.49938 ], "texture": "#damaged_anvil_3", "cullface": "south" }
			}
		},
		{
			"__comment": "Box39",
			"from": [ -0.999, 1.7496, 0.125 ],
			"to": [ 0.001000047, 5.4996, 1.125 ],
			"faces": {
				"down": { "uv": [ 0.000625, 15.00062, 0.999375, 15.99938 ], "texture": "#damaged_anvil_3", "cullface": "west", "rotation": 270 },
				"up": { "uv": [ 0.000625, 0.000624657, 0.999375, 0.9993753 ], "texture": "#damaged_anvil_3", "cullface": "west", "rotation": 90 },
				"north": { "uv": [ 0.000625, 5.000626, 0.999375, 12.49938 ], "texture": "#damaged_anvil_3", "cullface": "west" },
				"south": { "uv": [ 15.00062, 5.000626, 15.99938, 12.49938 ], "texture": "#damaged_anvil_3", "cullface": "west" },
				"west": { "uv": [ 0.000625, 5.000626, 0.999375, 12.49938 ], "texture": "#damaged_anvil_3", "cullface": "west" }
			}
		},
		{
			"__comment": "Box49",
			"from": [ -1.0004, 6.2494, 14.4993 ],
			"to": [ -0.000399947, 7.4994, 15.4993 ],
			"faces": {
				"down": { "uv": [ 14.50062, 15.00062, 15.49938, 15.99938 ], "texture": "#damaged_anvil_3", "cullface": "west", "rotation": 270 },
				"up": { "uv": [ 14.50062, 0.000624657, 15.49938, 0.9993753 ], "texture": "#damaged_anvil_3", "cullface": "west", "rotation": 90 },
				"north": { "uv": [ 0.000625, 1.000625, 0.999375, 3.499375 ], "texture": "#damaged_anvil_3", "cullface": "west" },
				"south": { "uv": [ 15.00062, 1.000625, 15.99938, 3.499375 ], "texture": "#damaged_anvil_3", "cullface": "west" },
				"west": { "uv": [ 14.50062, 1.000625, 15.49938, 3.499375 ], "texture": "#damaged_anvil_3", "cullface": "west" }
			}
		},
		{
			"__comment": "Box40",
			"from": [ -0.9991, 1.5008, 2.9997 ],
			"to": [ 0.00090003, 7.5008, 3.9997 ],
			"faces": {
				"down": { "uv": [ 3.000625, 15.00062, 3.999375, 15.99938 ], "texture": "#damaged_anvil_3", "cullface": "west", "rotation": 270 },
				"up": { "uv": [ 3.000625, 0.000624657, 3.999375, 0.9993753 ], "texture": "#damaged_anvil_3", "cullface": "west", "rotation": 90 },
				"north": { "uv": [ 0.000625, 1.000625, 0.999375, 12.99938 ], "texture": "#damaged_anvil_3", "cullface": "west" },
				"south": { "uv": [ 15.00062, 1.000625, 15.99938, 12.99938 ], "texture": "#damaged_anvil_3", "cullface": "west" },
				"west": { "uv": [ 3.000625, 1.000625, 3.999375, 12.99938 ], "texture": "#damaged_anvil_3", "cullface": "west" }
			}
		},
		{
			"__comment": "Box41",
			"from": [ -0.9998, -0.0005, 1.5001 ],
			"to": [ 0.000199974, 1.2495, 2.5001 ],
			"faces": {
				"down": { "uv": [ 1.500625, 15.00062, 2.499375, 15.99938 ], "texture": "#damaged_anvil_3", "rotation": 270 },
				"up": { "uv": [ 1.500625, 0.000624657, 2.499375, 0.9993753 ], "texture": "#damaged_anvil_3", "rotation": 90 },
				"north": { "uv": [ 0.000625, 13.50062, 0.999375, 15.99938 ], "texture": "#damaged_anvil_3" },
				"south": { "uv": [ 15.00062, 13.50062, 15.99938, 15.99938 ], "texture": "#damaged_anvil_3" },
				"west": { "uv": [ 1.500625, 13.50062, 2.499375, 15.99938 ], "texture": "#damaged_anvil_3" }
			}
		},
		{
			"__comment": "Box42",
			"from": [ -1.0001, 5.0009, 5.4992 ],
			"to": [ -0.000100374, 7.7509, 6.4992 ],
			"faces": {
				"down": { "uv": [ 5.500625, 15.00062, 6.499375, 15.99938 ], "texture": "#damaged_anvil_3", "cullface": "west", "rotation": 270 },
				"up": { "uv": [ 5.500625, 0.000624657, 6.499375, 0.9993753 ], "texture": "#damaged_anvil_3", "cullface": "west", "rotation": 90 },
				"north": { "uv": [ 0.000625, 0.5006247, 0.999375, 5.999374 ], "texture": "#damaged_anvil_3", "cullface": "west" },
				"south": { "uv": [ 15.00062, 0.5006247, 15.99938, 5.999374 ], "texture": "#damaged_anvil_3", "cullface": "west" },
				"west": { "uv": [ 5.500625, 0.5006247, 6.499375, 5.999374 ], "texture": "#damaged_anvil_3", "cullface": "west" }
			}
		},
		{
			"__comment": "Box43",
			"from": [ -1.0004, 0.5, 6.5004 ],
			"to": [ -0.000399947, 4.000001, 7.5004 ],
			"faces": {
				"down": { "uv": [ 6.500625, 15.00062, 7.499375, 15.99938 ], "texture": "#damaged_anvil_3", "cullface": "west", "rotation": 270 },
				"up": { "uv": [ 6.500625, 0.000624657, 7.499375, 0.9993753 ], "texture": "#damaged_anvil_3", "cullface": "west", "rotation": 90 },
				"north": { "uv": [ 0.000625, 8.000625, 0.999375, 14.99938 ], "texture": "#damaged_anvil_3", "cullface": "west" },
				"south": { "uv": [ 15.00062, 8.000625, 15.99938, 14.99938 ], "texture": "#damaged_anvil_3", "cullface": "west" },
				"west": { "uv": [ 6.500625, 8.000625, 7.499375, 14.99938 ], "texture": "#damaged_anvil_3", "cullface": "west" }
			}
		},
		{
			"__comment": "Box44",
			"from": [ -1, 5.4997, 1.5003 ],
			"to": [ 0.000000358, 6.9997, 2.5003 ],
			"faces": {
				"down": { "uv": [ 1.500625, 15.00062, 2.499375, 15.99938 ], "texture": "#damaged_anvil_3", "cullface": "west", "rotation": 270 },
				"up": { "uv": [ 1.500625, 0.000624657, 2.499375, 0.9993753 ], "texture": "#damaged_anvil_3", "cullface": "west", "rotation": 90 },
				"north": { "uv": [ 0.000625, 2.000625, 0.999375, 4.999374 ], "texture": "#damaged_anvil_3", "cullface": "west" },
				"south": { "uv": [ 15.00062, 2.000625, 15.99938, 4.999374 ], "texture": "#damaged_anvil_3", "cullface": "west" },
				"west": { "uv": [ 1.500625, 2.000625, 2.499375, 4.999374 ], "texture": "#damaged_anvil_3", "cullface": "west" }
			}
		},
		{
			"__comment": "Box45",
			"from": [ -1.0001, 0.501, 8.999599 ],
			"to": [ -0.000100255, 7.500999, 9.999599 ],
			"faces": {
				"down": { "uv": [ 9.000625, 15.00062, 9.999375, 15.99938 ], "texture": "#damaged_anvil_3", "cullface": "west", "rotation": 270 },
				"up": { "uv": [ 9.000625, 0.000624657, 9.999375, 0.9993753 ], "texture": "#damaged_anvil_3", "cullface": "west", "rotation": 90 },
				"north": { "uv": [ 0.000625, 1.000625, 0.999375, 14.99938 ], "texture": "#damaged_anvil_3", "cullface": "west" },
				"south": { "uv": [ 15.00062, 1.000625, 15.99938, 14.99938 ], "texture": "#damaged_anvil_3", "cullface": "west" },
				"west": { "uv": [ 9.000625, 1.000625, 9.999375, 14.99938 ], "texture": "#damaged_anvil_3", "cullface": "west" }
			}
		},
		{
			"__comment": "Box46",
			"from": [ -0.9994, 0.2492, 14.0007 ],
			"to": [ 0.000600159, 1.2492, 15.0007 ],
			"faces": {
				"down": { "uv": [ 14.00062, 15.00062, 14.99938, 15.99938 ], "texture": "#damaged_anvil_3", "cullface": "west", "rotation": 270 },
				"up": { "uv": [ 14.00062, 0.000624657, 14.99938, 0.9993753 ], "texture": "#damaged_anvil_3", "cullface": "west", "rotation": 90 },
				"north": { "uv": [ 0.000625, 13.50062, 0.999375, 15.49938 ], "texture": "#damaged_anvil_3", "cullface": "west" },
				"south": { "uv": [ 15.00062, 13.50062, 15.99938, 15.49938 ], "texture": "#damaged_anvil_3", "cullface": "west" },
				"west": { "uv": [ 14.00062, 13.50062, 14.99938, 15.49938 ], "texture": "#damaged_anvil_3", "cullface": "west" }
			}
		},
		{
			"__comment": "Box47",
			"from": [ -1.0009, 6.749, 11.5002 ],
			"to": [ -0.000900269, 7.999, 12.5002 ],
			"faces": {
				"down": { "uv": [ 11.50062, 15.00062, 12.49938, 15.99938 ], "texture": "#damaged_anvil_3", "cullface": "west", "rotation": 270 },
				"up": { "uv": [ 11.50062, 0.000624657, 12.49938, 0.9993753 ], "texture": "#damaged_anvil_3", "cullface": "west", "rotation": 90 },
				"north": { "uv": [ 0.000625, 0.000624657, 0.999375, 2.499375 ], "texture": "#damaged_anvil_3", "cullface": "west" },
				"south": { "uv": [ 15.00062, 0.000624657, 15.99938, 2.499375 ], "texture": "#damaged_anvil_3", "cullface": "west" },
				"west": { "uv": [ 11.50062, 0.000624657, 12.49938, 2.499375 ], "texture": "#damaged_anvil_3", "cullface": "west" }
			}
		},
		{
			"__comment": "Box48",
			"from": [ -1.001, 2.7499, 12.5006 ],
			"to": [ -0.001000166, 6.4999, 13.5006 ],
			"faces": {
				"down": { "uv": [ 12.50062, 15.00062, 13.49938, 15.99938 ], "texture": "#damaged_anvil_3", "cullface": "west", "rotation": 270 },
				"up": { "uv": [ 12.50062, 0.000624657, 13.49938, 0.9993753 ], "texture": "#damaged_anvil_3", "cullface": "west", "rotation": 90 },
				"north": { "uv": [ 0.000625, 3.000625, 0.999375, 10.49938 ], "texture": "#damaged_anvil_3", "cullface": "west" },
				"south": { "uv": [ 15.00062, 3.000625, 15.99938, 10.49938 ], "texture": "#damaged_anvil_3", "cullface": "west" },
				"west": { "uv": [ 12.50062, 3.000625, 13.49938, 10.49938 ], "texture": "#damaged_anvil_3", "cullface": "west" }
			}
		}
	],
	"display": {
		"thirdperson_righthand": {
			"rotation":  [ 75, 90, 0 ],
			"translation":  [ 0, 2.5, 0 ],
			"scale":  [ 0.375, 0.375, 0.375 ]
		},
		"thirdperson_lefthand": {
			"rotation":  [ 75, -90, 0 ],
			"translation":  [ 0, 2.5, 0 ],
			"scale":  [ 0.375, 0.375, 0.375 ]
		},
		"firstperson_righthand": {
			"rotation":  [ 0, 90, 0 ],
			"scale":  [ 0.4, 0.4, 0.4 ]
		},
		"firstperson_lefthand": {
			"rotation":  [ 0, -90, 0 ],
			"scale":  [ 0.4, 0.4, 0.4 ]
		},
		"gui": {
			"rotation":  [ 30, 225, 0 ],
			"scale":  [ 0.625, 0.625, 0.625 ]
		},
		"ground": {
			"translation":  [ 0, 3, 0 ],
			"scale":  [ 0.25, 0.25, 0.25 ]
		}
	}
}