{
	"__comment": "Designed by Intermacgod with BDcraft Cubik PRO 0.87 Beta - http://bdcraft.net",
	"gui_light": "front",
	"ambientocclusion": false,
	"textures": {
		"particle": "block/d/dark_oak_button/dark_oak_button",
		"dark_oak_button_1": "block/d/dark_oak_button/dark_oak_button_1",
		"dark_oak_button_2": "block/d/dark_oak_button/dark_oak_button_2",
		"dark_oak_button_3": "block/d/dark_oak_button/dark_oak_button_3",
		"dark_oak_button_4": "block/d/dark_oak_button/dark_oak_button_4",
		"dark_oak_button_5": "block/d/dark_oak_button/dark_oak_button_5",
		"dark_oak_button_6": "block/d/dark_oak_button/dark_oak_button_6"
	},
	"elements": [ 	 
		{
			"__comment": "Element",
			"from": [ 5.4995, 1.9996, 9.000199 ],
			"to": [ 5.9995, 2.4996, 11.5002 ],
			"faces": {
				"up": { "uv": [ 0.000625, 0.000624657, 15.99938, 15.99938 ], "texture": "#dark_oak_button_2" },
				"north": { "uv": [ 0.000625, 0.000624657, 15.99938, 15.99938 ], "texture": "#dark_oak_button_2" },
				"south": { "uv": [ 0.000625, 0.000624657, 15.99938, 15.99938 ], "texture": "#dark_oak_button_2" },
				"west": { "uv": [ 0.000625, 0.000624657, 15.99938, 15.99938 ], "texture": "#dark_oak_button_2" },
				"east": { "uv": [ 0.000625, 0.000624657, 15.99938, 15.99938 ], "texture": "#dark_oak_button_2" }
			}
		},
		{
			"__comment": "Element",
			"from": [ 9.9999, 1.9999, 9.0001 ],
			"to": [ 10.4999, 2.4999, 11.5001 ],
			"faces": {
				"up": { "uv": [ 0.000625, 0.000624657, 15.99938, 15.99938 ], "texture": "#dark_oak_button_2" },
				"north": { "uv": [ 0.000625, 0.000624657, 15.99938, 15.99938 ], "texture": "#dark_oak_button_2" },
				"south": { "uv": [ 0.000625, 0.000624657, 15.99938, 15.99938 ], "texture": "#dark_oak_button_2" },
				"west": { "uv": [ 0.000625, 0.000624657, 15.99938, 15.99938 ], "texture": "#dark_oak_button_2" },
				"east": { "uv": [ 0.000625, 0.000624657, 15.99938, 15.99938 ], "texture": "#dark_oak_button_2" }
			}
		},
		{
			"__comment": "Element",
			"from": [ 9.9997, 2.0003, 4.5009 ],
			"to": [ 10.4997, 2.5003, 8.5009 ],
			"faces": {
				"up": { "uv": [ 0.000625, 0.000624657, 15.99938, 15.99938 ], "texture": "#dark_oak_button_2" },
				"north": { "uv": [ 0.000625, 0.000624657, 15.99938, 15.99938 ], "texture": "#dark_oak_button_2" },
				"south": { "uv": [ 0.000625, 0.000624657, 15.99938, 15.99938 ], "texture": "#dark_oak_button_2" },
				"west": { "uv": [ 0.000625, 0.000624657, 15.99938, 15.99938 ], "texture": "#dark_oak_button_2" },
				"east": { "uv": [ 0.000625, 0.000624657, 15.99938, 15.99938 ], "texture": "#dark_oak_button_2" }
			}
		},
		{
			"__comment": "Element",
			"from": [ 5.4992, 1.9994, 4.4993 ],
			"to": [ 5.9992, 2.499401, 8.4993 ],
			"faces": {
				"up": { "uv": [ 0.000625, 0.000624657, 15.99938, 15.99938 ], "texture": "#dark_oak_button_2" },
				"north": { "uv": [ 0.000625, 0.000624657, 15.99938, 15.99938 ], "texture": "#dark_oak_button_2" },
				"south": { "uv": [ 0.000625, 0.000624657, 15.99938, 15.99938 ], "texture": "#dark_oak_button_2" },
				"west": { "uv": [ 0.000625, 0.000624657, 15.99938, 15.99938 ], "texture": "#dark_oak_button_2" },
				"east": { "uv": [ 0.000625, 0.000624657, 15.99938, 15.99938 ], "texture": "#dark_oak_button_2" }
			}
		},
		{
			"__comment": "Element",
			"from": [ 5.9995, 2.0002, 4.4999 ],
			"to": [ 9.999499, 2.5002, 4.9999 ],
			"faces": {
				"up": { "uv": [ 0.000625, 0.000624657, 15.99938, 15.99938 ], "texture": "#dark_oak_button_2" },
				"north": { "uv": [ 0.000625, 0.000624657, 15.99938, 15.99938 ], "texture": "#dark_oak_button_2" },
				"south": { "uv": [ 0.000625, 0.000624657, 15.99938, 15.99938 ], "texture": "#dark_oak_button_2" }
			}
		},
		{
			"__comment": "Element",
			"from": [ 6.0007, 2.0008, 7.9993 ],
			"to": [ 10.0007, 2.5008, 8.499299 ],
			"faces": {
				"up": { "uv": [ 0.000625, 0.000624657, 15.99938, 15.99938 ], "texture": "#dark_oak_button_2" },
				"north": { "uv": [ 0.000625, 0.000624657, 15.99938, 15.99938 ], "texture": "#dark_oak_button_2" },
				"south": { "uv": [ 0.000625, 0.000624657, 15.99938, 15.99938 ], "texture": "#dark_oak_button_2" }
			}
		},
		{
			"__comment": "Element",
			"from": [ 5.9996, 1.9996, 8.999599 ],
			"to": [ 9.999599, 2.4996, 9.499599 ],
			"faces": {
				"up": { "uv": [ 0.000625, 0.000624657, 15.99938, 15.99938 ], "texture": "#dark_oak_button_2" },
				"north": { "uv": [ 0.000625, 0.000624657, 15.99938, 15.99938 ], "texture": "#dark_oak_button_2" }
			}
		},
		{
			"__comment": "Element",
			"from": [ 5.9997, 2.0001, 11.0003 ],
			"to": [ 9.999701, 2.5001, 11.5003 ],
			"faces": {
				"up": { "uv": [ 0.000625, 0.000624657, 15.99938, 15.99938 ], "texture": "#dark_oak_button_2" },
				"south": { "uv": [ 0.000625, 0.000624657, 15.99938, 15.99938 ], "texture": "#dark_oak_button_2" }
			}
		},
		{
			"__comment": "Element",
			"from": [ 6.0006, 2.0003, 9.4997 ],
			"to": [ 10.0006, 3.0003, 10.9997 ],
			"faces": {
				"up": { "uv": [ 0.000625, 0.000624657, 15.99938, 15.99938 ], "texture": "#dark_oak_button_3" },
				"north": { "uv": [ 0.000625, 0.000624657, 15.99938, 15.99938 ], "texture": "#dark_oak_button_3" },
				"south": { "uv": [ 0.000625, 0.000624657, 15.99938, 15.99938 ], "texture": "#dark_oak_button_3" },
				"west": { "uv": [ 0.000625, 0.000624657, 15.99938, 15.99938 ], "texture": "#dark_oak_button_3" },
				"east": { "uv": [ 0.000625, 0.000624657, 15.99938, 15.99938 ], "texture": "#dark_oak_button_3" }
			}
		},
		{
			"__comment": "Box12",
			"from": [ 8.4999, 0.5002, 2.4993 ],
			"to": [ 8.9999, 1.000201, 3.9993 ],
			"faces": {
				"down": { "uv": [ 0.000625, 0.000624657, 15.99938, 15.99938 ], "texture": "#dark_oak_button_6" },
				"up": { "uv": [ 0.000625, 0.000624657, 15.99938, 15.99938 ], "texture": "#dark_oak_button_6" },
				"north": { "uv": [ 0.000625, 0.000624657, 15.99938, 15.99938 ], "texture": "#dark_oak_button_6" },
				"west": { "uv": [ 0.000625, 0.000624657, 15.99938, 15.99938 ], "texture": "#dark_oak_button_6" },
				"east": { "uv": [ 0.000625, 0.000624657, 15.99938, 15.99938 ], "texture": "#dark_oak_button_6" }
			}
		},
		{
			"__comment": "Box12",
			"from": [ 8.5007, -0.001, 2.5001 ],
			"to": [ 9.0007, 0.499, 3.0001 ],
			"faces": {
				"down": { "uv": [ 0.000625, 0.000624657, 15.99938, 15.99938 ], "texture": "#dark_oak_button_6", "cullface": "down" },
				"north": { "uv": [ 0.000625, 0.000624657, 15.99938, 15.99938 ], "texture": "#dark_oak_button_6" },
				"south": { "uv": [ 0.000625, 0.000624657, 15.99938, 15.99938 ], "texture": "#dark_oak_button_6" },
				"west": { "uv": [ 0.000625, 0.000624657, 15.99938, 15.99938 ], "texture": "#dark_oak_button_6" },
				"east": { "uv": [ 0.000625, 0.000624657, 15.99938, 15.99938 ], "texture": "#dark_oak_button_6" }
			}
		},
		{
			"__comment": "Box12",
			"from": [ 8.499499, 0.4992, 11.999 ],
			"to": [ 8.999499, 0.9992, 13.499 ],
			"faces": {
				"down": { "uv": [ 0.000625, 0.000624657, 15.99938, 15.99938 ], "texture": "#dark_oak_button_4" },
				"up": { "uv": [ 0.000625, 0.000624657, 15.99938, 15.99938 ], "texture": "#dark_oak_button_4" },
				"south": { "uv": [ 0.000625, 0.000624657, 15.99938, 15.99938 ], "texture": "#dark_oak_button_4" },
				"west": { "uv": [ 0.000625, 0.000624657, 15.99938, 15.99938 ], "texture": "#dark_oak_button_4" },
				"east": { "uv": [ 0.000625, 0.000624657, 15.99938, 15.99938 ], "texture": "#dark_oak_button_4" }
			}
		},
		{
			"__comment": "Box12",
			"from": [ 8.4997, 0.0002, 13.0007 ],
			"to": [ 8.9997, 0.5002, 13.5007 ],
			"faces": {
				"down": { "uv": [ 0.000625, 0.000624657, 15.99938, 15.99938 ], "texture": "#dark_oak_button_4", "cullface": "down" },
				"north": { "uv": [ 0.000625, 0.000624657, 15.99938, 15.99938 ], "texture": "#dark_oak_button_4" },
				"south": { "uv": [ 0.000625, 0.000624657, 15.99938, 15.99938 ], "texture": "#dark_oak_button_4" },
				"west": { "uv": [ 0.000625, 0.000624657, 15.99938, 15.99938 ], "texture": "#dark_oak_button_4" },
				"east": { "uv": [ 0.000625, 0.000624657, 15.99938, 15.99938 ], "texture": "#dark_oak_button_4" }
			}
		},
		{
			"__comment": "Box12",
			"from": [ 6.9998, 0.4991, 2.5009 ],
			"to": [ 7.4998, 0.9991, 4.0009 ],
			"faces": {
				"down": { "uv": [ 0.000625, 0.000624657, 15.99938, 15.99938 ], "texture": "#dark_oak_button_4" },
				"up": { "uv": [ 0.000625, 0.000624657, 15.99938, 15.99938 ], "texture": "#dark_oak_button_4" },
				"north": { "uv": [ 0.000625, 0.000624657, 15.99938, 15.99938 ], "texture": "#dark_oak_button_4" },
				"west": { "uv": [ 0.000625, 0.000624657, 15.99938, 15.99938 ], "texture": "#dark_oak_button_4" },
				"east": { "uv": [ 0.000625, 0.000624657, 15.99938, 15.99938 ], "texture": "#dark_oak_button_4" }
			}
		},
		{
			"__comment": "Box12",
			"from": [ 6.9992, -0.0008, 2.4991 ],
			"to": [ 7.4992, 0.4992, 2.9991 ],
			"faces": {
				"down": { "uv": [ 0.000625, 0.000624657, 15.99938, 15.99938 ], "texture": "#dark_oak_button_4", "cullface": "down" },
				"north": { "uv": [ 0.000625, 0.000624657, 15.99938, 15.99938 ], "texture": "#dark_oak_button_4" },
				"south": { "uv": [ 0.000625, 0.000624657, 15.99938, 15.99938 ], "texture": "#dark_oak_button_4" },
				"west": { "uv": [ 0.000625, 0.000624657, 15.99938, 15.99938 ], "texture": "#dark_oak_button_4" },
				"east": { "uv": [ 0.000625, 0.000624657, 15.99938, 15.99938 ], "texture": "#dark_oak_button_4" }
			}
		},
		{
			"__comment": "Box12",
			"from": [ 7, -0.0006, 13.0002 ],
			"to": [ 7.5, 0.4994, 13.5002 ],
			"faces": {
				"down": { "uv": [ 0.000625, 0.000624657, 15.99938, 15.99938 ], "texture": "#dark_oak_button_6", "cullface": "down" },
				"north": { "uv": [ 0.000625, 0.000624657, 15.99938, 15.99938 ], "texture": "#dark_oak_button_6" },
				"south": { "uv": [ 0.000625, 0.000624657, 15.99938, 15.99938 ], "texture": "#dark_oak_button_6" },
				"west": { "uv": [ 0.000625, 0.000624657, 15.99938, 15.99938 ], "texture": "#dark_oak_button_6" },
				"east": { "uv": [ 0.000625, 0.000624657, 15.99938, 15.99938 ], "texture": "#dark_oak_button_6" }
			}
		},
		{
			"__comment": "Box12",
			"from": [ 7.0005, 0.4998, 11.9995 ],
			"to": [ 7.5005, 0.9998, 13.4995 ],
			"faces": {
				"down": { "uv": [ 0.000625, 0.000624657, 15.99938, 15.99938 ], "texture": "#dark_oak_button_6" },
				"up": { "uv": [ 0.000625, 0.000624657, 15.99938, 15.99938 ], "texture": "#dark_oak_button_6" },
				"south": { "uv": [ 0.000625, 0.000624657, 15.99938, 15.99938 ], "texture": "#dark_oak_button_6" },
				"west": { "uv": [ 0.000625, 0.000624657, 15.99938, 15.99938 ], "texture": "#dark_oak_button_6" },
				"east": { "uv": [ 0.000625, 0.000624657, 15.99938, 15.99938 ], "texture": "#dark_oak_button_6" }
			}
		},
		{
			"__comment": "Box12",
			"from": [ 7.7504, 0.0007, 2.5009 ],
			"to": [ 8.250401, 0.5007001, 3.0009 ],
			"faces": {
				"down": { "uv": [ 0.000625, 0.000624657, 15.99938, 15.99938 ], "texture": "#dark_oak_button_5", "cullface": "down" },
				"north": { "uv": [ 0.000625, 0.000624657, 15.99938, 15.99938 ], "texture": "#dark_oak_button_5" },
				"south": { "uv": [ 0.000625, 0.000624657, 15.99938, 15.99938 ], "texture": "#dark_oak_button_5" },
				"west": { "uv": [ 0.000625, 0.000624657, 15.99938, 15.99938 ], "texture": "#dark_oak_button_5" },
				"east": { "uv": [ 0.000625, 0.000624657, 15.99938, 15.99938 ], "texture": "#dark_oak_button_5" }
			}
		},
		{
			"__comment": "Box12",
			"from": [ 7.7507, 0.4996, 2.5 ],
			"to": [ 8.2507, 0.9996, 4 ],
			"faces": {
				"down": { "uv": [ 0.000625, 0.000624657, 15.99938, 15.99938 ], "texture": "#dark_oak_button_5" },
				"up": { "uv": [ 0.000625, 0.000624657, 15.99938, 15.99938 ], "texture": "#dark_oak_button_5" },
				"north": { "uv": [ 0.000625, 0.000624657, 15.99938, 15.99938 ], "texture": "#dark_oak_button_5" },
				"west": { "uv": [ 0.000625, 0.000624657, 15.99938, 15.99938 ], "texture": "#dark_oak_button_5" },
				"east": { "uv": [ 0.000625, 0.000624657, 15.99938, 15.99938 ], "texture": "#dark_oak_button_5" }
			}
		},
		{
			"__comment": "Box12",
			"from": [ 7.7495, -0.0009, 12.9993 ],
			"to": [ 8.2495, 0.4991, 13.4993 ],
			"faces": {
				"down": { "uv": [ 0.000625, 0.000624657, 15.99938, 15.99938 ], "texture": "#dark_oak_button_5", "cullface": "down" },
				"north": { "uv": [ 0.000625, 0.000624657, 15.99938, 15.99938 ], "texture": "#dark_oak_button_5" },
				"south": { "uv": [ 0.000625, 0.000624657, 15.99938, 15.99938 ], "texture": "#dark_oak_button_5" },
				"west": { "uv": [ 0.000625, 0.000624657, 15.99938, 15.99938 ], "texture": "#dark_oak_button_5" },
				"east": { "uv": [ 0.000625, 0.000624657, 15.99938, 15.99938 ], "texture": "#dark_oak_button_5" }
			}
		},
		{
			"__comment": "Box12",
			"from": [ 7.7506, 0.5002, 12.0001 ],
			"to": [ 8.2506, 1.0002, 13.5001 ],
			"faces": {
				"down": { "uv": [ 0.000625, 0.000624657, 15.99938, 15.99938 ], "texture": "#dark_oak_button_5" },
				"up": { "uv": [ 0.000625, 0.000624657, 15.99938, 15.99938 ], "texture": "#dark_oak_button_5" },
				"south": { "uv": [ 0.000625, 0.000624657, 15.99938, 15.99938 ], "texture": "#dark_oak_button_5" },
				"west": { "uv": [ 0.000625, 0.000624657, 15.99938, 15.99938 ], "texture": "#dark_oak_button_5" },
				"east": { "uv": [ 0.000625, 0.000624657, 15.99938, 15.99938 ], "texture": "#dark_oak_button_5" }
			}
		},
		{
			"__comment": "Box12",
			"from": [ 11.0006, 0.5007, 7.7506 ],
			"to": [ 12.5006, 1.0007, 8.2506 ],
			"faces": {
				"down": { "uv": [ 0.000625, 0.000624657, 15.99938, 15.99938 ], "texture": "#dark_oak_button_5" },
				"up": { "uv": [ 0.000625, 0.000624657, 15.99938, 15.99938 ], "texture": "#dark_oak_button_5", "rotation": 270 },
				"north": { "uv": [ 0.000625, 0.000624657, 15.99938, 15.99938 ], "texture": "#dark_oak_button_5" },
				"south": { "uv": [ 0.000625, 0.000624657, 15.99938, 15.99938 ], "texture": "#dark_oak_button_5" },
				"east": { "uv": [ 0.000625, 0.000624657, 15.99938, 15.99938 ], "texture": "#dark_oak_button_5" }
			}
		},
		{
			"__comment": "Box12",
			"from": [ 3.5002, 0.4999, 7.7497 ],
			"to": [ 5.0002, 0.9999, 8.249701 ],
			"faces": {
				"down": { "uv": [ 0.000625, 0.000624657, 15.99938, 15.99938 ], "texture": "#dark_oak_button_5", "rotation": 270 },
				"up": { "uv": [ 0.000625, 0.000624657, 15.99938, 15.99938 ], "texture": "#dark_oak_button_5", "rotation": 270 },
				"north": { "uv": [ 0.000625, 0.000624657, 15.99938, 15.99938 ], "texture": "#dark_oak_button_5" },
				"south": { "uv": [ 0.000625, 0.000624657, 15.99938, 15.99938 ], "texture": "#dark_oak_button_5" },
				"west": { "uv": [ 0.000625, 0.000624657, 15.99938, 15.99938 ], "texture": "#dark_oak_button_5" }
			}
		},
		{
			"__comment": "Box12",
			"from": [ 3.4999, 0.001, 7.7496 ],
			"to": [ 3.9999, 0.501, 8.249599 ],
			"faces": {
				"down": { "uv": [ 0.000625, 0.000624657, 15.99938, 15.99938 ], "texture": "#dark_oak_button_5", "cullface": "down" },
				"north": { "uv": [ 0.000625, 0.000624657, 15.99938, 15.99938 ], "texture": "#dark_oak_button_5" },
				"south": { "uv": [ 0.000625, 0.000624657, 15.99938, 15.99938 ], "texture": "#dark_oak_button_5" },
				"west": { "uv": [ 0.000625, 0.000624657, 15.99938, 15.99938 ], "texture": "#dark_oak_button_5" },
				"east": { "uv": [ 0.000625, 0.000624657, 15.99938, 15.99938 ], "texture": "#dark_oak_button_5" }
			}
		},
		{
			"__comment": "Box12",
			"from": [ 11.9994, 0.0003, 7.7492 ],
			"to": [ 12.4994, 0.5003, 8.2492 ],
			"faces": {
				"down": { "uv": [ 0.000625, 0.000624657, 15.99938, 15.99938 ], "texture": "#dark_oak_button_5", "cullface": "down" },
				"north": { "uv": [ 0.000625, 0.000624657, 15.99938, 15.99938 ], "texture": "#dark_oak_button_5" },
				"south": { "uv": [ 0.000625, 0.000624657, 15.99938, 15.99938 ], "texture": "#dark_oak_button_5" },
				"west": { "uv": [ 0.000625, 0.000624657, 15.99938, 15.99938 ], "texture": "#dark_oak_button_5" },
				"east": { "uv": [ 0.000625, 0.000624657, 15.99938, 15.99938 ], "texture": "#dark_oak_button_5" }
			}
		},
		{
			"__comment": "Box12",
			"from": [ 10.9997, 0.501, 7.0002 ],
			"to": [ 12.4997, 1.001, 7.5002 ],
			"faces": {
				"down": { "uv": [ 0.000625, 0.000624657, 15.99938, 15.99938 ], "texture": "#dark_oak_button_4" },
				"up": { "uv": [ 0.000625, 0.000624657, 15.99938, 15.99938 ], "texture": "#dark_oak_button_4", "rotation": 270 },
				"north": { "uv": [ 0.000625, 0.000624657, 15.99938, 15.99938 ], "texture": "#dark_oak_button_4" },
				"south": { "uv": [ 0.000625, 0.000624657, 15.99938, 15.99938 ], "texture": "#dark_oak_button_4" },
				"east": { "uv": [ 0.000625, 0.000624657, 15.99938, 15.99938 ], "texture": "#dark_oak_button_4" }
			}
		},
		{
			"__comment": "Box12",
			"from": [ 11.001, 0.5002, 8.500899 ],
			"to": [ 12.501, 1.0002, 9.000899 ],
			"faces": {
				"down": { "uv": [ 0.000625, 0.000624657, 15.99938, 15.99938 ], "texture": "#dark_oak_button_6" },
				"up": { "uv": [ 0.000625, 0.000624657, 15.99938, 15.99938 ], "texture": "#dark_oak_button_6", "rotation": 270 },
				"north": { "uv": [ 0.000625, 0.000624657, 15.99938, 15.99938 ], "texture": "#dark_oak_button_6" },
				"south": { "uv": [ 0.000625, 0.000624657, 15.99938, 15.99938 ], "texture": "#dark_oak_button_6" },
				"east": { "uv": [ 0.000625, 0.000624657, 15.99938, 15.99938 ], "texture": "#dark_oak_button_6" }
			}
		},
		{
			"__comment": "Box12",
			"from": [ 3.4995, 0.5006, 8.5006 ],
			"to": [ 4.999498, 1.0006, 9.0006 ],
			"faces": {
				"down": { "uv": [ 0.000625, 0.000624657, 15.99938, 15.99938 ], "texture": "#dark_oak_button_4" },
				"up": { "uv": [ 0.000625, 0.000624657, 15.99938, 15.99938 ], "texture": "#dark_oak_button_4", "rotation": 90 },
				"north": { "uv": [ 0.000625, 0.000624657, 15.99938, 15.99938 ], "texture": "#dark_oak_button_4" },
				"south": { "uv": [ 0.000625, 0.000624657, 15.99938, 15.99938 ], "texture": "#dark_oak_button_4" },
				"west": { "uv": [ 0.000625, 0.000624657, 15.99938, 15.99938 ], "texture": "#dark_oak_button_4" }
			}
		},
		{
			"__comment": "Box12",
			"from": [ 3.5003, 0.5, 6.9993 ],
			"to": [ 5.0003, 1, 7.4993 ],
			"faces": {
				"down": { "uv": [ 0.000625, 0.000624657, 15.99938, 15.99938 ], "texture": "#dark_oak_button_6" },
				"up": { "uv": [ 0.000625, 0.000624657, 15.99938, 15.99938 ], "texture": "#dark_oak_button_6", "rotation": 270 },
				"north": { "uv": [ 0.000625, 0.000624657, 15.99938, 15.99938 ], "texture": "#dark_oak_button_6" },
				"south": { "uv": [ 0.000625, 0.000624657, 15.99938, 15.99938 ], "texture": "#dark_oak_button_6" },
				"west": { "uv": [ 0.000625, 0.000624657, 15.99938, 15.99938 ], "texture": "#dark_oak_button_6" }
			}
		},
		{
			"__comment": "Box12",
			"from": [ 3.4995, 0.0002, 6.9998 ],
			"to": [ 3.9995, 0.5002, 7.4998 ],
			"faces": {
				"down": { "uv": [ 0.000625, 0.000624657, 15.99938, 15.99938 ], "texture": "#dark_oak_button_6", "cullface": "down" },
				"north": { "uv": [ 0.000625, 0.000624657, 15.99938, 15.99938 ], "texture": "#dark_oak_button_6" },
				"south": { "uv": [ 0.000625, 0.000624657, 15.99938, 15.99938 ], "texture": "#dark_oak_button_6" },
				"west": { "uv": [ 0.000625, 0.000624657, 15.99938, 15.99938 ], "texture": "#dark_oak_button_6" },
				"east": { "uv": [ 0.000625, 0.000624657, 15.99938, 15.99938 ], "texture": "#dark_oak_button_6" }
			}
		},
		{
			"__comment": "Box12",
			"from": [ 3.499, 0.0006, 8.4994 ],
			"to": [ 3.999, 0.5006, 8.9994 ],
			"faces": {
				"down": { "uv": [ 0.000625, 0.000624657, 15.99938, 15.99938 ], "texture": "#dark_oak_button_4", "cullface": "down" },
				"north": { "uv": [ 0.000625, 0.000624657, 15.99938, 15.99938 ], "texture": "#dark_oak_button_4" },
				"south": { "uv": [ 0.000625, 0.000624657, 15.99938, 15.99938 ], "texture": "#dark_oak_button_4" },
				"west": { "uv": [ 0.000625, 0.000624657, 15.99938, 15.99938 ], "texture": "#dark_oak_button_4" },
				"east": { "uv": [ 0.000625, 0.000624657, 15.99938, 15.99938 ], "texture": "#dark_oak_button_4" }
			}
		},
		{
			"__comment": "Box12",
			"from": [ 11.9998, 0.0009, 7 ],
			"to": [ 12.4998, 0.5009, 7.5 ],
			"faces": {
				"down": { "uv": [ 0.000625, 0.000624657, 15.99938, 15.99938 ], "texture": "#dark_oak_button_4", "cullface": "down" },
				"north": { "uv": [ 0.000625, 0.000624657, 15.99938, 15.99938 ], "texture": "#dark_oak_button_4" },
				"south": { "uv": [ 0.000625, 0.000624657, 15.99938, 15.99938 ], "texture": "#dark_oak_button_4" },
				"west": { "uv": [ 0.000625, 0.000624657, 15.99938, 15.99938 ], "texture": "#dark_oak_button_4" },
				"east": { "uv": [ 0.000625, 0.000624657, 15.99938, 15.99938 ], "texture": "#dark_oak_button_4" }
			}
		},
		{
			"__comment": "Box12",
			"from": [ 12.0001, -0.0006, 8.4997 ],
			"to": [ 12.5001, 0.4994, 8.9997 ],
			"faces": {
				"down": { "uv": [ 0.000625, 0.000624657, 15.99938, 15.99938 ], "texture": "#dark_oak_button_6", "cullface": "down" },
				"north": { "uv": [ 0.000625, 0.000624657, 15.99938, 15.99938 ], "texture": "#dark_oak_button_6" },
				"south": { "uv": [ 0.000625, 0.000624657, 15.99938, 15.99938 ], "texture": "#dark_oak_button_6" },
				"west": { "uv": [ 0.000625, 0.000624657, 15.99938, 15.99938 ], "texture": "#dark_oak_button_6" },
				"east": { "uv": [ 0.000625, 0.000624657, 15.99938, 15.99938 ], "texture": "#dark_oak_button_6" }
			}
		},
		{
			"__comment": "Element",
			"from": [ 4.9991, 0.0006, 4.0002 ],
			"to": [ 10.9991, 2.0006, 12.00019 ],
			"faces": {
				"down": { "uv": [ 0.000625, 0.000624657, 15.99938, 15.99938 ], "texture": "#dark_oak_button_1", "cullface": "down" },
				"up": { "uv": [ 0.000625, 0.000624657, 15.99938, 15.99938 ], "texture": "#dark_oak_button_1" },
				"north": { "uv": [ 0.000625, 0.000624657, 15.99938, 15.99938 ], "texture": "#dark_oak_button_1" },
				"south": { "uv": [ 0.000625, 0.000624657, 15.99938, 15.99938 ], "texture": "#dark_oak_button_1" },
				"west": { "uv": [ 0.000625, 0.000624657, 15.99938, 15.99938 ], "texture": "#dark_oak_button_1" },
				"east": { "uv": [ 0.000625, 0.000624657, 15.99938, 15.99938 ], "texture": "#dark_oak_button_1" }
			}
		},
		{
			"__comment": "Element",
			"from": [ 6.0006, 2.5005, 5.0008 ],
			"to": [ 10.0006, 3.5005, 8.000799 ],
			"faces": {
				"down": { "uv": [ 0.000625, 0.000624657, 15.99938, 15.99938 ], "texture": "#dark_oak_button_1" },
				"up": { "uv": [ 0.000625, 0.000624657, 15.99938, 15.99938 ], "texture": "#dark_oak_button_1" },
				"north": { "uv": [ 0.000625, 0.000624657, 15.99938, 15.99938 ], "texture": "#dark_oak_button_1" },
				"south": { "uv": [ 0.000625, 0.000624657, 15.99938, 15.99938 ], "texture": "#dark_oak_button_1" },
				"west": { "uv": [ 0.000625, 0.000624657, 15.99938, 15.99938 ], "texture": "#dark_oak_button_1" },
				"east": { "uv": [ 0.000625, 0.000624657, 15.99938, 15.99938 ], "texture": "#dark_oak_button_1" }
			}
		}
	],
	"display": {
		"thirdperson_righthand": {
			"rotation":  [ 90, 181, 0 ],
			"translation":  [ 0.0005, 3.609, 7.2607 ]
		},
		"thirdperson_lefthand": {
			"rotation":  [ 90, 181, 0 ],
			"translation":  [ 0.0005, 3.609, 7.2607 ]
		},
		"firstperson_righthand": {
			"rotation":  [ 77, 185, -13 ],
			"translation":  [ -1, 4.739, 5 ],
			"scale":  [ 0.8, 0.8, 0.8 ]
		},
		"firstperson_lefthand": {
			"rotation":  [ 77, 185, -13 ],
			"translation":  [ -1, 4.739, 5 ],
			"scale":  [ 0.8, 0.8, 0.8 ]
		},
		"gui": {
			"rotation":  [ 90, 180, 0 ],
			"translation":  [ 0, 0, 11 ],
			"scale":  [ 1.525, 1.525, 1.525 ]
		},
		"ground": {
			"translation":  [ 0, 3, 0 ],
			"scale":  [ 0.25, 0.25, 0.25 ]
		},
		"fixed": {
			"rotation":  [ -90, 0, 0 ],
			"translation":  [ 0, 0, -6 ]
		}
	}
}