{
	"credit": "Made with Blockbench",
	"ambientocclusion": false,
	"textures": {
		"2": "block/cmodels/jungle_door_handle",
		"3": "block/cmodels/spruce_door_handle",
		"5": "block/cmodels/jungle_door",
		"particle": "block/cmodels/jungle_door"
	},
	"elements": [
		{
			"from": [0.1, 13.7, -0.05],
			"to": [0.9, 18.5, 0.05],
			"rotation": {"angle": 0, "axis": "y", "origin": [-7, 8, 8]},
			"faces": {
				"north": {"uv": [13.59375, 0.71875, 15.84375, 14.64063], "texture": "#3"},
				"east": {"uv": [14.10938, 4.8125, 14.42188, 6.82813], "texture": "#3"},
				"west": {"uv": [14.4375, 4.625, 14.09375, 7.26563], "texture": "#3"},
				"up": {"uv": [14.35938, 7.125, 14.17188, 4.70313], "rotation": 180, "texture": "#3"},
				"down": {"uv": [14.1875, 6.9375, 14.40625, 4.76563], "rotation": 180, "texture": "#3"}
			}
		},
		{
			"from": [-0.15, 13.7, 0.4],
			"to": [1.15, 17.5, 1.7],
			"rotation": {"angle": 0, "axis": "y", "origin": [0.5, 16.1, 0]},
			"faces": {
				"north": {"uv": [6.8125, 4.5, 9.1875, 11.48438], "texture": "#2"},
				"east": {"uv": [6.8125, 4.5, 9.1875, 11.48438], "texture": "#2"},
				"south": {"uv": [6.8125, 4.5, 9.1875, 11.48438], "texture": "#2"},
				"west": {"uv": [6.8125, 4.5, 9.1875, 11.48438], "texture": "#2"},
				"up": {"uv": [9.1875, 11.48438, 6.8125, 4.5], "texture": "#2"},
				"down": {"uv": [9.1875, 11.48438, 6.8125, 4.5], "texture": "#2"}
			}
		},
		{
			"from": [0.45, 16.4, -0.25],
			"to": [0.6, 17.4, -0.05],
			"rotation": {"angle": 0, "axis": "y", "origin": [-7, 8, 8]},
			"faces": {
				"north": {"uv": [13.76563, 5.76563, 12.20313, 7.78125], "texture": "#2"},
				"east": {"uv": [13.98438, 5.82813, 12.42188, 7.84375], "texture": "#2"},
				"west": {"uv": [13.92188, 5.82813, 12.35938, 7.84375], "texture": "#2"},
				"up": {"uv": [12.07813, 7.84375, 13.64063, 5.82813], "texture": "#2"},
				"down": {"uv": [12.07813, 7.84375, 13.64063, 5.82813], "texture": "#2"}
			}
		},
		{
			"from": [-0.8, 15.9, 0.85],
			"to": [1.8, 16.4, 1.15],
			"rotation": {"angle": 0, "axis": "y", "origin": [-7, 8, 8]},
			"faces": {
				"north": {"uv": [13.90625, 6.20313, 11.95313, 8.28125], "texture": "#2"},
				"south": {"uv": [13.875, 6.26563, 11.92188, 8.34375], "texture": "#2"},
				"up": {"uv": [11.73438, 8.40625, 13.6875, 6.32813], "texture": "#2"},
				"down": {"uv": [11.82813, 8.375, 13.78125, 6.29688], "texture": "#2"}
			}
		},
		{
			"from": [-0.95, 15.9, 0.85],
			"to": [-0.8, 16.4, 3.35],
			"rotation": {"angle": 0, "axis": "y", "origin": [-7, 8, 8]},
			"faces": {
				"north": {"uv": [13.89063, 6.76563, 11.67188, 8.95313], "texture": "#2"},
				"east": {"uv": [13.73438, 6.70313, 11.51563, 8.89063], "texture": "#2"},
				"south": {"uv": [13.76563, 6.73438, 11.54688, 8.92188], "texture": "#2"},
				"west": {"uv": [13.92188, 6.79688, 11.70313, 8.98438], "texture": "#2"},
				"up": {"uv": [11.67188, 8.95313, 13.89063, 6.76563], "texture": "#2"},
				"down": {"uv": [11.67188, 6.85938, 13.89063, 4.67188], "texture": "#2"}
			}
		},
		{
			"from": [1.75, 15.9, 0.85],
			"to": [1.9, 16.4, 3.35],
			"rotation": {"angle": 0, "axis": "y", "origin": [-7, 8, 8]},
			"faces": {
				"north": {"uv": [13.89063, 6.76563, 11.67188, 8.95313], "texture": "#2"},
				"east": {"uv": [13.73438, 6.70313, 11.51563, 8.89063], "texture": "#2"},
				"south": {"uv": [13.76563, 6.73438, 11.54688, 8.92188], "texture": "#2"},
				"west": {"uv": [13.92188, 6.79688, 11.70313, 8.98438], "texture": "#2"},
				"up": {"uv": [11.67188, 8.95313, 13.89063, 6.76563], "texture": "#2"},
				"down": {"uv": [11.67188, 6.85938, 13.89063, 4.67188], "texture": "#2"}
			}
		},
		{
			"from": [0.1, 3, 16],
			"to": [0.9, 6, 16.1],
			"rotation": {"angle": 0, "axis": "y", "origin": [-7, 8, 8]},
			"faces": {
				"east": {"uv": [13.21875, 6.0625, 12.04688, 8.01563], "texture": "#2"},
				"south": {"uv": [13.21875, 6.125, 12.04688, 8.07813], "texture": "#2"},
				"west": {"uv": [13.4375, 6, 12.26563, 7.95313], "texture": "#2"},
				"up": {"uv": [12.29688, 8.17188, 13.46875, 6.21875], "texture": "#2"},
				"down": {"uv": [12.01563, 8.04688, 13.1875, 6.09375], "texture": "#2"}
			}
		},
		{
			"from": [0, 0, 4],
			"to": [1, 4.5, 16],
			"faces": {
				"north": {"uv": [0, 0, 1, 5.71875], "texture": "#5"},
				"east": {"uv": [15.60938, 4.70313, 5.51563, 0.09375], "texture": "#5"},
				"south": {"uv": [0.65625, 0.29688, 1.65625, 5.90625], "texture": "#5"},
				"west": {"uv": [15.60938, 15.90625, 5.51563, 11.29688], "texture": "#5"},
				"down": {"uv": [1.64063, 0, 2.64063, 14], "texture": "#5"}
			}
		},
		{
			"from": [0, 9, 4],
			"to": [1, 13.5, 16],
			"faces": {
				"east": {"uv": [5.51563, 11.29688, 15.60938, 15.90625], "texture": "#5"},
				"south": {"uv": [3.5, 5.92188, 2.5, 9.90625], "texture": "#5"},
				"west": {"uv": [15.53125, 4.98438, 5.57813, 11.01563], "texture": "#5"}
			}
		},
		{
			"from": [0, 13.5, 4],
			"to": [1, 18, 16],
			"faces": {
				"east": {"uv": [5.51563, 4.70313, 15.60938, 0.09375], "texture": "#5"},
				"south": {"uv": [2.64063, 0.54688, 1.64063, 4.67188], "texture": "#5"},
				"west": {"uv": [5.51563, 11.29688, 15.60938, 15.90625], "texture": "#5"}
			}
		},
		{
			"from": [0, 4.5, 4],
			"to": [1, 9, 16],
			"faces": {
				"east": {"uv": [5.57813, 11.01563, 15.54688, 4.98438], "texture": "#5"},
				"south": {"uv": [2.64063, 0.375, 1.64063, 4.35938], "texture": "#5"},
				"west": {"uv": [5.51563, 0.09375, 15.60938, 4.70313], "texture": "#5"}
			}
		},
		{
			"from": [0, 0, 0],
			"to": [1, 16, 4],
			"faces": {
				"north": {"uv": [3.54688, 16, 2.54688, 0], "texture": "#5"},
				"east": {"uv": [5.03125, 16, 0.40625, 0], "texture": "#5"},
				"west": {"uv": [5.03125, 16, 0.40625, 0.03125], "rotation": 180, "texture": "#5"},
				"down": {"uv": [3.60938, 15.28125, 1.20313, 14.5], "rotation": 90, "texture": "#5"}
			}
		}
	],
	"groups": [
		{
			"name": "group",
			"origin": [8, 8, 8],
			"color": 0,
			"children": [0, 1, 2, 3, 4, 5, 6, 7, 8, 9, 10, 11]
		}
	]
}