{
	"credit": "Made with Blockbench",
	"ambientocclusion": false,
	"textures": {
		"2": "block/cmodels/jungle_door_handle",
		"5": "block/cmodels/jungle_door",
		"particle": "block/cmodels/jungle_door"
	},
	"elements": [
		{
			"from": [0.1, 10, 16],
			"to": [0.9, 13, 16.1],
			"rotation": {"angle": 0, "axis": "y", "origin": [-7, 8, 8]},
			"faces": {
				"east": {"uv": [13.9375, 6.4375, 12.76563, 8.39063], "texture": "#2"},
				"south": {"uv": [13.84375, 6.34375, 12.67188, 8.29688], "texture": "#2"},
				"west": {"uv": [13.90625, 6.375, 12.73438, 8.32813], "texture": "#2"},
				"up": {"uv": [12.57813, 8.35938, 13.75, 6.40625], "texture": "#2"},
				"down": {"uv": [12.57813, 8.26563, 13.75, 6.3125], "texture": "#2"}
			}
		},
		{
			"from": [0, 2, 4],
			"to": [1, 6.5, 16],
			"faces": {
				"east": {"uv": [15.54688, 4.98438, 5.57813, 11.01563], "texture": "#5"},
				"south": {"uv": [4.01563, 4.57813, 3.01563, 9.14063], "texture": "#5"},
				"west": {"uv": [5.51563, 4.70313, 15.60938, 0.09375], "texture": "#5"}
			}
		},
		{
			"from": [0, 11, 4],
			"to": [1, 16, 16],
			"faces": {
				"east": {"uv": [5.51563, 4.70313, 15.60938, 0.09375], "texture": "#5"},
				"south": {"uv": [3.4375, 11.5625, 2.4375, 15.60938], "texture": "#5"},
				"west": {"uv": [5.51563, 11.29688, 15.60938, 15.90625], "texture": "#5"},
				"up": {"uv": [3.48438, 13.98438, 4.39063, 0], "texture": "#5"}
			}
		},
		{
			"from": [0, 6.5, 4],
			"to": [1, 11, 16],
			"faces": {
				"east": {"uv": [5.51563, 15.90625, 15.60938, 11.29688], "texture": "#5"},
				"south": {"uv": [2.64063, 9.8125, 1.64063, 15.01563], "texture": "#5"},
				"west": {"uv": [5.57813, 4.98438, 15.54688, 11.01563], "texture": "#5"}
			}
		},
		{
			"from": [0, 0, 0],
			"to": [1, 16, 4],
			"faces": {
				"north": {"uv": [3.54688, 16, 2.54688, 0], "texture": "#5"},
				"east": {"uv": [5.03125, 16, 0.40625, 0], "texture": "#5"},
				"west": {"uv": [5.03125, 16, 0.40625, 0.03125], "rotation": 180, "texture": "#5"},
				"up": {"uv": [2.28125, 5.71875, 1.28125, 0], "texture": "#5"}
			}
		}
	],
	"groups": [
		{
			"name": "group",
			"origin": [8, 8, 8],
			"color": 0,
			"children": [0, 1, 2, 3, 4]
		}
	]
}