{
	"credit": "Made with Blockbench",
	"textures": {
		"0": "block/cmodels/lighter",
		"particle": "block/cmodels/lighter"
	},
	"elements": [
		{
			"from": [7.675, 2.35, 7.935],
			"to": [9.425, 4.35, 8.56],
			"faces": {
				"north": {"uv": [7.78125, 7.23438, 15.59375, 15.75], "texture": "#0"},
				"east": {"uv": [1.20313, 13.48438, 1.82813, 15.23438], "texture": "#0"},
				"south": {"uv": [7.78125, 7.23438, 15.59375, 15.75], "texture": "#0"},
				"west": {"uv": [1.15625, 13.45313, 1.78125, 15.20313], "texture": "#0"},
				"up": {"uv": [2.65625, 14.3125, 0.90625, 13.6875], "texture": "#0"},
				"down": {"uv": [2.60938, 14.0625, 0.85938, 14.6875], "texture": "#0"}
			}
		},
		{
			"from": [8.15, 4.35, 8.01],
			"to": [8.95, 5.15, 8.485],
			"rotation": {"angle": 0, "axis": "y", "origin": [0, 0.1, 0]},
			"faces": {
				"north": {"uv": [0.6875, 0.5, 4.54688, 4.35938], "texture": "#0"},
				"east": {"uv": [1.3125, 13.875, 1.8125, 14.5], "texture": "#0"},
				"south": {"uv": [0.6875, 0.5, 4.54688, 4.35938], "texture": "#0"},
				"west": {"uv": [1.125, 13.42188, 2.10938, 15.17188], "texture": "#0"},
				"up": {"uv": [5.5625, 11.65625, 1.71875, 9.53125], "texture": "#0"}
			}
		},
		{
			"from": [9.075, 4.325, 8.135],
			"to": [9.325, 4.675, 8.36],
			"rotation": {"angle": 0, "axis": "y", "origin": [0.05, 0.075, 0]},
			"faces": {
				"north": {"uv": [1.57813, 13.34375, 1.82813, 13.71875], "texture": "#0"},
				"east": {"uv": [1.125, 13.375, 1.375, 13.75], "texture": "#0"},
				"south": {"uv": [1.59375, 14.25, 1.84375, 14.625], "texture": "#0"},
				"west": {"uv": [1.01563, 13.9375, 1.26563, 14.3125], "texture": "#0"},
				"up": {"uv": [2.0625, 13.98438, 1.8125, 13.73438], "texture": "#0"}
			}
		},
		{
			"from": [7.823, 4.3, 8.06],
			"to": [8.048, 4.65, 8.435],
			"rotation": {"angle": 0, "axis": "y", "origin": [0.05, 0.05, 0]},
			"faces": {
				"north": {"uv": [1.6875, 13.4375, 1.9375, 13.8125], "texture": "#0"},
				"east": {"uv": [2.23438, 13.71875, 2.60938, 14.09375], "texture": "#0"},
				"south": {"uv": [1.21875, 13.60938, 1.46875, 13.98438], "texture": "#0"},
				"west": {"uv": [1.8125, 14, 2.1875, 14.375], "texture": "#0"},
				"up": {"uv": [1.07813, 14, 0.82813, 13.625], "texture": "#0"}
			}
		},
		{
			"from": [7.825, 4.5, 8.05],
			"to": [8.05, 4.75, 8.05],
			"rotation": {"angle": 0, "axis": "y", "origin": [0.05, 0.05, 0]},
			"faces": {
				"north": {"uv": [7.70313, 0.82813, 8.6875, 1.89063], "texture": "#0"},
				"south": {"uv": [7.70313, 0.82813, 8.6875, 1.89063], "texture": "#0"}
			}
		},
		{
			"from": [9.35, 4.28, 7.89],
			"to": [9.5, 4.43, 7.89],
			"rotation": {"angle": 0, "axis": "y", "origin": [0.05, 0.05, 0]},
			"faces": {
				"north": {"uv": [10.48438, 1, 11.17188, 1.64063], "texture": "#0"},
				"south": {"uv": [10.48438, 1, 11.17188, 1.64063], "texture": "#0"}
			}
		},
		{
			"from": [9.35, 4.28, 8.61],
			"to": [9.5, 4.43, 8.61],
			"rotation": {"angle": 0, "axis": "y", "origin": [0.05, 0.05, 0]},
			"faces": {
				"north": {"uv": [10.48438, 1, 11.17188, 1.64063], "texture": "#0"},
				"south": {"uv": [10.48438, 1, 11.17188, 1.64063], "texture": "#0"}
			}
		},
		{
			"from": [9.125, 4.5, 8.13],
			"to": [9.305, 4.68, 8.13],
			"rotation": {"angle": 0, "axis": "y", "origin": [0.05, 0.05, 0]},
			"faces": {
				"north": {"uv": [10.48438, 1, 11.17188, 1.64063], "texture": "#0"},
				"south": {"uv": [10.48438, 1, 11.17188, 1.64063], "texture": "#0"}
			}
		},
		{
			"from": [9.125, 4.5, 8.36],
			"to": [9.305, 4.68, 8.36],
			"rotation": {"angle": 0, "axis": "y", "origin": [0.05, 0.05, 0]},
			"faces": {
				"north": {"uv": [10.48438, 1, 11.17188, 1.64063], "texture": "#0"},
				"south": {"uv": [10.48438, 1, 11.17188, 1.64063], "texture": "#0"}
			}
		},
		{
			"from": [7.625, 4.4, 8.15],
			"to": [8.15, 4.95, 8.15],
			"rotation": {"angle": 0, "axis": "y", "origin": [0.05, 0.05, 0]},
			"faces": {
				"north": {"uv": [1.9375, 4.82813, 5.53125, 8.39063], "texture": "#0"},
				"south": {"uv": [1.9375, 4.82813, 5.53125, 8.39063], "texture": "#0"}
			}
		},
		{
			"from": [7.625, 4.4, 8.18],
			"to": [8.15, 4.95, 8.18],
			"rotation": {"angle": 0, "axis": "y", "origin": [0.05, 0.05, 0]},
			"faces": {
				"north": {"uv": [1.9375, 4.82813, 5.53125, 8.39063], "texture": "#0"},
				"south": {"uv": [1.9375, 4.82813, 5.53125, 8.39063], "texture": "#0"}
			}
		},
		{
			"from": [7.625, 4.4, 8.21],
			"to": [8.15, 4.95, 8.21],
			"rotation": {"angle": 0, "axis": "y", "origin": [0.05, 0.05, 0]},
			"faces": {
				"north": {"uv": [1.9375, 4.82813, 5.53125, 8.39063], "texture": "#0"},
				"south": {"uv": [1.9375, 4.82813, 5.53125, 8.39063], "texture": "#0"}
			}
		},
		{
			"from": [7.625, 4.4, 8.24],
			"to": [8.15, 4.95, 8.24],
			"rotation": {"angle": 0, "axis": "y", "origin": [0.05, 0.05, 0]},
			"faces": {
				"north": {"uv": [1.9375, 4.82813, 5.53125, 8.39063], "texture": "#0"},
				"south": {"uv": [1.9375, 4.82813, 5.53125, 8.39063], "texture": "#0"}
			}
		},
		{
			"from": [7.625, 4.4, 8.27],
			"to": [8.15, 4.95, 8.27],
			"rotation": {"angle": 0, "axis": "y", "origin": [0.05, 0.05, 0]},
			"faces": {
				"north": {"uv": [1.9375, 4.82813, 5.53125, 8.39063], "texture": "#0"},
				"south": {"uv": [1.9375, 4.82813, 5.53125, 8.39063], "texture": "#0"}
			}
		},
		{
			"from": [7.625, 4.4, 8.3],
			"to": [8.15, 4.95, 8.3],
			"rotation": {"angle": 0, "axis": "y", "origin": [0.05, 0.05, 0]},
			"faces": {
				"north": {"uv": [1.9375, 4.82813, 5.53125, 8.39063], "texture": "#0"},
				"south": {"uv": [1.9375, 4.82813, 5.53125, 8.39063], "texture": "#0"}
			}
		},
		{
			"from": [7.625, 4.4, 8.33],
			"to": [8.15, 4.95, 8.33],
			"rotation": {"angle": 0, "axis": "y", "origin": [0.05, 0.05, 0]},
			"faces": {
				"north": {"uv": [1.9375, 4.82813, 5.53125, 8.39063], "texture": "#0"},
				"south": {"uv": [1.9375, 4.82813, 5.53125, 8.39063], "texture": "#0"}
			}
		},
		{
			"from": [7.625, 4.4, 8.36],
			"to": [8.15, 4.95, 8.36],
			"rotation": {"angle": 0, "axis": "y", "origin": [0.05, 0.05, 0]},
			"faces": {
				"north": {"uv": [1.9375, 4.82813, 5.53125, 8.39063], "texture": "#0"},
				"south": {"uv": [1.9375, 4.82813, 5.53125, 8.39063], "texture": "#0"}
			}
		},
		{
			"from": [7.825, 4.5, 8.44],
			"to": [8.05, 4.75, 8.44],
			"rotation": {"angle": 0, "axis": "y", "origin": [0.05, 0.05, 16]},
			"faces": {
				"north": {"uv": [8.6875, 0.82813, 7.70313, 1.89063], "texture": "#0"},
				"south": {"uv": [8.6875, 0.82813, 7.70313, 1.89063], "texture": "#0"}
			}
		},
		{
			"from": [7.825, 4.5, 8.085],
			"to": [8.15, 4.725, 8.41],
			"rotation": {"angle": 0, "axis": "y", "origin": [0.05, 0.05, 0]},
			"faces": {
				"north": {"uv": [4.84375, 13.34375, 5.21875, 13.59375], "texture": "#0"},
				"south": {"uv": [5.75, 13.39063, 6.125, 13.64063], "texture": "#0"},
				"west": {"uv": [5.42188, 13.76563, 5.79688, 14.01563], "texture": "#0"},
				"up": {"uv": [5.76563, 13.65625, 5.39063, 13.28125], "texture": "#0"},
				"down": {"uv": [6.48438, 13.73438, 6.10938, 14.10938], "texture": "#0"}
			}
		},
		{
			"from": [9.15, 4.45, 8.16],
			"to": [9.575, 4.6, 8.335],
			"rotation": {"angle": -22.5, "axis": "z", "origin": [9.3375, 4.45, 8.2475]},
			"faces": {
				"north": {"uv": [0.875, 13.76563, 1.25, 13.89063], "texture": "#0"},
				"south": {"uv": [2, 13.34375, 2.375, 13.46875], "texture": "#0"},
				"up": {"uv": [1.90625, 13.67188, 1.53125, 13.54688], "texture": "#0"},
				"down": {"uv": [2.29688, 13.625, 1.92188, 13.75], "texture": "#0"}
			}
		},
		{
			"from": [9.425, 6, 8.035],
			"to": [10.525, 6.1, 8.46],
			"rotation": {"angle": 0, "axis": "y", "origin": [6.8, 4.75, 8.2475]},
			"faces": {
				"east": {"uv": [1.21875, 13.64063, 1.84375, 15.39063], "texture": "#0"},
				"west": {"uv": [1.5, 13.4375, 2.125, 15.1875], "texture": "#0"},
				"up": {"uv": [2.10938, 14.64063, 1.10938, 14.01563], "texture": "#0"},
				"down": {"uv": [2.17188, 14.09375, 1.17188, 14.71875], "texture": "#0"}
			}
		},
		{
			"from": [9.425, 4.35, 8.035],
			"to": [10.525, 4.45, 8.46],
			"rotation": {"angle": 0, "axis": "y", "origin": [6.8, 4.75, 8.2475]},
			"faces": {
				"east": {"uv": [1.34375, 13.39063, 1.96875, 15.14063], "texture": "#0"},
				"west": {"uv": [1.32813, 13.67188, 1.95313, 15.42188], "texture": "#0"},
				"up": {"uv": [2.35938, 14.53125, 1.35938, 13.90625], "texture": "#0"},
				"down": {"uv": [2.23438, 14.09375, 1.23438, 14.71875], "texture": "#0"}
			}
		},
		{
			"from": [10.425, 4.45, 8.035],
			"to": [10.525, 6, 8.46],
			"rotation": {"angle": 0, "axis": "y", "origin": [6.8, 4.75, 8.2475]},
			"faces": {
				"east": {"uv": [1.28125, 13.76563, 1.90625, 15.51563], "texture": "#0"},
				"west": {"uv": [1.26563, 13.625, 1.89063, 15.375], "texture": "#0"}
			}
		},
		{
			"from": [9.425, 4.35, 7.935],
			"to": [10.525, 6.1, 8.035],
			"rotation": {"angle": 0, "axis": "y", "origin": [6.8, 4.75, 8.2475]},
			"faces": {
				"north": {"uv": [7.78125, 3.59375, 15.59375, 7.10938], "rotation": 270, "texture": "#0"},
				"east": {"uv": [1.34375, 13.51563, 1.96875, 15.26563], "texture": "#0"},
				"south": {"uv": [2.01563, 15.25, 1.01563, 13.5], "texture": "#0"},
				"west": {"uv": [1.39063, 13.5625, 2.01563, 15.3125], "texture": "#0"},
				"up": {"uv": [2.17188, 14.46875, 1.17188, 13.84375], "texture": "#0"},
				"down": {"uv": [1.9375, 13.78125, 0.9375, 14.40625], "texture": "#0"}
			}
		},
		{
			"from": [9.425, 4.35, 8.46],
			"to": [10.525, 6.1, 8.56],
			"rotation": {"angle": 0, "axis": "y", "origin": [6.8, 4.75, 8.2475]},
			"faces": {
				"north": {"uv": [1.20313, 13.5625, 2.20313, 15.3125], "texture": "#0"},
				"east": {"uv": [1.59375, 13.51563, 2.21875, 15.26563], "texture": "#0"},
				"south": {"uv": [15.59375, 7.10938, 7.78125, 3.59375], "rotation": 270, "texture": "#0"},
				"west": {"uv": [1.4375, 13.625, 2.0625, 15.375], "texture": "#0"},
				"up": {"uv": [2, 14.53125, 1, 13.90625], "texture": "#0"},
				"down": {"uv": [2.23438, 13.67188, 1.23438, 14.29688], "texture": "#0"}
			}
		},
		{
			"from": [9.375, 4.3, 7.9],
			"to": [9.475, 4.4, 8.6],
			"rotation": {"angle": 0, "axis": "y", "origin": [6.8, 4.85, 8.2475]},
			"faces": {
				"north": {"uv": [2.28125, 13.5625, 2.40625, 13.6875], "texture": "#0"},
				"east": {"uv": [2.07813, 13.8125, 2.70313, 13.9375], "texture": "#0"},
				"south": {"uv": [2.17188, 13.34375, 2.29688, 13.46875], "texture": "#0"},
				"west": {"uv": [1.17188, 13.8125, 1.79688, 13.9375], "texture": "#0"},
				"up": {"uv": [2.01563, 13.96875, 1.89063, 13.34375], "texture": "#0"},
				"down": {"uv": [2.03125, 14.04688, 1.90625, 14.67188], "texture": "#0"}
			}
		}
	],
	"display": {
		"thirdperson_righthand": {
			"rotation": [0, 90, 0],
			"translation": [-0.5, 7, 0.75],
			"scale": [1.5, 1.5, 1.5]
		},
		"thirdperson_lefthand": {
			"rotation": [0, -90, 0],
			"translation": [0.5, 7, 0.75],
			"scale": [1.5, 1.5, 1.5]
		},
		"firstperson_righthand": {
			"rotation": [-6.33, -20.65, -3.74],
			"translation": [-5.25, 8.25, 6.75],
			"scale": [0.48047, 0.54688, 0.5]
		},
		"firstperson_lefthand": {
			"rotation": [-6, 168, -1],
			"translation": [-5, 8.25, 6.75],
			"scale": [0.48047, 0.56641, 0.5]
		},
		"ground": {
			"translation": [0, 8.25, -0.25],
			"scale": [2, 2, 2]
		},
		"gui": {
			"rotation": [-180, 0, 176.75],
			"translation": [3.5, 15, 0],
			"scale": [3.88086, 3.88672, 4]
		},
		"head": {
			"translation": [0.25, 17.75, 0],
			"scale": [1.5, 1.5, 1.5]
		},
		"fixed": {
			"translation": [-4, 15.25, -2.25],
			"scale": [4, 4, 4]
		}
	}
}